s,x,y,z
0.000000000,2324.109670847,635.728619696,-5.244065267
0.378483775,2323.764019025,635.882783302,-5.246958127
1.374576774,2322.840538884,636.255914534,-5.259558752
2.365938958,2321.908822381,636.594195221,-5.275975640
3.354926582,2320.969399054,636.902853609,-5.293591873
4.343787632,2320.019236038,637.176592971,-5.303749689
5.333746761,2319.057974931,637.413184139,-5.308308321
6.327390199,2318.083902835,637.609418339,-5.310032501
7.325117766,2317.098079050,637.763044974,-5.306773743
8.327052787,2316.102617353,637.876507504,-5.299287025
9.328662651,2315.103970623,637.953493750,-5.298904659
10.327911131,2314.105914710,638.001822055,-5.305708661
11.321678753,2313.112713584,638.034285813,-5.314177100
12.316395420,2312.118278613,638.057828374,-5.316643399
13.325149052,2311.110253890,638.090678436,-5.296871655
14.384843431,2310.057374065,638.176075681,-5.212589032
15.252692298,2309.199793585,638.247274218,-5.100125062
15.946725635,2308.518503452,638.301831873,-4.979503794
16.709462981,2307.765876446,638.388234126,-4.890872534
17.529005550,2306.953886450,638.491720490,-4.850712339
18.376562131,2306.111813425,638.574925478,-4.899107676
19.502235001,2304.998056550,638.704408739,-4.998702446
20.887436870,2303.630509714,638.882468853,-5.128681149
22.079999782,2302.449669639,638.954252385,-5.279247223
23.034539427,2301.513895355,638.884456205,-5.454178397
23.949236588,2300.618624450,638.762843900,-5.596906640
24.828395726,2299.763856924,638.589415468,-5.707431952
25.676862348,2298.949592776,638.364170911,-5.785754333
26.652729640,2297.989125246,638.193386811,-5.811286412
27.820985743,2296.824095303,638.112366296,-5.780250460
28.989241846,2295.659065360,638.031345782,-5.749214508
30.157497949,2294.494035417,637.950325267,-5.718178556
31.325754052,2293.329005474,637.869304753,-5.687142604
32.470816995,2292.192373821,637.733898262,-5.657097453
33.590301059,2291.092244413,637.528561901,-5.628869199
34.686574219,2290.034236847,637.242418153,-5.605277098
35.764731288,2289.023660010,636.867222890,-5.585639460
36.832999965,2288.065306043,636.395534435,-5.569340948
37.902169448,2287.133938327,635.870661921,-5.555687977
38.974089832,2286.224259103,635.303759559,-5.544791544
40.048062594,2285.338837752,634.695989017,-5.536949823
41.088552365,2284.541628370,634.027374284,-5.531426900
42.083580088,2283.880188045,633.284028153,-5.527766685
43.048421409,2283.351355108,632.477027465,-5.525671963
44.002174264,2282.952323360,631.610761904,-5.524205638
44.959093069,2282.674903824,630.694947318,-5.520250283
45.922897925,2282.449833519,629.757803845,-5.515223499
46.886702780,2282.224763214,628.820660372,-5.510196715
47.850507637,2281.999692908,627.883516898,-5.505169932
48.814312493,2281.774622603,626.946373425,-5.500143148
49.778117349,2281.549552297,626.009229952,-5.495116364
50.741922204,2281.324481992,625.072086479,-5.490089580
51.705727061,2281.099411686,624.134943005,-5.485062796
52.669531917,2280.874341381,623.197799532,-5.480036012
53.633336772,2280.649271075,622.260656059,-5.475009228
54.597141628,2280.424200770,621.323512586,-5.469982444
55.560946485,2280.199130464,620.386369112,-5.464955660
56.524751341,2279.974060159,619.449225639,-5.459928876
57.488556196,2279.748989853,618.512082166,-5.454902092
58.452361052,2279.523919548,617.574938693,-5.449875308
59.416165908,2279.298849243,616.637795220,-5.444848524
60.379970765,2279.073778937,615.700651746,-5.439821741
61.343775620,2278.848708632,614.763508273,-5.434794957
62.307580476,2278.623638326,613.826364800,-5.429768173
63.271385332,2278.398568021,612.889221327,-5.424741389
64.235190188,2278.173497715,611.952077853,-5.419714605
65.198995044,2277.948427410,611.014934380,-5.414687821
66.162799900,2277.723357104,610.077790907,-5.409661037
67.126604756,2277.498286799,609.140647434,-5.404634253
68.090409611,2277.273216493,608.203503961,-5.399607469
69.054214468,2277.048146188,607.266360487,-5.394580685
70.018019324,2276.823075882,606.329217014,-5.389553901
70.981824180,2276.598005577,605.392073541,-5.384527117
71.945629035,2276.372935272,604.454930068,-5.379500333
72.909433892,2276.147864966,603.517786594,-5.374473550
73.873238748,2275.922794661,602.580643121,-5.369446766
74.837043604,2275.697724355,601.643499648,-5.364419982
75.800848459,2275.472654050,600.706356175,-5.359393198
76.764653315,2275.247583744,599.769212702,-5.354366414
77.728458172,2275.022513439,598.832069228,-5.349339630
78.692263027,2274.797443133,597.894925755,-5.344312846
79.656067883,2274.572372828,596.957782282,-5.339286062
80.619872739,2274.347302522,596.020638809,-5.334259278
81.583677596,2274.122232217,595.083495335,-5.329232494
82.547482451,2273.897161911,594.146351862,-5.324205710
83.511287307,2273.672091606,593.209208389,-5.319178926
84.475092163,2273.447021301,592.272064916,-5.314152143
85.438897019,2273.221950995,591.334921443,-5.309125359
86.402701875,2272.996880690,590.397777969,-5.304098575
87.366506731,2272.771810384,589.460634496,-5.299071791
88.330311587,2272.546740079,588.523491023,-5.294045007
89.294116443,2272.321669773,587.586347550,-5.289018223
90.257921299,2272.096599468,586.649204076,-5.283991439
91.221726155,2271.871529162,585.712060603,-5.278964655
92.185531011,2271.646458857,584.774917130,-5.273937871
93.149335866,2271.421388551,583.837773657,-5.268911087
94.113140723,2271.196318246,582.900630183,-5.263884303
95.076945579,2270.971247940,581.963486710,-5.258857519
96.040750435,2270.746177635,581.026343237,-5.253830735
97.004555290,2270.521107330,580.089199764,-5.248803952
97.968360146,2270.296037024,579.152056291,-5.243777168
98.932165003,2270.070966719,578.214912817,-5.238750384
99.895969859,2269.845896413,577.277769344,-5.233723600
100.859774714,2269.620826108,576.340625871,-5.228696816
101.823579570,2269.395755802,575.403482398,-5.223670032
102.787384427,2269.170685497,574.466338924,-5.218643248
103.751189282,2268.945615191,573.529195451,-5.213616464
104.714994138,2268.720544886,572.592051978,-5.208589680
105.678798994,2268.495474580,571.654908505,-5.203562896
106.642603850,2268.270404275,570.717765032,-5.198536112
107.606408706,2268.045333969,569.780621558,-5.193509328
108.570213562,2267.820263664,568.843478085,-5.188482544
109.534018418,2267.595193359,567.906334612,-5.183455761
110.497823274,2267.370123053,566.969191139,-5.178428977
111.461628130,2267.145052748,566.032047665,-5.173402193
112.425432986,2266.919982442,565.094904192,-5.168375409
113.389237842,2266.694912137,564.157760719,-5.163348625
114.353042698,2266.469841831,563.220617246,-5.158321841
115.316847553,2266.244771526,562.283473773,-5.153295057
116.280652410,2266.019701220,561.346330299,-5.148268273
117.244457266,2265.794630915,560.409186826,-5.143241489
118.208262121,2265.569560609,559.472043353,-5.138214705
119.172066977,2265.344490304,558.534899880,-5.133187921
120.135871834,2265.119419998,557.597756406,-5.128161137
121.099676690,2264.894349693,556.660612933,-5.123134353
122.063481545,2264.669279388,555.723469460,-5.118107570
123.027286401,2264.444209082,554.786325987,-5.113080786
123.991091258,2264.219138777,553.849182513,-5.108054002
124.954896114,2263.994068471,552.912039040,-5.103027218
125.918700969,2263.768998166,551.974895567,-5.098000434
126.882505825,2263.543927860,551.037752094,-5.092973650
127.846310681,2263.318857555,550.100608621,-5.087946866
128.810115538,2263.093787249,549.163465147,-5.082920082
129.773920393,2262.868716944,548.226321674,-5.077893298
130.737725249,2262.643646638,547.289178201,-5.072866514
131.701530105,2262.418576333,546.352034728,-5.067839730
132.665334961,2262.193506027,545.414891254,-5.062812946
133.629139817,2261.968435722,544.477747781,-5.057786162
134.592944673,2261.743365417,543.540604308,-5.052759379
135.556749529,2261.518295111,542.603460835,-5.047732595
136.520554384,2261.293224806,541.666317362,-5.042705811
137.484359241,2261.068154500,540.729173888,-5.037679027
138.448164097,2260.843084195,539.792030415,-5.032652243
139.411968953,2260.618013889,538.854886942,-5.027625459
140.375773808,2260.392943584,537.917743469,-5.022598675
141.339578665,2260.167873278,536.980599995,-5.017571891
142.303383521,2259.942802973,536.043456522,-5.012545107
143.267188377,2259.717732667,535.106313049,-5.007518323
144.230993232,2259.492662362,534.169169576,-5.002491539
145.194798088,2259.267592056,533.232026103,-4.997464755
146.158602945,2259.042521751,532.294882629,-4.992437971
147.122407800,2258.817451446,531.357739156,-4.987411188
148.086212656,2258.592381140,530.420595683,-4.982384404
149.050017512,2258.367310835,529.483452210,-4.977357620
150.013822369,2258.142240529,528.546308736,-4.972330836
150.977627224,2257.917170224,527.609165263,-4.967304052
151.941432080,2257.692099918,526.672021790,-4.962277268
152.905236936,2257.467029613,525.734878317,-4.957250484
153.869041793,2257.241959307,524.797734843,-4.952223700
154.832846648,2257.016889002,523.860591370,-4.947196916
155.796651504,2256.791818696,522.923447897,-4.942170132
156.760456360,2256.566748391,521.986304424,-4.937143348
157.724261216,2256.341678085,521.049160951,-4.932116564
158.688066072,2256.116607780,520.112017477,-4.927089780
159.651870928,2255.891537475,519.174874004,-4.922062997
160.615675784,2255.666467169,518.237730531,-4.917036213
161.579480639,2255.441396864,517.300587058,-4.912009429
162.543285496,2255.216326558,516.363443584,-4.906982645
163.507090352,2254.991256253,515.426300111,-4.901955861
164.470895208,2254.766185947,514.489156638,-4.896929077
165.434700063,2254.541115642,513.552013165,-4.891902293
166.398504919,2254.316045336,512.614869692,-4.886875509
167.362309776,2254.090975031,511.677726218,-4.881848725
168.326114632,2253.865904725,510.740582745,-4.876821941
169.289919487,2253.640834420,509.803439272,-4.871795157
170.253724343,2253.415764114,508.866295799,-4.866768373
171.217529200,2253.190693809,507.929152325,-4.861741589
172.181334055,2252.965623504,506.992008852,-4.856714806
173.145138911,2252.740553198,506.054865379,-4.851688022
174.108943767,2252.515482893,505.117721906,-4.846661238
175.072748623,2252.290412587,504.180578433,-4.841634454
176.036553479,2252.065342282,503.243434959,-4.836607670
177.000358335,2251.840271976,502.306291486,-4.831580886
177.964163191,2251.615201671,501.369148013,-4.826554102
178.927968047,2251.390131365,500.432004540,-4.821527318
179.891772903,2251.165061060,499.494861066,-4.816500534
180.855577759,2250.939990754,498.557717593,-4.811473750
181.819382615,2250.714920449,497.620574120,-4.806446966
182.783187471,2250.489850143,496.683430647,-4.801420182
183.746992327,2250.264779838,495.746287173,-4.796393398
184.710797183,2250.039709533,494.809143700,-4.791366615
185.674602039,2249.814639227,493.872000227,-4.786339831
186.638406894,2249.589568922,492.934856754,-4.781313047
187.602211750,2249.364498616,491.997713281,-4.776286263
188.566016607,2249.139428311,491.060569807,-4.771259479
189.529821463,2248.914358005,490.123426334,-4.766232695
190.493626318,2248.689287700,489.186282861,-4.761205911
191.457431174,2248.464217394,488.249139388,-4.756179127
192.421236031,2248.239147089,487.311995914,-4.751152343
193.385040887,2248.014076783,486.374852441,-4.746125559
194.348845742,2247.789006478,485.437708968,-4.741098775
195.312650598,2247.563936172,484.500565495,-4.736071991
196.276455454,2247.338865867,483.563422022,-4.731045207
197.240260310,2247.113795562,482.626278548,-4.726018424
198.204065166,2246.888725256,481.689135075,-4.720991640
199.167870022,2246.663654951,480.751991602,-4.715964856
200.131674878,2246.438584645,479.814848129,-4.710938072
201.095479734,2246.213514340,478.877704655,-4.705911288
202.059284590,2245.988444034,477.940561182,-4.700884504
203.023089446,2245.763373729,477.003417709,-4.695857720
203.986894302,2245.538303423,476.066274236,-4.690830936
204.950699157,2245.313233118,475.129130763,-4.685804152
205.914504014,2245.088162812,474.191987289,-4.680777368
206.878308870,2244.863092507,473.254843816,-4.675750584
207.842113726,2244.638022201,472.317700343,-4.670723800
208.805918581,2244.412951896,471.380556870,-4.665697016
209.769723438,2244.187881591,470.443413396,-4.660670233
210.733528294,2243.962811285,469.506269923,-4.655643449
211.697333149,2243.737740980,468.569126450,-4.650616665
212.661138005,2243.512670674,467.631982977,-4.645589881
213.624942862,2243.287600369,466.694839503,-4.640563097
214.588747718,2243.062530063,465.757696030,-4.635536313
215.552552573,2242.837459758,464.820552557,-4.630509529
216.516357429,2242.612389452,463.883409084,-4.625482745
217.480162285,2242.387319147,462.946265611,-4.620455961
218.443967142,2242.162248841,462.009122137,-4.615429177
219.407771997,2241.937178536,461.071978664,-4.610402393
220.371576853,2241.712108230,460.134835191,-4.605375609
221.335381709,2241.487037925,459.197691718,-4.600348825
222.299186565,2241.261967620,458.260548244,-4.595322042
223.262991421,2241.036897314,457.323404771,-4.590295258
224.226796277,2240.811827009,456.386261298,-4.585268474
225.190601133,2240.586756703,455.449117825,-4.580241690
226.154405988,2240.361686398,454.511974352,-4.575214906
227.118210845,2240.136616092,453.574830878,-4.570188122
228.082015701,2239.911545787,452.637687405,-4.565161338
229.045820557,2239.686475481,451.700543932,-4.560134554
230.009625412,2239.461405176,450.763400459,-4.555107770
230.973430269,2239.236334870,449.826256985,-4.550080986
231.937235125,2239.011264565,448.889113512,-4.545054202
232.901039981,2238.786194259,447.951970039,-4.540027418
233.864844836,2238.561123954,447.014826566,-4.535000634
234.828649692,2238.336053649,446.077683093,-4.529973851
235.792454549,2238.110983343,445.140539619,-4.524947067
236.727987731,2237.873507032,444.235663167,-4.519853557
237.597424660,2237.606208645,443.408351532,-4.514599651
238.504868788,2237.254703951,442.571801449,-4.505475246
239.475820839,2236.808713371,441.709450067,-4.491677338
240.395034503,2236.332943070,440.923084754,-4.476644871
241.342369768,2235.810376593,440.133149316,-4.457399459
242.425620829,2235.216795692,439.227429303,-4.429725787
243.444279176,2234.658112219,438.376057897,-4.403186503
244.343711512,2234.162800801,437.625628592,-4.380803794
245.377466430,2233.583244946,436.769937775,-4.357193052
246.447463362,2232.977993651,435.887799715,-4.337274545
247.379219551,2232.454314800,435.117169523,-4.329582737
248.347256672,2231.914031680,434.313932998,-4.330633011
249.441688874,2231.305424528,433.404376428,-4.339907917
250.421467812,2230.770693936,432.583473404,-4.352081135
251.321524609,2230.285351897,431.825566556,-4.363151482
252.360336459,2229.721655595,430.952999245,-4.361470389
253.416704176,2229.148747057,430.065600109,-4.346933061
254.346329906,2228.644905688,429.284739627,-4.322340781
255.333088743,2228.104205905,428.459877238,-4.291701132
256.442207779,2227.486481324,427.539448626,-4.254653240
257.443802207,2226.919489225,426.714381637,-4.223415095
258.353939746,2226.398566806,425.968530591,-4.197025862
259.396101680,2225.805906977,425.111884750,-4.165186802
260.469262690,2225.201444713,424.225728866,-4.133129450
261.406581206,2224.678459753,423.448170320,-4.111788410
262.364929577,2224.145501340,422.651896890,-4.093470258
263.456295997,2223.542019531,421.742813527,-4.072073791
264.472966775,2222.980259558,420.895595987,-4.055714007
265.380968936,2222.478379492,420.138989280,-4.044285319
266.386718924,2221.923247306,419.300487759,-4.027657210
267.476300603,2221.320068462,418.393304688,-4.008102333
268.446859581,2220.784692176,417.583932052,-3.991582717
269.364638868,2220.282830412,416.815677198,-3.976153236
270.412066447,2219.714541931,415.935897980,-3.964267823
271.465542123,2219.148593343,415.047383199,-3.956873230
272.385172312,2218.658332219,414.269349203,-3.951694853
273.338722301,2218.141967880,413.467760734,-3.942673900
274.425374405,2217.540097271,412.563296132,-3.920127311
275.455838545,2216.959835810,411.712384090,-3.886935789
276.384053759,2216.429961453,410.951086280,-3.851689590
277.390770895,2215.857813681,410.123330243,-3.820928232
278.479187899,2215.245572248,409.223634581,-3.801961978
279.465091741,2214.696679832,408.404664802,-3.798497367
280.378041395,2214.191929762,407.643943048,-3.801114732
281.398129376,2213.625806059,406.795390683,-3.807620512
282.470906085,2213.024630657,405.906923186,-3.815589823
283.426772496,2212.494659003,405.111481744,-3.806449014
284.350455759,2211.991024410,404.337501376,-3.784147516
285.443870696,2211.239125634,403.545931760,-3.723964479
286.611951773,2210.325001109,402.825677701,-3.623845322
287.655076959,2209.488634642,402.211253949,-3.518561232
288.709517125,2208.637898941,401.595455992,-3.424297209
289.888076467,2207.706559440,400.877839765,-3.342836736
290.967544938,2206.967255073,400.092373155,-3.301322445
291.891631215,2206.454535432,399.323586092,-3.296798208
292.854127759,2205.919972540,398.523195079,-3.292756026
293.926404422,2205.323397059,397.632211584,-3.287923998
294.950183265,2204.752749986,396.782238841,-3.282322787
295.870841966,2204.238435653,396.018659329,-3.276034814
296.844622559,2203.694139719,395.211236414,-3.268365642
297.913091620,2203.097413104,394.324969189,-3.259769847
298.925105198,2202.533033817,393.484979593,-3.251708805
299.852073617,2202.017265882,392.714785347,-3.244312131
300.841644872,2201.468184710,391.891553683,-3.237187301
301.911486540,2200.875805891,391.000711154,-3.230250580
302.915470264,2200.320533332,390.164281485,-3.223838771
303.843680459,2199.807222294,389.390943255,-3.218014064
304.823233041,2199.315306820,388.543866235,-3.219731333
305.851924365,2198.899266293,387.603200477,-3.235980997
306.873358849,2198.598162995,386.627644347,-3.266891297
307.935126513,2198.367722388,385.592059145,-3.309447012
308.996862662,2198.137778438,384.556416440,-3.352500669
310.016943699,2197.871092143,383.572437979,-3.387573885
311.041091802,2197.486959045,382.623184540,-3.403033784
312.056368694,2197.000912681,381.731818686,-3.399426424
312.989697712,2196.480513272,380.957242024,-3.381579683
313.951332326,2195.943633935,380.159716187,-3.360266601
315.018517444,2195.348857178,379.273965991,-3.336365239
316.055799396,2194.772386302,378.411877307,-3.315430132
316.986629566,2194.256544654,377.637210521,-3.299823407
317.948070736,2193.725079428,376.836121933,-3.286750133
319.014892702,2193.136209617,375.946640677,-3.273922439
320.048598606,2192.565333983,375.084957778,-3.261614427
320.977855114,2192.051236461,374.310970693,-3.248754110
321.943123685,2191.516341840,373.507630541,-3.232148117
323.011267400,2190.924251726,372.618842781,-3.211737061
324.040620573,2190.353319813,371.762582428,-3.191172244
324.970207038,2189.837077229,370.989720139,-3.173608847
325.942197963,2189.297986549,370.181046400,-3.159666751
327.010032348,2188.707277964,369.291525619,-3.150370502
328.029544431,2188.143898502,368.441827591,-3.145708894
328.953537383,2187.633611091,367.671527515,-3.142965534
329.928348813,2187.095806332,366.858505223,-3.138708829
330.994091274,2186.507741732,365.969718321,-3.132011036
332.003238797,2185.950271661,365.128567621,-3.123564532
332.926626935,2185.440103096,364.358946429,-3.116020687
333.916365210,2184.892834054,363.534373621,-3.103445559
334.992243146,2184.296789383,362.639049470,-3.078172124
336.001319984,2183.737365423,361.799866150,-3.045733655
336.936779871,2183.218720737,361.022202180,-3.009242029
337.948113769,2182.658064093,360.181396951,-2.970422599
339.026329915,2182.061219650,359.283974578,-2.939441103
340.020156959,2181.512201783,358.455700831,-2.924138351
340.947391066,2181.000237207,357.682633428,-2.919431633
341.958522753,2180.438264783,356.842057209,-2.917001815
343.029375077,2179.837523989,355.955603633,-2.911064297
344.012073706,2179.287250449,355.141453848,-2.903597382
344.939171085,2178.773937524,354.369456915,-2.897262752
345.956104701,2178.208433865,353.524283234,-2.890856528
347.021093531,2177.612779268,352.641455000,-2.887522264
347.992524866,2177.072112658,351.834388161,-2.888776829
348.919540894,2176.553809777,351.065804897,-2.889555147
349.942254071,2175.975388358,350.222387711,-2.885270827
351.009422390,2175.373761836,349.341017383,-2.876321343
351.985977938,2174.827736344,348.531473379,-2.863855182
352.922834437,2174.304143575,347.754734397,-2.848779838
353.951572000,2173.729545388,346.901618626,-2.830576045
355.021280181,2173.133858580,346.013334519,-2.810975928
356.001702572,2172.589254672,345.198271534,-2.793455128
356.939047098,2172.070205620,344.417894989,-2.778782306
357.959937466,2171.506523934,343.566838373,-2.765264344
359.022448707,2170.919686755,342.681175086,-2.752902874
360.003275356,2170.377462465,341.863921661,-2.742387502
360.939856761,2169.859662062,341.083571661,-2.731371663
361.954004084,2169.298299056,340.239044796,-2.719508172
363.016844283,2168.709015610,339.354588551,-2.708950719
364.008368958,2168.158649259,338.529875387,-2.700810785
364.947514397,2167.636702031,337.749150158,-2.695034759
365.951522363,2167.078677810,336.914507181,-2.691561298
367.011479241,2166.490838608,336.032492573,-2.689589296
368.012333793,2165.937062489,335.198803534,-2.687484791
368.951807187,2165.417876583,334.415833288,-2.683763620
369.942639777,2164.869950811,333.590303442,-2.678563211
371.001146221,2164.282591214,332.709731836,-2.672379200
372.017078768,2163.716530982,331.866137319,-2.665818372
372.957631181,2163.190908804,331.086175259,-2.661419199
373.930248582,2162.646871543,330.279945909,-2.659901472
374.984416278,2162.058224538,329.405438030,-2.659450232
376.014890498,2161.484424671,328.549499493,-2.659222158
376.955220942,2160.962476977,327.767330150,-2.657470891
377.910296849,2160.433673364,326.972023929,-2.652496711
378.966359738,2159.849907668,326.092016980,-2.643882367
380.019759813,2159.268006275,325.213992354,-2.633147278
380.963726339,2158.746164492,324.427438570,-2.623814465
381.907149166,2158.223587024,323.642001478,-2.616886603
382.963640538,2157.636564072,322.763629342,-2.610525524
384.019855338,2157.047997108,321.886615276,-2.605529431
384.965617416,2156.518273770,321.103240261,-2.592013589
385.916209285,2155.984376189,320.317193966,-2.565377183
386.974220842,2155.392869917,319.440387760,-2.538550695
388.034977878,2154.803292188,318.558849551,-2.516325092
388.993643194,2154.272782139,317.760584399,-2.497063151
389.932802324,2153.755929847,316.976470991,-2.490010179
390.962341916,2153.192448196,316.114848537,-2.496861927
392.016364642,2152.615398075,315.232854587,-2.504845486
392.980061095,2152.086756919,314.427113036,-2.510316814
393.911271943,2151.575151918,313.649041609,-2.514654970
394.932342720,2151.012931378,312.796697597,-2.516466635
395.991705870,2150.428181983,311.913343598,-2.514431807
396.962880466,2149.890580260,311.104554213,-2.509510950
397.894871552,2149.373676854,310.329069636,-2.503036151
398.919262670,2148.806037628,309.476376751,-2.494220458
399.986695260,2148.215703717,308.587094278,-2.484479255
400.959170272,2147.677906475,307.776899617,-2.476331518
401.886929741,2147.164521323,307.004161519,-2.469320797
402.913515788,2146.596366635,306.149171780,-2.460852708
403.982700900,2146.003567200,305.259421503,-2.451361673
404.945655262,2145.468804384,304.458635566,-2.444170334
405.870517082,2144.955821598,303.689100329,-2.438376630
406.909994200,2144.378573612,302.824642675,-2.435150804
407.980824352,2143.782681551,301.934930890,-2.436825784
408.924074647,2143.257358882,301.151505918,-2.438415158
409.847352575,2142.742246289,300.385282286,-2.436835510
410.904484748,2142.150810826,299.509096165,-2.431321507
411.960892876,2141.559821754,298.633532475,-2.420446088
412.887676434,2141.042171248,297.864923825,-2.406077347
413.846525642,2140.507093889,297.069350768,-2.393930952
414.930670763,2139.903175920,296.169038596,-2.384353820
415.956251872,2139.333508562,295.316251265,-2.377319501
416.867829367,2138.828706329,294.557223579,-2.372298924
417.855079437,2138.281291346,293.735652907,-2.367697958
418.936803968,2137.679873320,292.836536780,-2.363888974
419.968382313,2137.103572541,291.980949467,-2.362606431
420.989882276,2136.529863142,291.135777309,-2.364535620
422.056415078,2135.928534366,290.254941484,-2.369451997
423.046568457,2135.368936441,289.438112421,-2.376097172
423.941819721,2134.863524603,288.699201151,-2.382717963
424.826195933,2134.367670722,287.966918934,-2.386318955
425.716507006,2133.872331239,287.227126664,-2.386307154
426.634225548,2133.365199973,286.462264277,-2.383031408
427.622834637,2132.821324330,285.636726149,-2.377199051
428.644722492,2132.260201686,284.782708168,-2.370166678
429.666610347,2131.699079043,283.928690186,-2.363134305
430.688498201,2131.137956400,283.074672205,-2.356101933
431.710386056,2130.576833756,282.220654224,-2.349069560
432.732273910,2130.015711113,281.366636243,-2.342037187
433.754161766,2129.454588469,280.512618261,-2.335004814
434.776049620,2128.893465826,279.658600280,-2.327972441
435.797937475,2128.332343182,278.804582299,-2.320940068
436.819825330,2127.771220539,277.950564317,-2.313907695
437.841713184,2127.210097896,277.096546336,-2.306875323
438.863601039,2126.648975252,276.242528355,-2.299842950
439.885488894,2126.087852609,275.388510373,-2.292810577
440.907376749,2125.526729965,274.534492392,-2.285778204
441.929264603,2124.965607322,273.680474411,-2.278745831
442.951152459,2124.404484678,272.826456429,-2.271713458
443.973040313,2123.843362035,271.972438448,-2.264681085
444.994928167,2123.282239392,271.118420467,-2.257648713
446.016816022,2122.721116748,270.264402486,-2.250616340
447.038703877,2122.159994105,269.410384504,-2.243583967
448.060591732,2121.598871461,268.556366523,-2.236551594
449.069515174,2121.044718902,267.713281995,-2.229485319
450.008729272,2120.528044792,266.928987125,-2.222236752
450.899281216,2120.032378621,266.189178420,-2.213242697
451.754414585,2119.547448283,265.484935268,-2.201528242
452.574291724,2119.073253778,264.816257670,-2.187093387
453.372032883,2118.602825023,264.172212173,-2.169972034
454.204387729,2118.105653652,263.504942570,-2.150312573
455.050057797,2117.598210175,262.828752357,-2.129678200
455.895727866,2117.090766698,262.152562143,-2.109043828
456.741397934,2116.583323221,261.476371930,-2.088409455
457.587068002,2116.075879744,260.800181717,-2.067775082
458.432738070,2115.568436267,260.123991504,-2.047140710
459.278408138,2115.060992790,259.447801290,-2.026506337
460.124078206,2114.553549313,258.771611077,-2.005871964
460.969748274,2114.046105836,258.095420864,-1.985237592
461.815418342,2113.538662360,257.419230651,-1.964603219
462.661088410,2113.031218883,256.743040437,-1.943968846
463.506758478,2112.523775406,256.066850224,-1.923334474
464.352428546,2112.016331929,255.390660011,-1.902700101
465.198098614,2111.508888452,254.714469798,-1.882065728
466.043768683,2111.001444975,254.038279584,-1.861431356
466.889438751,2110.494001498,253.362089371,-1.840796983
467.735108819,2109.986558021,252.685899158,-1.820162610
468.583720547,2109.477017097,252.007626155,-1.798816756
469.468788334,2108.941521800,251.303580164,-1.768666841
470.387328087,2108.390294658,250.569571336,-1.735576742
471.334373856,2107.841539085,249.798138743,-1.709988359
472.394984645,2107.242129037,248.923444619,-1.687338201
473.606892208,2106.568737757,247.916064181,-1.666153828
474.937270565,2105.845222171,246.799687629,-1.654527819
476.388404839,2105.061359751,245.578504810,-1.646596297
477.963996025,2104.198947081,244.259976653,-1.631917363
479.579896746,2103.311110208,242.909940923,-1.615054507
481.159176326,2102.442906041,241.590771999,-1.603270348
482.616671437,2101.640051555,240.374346724,-1.608391209
483.918625975,2100.923440899,239.287359148,-1.604814117
485.056572351,2100.298406817,238.336622302,-1.586004513
486.110639044,2099.712907147,237.460145530,-1.580071778
487.104168988,2099.155352793,236.637810969,-1.580945027
488.054103380,2098.621563967,235.852133410,-1.568470613
489.031160127,2098.070139601,235.045553676,-1.568904896
490.087078188,2097.472051779,234.175594937,-1.589537404
491.051576672,2096.944263511,233.374431125,-1.688700991
491.946710577,2096.478694107,232.623786355,-1.833760520
492.955027884,2095.962170849,231.758917457,-1.790064920
494.071335482,2095.415915216,230.812610524,-1.561480965
495.149118170,2094.892745799,229.898821987,-1.331481413
496.299396030,2094.328555466,228.947833402,-1.014544299
497.506719201,2093.725717393,227.968506188,-0.646938934
498.586496123,2093.153790220,227.069987241,-0.469509478
499.570650723,2092.610464139,226.249430321,-0.476096481
500.515609117,2092.199169180,225.433573561,-0.717261508
501.463389270,2091.872640681,224.630726207,-1.100800924
502.388553049,2091.557970744,223.851094869,-1.486917261
503.325004822,2091.226464154,223.055496770,-1.853071556
504.279986132,2090.873759756,222.236682385,-2.195316954
505.212606427,2090.405598259,221.437441759,-2.304036088
506.186077202,2089.858128983,220.633275875,-2.268822849
507.190108198,2089.295418355,219.802859116,-2.225892722
508.193543001,2088.733283892,218.971936248,-2.204598665
509.177130919,2088.185211021,218.155207804,-2.208594972
510.186053056,2087.625504150,217.315772685,-2.209477101
511.192378793,2087.067039025,216.478630893,-2.210823484
512.183600133,2086.517407958,215.653765849,-2.215629034
513.147926457,2085.992209983,214.845050607,-2.224114588
514.091268473,2085.481480211,214.052346786,-2.249997217
515.037291819,2084.947658354,213.272014719,-2.282803650
516.068087896,2084.248788657,212.518349747,-2.204631984
517.158187209,2083.459360094,211.773751873,-2.101224719
518.266283567,2082.635284774,211.036500660,-2.028850321
519.377765153,2081.805945500,210.302039577,-1.938547481
520.484060259,2080.992595011,209.558016935,-1.844845019
521.510339711,2080.329999276,208.774550916,-1.864779977
522.529809032,2079.730133608,207.951524613,-1.910677495
523.483127371,2079.184373721,207.169943568,-1.920324774
524.247382254,2078.746636166,206.543530466,-1.929155675
524.816284294,2078.420629933,206.077356948,-1.936347268
525.182004350,2078.210970681,205.777734431,-1.940875455
526.407577271,2077.448733068,204.818124588,-1.927769903
527.492437748,2076.767358946,203.974068249,-1.912922130
528.577298223,2076.085984825,203.130011911,-1.898074357
529.662158698,2075.404610704,202.285955573,-1.883226584
530.747019174,2074.723236582,201.441899235,-1.868378811
531.831879650,2074.041862461,200.597842897,-1.853531038
532.916740126,2073.360488340,199.753786558,-1.838683265
534.001600602,2072.679114218,198.909730220,-1.823835491
535.086461077,2071.997740097,198.065673882,-1.808987718
536.171321552,2071.316365976,197.221617544,-1.794139945
537.256182028,2070.634991854,196.377561206,-1.779292172
538.341042504,2069.953617733,195.533504867,-1.764444399
539.425902979,2069.272243612,194.689448529,-1.749596626
540.510763455,2068.590869490,193.845392191,-1.734748853
541.595623931,2067.909495369,193.001335853,-1.719901079
542.680484406,2067.228121248,192.157279515,-1.705053306
543.765344883,2066.546747126,191.313223176,-1.690205533
544.850205358,2065.865373005,190.469166838,-1.675357760
545.935065833,2065.183998884,189.625110500,-1.660509987
547.019926309,2064.502624762,188.781054162,-1.645662214
548.104786784,2063.821250641,187.936997824,-1.630814440
549.189647261,2063.139876520,187.092941485,-1.615966667
550.274507736,2062.458502398,186.248885147,-1.601118894
551.359368212,2061.777128277,185.404828809,-1.586271121
552.359239730,2061.125790412,184.646224416,-1.590898506
553.359111247,2060.474452547,183.887620023,-1.595525892
554.358977219,2059.814331883,183.136653028,-1.600134764
555.358848644,2059.153503145,182.386301764,-1.604742144
556.358701581,2058.488777206,181.639425476,-1.609339044
557.358572894,2057.818779829,180.897249516,-1.613921770
558.358444207,2057.148782451,180.155073557,-1.618504496
559.358299179,2056.475163873,179.416204782,-1.623077314
560.358170384,2055.796639206,178.681816659,-1.627636709
561.358041591,2055.118114538,177.947428535,-1.632196103
562.357898283,2054.436215359,177.216192448,-1.636745798
563.357769385,2053.749736850,176.489233786,-1.641282328
564.357640486,2053.063258341,175.762275124,-1.645818859
565.357511589,2052.376779832,175.035316461,-1.650355389
566.357378276,2051.682911988,174.315413382,-1.654868178
567.357249262,2050.988434541,173.596092372,-1.659379008
568.357120248,2050.293957093,172.876771362,-1.663889839
569.356977869,2049.596313156,172.160539614,-1.668393403
570.356848777,2048.894355666,171.448516213,-1.672887070
571.356719686,2048.192398177,170.736492812,-1.677380737
572.356590594,2047.490440688,170.024469411,-1.681874404
573.356458141,2046.782162596,169.318737780,-1.686360175
574.356329011,2046.073356053,168.613532190,-1.690845286
575.356199881,2045.364549510,167.908326599,-1.695330397
576.356059325,2044.652876217,167.206030402,-1.699811885
577.355930157,2043.937282414,166.507713031,-1.704288418
578.355800989,2043.221688611,165.809395661,-1.708764952
579.355671820,2042.506094808,165.111078291,-1.713241485
580.355539006,2041.784045401,164.419443286,-1.717720663
581.355409850,2041.061449067,163.728374420,-1.722200066
582.355280694,2040.338852733,163.037305554,-1.726679468
583.355147252,2039.609340728,162.353547374,-1.731164998
584.355018126,2038.879239561,161.670412010,-1.735651051
585.354889000,2038.149138394,160.987276645,-1.740137104
586.354755134,2037.411853619,160.311907701,-1.744635444
587.354626068,2036.673953379,159.637204154,-1.749134837
588.354479916,2035.932710368,158.966200271,-1.753640964
589.354350923,2035.186865293,158.300289793,-1.758156360
590.354221929,2034.441020218,157.634379315,-1.762671756
591.354086829,2033.687265419,156.977444793,-1.767205577
592.353957926,2032.932826680,156.321286406,-1.771740991
593.353807415,2032.174740088,155.669379171,-1.776288159
594.353678638,2031.411617859,155.023340393,-1.780851550
595.353549863,2030.648495629,154.377301614,-1.785414942
596.353415142,2029.877803698,153.740321686,-1.790007750
597.353286512,2029.106451360,153.104132083,-1.794603124
598.353140460,2028.331923117,152.471840500,-1.799215275
599.353012015,2027.552998588,151.844944801,-1.803850648
600.352883570,2026.774074058,151.218049102,-1.808486022
601.352749944,2025.988277318,150.599798032,-1.813161850
602.352621704,2025.201875509,149.982308085,-1.817841240
603.352493465,2024.415473699,149.364818139,-1.822520631
604.352360427,2023.622510177,148.755785832,-1.827258174
605.352232485,2022.828965886,148.147502100,-1.832000864
606.352104544,2022.035421595,147.539218368,-1.836743555
607.351972861,2021.236093400,146.938562125,-1.841556637
608.351845286,2020.436250490,146.338584659,-1.846375983
609.351717711,2019.636407581,145.738607192,-1.851195329
610.351579445,2018.834205143,145.141806498,-1.856060160
611.351452400,2018.028714815,144.549432485,-1.860988372
612.351325356,2017.223224487,143.957058471,-1.865916583
613.351198312,2016.417734159,143.364684457,-1.870844795
614.351071268,2015.612243831,142.772310444,-1.875773007
615.350942939,2014.802755280,142.185415418,-1.880859674
616.350816762,2013.992905733,141.599015084,-1.885960648
617.350690583,2013.183056186,141.012614751,-1.891061622
618.350564406,2012.373206639,140.426214417,-1.896162596
619.350438228,2011.563357092,139.839814083,-1.901263571
620.350312050,2010.753507545,139.253413749,-1.906364545
621.350184426,2009.939447729,138.672876496,-1.911644958
622.350059267,2009.125003693,138.092874296,-1.916941747
623.349934107,2008.310559656,137.512872096,-1.922238536
624.349808947,2007.496115620,136.932869897,-1.927535325
625.349679370,2006.675541745,136.361582120,-1.932980894
626.349555084,2005.854404551,135.791095180,-1.938440135
627.349430798,2005.033267356,135.220608241,-1.943899376
628.349299910,2004.205034626,134.660485390,-1.949483131
629.349176377,2003.376146301,134.101320132,-1.955078390
630.349029371,2002.544043565,133.546992486,-1.960727200
631.348906568,2001.707411322,132.999481636,-1.966451469
632.348761423,2000.867711726,132.456728444,-1.972221374
633.348639255,2000.023685298,131.920686441,-1.978055653
634.348489754,1999.176341921,131.389955361,-1.983950024
635.348368443,1998.324314863,130.866723546,-1.989929250
636.348247130,1997.472287806,130.343491730,-1.995908476
637.348118071,1996.613228651,129.831904342,-2.002041230
638.347997778,1995.753510039,129.321408947,-2.008188381
639.347856435,1994.891005885,128.815676692,-2.014417757
640.347737382,1994.024557564,128.316688769,-2.020763558
641.347618331,1993.158109243,127.817700845,-2.027109358
642.347482329,1992.289198577,127.323048816,-2.033562278
643.347364954,1991.416795482,126.834546534,-2.040167127
644.347247580,1990.544392387,126.346044251,-2.046771977
645.347130204,1989.671989292,125.857541969,-2.053376826
646.347010529,1988.795078369,125.377187291,-2.060252919
647.346895161,1987.917738161,124.897608518,-2.067154844
648.346779793,1987.040397953,124.418029744,-2.074056768
649.346653846,1986.161145018,123.941991022,-2.081094757
650.346540808,1985.279168755,123.470992603,-2.088326473
651.346427790,1984.397191949,122.999995199,-2.095560755
652.346314772,1983.515215114,122.528997850,-2.102795177
653.346199683,1982.628830912,122.066357512,-2.110331726
654.346089117,1981.742021939,121.604522600,-2.117897394
655.345978550,1980.855212966,121.142687689,-2.125463063
656.345865909,1979.964058982,120.689303224,-2.133326497
657.345757868,1979.072484168,120.236737215,-2.141218771
658.345649825,1978.180909355,119.784171207,-2.149111045
659.345539701,1977.284860213,119.340540894,-2.157347806
660.345434715,1976.388375547,118.897780366,-2.165618100
661.345329728,1975.491890882,118.455019839,-2.173888393
662.345211587,1974.593434118,118.016308093,-2.182325160
663.345110034,1973.692149005,117.583403041,-2.191000682
664.345008482,1972.790863891,117.150497988,-2.199676203
665.344895102,1971.887741082,116.721470741,-2.208511763
666.344797009,1970.981978365,116.298014084,-2.217577223
667.344698915,1970.076215648,115.874557427,-2.226642683
668.344588755,1969.168622129,115.455071872,-2.235892811
669.344494846,1968.258394261,115.041300354,-2.245408659
670.344400938,1967.348166393,114.627528836,-2.254924506
671.344307029,1966.437938526,114.213757318,-2.264440354
672.344213188,1965.523867421,113.808557517,-2.274413499
673.344124191,1964.609414097,113.404210191,-2.284432124
674.344035193,1963.694960774,112.999862866,-2.294450748
675.343937640,1962.778965215,112.599048307,-2.304684402
676.343854047,1961.860741727,112.203337218,-2.315228689
677.343770455,1960.942518239,111.807626129,-2.325772976
678.343686863,1960.024294751,111.411915039,-2.336317263
679.343605314,1959.102716686,111.024090179,-2.347392361
680.343528053,1958.180801128,110.637058728,-2.358520862
681.343450792,1957.258885570,110.250027277,-2.369649363
682.343373531,1956.336970012,109.862995826,-2.380777863
683.343299936,1955.411902729,109.483568228,-2.392526756
684.343230512,1954.486516303,109.104910596,-2.404338470
685.343161088,1953.561129876,108.726252965,-2.416150183
686.343091664,1952.635743450,108.347595333,-2.427961897
687.343020527,1951.709263166,107.971638454,-2.440145468
688.342962301,1950.781191989,107.599609516,-2.452869863
689.342904074,1949.853120812,107.227580578,-2.465594258
690.342845848,1948.925049635,106.855551639,-2.478318653
691.342787621,1947.996978459,106.483522701,-2.491043048
692.342729395,1947.068907282,106.111493762,-2.503767443
693.342671168,1946.140836105,105.739464824,-2.516491838
694.342626201,1945.211180460,105.371415737,-2.530287477
695.342583710,1944.281361455,105.003776978,-2.544193563
696.342541218,1943.351542450,104.636138218,-2.558099649
697.342498728,1942.421723444,104.268499458,-2.572005736
698.342456236,1941.491904439,103.900860699,-2.585911822
699.342413745,1940.562085434,103.533221939,-2.599817908
700.342371254,1939.632266428,103.165583180,-2.613723994
701.342332000,1938.701700958,102.799846355,-2.628075780
702.342305398,1937.770041115,102.436897905,-2.643080995
703.342278797,1936.838381271,102.073949456,-2.658086211
704.342252194,1935.906721428,101.711001007,-2.673091426
705.342225592,1934.975061585,101.348052557,-2.688096642
706.342198990,1934.043401742,100.985104108,-2.703101857
707.342180911,1933.109284912,100.628533681,-2.718821927
708.342166477,1932.174909412,100.272634727,-2.734617256
709.342152044,1931.240533912,99.916735772,-2.750412585
710.342137609,1930.306158413,99.560836818,-2.766207914
711.342128437,1929.368893565,99.212628411,-2.782553124
712.342123795,1928.431322587,98.865234827,-2.798956594
713.342119151,1927.493751610,98.517841243,-2.815360064
714.342105604,1926.554782774,98.174279615,-2.831968457
715.342109416,1925.613749354,97.836377642,-2.848879512
716.342113228,1924.672715935,97.498475669,-2.865790568
717.342105148,1923.730183192,97.164823723,-2.882885808
718.342116787,1922.785432285,96.837459456,-2.900253539
719.342128425,1921.840681378,96.510095189,-2.917621270
720.342125935,1920.894379158,96.187296022,-2.935166251
721.342145311,1919.945778118,95.871261679,-2.952973891
722.342164686,1918.997177078,95.555227335,-2.970781530
723.342169767,1918.047077712,95.243781922,-2.988756832
724.342196648,1917.094754368,94.939147895,-3.006980996
725.342223527,1916.142431025,94.634513869,-3.025205159
726.342236986,1915.188715105,94.334321654,-3.043576192
727.342270588,1914.232928628,94.040733761,-3.062165596
728.342304190,1913.277142152,93.747145868,-3.080755001
729.342336821,1912.318272422,93.463812157,-3.099625934
730.342376276,1911.359066816,93.181595493,-3.118527536
731.342398014,1910.398431341,92.904357103,-3.137549518
732.342443181,1909.435663959,92.634541224,-3.156750985
733.342488349,1908.472896577,92.364725344,-3.175952453
734.342530614,1907.506992113,92.106394836,-3.195406177
735.342581195,1906.540743411,91.849324640,-3.214887583
736.342613417,1905.573184719,91.597310694,-3.234473122
737.342669093,1904.603667462,91.352856347,-3.254214351
738.342724771,1903.634150204,91.108401999,-3.273955580
739.342777548,1902.661914552,90.875024422,-3.293913081
740.342837994,1901.689378315,90.642871657,-3.313894496
741.342881034,1900.715692985,90.415671834,-3.333974319
742.342946424,1899.740284818,90.195897981,-3.354201687
743.343011815,1898.764876650,89.976124129,-3.374429054
744.343063713,1897.788493018,89.760797605,-3.394758563
745.343134305,1896.810644487,89.552149838,-3.415241461
746.343204897,1895.832795956,89.343502072,-3.435724360
747.343275489,1894.854947425,89.134854305,-3.456207259
748.343347749,1893.875523625,88.933747339,-3.476932417
749.343423851,1892.895922580,88.733488926,-3.497682614
750.343499949,1891.916321454,88.533230906,-3.518432582
751.343576047,1890.936720328,88.332972886,-3.539182549
752.343648097,1889.956558971,88.135506111,-3.560031846
753.343729396,1888.975552426,87.942250324,-3.581030993
754.343810695,1887.994545881,87.748994538,-3.602030140
755.343891993,1887.013539337,87.555738751,-3.623029287
756.343973292,1886.032532792,87.362482965,-3.644028434
757.344050427,1885.051002940,87.171932974,-3.665102727
758.344135709,1884.068681364,86.985476643,-3.686290710
759.344220991,1883.086359789,86.799020313,-3.707478693
760.344306273,1882.104038214,86.612563983,-3.728666676
761.344391554,1881.121716639,86.426107653,-3.749854659
762.344476836,1880.139395064,86.239651323,-3.771042642
763.344562625,1879.156092747,86.058447229,-3.792331498
764.344650294,1878.172678039,85.877845038,-3.813631913
765.344737965,1877.189263330,85.697242847,-3.834932328
766.344825635,1876.205848622,85.516640657,-3.856232743
767.344913305,1875.222433913,85.336038466,-3.877533159
768.345000975,1874.239019205,85.155436275,-3.898833574
769.345087168,1873.254594424,84.980434138,-3.920152503
770.345175278,1872.270052858,84.806079488,-3.941473572
771.345263389,1871.285511291,84.631724838,-3.962794642
772.345351498,1870.300969725,84.457370188,-3.984115711
773.345439609,1869.316428158,84.283015538,-4.005436780
774.345523662,1868.330645514,84.115838874,-4.026712490
775.345610695,1867.344718311,83.949498284,-4.047982916
776.345697726,1866.358791109,83.783157694,-4.069253342
777.345784758,1865.372863907,83.616817104,-4.090523768
778.345864026,1864.386451521,83.453419982,-4.111749420
779.345948653,1863.399296192,83.294530098,-4.132906513
780.346033282,1862.412140862,83.135640213,-4.154063605
781.346117909,1861.424985533,82.976750329,-4.175220698
782.346202537,1860.437830203,82.817860444,-4.196377791
783.346287165,1859.450674873,82.658970560,-4.217534883
784.346366043,1858.462545309,82.506271630,-4.238529236
785.346446836,1857.474300602,82.354304404,-4.259504355
786.346527632,1856.486055894,82.202337177,-4.280479473
787.346608427,1855.497811186,82.050369950,-4.301454592
788.346689220,1854.509566479,81.898402724,-4.322429710
789.346762898,1853.520326753,81.753071915,-4.343192187
790.346838730,1852.530968572,81.608531162,-4.363929349
791.346914562,1851.541610390,81.463990409,-4.384666511
792.346990394,1850.552252209,81.319449656,-4.405403673
793.347066226,1849.562894028,81.174908903,-4.426140835
794.347134399,1848.573168488,81.032942186,-4.446760155
795.347204056,1847.582875229,80.894953415,-4.467197360
796.347273713,1846.592581970,80.756964645,-4.487634566
797.347343371,1845.602288710,80.618975874,-4.508071772
798.347413028,1844.611995451,80.480987104,-4.528508978
799.347482685,1843.621702192,80.342998334,-4.548946183
800.347341736,1842.630552986,80.211316925,-4.550120680
801.347203213,1841.639300266,80.080398304,-4.548965622
802.347064691,1840.648047546,79.949479682,-4.547810563
803.346926168,1839.656794827,79.818561061,-4.546655505
804.346862064,1838.665597070,79.687230085,-4.558942855
805.349623643,1837.674660715,79.553938001,-4.635160597
806.350940395,1836.683469080,79.422580250,-4.689193197
807.350991512,1835.691880187,79.294232642,-4.708702047
808.351042628,1834.700291295,79.165885034,-4.728210896
809.351093745,1833.708702402,79.037537426,-4.747719745
810.351144861,1832.717113510,78.909189818,-4.767228595
811.351195978,1831.725524617,78.780842210,-4.786737444
812.351247093,1830.733935725,78.652494602,-4.806246293
813.351298210,1829.742346832,78.524146994,-4.825755143
814.351349326,1828.750757940,78.395799386,-4.845263992
815.351400443,1827.759169047,78.267451778,-4.864772841
816.351439724,1826.767875562,78.136844645,-4.883682299
817.351477928,1825.776618631,78.005957907,-4.902517585
818.351516131,1824.785361701,77.875071170,-4.921352871
819.351554335,1823.794104770,77.744184433,-4.940188157
820.351592538,1822.802847840,77.613297695,-4.959023443
821.351630742,1821.811590909,77.482410958,-4.977858729
822.351668945,1820.820333979,77.351524220,-4.996694015
823.351707149,1819.829077048,77.220637483,-5.015529301
824.351745352,1818.837820118,77.089750746,-5.034364587
825.351777181,1817.846756116,76.957423646,-5.052947951
826.351803383,1816.855995700,76.822830041,-5.071134898
827.351829585,1815.865235284,76.688236436,-5.089321846
828.351855788,1814.874474868,76.553642831,-5.107508793
829.351881989,1813.883714453,76.419049226,-5.125695741
830.351908192,1812.892954037,76.284455622,-5.143882689
831.351934394,1811.902193621,76.149862017,-5.162069636
832.351960596,1810.911433205,76.015268412,-5.180256584
833.351986799,1809.920672789,75.880674807,-5.198443532
834.352013001,1808.929912373,75.746081202,-5.216630479
835.352031354,1807.938912279,75.613265373,-5.234392083
836.352048952,1806.947881726,75.480675468,-5.252099633
837.352066552,1805.956851172,75.348085563,-5.269807183
838.352084150,1804.965820619,75.215495658,-5.287514733
839.352101749,1803.974790066,75.082905752,-5.305222283
840.352119347,1802.983759513,74.950315847,-5.322929833
841.352129810,1801.992241422,74.821429353,-5.340281286
842.352140375,1801.000660860,74.693017407,-5.357587108
843.352150905,1800.009080572,74.564603341,-5.374890843
844.352161429,1799.017500327,74.436188938,-5.392194246
845.352171952,1798.025920083,74.307774535,-5.409497650
846.352182477,1797.034339838,74.179360132,-5.426801053
847.352193001,1796.042759593,74.050945729,-5.444104456
848.352203525,1795.051179349,73.922531326,-5.461407860
849.352214049,1794.059599104,73.794116923,-5.478711263
850.352221303,1793.068117555,73.664946302,-5.495851743
851.352224595,1792.076793596,73.534568207,-5.512732080
852.352227889,1791.085469636,73.404190112,-5.529612417
853.352231181,1790.094145677,73.273812016,-5.546492753
854.352234474,1789.102821718,73.143433921,-5.563373090
855.352237768,1788.111497758,73.013055826,-5.580253427
856.352241060,1787.120173799,72.882677731,-5.597133764
857.352244354,1786.128849839,72.752299636,-5.614014101
858.352240268,1785.137883415,72.619234905,-5.630480792
859.352235772,1784.146963877,72.485817854,-5.646893238
860.352231276,1783.156044339,72.352400803,-5.663305684
861.352226781,1782.165124801,72.218983752,-5.679718130
862.352222285,1781.174205263,72.085566701,-5.696130576
863.352217789,1780.183285725,71.952149649,-5.712543022
864.352213294,1779.192366187,71.818732598,-5.728955468
865.352208798,1778.201446649,71.685315547,-5.745367914
866.352204302,1777.210527111,71.551898496,-5.761780360
867.352196035,1776.219622518,71.418370568,-5.777961988
868.352181822,1775.228742028,71.284663824,-5.793771364
869.352167611,1774.237861537,71.150957080,-5.809580741
870.352153399,1773.246981046,71.017250336,-5.825390118
871.352139187,1772.256100556,70.883543593,-5.841199494
872.352124975,1771.265220065,70.749836849,-5.857008871
873.352110764,1770.274339574,70.616130105,-5.872818248
874.352096552,1769.283459083,70.482423361,-5.888627624
875.352082340,1768.292578593,70.348716617,-5.904437001
876.352068128,1767.301698102,70.215009874,-5.920246378
877.352043928,1766.311134341,70.078979234,-5.935435173
878.352018833,1765.320613192,69.942635940,-5.950540477
879.351993737,1764.330092043,69.806292647,-5.965645781
880.351968642,1763.339570894,69.669949353,-5.980751085
881.351943547,1762.349049745,69.533606060,-5.995856388
882.351918452,1761.358528596,69.397262766,-6.010961692
883.351893357,1760.368007447,69.260919473,-6.026066996
884.351868262,1759.377486298,69.124576179,-6.041172299
885.351843167,1758.386965149,68.988232886,-6.056277603
886.351812951,1757.396254043,68.853288848,-6.071149752
887.351778778,1756.405233162,68.720626673,-6.085641678
888.351744607,1755.414212280,68.587964497,-6.100133605
889.351710434,1754.423191399,68.455302322,-6.114625532
890.351676261,1753.432170518,68.322640146,-6.129117459
891.351637640,1752.440988388,68.191197569,-6.143386113
892.351595112,1751.449542501,68.061749923,-6.157289552
893.351552584,1750.458096614,67.932302277,-6.171192991
894.351510056,1749.466650727,67.802854630,-6.185096430
895.351467528,1748.475204840,67.673406984,-6.198999869
896.351425000,1747.483758953,67.543959338,-6.212903308
897.351382473,1746.492313065,67.414511691,-6.226806748
898.351339944,1745.500867178,67.285064045,-6.240710187
899.351285679,1744.510081843,67.150666845,-6.253873956
900.351231798,1743.519387967,67.015584334,-6.266935311
901.351177915,1742.528694092,66.880501823,-6.279996667
902.351124033,1741.538000216,66.745419312,-6.293058022
903.351070152,1740.547306340,66.610336800,-6.306119377
904.351016282,1739.556612476,66.475254208,-6.319181688
905.350962432,1738.565918628,66.340171490,-6.332245491
906.350908582,1737.575224781,66.205088772,-6.345309295
907.350854733,1736.584530933,66.070006054,-6.358373098
908.350795943,1735.593809998,65.935122393,-6.371055797
909.350729399,1734.603044310,65.800567601,-6.383108862
910.350662856,1733.612278622,65.666012808,-6.395161927
911.350596311,1732.621512935,65.531458015,-6.407214991
912.350529767,1731.630747247,65.396903223,-6.419268056
913.350463224,1730.639981559,65.262348430,-6.431321121
914.350396680,1729.649215871,65.127793637,-6.443374186
915.350330135,1728.658450184,64.993238845,-6.455427250
916.350263592,1727.667684496,64.858684052,-6.467480315
917.350197048,1726.676918808,64.724129259,-6.479533380
918.350119379,1725.686029298,64.590489828,-6.490630644
919.350040275,1724.695122218,64.456980281,-6.501592286
920.349961171,1723.704215138,64.323470734,-6.512553928
921.349882066,1722.713308058,64.189961187,-6.523515570
922.349802962,1721.722400978,64.056451640,-6.534477211
923.349723858,1720.731493898,63.922942093,-6.545438853
924.349644754,1719.740586818,63.789432546,-6.556400495
925.349565650,1718.749679738,63.655922999,-6.567362137
926.349486546,1717.758772658,63.522413452,-6.578323778
927.349402790,1716.767851026,63.389012031,-6.588853508
928.349311704,1715.776905081,63.255791263,-6.598661610
929.349220620,1714.785959135,63.122570495,-6.608469713
930.349129536,1713.795013189,62.989349726,-6.618277815
931.349038451,1712.804067244,62.856128958,-6.628085917
932.348947367,1711.813121298,62.722908190,-6.637894020
933.348856282,1710.822175352,62.589687422,-6.647702122
934.348765197,1709.831229407,62.456466654,-6.657510225
935.348674113,1708.840283461,62.323245886,-6.667318327
936.348583028,1707.849337516,62.190025118,-6.677126430
937.348482484,1706.858347810,62.057130315,-6.685918268
938.348380658,1705.867351745,61.924282891,-6.694562392
939.348278834,1704.876355679,61.791435467,-6.703206516
940.348177010,1703.885359613,61.658588043,-6.711850640
941.348075184,1702.894363316,61.525742345,-6.720494682
942.347973359,1701.903366983,61.392896914,-6.729138710
943.347871533,1700.912370651,61.260051484,-6.737782738
944.347769707,1699.921374318,61.127206053,-6.746426767
945.347667882,1698.930377985,60.994360623,-6.755070795
946.347562500,1697.939427934,60.861171161,-6.763305540
947.347451764,1696.948556087,60.727400375,-6.770848701
948.347341027,1695.957684240,60.593629590,-6.778391862
949.347230291,1694.966812393,60.459858804,-6.785935024
950.347119555,1693.975940546,60.326088018,-6.793478185
951.347008819,1692.985068699,60.192317232,-6.801021346
952.346898082,1691.994196852,60.058546447,-6.808564508
953.346787346,1691.003325005,59.924775661,-6.816107669
954.346676609,1690.012453158,59.791004875,-6.823650830
955.346565873,1689.021581311,59.657234090,-6.831193992
956.346448817,1688.030147794,59.527702235,-6.838048293
957.346332424,1687.038630692,59.398801200,-6.844800081
958.346216030,1686.047113590,59.269900166,-6.851551869
959.346099637,1685.055596488,59.140999131,-6.858303657
960.345983244,1684.064079386,59.012098096,-6.865055445
961.345859508,1683.072225536,58.885863122,-6.871629218
962.345739978,1682.079797557,58.764173574,-6.877899491
963.345620449,1681.087369578,58.642484027,-6.884169764
964.345500921,1680.094941598,58.520794479,-6.890440036
965.345381392,1679.102513619,58.399104931,-6.896710309
966.345255967,1678.109257362,58.284404505,-6.902625235
967.345133958,1677.115876348,58.170756799,-6.908486638
968.345011948,1676.122495334,58.057109093,-6.914348042
969.344889939,1675.129114320,57.943461387,-6.920209445
970.344760516,1674.135432045,57.832536583,-6.925901132
971.344635913,1673.141233420,57.726278710,-6.931301933
972.344511310,1672.147034796,57.620020837,-6.936702734
973.344386707,1671.152836171,57.513762964,-6.942103536
974.344262103,1670.158637547,57.407505091,-6.947504337
975.344137500,1669.164438923,57.301247218,-6.952905138
976.344012897,1668.170240298,57.194989346,-6.958305939
977.343884602,1667.175633745,57.092631649,-6.963218535
978.343757117,1666.180964929,56.990869250,-6.968056615
979.343629632,1665.186296113,56.889106851,-6.972894695
980.343502148,1664.191627296,56.787344451,-6.977732774
981.343374663,1663.196958480,56.685582052,-6.982570854
982.343247178,1662.202289664,56.583819653,-6.987408933
983.343119695,1661.207620847,56.482057253,-6.992247013
984.342992210,1660.212952031,56.380294854,-6.997085093
985.342860545,1659.217742047,56.283992789,-7.001522273
986.342730930,1658.222448664,56.188532204,-7.005897671
987.342601313,1657.227155282,56.093071619,-7.010273070
988.342471697,1656.231861899,55.997611035,-7.014648468
989.342342081,1655.236568517,55.902150450,-7.019023866
990.342207838,1654.240670104,55.813261540,-7.023103683
991.342076787,1653.244677895,55.725391400,-7.027137676
992.341945735,1652.248685687,55.637521259,-7.031171670
993.341814683,1651.252693479,55.549651119,-7.035205663
994.341683631,1650.256701271,55.461780978,-7.039239657
995.341548317,1649.260534923,55.375949969,-7.043117352
996.341415629,1648.264065660,55.293666029,-7.046723167
997.341282942,1647.267596396,55.211382089,-7.050328982
998.341150254,1646.271127132,55.129098149,-7.053934797
999.341017566,1645.274657869,55.046814208,-7.057540612
1000.340884878,1644.278188605,54.964530268,-7.061146428
1001.340752191,1643.281719341,54.882246328,-7.064752243
1002.340619503,1642.285250078,54.799962388,-7.068358058
1003.340486815,1641.288780814,54.717678448,-7.071963873
1004.340354128,1640.292311550,54.635394508,-7.075569688
1005.340220128,1639.295711688,54.554710260,-7.078853842
1006.340086166,1638.299091218,54.474278436,-7.082087240
1007.339952206,1637.302470747,54.393846611,-7.085320638
1008.339818244,1636.305850277,54.313414787,-7.088554036
1009.339684282,1635.309229807,54.232982962,-7.091787434
1010.339550321,1634.312609336,54.152551138,-7.095020832
1011.339409578,1633.315779221,54.074845055,-7.098186210
1012.339275022,1632.318580966,54.001925370,-7.101230025
1013.339140463,1631.321382724,53.929005507,-7.104273320
1014.339005905,1630.324184482,53.856085644,-7.107316615
1015.338871347,1629.326986240,53.783165781,-7.110359910
1016.338736297,1628.329741812,53.710885307,-7.113360339
1017.338601387,1627.332416031,53.639731053,-7.116285264
1018.338466475,1626.335090251,53.568576800,-7.119210189
1019.338331564,1625.337764470,53.497422546,-7.122135114
1020.338196652,1624.340438690,53.426268293,-7.125060040
1021.338061741,1623.343112909,53.355114039,-7.127984965
1022.337926829,1622.345787129,53.283959786,-7.130909890
1023.337791918,1621.348461348,53.212805532,-7.133834815
1024.337655349,1620.351467922,53.137158503,-7.136753130
1025.337520417,1619.354528110,53.060786694,-7.139670378
1026.337385482,1618.357588299,52.984414886,-7.142587626
1027.337250548,1617.360648488,52.908043078,-7.145504875
1028.337115615,1616.363708677,52.831671269,-7.148422123
1029.336980680,1615.366768866,52.755299461,-7.151339371
1030.336845747,1614.369829055,52.678927652,-7.154256619
1031.336710813,1613.372889243,52.602555844,-7.157173868
1032.336575741,1612.375994566,52.525601089,-7.160147486
1033.336441276,1611.379180152,52.447609654,-7.163221349
1034.336306812,1610.382365738,52.369618220,-7.166295212
1035.336172348,1609.385551323,52.291626785,-7.169369075
1036.336037883,1608.388736909,52.213635350,-7.172442939
1037.335903418,1607.391922495,52.135643916,-7.175516802
1038.335768953,1606.395108081,52.057652481,-7.178590665
1039.335623212,1605.398031095,51.983248020,-7.181752714
1040.335489533,1604.400485209,51.915249150,-7.185072246
1041.335355854,1603.402939323,51.847250280,-7.188391779
1042.335222175,1602.405393438,51.779251410,-7.191711311
1043.335088496,1601.407847552,51.711252540,-7.195030843
1044.334954472,1600.410235451,51.644245324,-7.198509121
1045.334822361,1599.412504741,51.579014430,-7.202271758
1046.334690252,1598.414774030,51.513783536,-7.206034395
1047.334558141,1597.417043320,51.448552642,-7.209797032
1048.334426032,1596.419312609,51.383321749,-7.213559669
1049.334293922,1595.421581899,51.318090855,-7.217322306
1050.334161812,1594.423851188,51.252859961,-7.221084943
1051.334029702,1593.426120478,51.187629067,-7.224847580
1052.333897592,1592.428389767,51.122398173,-7.228610217
1053.333765482,1591.430659057,51.057167279,-7.232372854
1054.333634661,1590.433148512,50.988665031,-7.236677485
1055.333505132,1589.435674720,50.919616672,-7.241072596
1056.333375602,1588.438200929,50.850568313,-7.245467706
1057.333246072,1587.440727138,50.781519955,-7.249862817
1058.333116543,1586.443253346,50.712471596,-7.254257927
1059.332987012,1585.445779555,50.643423237,-7.258653037
1060.332857482,1584.448305764,50.574374878,-7.263048148
1061.332730146,1583.451038181,50.502419482,-7.268061339
1062.332604051,1582.453805292,50.429974981,-7.273178521
1063.332477956,1581.456572403,50.357530481,-7.278295704
1064.332351861,1580.459339514,50.285085981,-7.283412886
1065.332225766,1579.462106625,50.212641480,-7.288530068
1066.332099671,1578.464873736,50.140196980,-7.293647251
1067.331973575,1577.467640848,50.067752479,-7.298764433
1068.331847481,1576.470407959,49.995307979,-7.303881615
1069.331721386,1575.473175070,49.922863478,-7.308998797
1070.331596607,1574.475903225,49.850960967,-7.314416838
1071.331475213,1573.478560497,49.780044661,-7.320382322
1072.331353819,1572.481217769,49.709128355,-7.326347807
1073.331232425,1571.483875041,49.638212048,-7.332313291
1074.331111032,1570.486532312,49.567295742,-7.338278775
1075.330989638,1569.489189584,49.496379436,-7.344244259
1076.330868244,1568.491846856,49.425463130,-7.350209743
1077.330746851,1567.494504127,49.354546824,-7.356175228
1078.330625457,1566.497161399,49.283630517,-7.362140712
1079.330504063,1565.499818671,49.212714211,-7.368106196
1080.330386849,1564.502541164,49.140887538,-7.374746175
1081.330270484,1563.505274866,49.068904399,-7.381502081
1082.330154118,1562.508008569,48.996921259,-7.388257987
1083.330037753,1561.510742271,48.924938120,-7.395013893
1084.329921387,1560.513475974,48.852954980,-7.401769799
1085.329805022,1559.516209677,48.780971841,-7.408525705
1086.329688657,1558.518943379,48.708988701,-7.415281611
1087.329572291,1557.521677082,48.637005562,-7.422037516
1088.329455925,1556.524410785,48.565022422,-7.428793422
1089.329341247,1555.527135433,48.493165038,-7.435796711
1090.329229877,1554.529843414,48.421539139,-7.443255371
1091.329118507,1553.532551395,48.349913240,-7.450714030
1092.329007137,1552.535259376,48.278287340,-7.458172690
1093.328895766,1551.537967358,48.206661441,-7.465631350
1094.328784386,1550.540675323,48.135035761,-7.473088714
1095.328673006,1549.543383287,48.063410099,-7.480545971
1096.328561625,1548.546091251,47.991784436,-7.488003228
1097.328450243,1547.548799216,47.920158774,-7.495460485
1098.328338863,1546.551507180,47.848533112,-7.502917742
1099.328231362,1545.554101972,47.778504251,-7.510906498
1100.328124837,1544.556676901,47.708755636,-7.518988535
1101.328018311,1543.559251831,47.639007021,-7.527070571
1102.327911785,1542.561826761,47.569258406,-7.535152608
1103.327805259,1541.564401690,47.499509792,-7.543234644
1104.327698733,1540.566976620,47.429761177,-7.551316681
1105.327592207,1539.569551550,47.360012562,-7.559398717
1106.327485682,1538.572126479,47.290263947,-7.567480754
1107.327379155,1537.574701409,47.220515332,-7.575562790
1108.327274127,1536.577253029,47.151102374,-7.583840818
1109.327172293,1535.579761242,47.082314481,-7.592483824
1110.327070459,1534.582269454,47.013526587,-7.601126829
1111.326968624,1533.584777667,46.944738694,-7.609769834
1112.326866791,1532.587285879,46.875950800,-7.618412839
1113.326764956,1531.589794092,46.807162907,-7.627055844
1114.326663121,1530.592302305,46.738375013,-7.635698849
1115.326561287,1529.594810517,46.669587120,-7.644341854
1116.326459453,1528.597318730,46.600799226,-7.652984859
1117.326357619,1527.599826942,46.532011333,-7.661627864
1118.326259390,1526.602436544,46.461771361,-7.670699308
1119.326162050,1525.605064311,46.391271224,-7.679847515
1120.326064710,1524.607692078,46.320771087,-7.688995723
1121.325967371,1523.610319845,46.250270950,-7.698143930
1122.325870030,1522.612947613,46.179770812,-7.707292137
1123.325772690,1521.615575380,46.109270675,-7.716440344
1124.325675351,1520.618203147,46.038770538,-7.725588551
1125.325578011,1519.620830914,45.968270400,-7.734736758
1126.325480672,1518.623458681,45.897770263,-7.743884965
1127.325384635,1517.626062809,45.827606883,-7.753186080
1128.325291427,1516.628622401,45.758077954,-7.762775273
1129.325198219,1515.631181992,45.688549025,-7.772364467
1130.325105011,1514.633741584,45.619020097,-7.781953660
1131.325011803,1513.636301176,45.549491168,-7.791542853
1132.324918595,1512.638860767,45.479962239,-7.801132047
1133.324825387,1511.641420359,45.410433310,-7.810721240
1134.324732180,1510.643979950,45.340904382,-7.820310433
1135.324638972,1509.646539542,45.271375453,-7.829899627
1136.324545763,1508.649099134,45.201846524,-7.839488820
1137.324455451,1507.651665327,45.132222969,-7.849375458
1138.324365676,1506.654232562,45.062584481,-7.859316206
1139.324275901,1505.656799753,44.992946613,-7.869256882
1140.324186126,1504.659366944,44.923308746,-7.879197558
1141.324096351,1503.661934136,44.853670878,-7.889138234
1142.324006576,1502.664501327,44.784033010,-7.899078910
1143.323916800,1501.667068519,44.714395143,-7.909019586
1144.323827025,1500.669635710,44.644757275,-7.918960262
1145.323737249,1499.672202902,44.575119408,-7.928900938
1146.323648232,1498.674753495,44.505720478,-7.938923113
1147.323560840,1497.677272448,44.436777013,-7.949100643
1148.323473447,1496.679791401,44.367833548,-7.959278173
1149.323386055,1495.682310354,44.298890083,-7.969455703
1150.323298662,1494.684829307,44.229946618,-7.979633234
1151.323211270,1493.687348260,44.161003153,-7.989810764
1152.323123877,1492.689867213,44.092059688,-7.999988294
1153.323036484,1491.692386167,44.023116223,-8.010165824
1154.322949091,1490.694905120,43.954172758,-8.020343354
1155.322861699,1489.697424073,43.885229293,-8.030520884
1156.322775076,1488.699995965,43.815524909,-8.040779132
1157.322688663,1487.702577734,43.745678562,-8.051052440
1158.322602251,1486.705159502,43.675832215,-8.061325747
1159.322515837,1485.707741271,43.605985868,-8.071599055
1160.322429424,1484.710323040,43.536139521,-8.081872363
1161.322343010,1483.712904809,43.466293175,-8.092145670
1162.322256598,1482.715486577,43.396446828,-8.102418978
1163.322170184,1481.718068346,43.326600481,-8.112692285
1164.322083771,1480.720650115,43.256754134,-8.122965593
1165.321997209,1479.723234424,43.186871536,-8.133224527
1166.321910364,1478.725823633,43.116919019,-8.143455738
1167.321823519,1477.728412843,43.046966501,-8.153686949
1168.321736674,1476.731002052,42.977013984,-8.163918160
1169.321649830,1475.733591261,42.907061467,-8.174149371
1170.321562985,1474.736180470,42.837108950,-8.184380582
1171.321476140,1473.738769679,42.767156432,-8.194611793
1172.321389295,1472.741358889,42.697203915,-8.204843004
1173.321302450,1471.743948098,42.627251398,-8.215074215
1174.321215606,1470.746537307,42.557298881,-8.225305426
1175.321127262,1469.749044792,42.488523471,-8.235402232
1176.321038793,1468.751536724,42.419972060,-8.245473462
1177.320950324,1467.754028657,42.351420650,-8.255544692
1178.320861855,1466.756520590,42.282869239,-8.265615922
1179.320773386,1465.759012523,42.214317829,-8.275687152
1180.320684917,1464.761504455,42.145766418,-8.285758382
1181.320596448,1463.763996388,42.077215008,-8.295829611
1182.320507979,1462.766488321,42.008663597,-8.305900841
1183.320419511,1461.768980253,41.940112186,-8.315972071
1184.320330163,1460.771483804,41.871392328,-8.325958435
1185.320239202,1459.774010029,41.802343735,-8.335779176
1186.320148241,1458.776536254,41.733295142,-8.345599918
1187.320057281,1457.779062479,41.664246549,-8.355420660
1188.319966320,1456.781588704,41.595197956,-8.365241402
1189.319875359,1455.784114929,41.526149364,-8.375062143
1190.319784399,1454.786641154,41.457100771,-8.384882885
1191.319693438,1453.789167379,41.388052178,-8.394703627
1192.319602477,1452.791693604,41.319003585,-8.404524369
1193.319511518,1451.794219828,41.249954992,-8.414345111
1194.319417928,1450.796828106,41.179733033,-8.423908469
1195.319323996,1449.799452306,41.109283382,-8.433421881
1196.319230065,1448.802076505,41.038833731,-8.442935294
1197.319136133,1447.804700705,40.968384080,-8.452448706
1198.319042201,1446.807324905,40.897934429,-8.461962119
1199.318948268,1445.809949105,40.827484778,-8.471475531
1200.318854336,1444.812573305,40.757035127,-8.480988944
1201.318760405,1443.815197504,40.686585476,-8.490502356
1202.318666473,1442.817821704,40.616135825,-8.500015769
1203.318570740,1441.820386265,40.546546186,-8.509416318
1204.318473671,1440.822833055,40.478654851,-8.518593992
1205.318376601,1439.825279845,40.410763516,-8.527771666
1206.318279531,1438.827726635,40.342872181,-8.536949340
1207.318182461,1437.830173425,40.274980846,-8.546127014
1208.318085392,1436.832620215,40.207089510,-8.555304688
1209.317988322,1435.835067005,40.139198175,-8.564482362
1210.317891252,1434.837513795,40.071306840,-8.573660036
1211.317794182,1433.839960585,40.003415505,-8.582837710
1212.317697112,1432.842407375,39.935524170,-8.592015384
1213.317597269,1431.844942041,39.866356087,-8.600903975
1214.317497081,1430.847494091,39.796935430,-8.609735377
1215.317396893,1429.850046141,39.727514772,-8.618566779
1216.317296704,1428.852598192,39.658094114,-8.627398181
1217.317196517,1427.855150242,39.588673457,-8.636229583
1218.317096329,1426.857702292,39.519252799,-8.645060984
1219.316996141,1425.860254342,39.449832141,-8.653892386
1220.316895953,1424.862806392,39.380411484,-8.662723788
1221.316795764,1423.865358443,39.310990826,-8.671555190
1222.316694485,1422.867887527,39.241902549,-8.680274858
1223.316591394,1421.870370717,39.173478469,-8.688771248
1224.316488304,1420.872853907,39.105054388,-8.697267638
1225.316385212,1419.875337098,39.036630308,-8.705764028
1226.316282122,1418.877820288,38.968206227,-8.714260418
1227.316179030,1417.880303479,38.899782146,-8.722756808
1228.316075940,1416.882786669,38.831358066,-8.731253197
1229.315972848,1415.885269860,38.762933985,-8.739749587
1230.315869732,1414.887753100,38.694509170,-8.748242858
1231.315766613,1413.890236343,38.626084327,-8.756736015
1232.315661173,1412.892623653,38.559075718,-8.764976106
1233.315555519,1411.894991619,38.492352658,-8.773165172
1234.315449864,1410.897359586,38.425629599,-8.781354238
1235.315344209,1409.899727553,38.358906539,-8.789543304
1236.315238554,1408.902095520,38.292183480,-8.797732371
1237.315132889,1407.904463535,38.225459697,-8.805920218
1238.315027221,1406.906831564,38.158735704,-8.814107713
1239.314921552,1405.909199594,38.092011712,-8.822295208
1240.314815885,1404.911567623,38.025287719,-8.830482702
1241.314709243,1403.913970376,37.958050540,-8.838583413
1242.314601462,1402.916443349,37.889775572,-8.846508625
1243.314493680,1401.918916323,37.821500603,-8.854433838
1244.314385899,1400.921389296,37.753225635,-8.862359050
1245.314278117,1399.923862270,37.684950667,-8.870284262
1246.314170336,1398.926335243,37.616675698,-8.878209475
1247.314062555,1397.928808216,37.548400730,-8.886134687
1248.313954773,1396.931281190,37.480125762,-8.894059899
1249.313846993,1395.933754163,37.411850793,-8.901985112
1250.313739212,1394.936227136,37.343575825,-8.909910324
1251.313630129,1393.938693550,37.275396772,-8.917669648
1252.313520782,1392.941158617,37.207237427,-8.925394888
1253.313411436,1391.943623683,37.139078081,-8.933120128
1254.313302090,1390.946088749,37.070918736,-8.940845368
1255.313192743,1389.948553816,37.002759390,-8.948570608
1256.313083397,1388.951018882,36.934600045,-8.956295848
1257.312974052,1387.953483948,36.866440699,-8.964021088
1258.312864705,1386.955949015,36.798281354,-8.971746328
1259.312755359,1385.958414081,36.730122008,-8.979471568
1260.312645697,1384.960867968,36.662126882,-8.987159499
1261.312535480,1383.963298975,36.594467849,-8.994771074
1262.312425261,1382.965729983,36.526808815,-9.002382648
1263.312315043,1381.968160990,36.459149782,-9.009994223
1264.312204825,1380.970591997,36.391490749,-9.017605798
1265.312094608,1379.973023004,36.323831715,-9.025217372
1266.311984390,1378.975454011,36.256172682,-9.032828947
1267.311874172,1377.977885018,36.188513648,-9.040440522
1268.311763953,1376.980316026,36.120854615,-9.048052097
1269.311653736,1375.982747033,36.053195582,-9.055663671
1270.311543379,1374.985248903,35.984501360,-9.063271765
1271.311433129,1373.987765606,35.915590458,-9.070879130
1272.311322879,1372.990282309,35.846679556,-9.078486495
1273.311212629,1371.992799012,35.777768655,-9.086093860
1274.311102379,1370.995315715,35.708857753,-9.093701225
1275.310992129,1369.997832418,35.639946852,-9.101308590
1276.310881879,1369.000349121,35.571035950,-9.108915955
1277.310771629,1368.002865824,35.502125048,-9.116523321
1278.310661379,1367.005382527,35.433214147,-9.124130686
1279.310551344,1366.007916226,35.364058570,-9.131774372
1280.310441949,1365.010485128,35.294396200,-9.139493292
1281.310332553,1364.013054031,35.224733830,-9.147212211
1282.310223159,1363.015622933,35.155071460,-9.154931131
1283.310113764,1362.018191835,35.085409090,-9.162650051
1284.310004369,1361.020760738,35.015746720,-9.170368970
1285.309894974,1360.023329640,34.946084350,-9.178087890
1286.309785578,1359.025898543,34.876421980,-9.185806809
1287.309676184,1358.028467445,34.806759610,-9.193525729
1288.309566788,1357.031036348,34.737097241,-9.201244648
1289.309458705,1356.033539250,34.668387814,-9.209144025
1290.309351025,1355.036028080,34.599881555,-9.217081876
1291.309243344,1354.038516911,34.531375296,-9.225019726
1292.309135663,1353.041005742,34.462869037,-9.232957577
1293.309027982,1352.043494573,34.394362778,-9.240895428
1294.308920300,1351.045983404,34.325856519,-9.248833278
1295.308812620,1350.048472234,34.257350260,-9.256771129
1296.308704939,1349.050961065,34.188844001,-9.264708979
1297.308597258,1348.053449896,34.120337742,-9.272646830
1298.308490147,1347.055964466,34.051459836,-9.280674330
1299.308384708,1346.058532996,33.981802803,-9.288889772
1300.308279270,1345.061101525,33.912145771,-9.297105214
1301.308173831,1344.063670055,33.842488738,-9.305320656
1302.308068393,1343.066238584,33.772831706,-9.313536098
1303.307962954,1342.068807114,33.703174673,-9.321751541
1304.307857513,1341.071375719,33.633516561,-9.329966703
1305.307752063,1340.073944627,33.563854107,-9.338180743
1306.307647214,1339.076546890,33.493719094,-9.346496260
1307.307544404,1338.079219431,33.422588366,-9.355025599
1308.307441594,1337.081891972,33.351457638,-9.363554938
1309.307338783,1336.084564514,33.280326910,-9.372084277
1310.307235973,1335.087237055,33.209196183,-9.380613616
1311.307133163,1334.089909596,33.138065455,-9.389142955
1312.307030352,1333.092582138,33.066934727,-9.397672294
1313.306927542,1332.095254679,32.995803999,-9.406201633
1314.306824731,1331.097927221,32.924673271,-9.414730973
1315.306721921,1330.100599762,32.853542543,-9.423260312
1316.306621081,1329.103133248,32.784395392,-9.432066863
1317.306521210,1328.105636318,32.715682114,-9.440934049
1318.306421339,1327.108139387,32.646968836,-9.449801236
1319.306321468,1326.110642457,32.578255558,-9.458668423
1320.306221596,1325.113145527,32.509542280,-9.467535609
1321.306121725,1324.115648597,32.440829002,-9.476402796
1322.306021853,1323.118151667,32.372115724,-9.485269983
1323.305921982,1322.120654737,32.303402447,-9.494137169
1324.305822110,1321.123157807,32.234689169,-9.503004356
1325.305723076,1320.125643795,32.166225279,-9.511972793
1326.305626067,1319.128093353,32.098293289,-9.521157179
1327.305529059,1318.130542911,32.030361298,-9.530341565
1328.305432052,1317.132992468,31.962429308,-9.539525951
1329.305335043,1316.135442026,31.894497318,-9.548710337
1330.305238035,1315.137891584,31.826565327,-9.557894723
1331.305141026,1314.140341142,31.758633337,-9.567079109
1332.305044009,1313.142790763,31.690700415,-9.576262444
1333.304946990,1312.145240395,31.622767328,-9.585445593
1334.304849971,1311.147690027,31.554834241,-9.594628742
1335.304755086,1310.150224623,31.485667295,-9.604059628
1336.304660894,1309.152778137,31.416225612,-9.613545677
1337.304566702,1308.155331651,31.346783929,-9.623031725
1338.304472511,1307.157885164,31.277342247,-9.632517774
1339.304378319,1306.160438678,31.207900564,-9.642003822
1340.304284127,1305.162992192,31.138458882,-9.651489870
1341.304189935,1304.165545706,31.069017199,-9.660975919
1342.304095744,1303.168099219,30.999575516,-9.670461967
1343.304001552,1302.170652733,30.930133834,-9.679948015
1344.303908181,1301.173186500,30.860977647,-9.689529351
1345.303816889,1300.175677637,30.792437822,-9.699316405
1346.303725598,1299.178168774,30.723897998,-9.709103459
1347.303634308,1298.180659910,30.655358173,-9.718890513
1348.303543017,1297.183151047,30.586818348,-9.728677566
1349.303451726,1296.185642183,30.518278524,-9.738464620
1350.303360435,1295.188133320,30.449738699,-9.748251674
1351.303269145,1294.190624456,30.381198875,-9.758038728
1352.303177853,1293.193115593,30.312659050,-9.767825781
1353.303086563,1292.195606729,30.244119225,-9.777612835
1354.302997698,1291.198113503,30.175352290,-9.787645292
1355.302909399,1290.200623820,30.106533882,-9.797733365
1356.302821100,1289.203134137,30.037715475,-9.807821439
1357.302732800,1288.205644455,29.968897067,-9.817909513
1358.302644502,1287.208154772,29.900078660,-9.827997587
1359.302556202,1286.210665090,29.831260252,-9.838085661
1360.302467903,1285.213175407,29.762441845,-9.848173734
1361.302379604,1284.215685724,29.693623438,-9.858261808
1362.302291304,1283.218196042,29.624805030,-9.868349882
1363.302203887,1282.220699273,29.556089581,-9.878526168
1364.302118464,1281.223187016,29.487599151,-9.888895248
1365.302033039,1280.225674760,29.419108722,-9.899264327
1366.301947614,1279.228162504,29.350618292,-9.909633406
1367.301862189,1278.230650248,29.282127862,-9.920002485
1368.301776764,1277.233137992,29.213637433,-9.930371565
1369.301691340,1276.235625735,29.145147003,-9.940740644
1370.301605916,1275.238113479,29.076656573,-9.951109723
1371.301520491,1274.240601223,29.008166144,-9.961478802
1372.301435066,1273.243088967,28.939675714,-9.971847882
1373.301351602,1272.245544421,28.871657575,-9.982406834
1374.301268628,1271.247992428,28.803748360,-9.993009576
1375.301185654,1270.250440435,28.735839145,-10.003612318
1376.301102680,1269.252888442,28.667929929,-10.014215060
1377.301019705,1268.255336449,28.600020714,-10.024817802
1378.300936731,1267.257784456,28.532111499,-10.035420544
1379.300853757,1266.260232463,28.464202284,-10.046023286
1380.300770783,1265.262680470,28.396293069,-10.056626028
1381.300687808,1264.265128477,28.328383853,-10.067228770
1382.300605351,1263.267588314,28.260301570,-10.077883272
1383.300524153,1262.270074327,28.191836363,-10.088652297
1384.300442956,1261.272560339,28.123371155,-10.099421321
1385.300361760,1260.275046351,28.054905947,-10.110190346
1386.300280562,1259.277532364,27.986440740,-10.120959370
1387.300199365,1258.280018376,27.917975532,-10.131728395
1388.300118168,1257.282504388,27.849510324,-10.142497419
1389.300036970,1256.284990401,27.781045117,-10.153266444
1390.299955773,1255.287476413,27.712579909,-10.164035468
1391.299874576,1254.289962425,27.644114702,-10.174804492
1392.299794467,1253.292448554,27.575647795,-10.185674107
1393.299714615,1252.294934711,27.507180489,-10.196567323
1394.299634763,1251.297420867,27.438713184,-10.207460540
1395.299554911,1250.299907023,27.370245878,-10.218353757
1396.299475059,1249.302393180,27.301778573,-10.229246973
1397.299395207,1248.304879336,27.233311267,-10.240140190
1398.299315355,1247.307365492,27.164843962,-10.251033406
1399.299235503,1246.309851649,27.096376656,-10.261926623
1400.299155651,1245.312337805,27.027909350,-10.272819840
1401.299076366,1244.314825410,26.959420944,-10.283765032
1402.298998363,1243.317316262,26.890885267,-10.294826658
1403.298920359,1242.319807114,26.822349590,-10.305888285
1404.298842357,1241.322297965,26.753813914,-10.316949911
1405.298764353,1240.324788817,26.685278237,-10.328011537
1406.298686351,1239.327279668,26.616742560,-10.339073164
1407.298608347,1238.329770520,26.548206884,-10.350134790
1408.298530344,1237.332261371,26.479671207,-10.361196416
1409.298452341,1236.334752223,26.411135530,-10.372258042
1410.298374338,1235.337243074,26.342599853,-10.383319669
1411.298299115,1234.339684404,26.274789723,-10.394635346
1412.298224641,1233.342113915,26.207152766,-10.406011661
1413.298150169,1232.344543425,26.139515809,-10.417387975
1414.298075697,1231.346972935,26.071878852,-10.428764289
1415.298001224,1230.349402445,26.004241895,-10.440140604
1416.297926752,1229.351831955,25.936604938,-10.451516918
1417.297852280,1228.354261465,25.868967982,-10.462893232
1418.297777808,1227.356690975,25.801331025,-10.474269547
1419.297703335,1226.359120485,25.733694068,-10.485645861
1420.297630394,1225.361592701,25.665436598,-10.497194012
1421.297562467,1224.364161776,25.595771764,-10.509131901
1422.297494542,1223.366730850,25.526106930,-10.521069790
1423.297426616,1222.369299925,25.456442096,-10.533007678
1424.297358691,1221.371868999,25.386777262,-10.544945567
1425.297290765,1220.374438074,25.317112428,-10.556883456
1426.297222840,1219.377007148,25.247447595,-10.568821344
1427.297154914,1218.379576223,25.177782761,-10.580759233
1428.297087009,1217.382145213,25.108119136,-10.592698842
1429.297019109,1216.384714182,25.038455814,-10.604638881
1430.296959510,1215.387236302,24.969467344,-10.617259300
1431.296902064,1214.389747050,24.900642692,-10.630044877
1432.296844618,1213.392257798,24.831818039,-10.642830454
1433.296787171,1212.394768547,24.762993386,-10.655616031
1434.296729725,1211.397279295,24.694168733,-10.668401608
1435.296672279,1210.399790043,24.625344081,-10.681187185
1436.296614834,1209.402300791,24.556519428,-10.693972762
1437.296557387,1208.404811540,24.487694775,-10.706758339
1438.296499941,1207.407322288,24.418870123,-10.719543916
1439.296446703,1206.409806946,24.350427108,-10.732667275
1440.296404115,1205.412231683,24.282860577,-10.746566397
1441.296361527,1204.414656421,24.215294046,-10.760465519
1442.296318939,1203.417081159,24.147727514,-10.774364640
1443.296276351,1202.419505896,24.080160983,-10.788263762
1444.296233763,1201.421930634,24.012594452,-10.802162884
1445.296191176,1200.424355371,23.945027920,-10.816062005
1446.296148587,1199.426780109,23.877461389,-10.829961127
1447.296105999,1198.429204847,23.809894858,-10.843860249
1448.296063411,1197.431629584,23.742328327,-10.857759370
1449.296036084,1196.434032972,23.675077943,-10.872717006
1450.296012712,1195.436431089,23.607905601,-10.887935939
1451.295989340,1194.438829206,23.540733259,-10.903154872
1452.295965967,1193.441227323,23.473560917,-10.918373804
1453.295942595,1192.443625440,23.406388575,-10.933592737
1454.295919222,1191.446023558,23.339216233,-10.948811669
1455.295895850,1190.448421675,23.272043891,-10.964030602
1456.295872478,1189.450819792,23.204871549,-10.979249535
1457.295849106,1188.453217909,23.137699207,-10.994468467
1458.295832234,1187.455647673,23.070062235,-11.010124778
1459.295832057,1186.458151035,23.001344713,-11.026798260
1460.295831879,1185.460654397,22.932627192,-11.043471743
1461.295831702,1184.463157759,22.863909670,-11.060145226
1462.295831524,1183.465661122,22.795192149,-11.076818708
1463.295831347,1182.468164484,22.726474627,-11.093492191
1464.295831170,1181.470667846,22.657757106,-11.110165674
1465.295830993,1180.473171208,22.589039584,-11.126839156
1466.295830815,1179.475674570,22.520322063,-11.143512639
1467.295830637,1178.478177933,22.451604541,-11.160186122
1468.295851574,1177.480729640,22.382189691,-11.178084573
1469.295878120,1176.483293481,22.312599834,-11.196290450
1470.295904667,1175.485857321,22.243009977,-11.214496326
1471.295931214,1174.488421162,22.173420121,-11.232702203
1472.295957760,1173.490985003,22.103830264,-11.250908080
1473.295984307,1172.493548843,22.034240407,-11.269113957
1474.296010854,1171.496112684,21.964650551,-11.287319834
1475.296037401,1170.498676524,21.895060694,-11.305525710
1476.296063947,1169.501240365,21.825470837,-11.323731587
1477.296099069,1168.503801325,21.755922317,-11.342402685
1478.296155250,1167.506355499,21.686471146,-11.362169420
1479.296211431,1166.508909673,21.617019975,-11.381936155
1480.296267611,1165.511463848,21.547568804,-11.401702890
1481.296323791,1164.514018022,21.478117634,-11.421469625
1482.296379972,1163.516572196,21.408666463,-11.441236360
1483.296436152,1162.519126371,21.339215292,-11.461003096
1484.296492333,1161.521680545,21.269764122,-11.480769831
1485.296548514,1160.524234719,21.200312951,-11.500536566
1486.296604693,1159.526788894,21.130861780,-11.520303301
1487.296686274,1158.529327297,21.061637572,-11.541316122
1488.296774589,1157.531861678,20.992471266,-11.562646841
1489.296862905,1156.534396058,20.923304959,-11.583977560
1490.296951221,1155.536930439,20.854138653,-11.605308279
1491.297039537,1154.539464819,20.784972346,-11.626638998
1492.297127854,1153.541999199,20.715806040,-11.647969717
1493.297216169,1152.544533580,20.646639734,-11.669300436
1494.297304485,1151.547067960,20.577473427,-11.690631155
1495.297392801,1150.549602341,20.508307121,-11.711961874
1496.297490831,1149.552110105,20.439528338,-11.733751513
1497.297613486,1148.554554391,20.371673812,-11.756635696
1498.297736142,1147.556998676,20.303819286,-11.779519879
1499.297858797,1146.559442962,20.235964760,-11.802404062
1500.297981453,1145.561887247,20.168110234,-11.825288245
1501.298104108,1144.564331533,20.100255708,-11.848172428
1502.298226764,1143.566775818,20.032401182,-11.871056611
1503.298349419,1142.569220104,19.964546656,-11.893940794
1504.298472075,1141.571664389,19.896692131,-11.916824977
1505.298594730,1140.574108675,19.828837605,-11.939709160
1506.298745928,1139.576607238,19.760190973,-11.963811900
1507.298904872,1138.579119875,19.691338954,-11.988230605
1508.299063816,1137.581632512,19.622486934,-12.012649309
1509.299222760,1136.584145149,19.553634914,-12.037068014
1510.299381704,1135.586657786,19.484782894,-12.061486719
1511.299540649,1134.589170422,19.415930874,-12.085905424
1512.299699593,1133.591683059,19.347078854,-12.110324128
1513.299858537,1132.594195696,19.278226834,-12.134742833
1514.300017481,1131.596708333,19.209374814,-12.159161538
1515.300187283,1130.599219184,19.140548684,-12.184021036
1516.300384118,1129.601725721,19.071785095,-12.209945325
1517.300580953,1128.604232258,19.003021506,-12.235869615
1518.300777788,1127.606738795,18.934257917,-12.261793904
1519.300974624,1126.609245331,18.865494328,-12.287718193
1520.301171459,1125.611751868,18.796730738,-12.313642483
1521.301368294,1124.614258405,18.727967149,-12.339566772
1522.301565094,1123.616764965,18.659203231,-12.365489726
1523.301761885,1122.619271530,18.590439224,-12.391412318
1524.301958676,1121.621778096,18.521675217,-12.417334909
1525.302186183,1120.624304311,18.452626922,-12.444417112
1526.302422020,1119.626835704,18.383503715,-12.471804881
1527.302657857,1118.629367096,18.314380509,-12.499192649
1528.302893694,1117.631898489,18.245257302,-12.526580418
1529.303129531,1116.634429882,18.176134095,-12.553968187
1530.303365368,1115.636961275,18.107010888,-12.581355955
1531.303601206,1114.639492667,18.037887682,-12.608743724
1532.303837043,1113.642024060,17.968764475,-12.636131493
1533.304072880,1112.644555453,17.899641268,-12.663519261
1534.304319904,1111.647074203,17.830701342,-12.691314062
1535.304595139,1110.649562019,17.762209864,-12.720104780
1536.304870374,1109.652049834,17.693718385,-12.748895497
1537.305145609,1108.654537650,17.625226906,-12.777686215
1538.305420844,1107.657025466,17.556735428,-12.806476932
1539.305696079,1106.659513282,17.488243949,-12.835267650
1540.305971313,1105.662001098,17.419752471,-12.864058367
1541.306246548,1104.664488914,17.351260992,-12.892849085
1542.306521784,1103.666976729,17.282769513,-12.921639803
1543.306797019,1102.669464545,17.214278035,-12.950430520
1544.307102733,1101.671983231,17.145338831,-12.980262315
1545.307416826,1100.674510182,17.076279750,-13.010372857
1546.307730919,1099.677037133,17.007220668,-13.040483399
1547.308045012,1098.679564084,16.938161587,-13.070593940
1548.308359105,1097.682091035,16.869102505,-13.100704482
1549.308673199,1096.684617986,16.800043423,-13.130815024
1550.308987292,1095.687144937,16.730984342,-13.160925566
1551.309301385,1094.689671888,16.661925260,-13.191036108
1552.309615478,1093.692198839,16.592866179,-13.221146649
1553.309939977,1092.694701471,16.524161534,-13.251606051
1554.310291334,1091.697143827,16.456335379,-13.282930119
1555.310642691,1090.699586183,16.388509223,-13.314254187
1556.310994048,1089.702028539,16.320683067,-13.345578255
1557.311345405,1088.704470895,16.252856912,-13.376902322
1558.311696761,1087.706913252,16.185030756,-13.408226390
1559.312048118,1086.709355608,16.117204600,-13.439550458
1560.312399476,1085.711797964,16.049378445,-13.470874526
1561.312750833,1084.714240320,15.981552289,-13.502198594
1562.313102190,1083.716682676,15.913726133,-13.533522661
1563.313480559,1082.719160660,15.845378542,-13.565698983
1564.313866449,1081.721648335,15.776889113,-13.598107127
1565.314252338,1080.724136010,15.708399685,-13.630515272
1566.314638228,1079.726623685,15.639910256,-13.662923416
1567.315024117,1078.729111360,15.571420828,-13.695331560
1568.315410007,1077.731599035,15.502931399,-13.727739705
1569.315795897,1076.734086710,15.434441971,-13.760147849
1570.316181786,1075.736574385,15.365952542,-13.792555994
1571.316567675,1074.739062061,15.297463114,-13.824964138
1572.316962279,1073.741553543,15.228918317,-13.857640281
1573.317379091,1072.744054583,15.160234504,-13.890989298
1574.317795902,1071.746555624,15.091550691,-13.924338314
1575.318212714,1070.749056664,15.022866878,-13.957687331
1576.318629526,1069.751557705,14.954183066,-13.991036347
1577.319046338,1068.754058745,14.885499253,-14.024385363
1578.319463149,1067.756559786,14.816815440,-14.057734380
1579.319879960,1066.759060827,14.748131628,-14.091083396
1580.320296773,1065.761561867,14.679447815,-14.124432413
1581.320713584,1064.764062908,14.610764002,-14.157781429
1582.321150959,1063.766512877,14.542827114,-14.191744001
1583.321594181,1062.768948734,14.475096607,-14.225876102
1584.322037404,1061.771384591,14.407366099,-14.260008204
1585.322480625,1060.773820449,14.339635592,-14.294140305
1586.322923848,1059.776256306,14.271905084,-14.328272406
1587.323367069,1058.778692164,14.204174576,-14.362404508
1588.323810292,1057.781128021,14.136444069,-14.396536609
1589.324253514,1056.783563878,14.068713561,-14.430668710
1590.324696736,1055.785999736,14.000983054,-14.464800812
1591.325145860,1054.788449177,13.933053521,-14.499106954
1592.325610313,1053.790933171,13.864617731,-14.533855802
1593.326074767,1052.793417164,13.796181942,-14.568604650
1594.326539221,1051.795901158,13.727746152,-14.603353498
1595.327003674,1050.798385152,13.659310362,-14.638102346
1596.327468128,1049.800869145,13.590874572,-14.672851195
1597.327932581,1048.803353139,13.522438782,-14.707600043
1598.328397034,1047.805837133,13.454002992,-14.742348891
1599.328861488,1046.808321126,13.385567202,-14.777097739
1600.329325941,1045.810805120,13.317131412,-14.811846587
1601.329802151,1044.813384015,13.247329888,-14.846939789
1602.330282018,1043.815989541,13.177145107,-14.882129625
1603.330761886,1042.818595067,13.106960325,-14.917319460
1604.331241753,1041.821200593,13.036775543,-14.952509296
1605.331721620,1040.823806119,12.966590762,-14.987699131
1606.332201488,1039.826411645,12.896405980,-15.022888967
1607.332681355,1038.829017171,12.826221198,-15.058078803
1608.333161222,1037.831622697,12.756036417,-15.093268638
1609.333641090,1036.834228223,12.685851635,-15.128458474
1610.334123412,1035.836809610,12.616012966,-15.163722462
1611.334612645,1034.839328784,12.547066306,-15.199177557
1612.335101877,1033.841847958,12.478119646,-15.234632652
1613.335591109,1032.844367132,12.409172986,-15.270087746
1614.336080341,1031.846886306,12.340226327,-15.305542841
1615.336569574,1030.849405480,12.271279667,-15.340997936
1616.337058806,1029.851924654,12.202333007,-15.376453031
1617.337548039,1028.854443827,12.133386347,-15.411908126
1618.338037272,1027.856963001,12.064439687,-15.447363221
1619.338526504,1026.859482175,11.995493028,-15.482818316
1620.339018106,1025.861953822,11.927238451,-15.518342170
1621.339510474,1024.864411925,11.859181092,-15.553885618
1622.340002841,1023.866870028,11.791123734,-15.589429066
1623.340495208,1022.869328131,11.723066375,-15.624972514
1624.340987575,1021.871786234,11.655009017,-15.660515962
1625.341479943,1020.874244337,11.586951658,-15.696059410
1626.341972310,1019.876702440,11.518894300,-15.731602858
1627.342464677,1018.879160543,11.450836941,-15.767146306
1628.342957045,1017.881618646,11.382779583,-15.802689754
1629.343448217,1016.884110627,11.314232075,-15.838208447
1630.343937412,1015.886691074,11.244404606,-15.873662493
1631.344426607,1014.889271521,11.174577137,-15.909116539
1632.344915802,1013.891851968,11.104749668,-15.944570586
1633.345404998,1012.894432415,11.034922199,-15.980024632
1634.345894193,1011.897012862,10.965094730,-16.015478678
1635.346383388,1010.899593309,10.895267261,-16.050932725
1636.346872583,1009.902173756,10.825439792,-16.086386771
1637.347361778,1008.904754203,10.755612323,-16.121840817
1638.347850973,1007.907334650,10.685784854,-16.157294864
1639.348332928,1006.909914123,10.615971289,-16.192543985
1640.348812795,1005.912493315,10.546161747,-16.227733813
1641.349292662,1004.915072507,10.476352206,-16.262923641
1642.349772529,1003.917651699,10.406542664,-16.298113468
1643.350252395,1002.920230892,10.336733122,-16.333303296
1644.350732262,1001.922810084,10.266923580,-16.368493124
1645.351212129,1000.925389276,10.197114038,-16.403682952
1646.351691996,999.927968468,10.127304497,-16.438872780
1647.352171863,998.930547660,10.057494955,-16.474062607
1648.352647491,997.933102425,9.988037679,-16.509136399
1649.353112566,996.935592552,9.919512539,-16.543903144
1650.353577641,995.938082680,9.850987399,-16.578669889
1651.354042716,994.940572808,9.782462260,-16.613436634
1652.354507792,993.943062935,9.713937120,-16.648203380
1653.354972867,992.945553063,9.645411980,-16.682970125
1654.355437942,991.948043191,9.576886841,-16.717736870
1655.355903018,990.950533318,9.508361701,-16.752503615
1656.356368093,989.953023446,9.439836561,-16.787270361
1657.356833169,988.955513573,9.371311421,-16.822037106
1658.357284035,987.958025982,9.302462940,-16.856393022
1659.357730781,986.960544935,9.233519475,-16.890628254
1660.358177527,985.963063888,9.164576010,-16.924863487
1661.358624273,984.965582841,9.095632545,-16.959098719
1662.359071019,983.968101794,9.026689080,-16.993333952
1663.359517765,982.970620747,8.957745615,-17.027569185
1664.359964511,981.973139700,8.888802150,-17.061804417
1665.360411256,980.975658654,8.819858685,-17.096039650
1666.360858002,979.978177607,8.750915220,-17.130274882
1667.361299463,978.980689181,8.682078815,-17.164355743
1668.361726921,977.983180970,8.613529503,-17.198022640
1669.362154380,976.985672758,8.544980190,-17.231689536
1670.362581839,975.988164547,8.476430877,-17.265356432
1671.363009298,974.990656335,8.407881564,-17.299023329
1672.363436756,973.993148124,8.339332252,-17.332690225
1673.363864214,972.995639913,8.270782939,-17.366357122
1674.364291674,971.998131701,8.202233626,-17.400024018
1675.364719132,971.000623490,8.133684314,-17.433690915
1676.365146591,970.003115278,8.065135001,-17.467357811
1677.365559576,969.005427585,7.999265771,-17.500624209
1678.365969673,968.007686371,7.934195732,-17.533771180
1679.366379770,967.009945157,7.869125693,-17.566918150
1680.366789867,966.012203943,7.804055654,-17.600065121
1681.367199964,965.014462729,7.738985616,-17.633212092
1682.367610060,964.016721515,7.673915577,-17.666359062
1683.368020158,963.018980300,7.608845538,-17.699506033
1684.368430255,962.021239086,7.543775499,-17.732653004
1685.368840352,961.023497872,7.478705461,-17.765799974
1686.369246838,960.025744683,7.413820026,-17.798839238
1687.369643748,959.027958946,7.349436303,-17.831585780
1688.370040658,958.030173209,7.285052581,-17.864332322
1689.370437567,957.032387472,7.220668858,-17.897078864
1690.370834476,956.034601736,7.156285135,-17.929825406
1691.371231385,955.036815999,7.091901412,-17.962571947
1692.371628295,954.039030262,7.027517690,-17.995318489
1693.372025205,953.041244525,6.963133967,-18.028065031
1694.372422172,952.043458765,6.898750615,-18.060813376
1695.372819158,951.045672997,6.834367373,-18.093562256
1696.373210191,950.047841549,6.770697231,-18.126131141
1697.373599529,949.049996275,6.707242916,-18.158645548
1698.373988866,948.052151002,6.643788600,-18.191159956
1699.374378204,947.054305728,6.580334285,-18.223674363
1700.374767542,946.056460454,6.516879970,-18.256188770
1701.375156879,945.058615181,6.453425655,-18.288703178
1702.375546217,944.060769907,6.389971340,-18.321217585
1703.375935555,943.062924633,6.326517025,-18.353731992
1704.376324892,942.065079360,6.263062709,-18.386246400
1705.376713263,941.067197453,6.200194675,-18.418745674
1706.377100756,940.069214633,6.138941659,-18.451203260
1707.377488248,939.071231814,6.077688643,-18.483660847
1708.377875741,938.073248994,6.016435627,-18.516118434
1709.378263233,937.075266175,5.955182611,-18.548576021
1710.378650726,936.077283355,5.893929595,-18.581033607
1711.379038218,935.079300535,5.832676580,-18.613491194
1712.379425710,934.081317716,5.771423564,-18.645948781
1713.379813203,933.083334896,5.710170548,-18.678406368
1714.380200696,932.085352076,5.648917532,-18.710863954
1715.380590689,931.087353456,5.587922671,-18.743398843
1716.380981465,930.089349982,5.527007107,-18.775957476
1717.381372241,929.091346508,5.466091544,-18.808516109
1718.381763017,928.093343034,5.405175980,-18.841074741
1719.382153794,927.095339559,5.344260416,-18.873633374
1720.382544569,926.097336085,5.283344852,-18.906192007
1721.382935345,925.099332611,5.222429289,-18.938750640
1722.383326121,924.101329137,5.161513725,-18.971309273
1723.383716897,923.103325663,5.100598161,-19.003867906
1724.384109532,922.105305116,5.039964805,-19.036487041
1725.384507802,921.107236894,4.980119461,-19.069275117
1726.384906073,920.109168672,4.920274116,-19.102063193
1727.385304342,919.111100451,4.860428772,-19.134851270
1728.385702612,918.113032229,4.800583428,-19.167639346
1729.386100881,917.114964008,4.740738084,-19.200427422
1730.386499151,916.116895786,4.680892739,-19.233215498
1731.386897421,915.118827564,4.621047395,-19.266003574
1732.387295691,914.120759343,4.561202051,-19.298791650
1733.387693961,913.122691121,4.501356707,-19.331579727
1734.388100063,912.124572715,4.442356165,-19.364609300
1735.388508765,911.126438666,4.383618945,-19.397714148
1736.388917467,910.128304617,4.324881725,-19.430818995
1737.389326169,909.130170569,4.266144505,-19.463923843
1738.389734871,908.132036520,4.207407286,-19.497028691
1739.390143573,907.133902471,4.148670066,-19.530133538
1740.390552276,906.135768422,4.089932846,-19.563238386
1741.390960977,905.137634374,4.031195626,-19.596343234
1742.391369679,904.139500325,3.972458407,-19.629448081
1743.391781420,903.141352050,3.913964884,-19.662647178
1744.392202135,902.143163503,3.856161214,-19.696113074
1745.392622850,901.144974955,3.798357544,-19.729578970
1746.393043564,900.146786408,3.740553874,-19.763044865
1747.393464279,899.148597861,3.682750204,-19.796510761
1748.393884994,898.150409313,3.624946534,-19.829976657
1749.394305709,897.152220766,3.567142864,-19.863442552
1750.394726423,896.154032219,3.509339194,-19.896908448
1751.395147138,895.155843671,3.451535524,-19.930374344
1752.395567853,894.157655124,3.393731854,-19.963840240
1753.395997567,893.159444838,3.336305215,-19.997574783
1754.396430173,892.161227676,3.278997815,-20.031394290
1755.396862780,891.163010514,3.221690415,-20.065213796
1756.397295386,890.164793352,3.164383016,-20.099033302
1757.397727992,889.166576190,3.107075616,-20.132852808
1758.398160598,888.168359028,3.049768217,-20.166672314
1759.398593203,887.170141867,2.992460817,-20.200491820
1760.399025810,886.171924705,2.935153418,-20.234311326
1761.399458416,885.173707543,2.877846018,-20.268130832
1762.399893506,884.175505090,2.820284603,-20.302026485
1763.400336117,883.177344847,2.761994201,-20.336140669
1764.400778728,882.179184605,2.703703798,-20.370254852
1765.401221339,881.181024363,2.645413396,-20.404369035
1766.401663949,880.182864121,2.587122993,-20.438483219
1767.402106561,879.184703878,2.528832591,-20.472597402
1768.402549172,878.186543636,2.470542189,-20.506711586
1769.402991782,877.188383394,2.412251786,-20.540825769
1770.403434393,876.190223152,2.353961384,-20.574939952
1771.403877005,875.192062909,2.295670981,-20.609054136
1772.404324513,874.193868088,2.237976752,-20.643313343
1773.404773675,873.195662171,2.180473812,-20.677619083
1774.405222835,872.197456255,2.122970871,-20.711924823
1775.405671997,871.199250338,2.065467931,-20.746230563
1776.406121158,870.201044421,2.007964991,-20.780536303
1777.406570320,869.202838504,1.950462051,-20.814842043
1778.407019480,868.204632588,1.892959111,-20.849147783
1779.407468642,867.206426671,1.835456171,-20.883453523
1780.407917803,866.208220754,1.777953231,-20.917759263
1781.408367321,865.210031101,1.720170640,-20.952078736
1782.408818324,864.211888774,1.661574271,-20.986438173
1783.409269329,863.213746446,1.602977902,-21.020797611
1784.409720332,862.215604119,1.544381532,-21.055157048
1785.410171336,861.217461792,1.485785163,-21.089516485
1786.410622340,860.219319464,1.427188793,-21.123875922
1787.411073344,859.221177137,1.368592424,-21.158235360
1788.411524348,858.223034809,1.309996055,-21.192594797
1789.411975352,857.224892482,1.251399685,-21.226954234
1790.412426355,856.226750155,1.192803316,-21.261313671
1791.412874406,855.228652629,1.133450284,-21.295589724
1792.413321620,854.230569686,1.073850963,-21.329838635
1793.413768834,853.232486743,1.014251642,-21.364087546
1794.414216048,852.234403800,0.954652321,-21.398336457
1795.414663262,851.236320857,0.895053000,-21.432585368
1796.415110476,850.238237914,0.835453679,-21.466834279
1797.415557690,849.240154971,0.775854357,-21.501083190
1798.416004904,848.242072028,0.716255036,-21.535332101
1799.416452118,847.243989085,0.656655715,-21.569581012
1800.416896845,846.245914411,0.596918546,-21.603758004
1801.417334372,845.247864138,0.536774611,-21.637722777
1802.417771899,844.249813865,0.476630676,-21.671687550
1803.418209427,843.251763592,0.416486742,-21.705652322
1804.418646954,842.253713319,0.356342807,-21.739617095
1805.419084481,841.255663046,0.296198872,-21.773581867
1806.419522009,840.257612773,0.236054937,-21.807546640
1807.419959536,839.259562500,0.175911002,-21.841511412
1808.420397063,838.261512227,0.115767067,-21.875476185
1809.420834591,837.263461954,0.055623133,-21.909440957
1810.421260216,836.265434502,-0.004897907,-21.943054067
1811.421681984,835.267414787,-0.065546809,-21.976551431
1812.422103756,834.269395142,-0.126196857,-22.010048916
1813.422525528,833.271375497,-0.186846904,-22.043546400
1814.422947300,832.273355852,-0.247496952,-22.077043884
1815.423369072,831.275336207,-0.308146999,-22.110541369
1816.423790843,830.277316562,-0.368797047,-22.144038853
1817.424212616,829.279296916,-0.429447095,-22.177536338
1818.424634388,828.281277271,-0.490097142,-22.211033822
1819.425050419,827.283234257,-0.550357619,-22.244366274
1820.425450346,826.285121309,-0.609452322,-22.277204870
1821.425850274,825.287008361,-0.668547025,-22.310043467
1822.426250200,824.288895414,-0.727641728,-22.342882063
1823.426650127,823.290782466,-0.786736431,-22.375720660
1824.427050054,822.292669518,-0.845831134,-22.408559256
1825.427449980,821.294556571,-0.904925837,-22.441397852
1826.427849907,820.296443623,-0.964020540,-22.474236449
1827.428249835,819.298330675,-1.023115243,-22.507075045
1828.428649761,818.300217728,-1.082209946,-22.539913642
1829.429028776,817.302174465,-1.142466335,-22.572115932
1830.429401182,816.304154536,-1.203111707,-22.604105161
1831.429773589,815.306134606,-1.263757078,-22.636094389
1832.430145995,814.308114677,-1.324402449,-22.668083618
1833.430518401,813.310094748,-1.385047820,-22.700072846
1834.430890807,812.312074819,-1.445693191,-22.732062075
1835.431263214,811.314054889,-1.506338562,-22.764051303
1836.431635620,810.316034960,-1.566983933,-22.796040532
1837.432008025,809.318015031,-1.627629304,-22.828029760
1838.432372140,808.319996401,-1.688296039,-22.859758673
1839.432711510,807.321981713,-1.749027612,-22.890697519
1840.433050878,806.323967026,-1.809759186,-22.921636364
1841.433390246,805.325952339,-1.870490759,-22.952575210
1842.433729615,804.327937651,-1.931222332,-22.983514056
1843.434068984,803.329922964,-1.991953906,-23.014452901
1844.434408352,802.331908277,-2.052685479,-23.045391747
1845.434747721,801.333893589,-2.113417052,-23.076330592
1846.435087089,800.335878902,-2.174148626,-23.107269438
1847.435426458,799.337864214,-2.234880199,-23.138208283
1848.435736822,798.339803406,-2.294847382,-23.168198027
1849.436037677,797.341726935,-2.354554997,-23.197865478
1850.436338530,796.343650465,-2.414262613,-23.227532929
1851.436639384,795.345573994,-2.473970228,-23.257200381
1852.436940237,794.347497524,-2.533677843,-23.286867832
1853.437241092,793.349421053,-2.593385458,-23.316535283
1854.437541945,792.351344583,-2.653093073,-23.346202735
1855.437842799,791.353268112,-2.712800689,-23.375870186
1856.438143652,790.355191642,-2.772508304,-23.405537638
1857.438433560,789.357110542,-2.832138332,-23.434834010
1858.438690671,788.359015191,-2.891529500,-23.462987988
1859.438947780,787.360919841,-2.950920669,-23.491141965
1860.439204890,786.362824490,-3.010311837,-23.519295943
1861.439462001,785.364729139,-3.069703005,-23.547449921
1862.439719111,784.366633788,-3.129094174,-23.575603898
1863.439976222,783.368538437,-3.188485342,-23.603757876
1864.440233331,782.370443087,-3.247876511,-23.631911854
1865.440490442,781.372347736,-3.307267679,-23.660065831
1866.440747552,780.374252385,-3.366658848,-23.688219809
1867.440968615,779.376175292,-3.426355783,-23.715063200
1868.441177686,778.378104485,-3.486158004,-23.741455309
1869.441386756,777.380033679,-3.545960226,-23.767847418
1870.441595825,776.381962873,-3.605762447,-23.794239527
1871.441804896,775.383892066,-3.665564669,-23.820631636
1872.442013965,774.385821260,-3.725366890,-23.847023745
1873.442223035,773.387750454,-3.785169112,-23.873415854
1874.442432106,772.389679647,-3.844971333,-23.899807963
1875.442641175,771.391608841,-3.904773555,-23.926200072
1876.442837539,770.393538829,-3.964589036,-23.952106155
1877.442995738,769.395471300,-4.024445929,-23.976494335
1878.443153937,768.397403771,-4.084302822,-24.000882515
1879.443312136,767.399336242,-4.144159715,-24.025270695
1880.443470336,766.401268713,-4.204016608,-24.049658875
1881.443628535,765.403201184,-4.263873501,-24.074047056
1882.443786734,764.405133655,-4.323730394,-24.098435236
1883.443944933,763.407066126,-4.383587287,-24.122823416
1884.444103132,762.408998597,-4.443444180,-24.147211596
1885.444261332,761.410931068,-4.503301073,-24.171599776
1886.444380748,760.412844959,-4.562847063,-24.194342704
1887.444487284,759.414752362,-4.622284505,-24.216511208
1888.444593820,758.416659766,-4.681721947,-24.238679711
1889.444700355,757.418567170,-4.741159389,-24.260848215
1890.444806892,756.420474573,-4.800596830,-24.283016719
1891.444913427,755.422381977,-4.860034272,-24.305185223
1892.445019962,754.424289381,-4.919471714,-24.327353727
1893.445126498,753.426196785,-4.978909156,-24.349522231
1894.445233034,752.428104188,-5.038346598,-24.371690735
1895.445326958,751.430016623,-5.097868274,-24.393283316
1896.445383159,750.431944999,-5.157656847,-24.413051096
1897.445439360,749.433873375,-5.217445420,-24.432818876
1898.445495562,748.435801751,-5.277233993,-24.452586655
1899.445551763,747.437730127,-5.337022566,-24.472354435
1900.445607964,746.439658503,-5.396811139,-24.492122215
1901.445664165,745.441586879,-5.456599712,-24.511889994
1902.445720366,744.443515255,-5.516388285,-24.531657774
1903.445776567,743.445443631,-5.576176858,-24.551425553
1904.445832768,742.447372007,-5.635965430,-24.571193333
1905.445853693,741.449291426,-5.695604229,-24.589087990
1906.445862978,740.451207675,-5.755190014,-24.606319639
1907.445872263,739.453123923,-5.814775799,-24.623551288
1908.445881560,738.455040297,-5.874363672,-24.640783661
1909.445890862,737.456956716,-5.933952308,-24.658016298
1910.445900164,736.458873135,-5.993540943,-24.675248935
1911.445909466,735.460789554,-6.053129579,-24.692481572
1912.445918768,734.462705973,-6.112718214,-24.709714208
1913.445928070,733.464622392,-6.172306850,-24.726946845
1914.445926845,732.466548955,-6.232064385,-24.743560163
1915.445894569,731.468508133,-6.292364943,-24.758182341
1916.445862293,730.470467310,-6.352665500,-24.772804520
1917.445830016,729.472426488,-6.412966058,-24.787426698
1918.445797740,728.474385666,-6.473266615,-24.802048876
1919.445765464,727.476344843,-6.533567173,-24.816671054
1920.445733187,726.478304021,-6.593867730,-24.831293233
1921.445700911,725.480263199,-6.654168288,-24.845915411
1922.445668635,724.482222376,-6.714468846,-24.860537589
1923.445636358,723.484181554,-6.774769403,-24.875159768
1924.445577797,722.486125024,-6.834809216,-24.887858733
1925.445510721,721.488062858,-6.894755465,-24.899867584
1926.445443645,720.490000692,-6.954701714,-24.911876435
1927.445376569,719.491938526,-7.014647963,-24.923885286
1928.445309493,718.493876360,-7.074594212,-24.935894137
1929.445242417,717.495814194,-7.134540461,-24.947902988
1930.445175341,716.497752028,-7.194486710,-24.959911839
1931.445108265,715.499689862,-7.254432959,-24.971920691
1932.445041190,714.501627695,-7.314379208,-24.983929542
1933.444966943,713.503585583,-7.374655457,-24.995341360
1934.444872542,712.505608899,-7.436008359,-25.004805309
1935.444778140,711.507632216,-7.497361260,-25.014269258
1936.444683739,710.509655532,-7.558714162,-25.023733207
1937.444589338,709.511678848,-7.620067063,-25.033197157
1938.444494937,708.513702164,-7.681419965,-25.042661106
1939.444400536,707.515725480,-7.742772866,-25.052125055
1940.444306135,706.517748796,-7.804125768,-25.061589004
1941.444211733,705.519772112,-7.865478669,-25.071052954
1942.444117332,704.521795428,-7.926831571,-25.080516903
1943.444007239,703.523916088,-7.989740852,-25.088202703
1944.443892828,702.526072154,-8.053216243,-25.095241729
1945.443778415,701.528228221,-8.116691633,-25.102280755
1946.443664002,700.530384288,-8.180167023,-25.109319781
1947.443549590,699.532540355,-8.243642413,-25.116358807
1948.443435178,698.534696421,-8.307117803,-25.123397833
1949.443320765,697.536852488,-8.370593194,-25.130436859
1950.443206352,696.539008555,-8.434068584,-25.137475884
1951.443091940,695.541164622,-8.497543974,-25.144514910
1952.442973268,694.543374746,-8.561845856,-25.151095370
1953.442846894,693.545763851,-8.628884230,-25.156157528
1954.442720518,692.548152957,-8.695922605,-25.161219686
1955.442594143,691.550542063,-8.762960979,-25.166281844
1956.442467768,690.552931168,-8.829999354,-25.171344002
1957.442341393,689.555320274,-8.897037728,-25.176406160
1958.442215017,688.557709380,-8.964076103,-25.181468318
1959.442084781,687.560178992,-9.032269257,-25.186197293
1960.441952117,686.562917617,-9.104320554,-25.189809936
1961.441819454,685.565656257,-9.176372061,-25.193422471
1962.441686790,684.568394897,-9.248423567,-25.197035006
1963.441554127,683.571133536,-9.320475074,-25.200647541
1964.441421463,682.573872176,-9.392526580,-25.204260076
1965.441284318,681.576720574,-9.466033052,-25.207608177
1966.441148165,680.579936073,-9.544405879,-25.210071840
1967.441012010,679.583151573,-9.622778706,-25.212535503
1968.440875855,678.586367073,-9.701151533,-25.214999165
1969.440739701,677.589582572,-9.779524360,-25.217462828
1970.440597610,676.592946436,-9.859693809,-25.219723081
1971.440459664,675.596808450,-9.945895618,-25.221300362
1972.440321719,674.600670463,-10.032097427,-25.222877644
1973.440183774,673.604532476,-10.118299236,-25.224454925
1974.440039105,672.608571818,-10.206452906,-25.225862823
1975.439900266,671.613208431,-10.301180769,-25.226700211
1976.439761427,670.617845044,-10.395908633,-25.227537599
1977.439622588,669.622481657,-10.490636497,-25.228374987
1978.439476478,668.627322396,-10.587411431,-25.229051379
1979.439337296,667.632852758,-10.691102211,-25.229183861
1980.439198116,666.638383119,-10.794792991,-25.229316343
1981.439058935,665.643913480,-10.898483771,-25.229448825
1982.438912918,664.649660797,-11.004170040,-25.229421517
1983.438773890,663.656143340,-11.116618708,-25.228852707
1984.438634862,662.662625883,-11.229067376,-25.228283896
1985.438495834,661.669108426,-11.341516044,-25.227715086
1986.438356807,660.675590969,-11.453964713,-25.227146275
1987.438211228,659.682784288,-11.572466203,-25.226071703
1988.438072838,658.690244204,-11.693237978,-25.224807431
1989.437934447,657.697704120,-11.814009753,-25.223543158
1990.437796058,656.705164035,-11.934781529,-25.222278886
1991.437652126,655.712852541,-12.057370637,-25.220876270
1992.437514694,654.721321158,-12.186161767,-25.219001526
1993.437377262,653.729789774,-12.314952897,-25.217126783
1994.437239830,652.738258390,-12.443744027,-25.215252040
1995.437096552,651.746977569,-12.574403178,-25.213255800
1996.436960272,650.756554524,-12.711457298,-25.210843630
1997.436823992,649.766131479,-12.848511418,-25.208431461
1998.436687712,648.775708434,-12.985565539,-25.206019291
1999.436545560,647.785552711,-13.124493511,-25.203493810
2000.436410618,646.796315010,-13.269856543,-25.200579205
2001.436275677,645.807077309,-13.415219576,-25.197664599
2002.436140735,644.817839608,-13.560582609,-25.194749994
2003.436002577,643.828814371,-13.707360230,-25.191731196
2004.435869093,642.840521027,-13.859010841,-25.188353472
2005.435735609,641.852227684,-14.010661452,-25.184975749
2006.435601988,640.864547430,-14.166254171,-25.181599586
2007.435465878,639.877084391,-14.323201577,-25.178127319
2008.435333927,638.890337202,-14.484606738,-25.174322835
2009.435201976,637.903590013,-14.646011899,-25.170518350
2010.435070024,636.916842825,-14.807417060,-25.166713865
2011.434932520,635.930400750,-14.970640493,-25.162820963
2012.434802149,634.945016418,-15.140167358,-25.158621543
2013.434671778,633.959632085,-15.309694222,-25.154422123
2014.434541407,632.974247753,-15.479221087,-25.150222704
2015.434404506,631.989209104,-15.650705090,-25.145943452
2016.434275700,631.005372662,-15.828995572,-25.141386561
2017.434146895,630.021536220,-16.007286054,-25.136829669
2018.434018089,629.037699779,-16.185576536,-25.132272778
2019.433882851,628.054222962,-16.365802698,-25.127644051
2020.433755567,627.072000703,-16.552781505,-25.122764720
2021.433628283,626.089778444,-16.739760311,-25.117885389
2022.433500999,625.107556185,-16.926739118,-25.113006058
2023.433367646,624.125699753,-17.115595626,-25.108058581
2024.433241904,623.145123569,-17.311023326,-25.102872619
2025.433116164,622.164547384,-17.506451027,-25.097686656
2026.432990424,621.183971199,-17.701878728,-25.092500694
2027.432864683,620.203395014,-17.897306428,-25.087314732
2028.432732819,619.224037539,-18.098716941,-25.081926747
2029.432608570,618.245150180,-18.302435322,-25.076460833
2030.432484320,617.266262821,-18.506153702,-25.070994918
2031.432360070,616.287375462,-18.709872082,-25.065529003
2032.432230956,615.308843093,-18.915263737,-25.060010051
2033.432108046,614.331561941,-19.126553085,-25.054304157
2034.431985138,613.354280788,-19.337842434,-25.048598264
2035.431862229,612.376999635,-19.549131782,-25.042892370
2036.431739321,611.399718482,-19.760421130,-25.037186477
2037.431611313,610.423629347,-19.977123042,-25.031331250
2038.431489609,609.448002850,-20.195925644,-25.025418064
2039.431367904,608.472376353,-20.414728245,-25.019504879
2040.431246200,607.496749856,-20.633530846,-25.013591693
2041.431124495,606.521123359,-20.852333448,-25.007678508
2042.430997294,605.546753240,-21.076637062,-25.001647461
2043.430876572,604.572872407,-21.303083003,-24.995570515
2044.430755850,603.598991574,-21.529528943,-24.989493569
2045.430635128,602.625110741,-21.755974884,-24.983416622
2046.430509025,601.651635947,-21.984135778,-24.977313873
2047.430389026,600.679608341,-22.218409066,-24.971119159
2048.430269026,599.707580735,-22.452682354,-24.964924444
2049.430149026,598.735553129,-22.686955642,-24.958729730
2050.430029026,597.763525523,-22.921228930,-24.952535016
2051.429902359,596.792924118,-23.161313342,-24.946284439
2052.429782844,595.822881519,-23.403674636,-24.940011974
2053.429663329,594.852838920,-23.646035930,-24.933739509
2054.429543814,593.882796322,-23.888397224,-24.927467044
2055.429418815,592.913186583,-24.132461778,-24.921184894
2056.429299580,591.945130821,-24.382641080,-24.914867973
2057.429180345,590.977075060,-24.632820383,-24.908551052
2058.429061109,590.009019299,-24.882999685,-24.902234131
2059.428941874,589.040963537,-25.133178987,-24.895917210
2060.428816667,588.074311976,-25.388706572,-24.889591530
2061.428697509,587.108213962,-25.646342491,-24.883262397
2062.428578351,586.142115948,-25.903978411,-24.876933263
2063.428459192,585.176017934,-26.161614330,-24.870604130
2064.428340035,584.209919919,-26.419250250,-24.864274996
2065.428215443,583.245172597,-26.681878627,-24.857968555
2066.428096085,582.280959527,-26.946481719,-24.851671090
2067.427976726,581.316746458,-27.211084811,-24.845373625
2068.427857369,580.352533388,-27.475687903,-24.839076160
2069.427738011,579.388320318,-27.740290996,-24.832778695
2070.427618652,578.424107249,-28.004894088,-24.826481230
2071.427497556,577.460556117,-28.271892970,-24.820265440
2072.427377486,576.497267876,-28.539843347,-24.814082087
2073.427257416,575.533979634,-28.807793723,-24.807898735
2074.427137346,574.570691393,-29.075744099,-24.801715383
2075.427017276,573.607403151,-29.343694476,-24.795532030
2076.426897206,572.644114910,-29.611644852,-24.789348678
2077.426777135,571.680826669,-29.879595229,-24.783165326
2078.426657066,570.717538427,-30.147545605,-24.776981973
2079.426536995,569.754250186,-30.415495982,-24.770798621
2080.426416083,568.790818072,-30.682926601,-24.764665370
2081.426294595,567.826858854,-30.948452995,-24.758715675
2082.426173108,566.862899636,-31.213979390,-24.752765979
2083.426051620,565.898940418,-31.479505784,-24.746816284
2084.425930132,564.934981200,-31.745032178,-24.740866588
2085.425808645,563.971021981,-32.010558573,-24.734916893
2086.425687157,563.007062763,-32.276084967,-24.728967197
2087.425565669,562.043103545,-32.541611362,-24.723017502
2088.425444181,561.079144327,-32.807137756,-24.717067806
2089.425322693,560.115185109,-33.072664150,-24.711118111
2090.425199897,559.151215802,-33.338153915,-24.705392572
2091.425076588,558.187242436,-33.603628942,-24.699757219
2092.424953279,557.223269070,-33.869103969,-24.694121867
2093.424829970,556.259295704,-34.134578996,-24.688486514
2094.424706661,555.295322338,-34.400054023,-24.682851161
2095.424583351,554.331348973,-34.665529050,-24.677215809
2096.424460042,553.367375607,-34.931004077,-24.671580456
2097.424336730,552.403401865,-35.196477739,-24.665945691
2098.424213413,551.439427530,-35.461949248,-24.660311854
2099.424089643,550.475456713,-35.727433528,-24.654758900
2100.423964247,549.511498986,-35.992965337,-24.649506998
2101.423838849,548.547541260,-36.258497146,-24.644255096
2102.423713453,547.583583533,-36.524028955,-24.639003194
2103.423588057,546.619625806,-36.789560764,-24.633751292
2104.423462660,545.655668080,-37.055092573,-24.628499390
2105.423337264,544.691710353,-37.320624383,-24.623247487
2106.423211867,543.727752627,-37.586156192,-24.617995585
2107.423086471,542.763794900,-37.851688001,-24.612743683
2108.422961074,541.799837174,-38.117219810,-24.607491781
2109.422834050,540.835804946,-38.382480948,-24.602556177
2110.422706414,539.871742355,-38.647631775,-24.597749480
2111.422578778,538.907679764,-38.912782601,-24.592942783
2112.422451143,537.943617173,-39.177933428,-24.588136086
2113.422323507,536.979554582,-39.443084254,-24.583329389
2114.422195871,536.015491991,-39.708235081,-24.578522692
2115.422068235,535.051429400,-39.973385908,-24.573715995
2116.421940599,534.087366809,-40.238536734,-24.568909298
2117.421812963,533.123304218,-40.503687561,-24.564102601
2118.421684803,532.159267045,-40.768930722,-24.559402435
2119.421554849,531.195325996,-41.034523071,-24.555105139
2120.421424894,530.231384948,-41.300115420,-24.550807844
2121.421294939,529.267443900,-41.565707768,-24.546510548
2122.421164984,528.303502852,-41.831300117,-24.542213253
2123.421035029,527.339561803,-42.096892465,-24.537915957
2124.420905074,526.375620755,-42.362484814,-24.533618662
2125.420775119,525.411679707,-42.628077162,-24.529321366
2126.420645164,524.447738658,-42.893669511,-24.525024071
2127.420515209,523.483797610,-43.159261859,-24.520726775
2128.420383577,522.519945618,-43.425177130,-24.516833243
2129.420251333,521.556130390,-43.691225709,-24.513106392
2130.420119089,520.592315162,-43.957274289,-24.509379541
2131.419986845,519.628499934,-44.223322868,-24.505652691
2132.419854601,518.664684706,-44.489371447,-24.501925840
2133.419722357,517.700869478,-44.755420026,-24.498198989
2134.419590114,516.737054250,-45.021468606,-24.494472138
2135.419457870,515.773239022,-45.287517185,-24.490745288
2136.419325626,514.809423794,-45.553565764,-24.487018437
2137.419192911,513.845607669,-45.819611092,-24.483420023
2138.419058542,512.881788094,-46.085643923,-24.480315192
2139.418924173,511.917968519,-46.351676754,-24.477210361
2140.418789804,510.954148944,-46.617709585,-24.474105530
2141.418655435,509.990329369,-46.883742416,-24.471000699
2142.418521067,509.026509794,-47.149775247,-24.467895868
2143.418386698,508.062690219,-47.415808078,-24.464791037
2144.418252329,507.098870644,-47.681840909,-24.461686206
2145.418117960,506.135051069,-47.947873740,-24.458581374
2146.417983591,505.171231494,-48.213906571,-24.455476543
2147.417847874,504.207469807,-48.480149000,-24.452837795
2148.417711670,503.243732324,-48.746479064,-24.450393924
2149.417575468,502.279994840,-49.012809129,-24.447950052
2150.417439264,501.316257357,-49.279139193,-24.445506180
2151.417303062,500.352519873,-49.545469258,-24.443062308
2152.417166859,499.388782390,-49.811799322,-24.440618436
2153.417030655,498.425044907,-50.078129387,-24.438174564
2154.416894453,497.461307423,-50.344459451,-24.435730692
2155.416758250,496.497569940,-50.610789516,-24.433286820
2156.416621715,495.533833094,-50.877121887,-24.430982617
2157.416484073,494.570098738,-51.143463269,-24.429223915
2158.416346430,493.606364382,-51.409804650,-24.427465213
2159.416208787,492.642630026,-51.676146032,-24.425706510
2160.416071144,491.678895670,-51.942487413,-24.423947808
2161.415933501,490.715161314,-52.208828794,-24.422189106
2162.415795859,489.751426958,-52.475170175,-24.420430404
2163.415658216,488.787692602,-52.741511557,-24.418671701
2164.415520573,487.823958246,-53.007852938,-24.416912999
2165.415382930,486.860223890,-53.274194320,-24.415154297
2166.415244549,485.896484232,-53.540516514,-24.413882855
2167.415105926,484.932742329,-53.806830584,-24.412817741
2168.414967305,483.969000425,-54.073144654,-24.411752627
2169.414828682,483.005258522,-54.339458723,-24.410687512
2170.414690060,482.041516618,-54.605772793,-24.409622398
2171.414551437,481.077774715,-54.872086863,-24.408557284
2172.414412815,480.114032812,-55.138400933,-24.407492170
2173.414274193,479.150290908,-55.404715003,-24.406427055
2174.414135570,478.186549005,-55.671029073,-24.405361941
2175.413996807,477.222795137,-55.937299827,-24.404434678
2176.413857690,476.258993766,-56.203398602,-24.404054731
2177.413718572,475.295192396,-56.469497378,-24.403674784
2178.413579455,474.331391025,-56.735596154,-24.403294837
2179.413440337,473.367589655,-57.001694930,-24.402914889
2180.413301220,472.403788284,-57.267793705,-24.402534942
2181.413162103,471.439986914,-57.533892481,-24.402154995
2182.413022986,470.476185543,-57.799991257,-24.401775048
2183.412883868,469.512384173,-58.066090032,-24.401395101
2184.412744751,468.548582802,-58.332188808,-24.401015153
2185.412605536,467.584877044,-58.598633540,-24.401101368
2186.412466388,466.621212286,-58.865226628,-24.401387488
2187.412327240,465.657547528,-59.131819717,-24.401673607
2188.412188091,464.693882770,-59.398412805,-24.401959726
2189.412048942,463.730218168,-59.665006457,-24.402244789
2190.411909793,462.766553640,-59.931600374,-24.402529356
2191.411770644,461.802889111,-60.198194290,-24.402813922
2192.411631495,460.839224582,-60.464788207,-24.403098489
2193.411492346,459.875560053,-60.731382123,-24.403383056
2194.411353231,458.911913733,-60.998041815,-24.403792928
2195.411214460,457.948340912,-61.264967007,-24.404708590
2196.411075690,456.984768091,-61.531892199,-24.405624253
2197.410936920,456.021195269,-61.798817391,-24.406539915
2198.410798149,455.057622448,-62.065742583,-24.407455577
2199.410659380,454.094049626,-62.332667775,-24.408371239
2200.410520609,453.130476805,-62.599592967,-24.409286901
2201.410381838,452.166903984,-62.866518158,-24.410202564
2202.410243068,451.203331162,-63.133443350,-24.411118226
2203.410104298,450.239758341,-63.400368542,-24.412033888
2204.409965981,449.276147332,-63.667155828,-24.413358292
2205.409827920,448.312519741,-63.933883228,-24.414860188
2206.409689858,447.348892150,-64.200610629,-24.416362084
2207.409551797,446.385264559,-64.467338029,-24.417863980
2208.409413735,445.421636968,-64.734065430,-24.419365876
2209.409275673,444.458009378,-65.000792830,-24.420867772
2210.409137611,443.494381787,-65.267520231,-24.422369668
2211.408999550,442.530754196,-65.534247631,-24.423871564
2212.408861488,441.567126605,-65.800975032,-24.425373460
2213.408723584,440.603485173,-66.067652402,-24.426979895
2214.408586466,439.639786932,-66.334124429,-24.429015400
2215.408449349,438.676088691,-66.600596456,-24.431050904
2216.408312230,437.712390451,-66.867068482,-24.433086409
2217.408175113,436.748692210,-67.133540509,-24.435121914
2218.408037996,435.784993969,-67.400012535,-24.437157419
2219.407900878,434.821295728,-67.666484562,-24.439192924
2220.407763761,433.857597487,-67.932956588,-24.441228429
2221.407626642,432.893899247,-68.199428615,-24.443263934
2222.407489525,431.930201006,-68.465900642,-24.445299438
2223.407353128,430.966462427,-68.732226724,-24.447664641
2224.407217089,430.002706112,-68.998488633,-24.450174818
2225.407081050,429.038949796,-69.264750542,-24.452684995
2226.406945012,428.075193480,-69.531012451,-24.455195172
2227.406808973,427.111437165,-69.797274360,-24.457705349
2228.406672934,426.147680849,-70.063536269,-24.460215525
2229.406536896,425.183924533,-70.329798178,-24.462725702
2230.406400858,424.220168217,-70.596060087,-24.465235879
2231.406264818,423.256411902,-70.862321996,-24.467746056
2232.406128925,422.292609759,-71.128417743,-24.470337187
2233.405994025,421.328616316,-71.393819855,-24.473266254
2234.405859126,420.364622873,-71.659221968,-24.476195321
2235.405724227,419.400629429,-71.924624080,-24.479124388
2236.405589327,418.436635986,-72.190026193,-24.482053455
2237.405454428,417.472642542,-72.455428305,-24.484982522
2238.405319529,416.508649099,-72.720830418,-24.487911590
2239.405184629,415.544655656,-72.986232530,-24.490840657
2240.405049731,414.580662212,-73.251634643,-24.493769724
2241.404914831,413.616668769,-73.517036755,-24.496698791
2242.404780682,412.652739128,-73.782670454,-24.499877649
2243.404646905,411.688837893,-74.048407257,-24.503167718
2244.404513129,410.724936657,-74.314144061,-24.506457787
2245.404379352,409.761035422,-74.579880864,-24.509747856
2246.404245575,408.797134187,-74.845617668,-24.513037924
2247.404111799,407.833232951,-75.111354472,-24.516327993
2248.403978022,406.869331716,-75.377091275,-24.519618062
2249.403844246,405.905430481,-75.642828079,-24.522908131
2250.403710470,404.941529245,-75.908564882,-24.526198200
2251.403576859,403.977659276,-76.174414960,-24.529547051
2252.403444145,403.013922064,-76.440746008,-24.533145499
2253.403311430,402.050184853,-76.707077057,-24.536743947
2254.403178716,401.086447641,-76.973408105,-24.540342395
2255.403046001,400.122710430,-77.239739153,-24.543940842
2256.402913288,399.158973218,-77.506070202,-24.547539290
2257.402780573,398.195236007,-77.772401250,-24.551137738
2258.402647859,397.231498795,-78.038732298,-24.554736186
2259.402515144,396.267761584,-78.305063347,-24.558334634
2260.402382430,395.304024372,-78.571394395,-24.561933081
2261.402250324,394.340401649,-78.838139225,-24.565707819
2262.402118563,393.376830531,-79.105070565,-24.569562018
2263.401986802,392.413259413,-79.372001906,-24.573416217
2264.401855040,391.449688295,-79.638933247,-24.577270416
2265.401723279,390.486117177,-79.905864588,-24.581124616
2266.401591518,389.522546059,-80.172795929,-24.584978815
2267.401459757,388.558974941,-80.439727270,-24.588833014
2268.401327996,387.595403823,-80.706658610,-24.592687213
2269.401196235,386.631832705,-80.973589951,-24.596541413
2270.401064541,385.668209624,-81.240333339,-24.600433993
2271.400933587,384.704362072,-81.506264790,-24.604492378
2272.400802634,383.740514520,-81.772196242,-24.608550762
2273.400671681,382.776666968,-82.038127693,-24.612609146
2274.400540728,381.812819416,-82.304059145,-24.616667530
2275.400409774,380.848971865,-82.569990596,-24.620725914
2276.400278821,379.885124313,-82.835922048,-24.624784298
2277.400147868,378.921276761,-83.101853500,-24.628842683
2278.400016915,377.957429209,-83.367784951,-24.632901067
2279.399885962,376.993581657,-83.633716403,-24.636959451
2280.399755428,376.029736478,-83.899656454,-24.641120005
2281.399625089,375.065892382,-84.165600429,-24.645327183
2282.399494752,374.102048285,-84.431544405,-24.649534360
2283.399364413,373.138204189,-84.697488380,-24.653741538
2284.399234078,372.174360022,-84.963432099,-24.657949473
2285.399103745,371.210515819,-85.229375691,-24.662157786
2286.398973412,370.246671617,-85.495319283,-24.666366100
2287.398843078,369.282827415,-85.761262874,-24.670574413
2288.398712745,368.318983212,-86.027206466,-24.674782726
2289.398582449,367.355109267,-86.293042135,-24.679006555
2290.398452472,366.391104577,-86.558403393,-24.683298590
2291.398322494,365.427099887,-86.823764651,-24.687590625
2292.398192517,364.463095196,-87.089125909,-24.691882660
2293.398062539,363.499090506,-87.354487167,-24.696174695
2294.397932561,362.535085816,-87.619848425,-24.700466729
2295.397802583,361.571081126,-87.885209684,-24.704758764
2296.397672607,360.607076435,-88.150570942,-24.709050799
2297.397542629,359.643071745,-88.415932200,-24.713342834
2298.397412651,358.679067055,-88.681293458,-24.717634869
2299.397282649,357.715180484,-88.947083276,-24.721931942
2300.397152703,356.751348481,-89.213071077,-24.726231343
2301.397022757,355.787516478,-89.479058877,-24.730530744
2302.396892811,354.823684475,-89.745046678,-24.734830145
2303.396762866,353.859852472,-90.011034479,-24.739129546
2304.396632920,352.896020469,-90.277022280,-24.743428947
2305.396502974,351.932188466,-90.543010080,-24.747728348
2306.396373028,350.968356463,-90.808997881,-24.752027748
2307.396243083,350.004524459,-91.074985682,-24.756327149
2308.396113070,349.040683180,-91.340939857,-24.760611746
2309.395982779,348.076800401,-91.606743595,-24.764830106
2310.395852488,347.112917621,-91.872547333,-24.769048466
2311.395722197,346.149034841,-92.138351071,-24.773266827
2312.395591906,345.185152061,-92.404154809,-24.777485187
2313.395461614,344.221269282,-92.669958547,-24.781703548
2314.395331323,343.257386502,-92.935762285,-24.785921908
2315.395201032,342.293503722,-93.201566023,-24.790140269
2316.395070742,341.329620942,-93.467369761,-24.794358629
2317.394940450,340.365738163,-93.733173499,-24.798576990
2318.394809667,339.401848910,-93.998953763,-24.802677026
2319.394678658,338.437956631,-94.264723050,-24.806721727
2320.394547650,337.474064351,-94.530492337,-24.810766429
2321.394416641,336.510172072,-94.796261624,-24.814811130
2322.394285632,335.546279792,-95.062030911,-24.818855832
2323.394154623,334.582387513,-95.327800197,-24.822900533
2324.394023615,333.618495233,-95.593569484,-24.826945235
2325.393892606,332.654602954,-95.859338771,-24.830989937
2326.393761598,331.690710674,-96.125108058,-24.835034638
2327.393630392,330.726830861,-96.390922535,-24.839031588
2328.393498345,329.763007823,-96.656942816,-24.842811062
2329.393366299,328.799184784,-96.922963098,-24.846590536
2330.393234253,327.835361745,-97.188983380,-24.850370010
2331.393102206,326.871538707,-97.455003661,-24.854149484
2332.392970159,325.907715668,-97.721023943,-24.857928958
2333.392838113,324.943892629,-97.987044225,-24.861708432
2334.392706067,323.980069590,-98.253064507,-24.865487907
2335.392574020,323.016246552,-98.519084788,-24.869267381
2336.392441974,322.052423513,-98.785105070,-24.873046855
2337.392309053,321.088567757,-99.051006772,-24.876588452
2338.392175743,320.124696515,-99.316852343,-24.880017449
2339.392042434,319.160825272,-99.582697915,-24.883446445
2340.391909124,318.196954029,-99.848543486,-24.886875442
2341.391775814,317.233082787,-100.114389057,-24.890304438
2342.391642504,316.269211544,-100.380234628,-24.893733435
2343.391509195,315.305340301,-100.646080200,-24.897162431
2344.391375884,314.341469059,-100.911925771,-24.900591428
2345.391242575,313.377597816,-101.177771342,-24.904020424
2346.391109005,312.413724466,-101.443609274,-24.907372682
2347.390974305,311.449841347,-101.709411781,-24.910369105
2348.390839605,310.485958228,-101.975214287,-24.913365528
2349.390704905,309.522075109,-102.241016794,-24.916361951
2350.390570206,308.558191989,-102.506819301,-24.919358374
2351.390435507,307.594308870,-102.772621808,-24.922354797
2352.390300807,306.630425751,-103.038424315,-24.925351220
2353.390166107,305.666542631,-103.304226821,-24.928347643
2354.390031408,304.702659512,-103.570029328,-24.931344066
2355.389896708,303.738776393,-103.835831835,-24.934340489
2356.389761037,302.774887494,-104.101613380,-24.936993234
2357.389624943,301.810995825,-104.367384883,-24.939481311
2358.389488850,300.847104156,-104.633156385,-24.941969388
2359.389352755,299.883212488,-104.898927887,-24.944457465
2360.389216662,298.919320819,-105.164699389,-24.946945542
2361.389080568,297.955429150,-105.430470891,-24.949433619
2362.388944474,296.991537482,-105.696242393,-24.951921695
2363.388808380,296.027645813,-105.962013895,-24.954409772
2364.388672286,295.063754144,-106.227785397,-24.956897849
2365.388535938,294.099877045,-106.493609706,-24.959284582
2366.388398570,293.136068745,-106.759683384,-24.961192738
2367.388261200,292.172260446,-107.025757061,-24.963100894
2368.388123832,291.208452146,-107.291830739,-24.965009049
2369.387986462,290.244643847,-107.557904416,-24.966917205
2370.387849094,289.280835547,-107.823978094,-24.968825361
2371.387711725,288.317027248,-108.090051772,-24.970733517
2372.387574356,287.353218948,-108.356125449,-24.972641673
2373.387436987,286.389410649,-108.622199127,-24.974549829
2374.387299619,285.425602349,-108.888272804,-24.976457985
2375.387161278,284.462059474,-109.155305176,-24.977933816
2376.387022892,283.498645525,-109.422803220,-24.979201511
2377.386884508,282.535231690,-109.690301675,-24.980470002
2378.386746123,281.571817855,-109.957800130,-24.981738494
2379.386607737,280.608404021,-110.225298584,-24.983006985
2380.386469353,279.644990186,-110.492797039,-24.984275477
2381.386330968,278.681576351,-110.760295494,-24.985543968
2382.386192583,277.718162516,-111.027793948,-24.986812460
2383.386054198,276.754748682,-111.295292403,-24.988080951
2384.385915666,275.791345494,-111.562829188,-24.989231113
2385.385776646,274.827993523,-111.830550349,-24.989812084
2386.385637625,273.864641552,-112.098271510,-24.990393056
2387.385498604,272.901289581,-112.365992671,-24.990974028
2388.385359583,271.937937610,-112.633713832,-24.991554999
2389.385220562,270.974585639,-112.901434993,-24.992135971
2390.385081542,270.011233668,-113.169156155,-24.992716943
2391.384942521,269.047881697,-113.436877316,-24.993297915
2392.384803500,268.084529726,-113.704598477,-24.993878886
2393.384664479,267.121177755,-113.972319638,-24.994459858
2394.384525276,266.157750787,-114.239770717,-24.994561460
2395.384386095,265.194287012,-114.507089243,-24.994427794
2396.384246914,264.230823237,-114.774407769,-24.994294129
2397.384107733,263.267359462,-115.041726295,-24.994160463
2398.383968553,262.303895687,-115.309044821,-24.994026797
2399.383829372,261.340431912,-115.576363348,-24.993893132
2400.383690192,260.376968137,-115.843681874,-24.993759466
2401.383551011,259.413504362,-116.111000400,-24.993625800
2402.383411830,258.450040587,-116.378318926,-24.993492135
2403.383272612,257.486534392,-116.645484284,-24.993235399
2404.383133792,256.522820302,-116.911898985,-24.992375519
2405.382994972,255.559106212,-117.178313687,-24.991515638
2406.382856152,254.595392123,-117.444728389,-24.990655758
2407.382717332,253.631678033,-117.711143091,-24.989795877
2408.382578512,252.667963943,-117.977557793,-24.988935997
2409.382439693,251.704249853,-118.243972494,-24.988076116
2410.382300873,250.740535763,-118.510387196,-24.987216236
2411.382162053,249.776821673,-118.776801898,-24.986356355
2412.382023233,248.813107584,-119.043216600,-24.985496475
2413.381884901,247.849302144,-119.309300526,-24.984164738
2414.381746938,246.885451333,-119.575220165,-24.982598641
2415.381608975,245.921600522,-119.841139804,-24.981032545
2416.381471012,244.957749711,-120.107059443,-24.979466448
2417.381333049,243.993898900,-120.372979081,-24.977900352
2418.381195085,243.030048089,-120.638898720,-24.976334255
2419.381057122,242.066197278,-120.904818359,-24.974768159
2420.380919159,241.102346467,-121.170737998,-24.973202062
2421.380781196,240.138495656,-121.436657636,-24.971635966
2422.380643394,239.174623696,-121.702500550,-24.969961189
2423.380506663,238.210646110,-121.967960251,-24.967743602
2424.380369933,237.246668523,-122.233419953,-24.965526014
2425.380233203,236.282690937,-122.498879654,-24.963308427
2426.380096472,235.318713351,-122.764339356,-24.961090840
2427.379959742,234.354735764,-123.029799057,-24.958873252
2428.379823011,233.390758178,-123.295258759,-24.956655665
2429.379686281,232.426780591,-123.560718460,-24.954438077
2430.379549551,231.462803005,-123.826178162,-24.952220490
2431.379412820,230.498825419,-124.091637863,-24.950002902
2432.379276802,229.535070740,-124.357905036,-24.947415489
2433.379141458,228.571428102,-124.624578067,-24.944642191
2434.379006115,227.607785463,-124.891251098,-24.941868893
2435.378870771,226.644142825,-125.157924129,-24.939095594
2436.378735428,225.680500186,-125.424597160,-24.936322296
2437.378600084,224.716857548,-125.691270191,-24.933548998
2438.378464741,223.753214909,-125.957943222,-24.930775700
2439.378329397,222.789572271,-126.224616253,-24.928002402
2440.378194054,221.825929632,-126.491289284,-24.925229103
2441.378058784,220.862233464,-126.757768419,-24.922393046
2442.377924573,219.898264779,-127.023260442,-24.919237483
2443.377790364,218.934296093,-127.288752465,-24.916081921
2444.377656154,217.970327408,-127.554244488,-24.912926359
2445.377521944,217.006358723,-127.819736511,-24.909770797
2446.377387733,216.042390038,-128.085228534,-24.906615235
2447.377253523,215.078421353,-128.350720557,-24.903459672
2448.377119313,214.114452668,-128.616212580,-24.900304110
2449.376980440,213.149313851,-128.877399476,-24.897026543
2450.376846827,212.183580630,-129.136399446,-24.893686999
2451.376713214,211.217847408,-129.395399416,-24.890347455
2452.376579602,210.252114186,-129.654399386,-24.887007912
2453.376441569,209.286045191,-129.912126784,-24.883655367
2454.376308228,208.318245969,-130.163296660,-24.880235827
2455.376174885,207.350446747,-130.414466535,-24.876816287
2456.376041543,206.382647525,-130.665636410,-24.873396747
2457.375903669,205.414520423,-130.915521294,-24.869971946
2458.375770438,204.444697059,-131.158758387,-24.866519925
2459.375637207,203.474873696,-131.401995480,-24.863067904
2460.375503977,202.505050332,-131.645232573,-24.859615883
2461.375365728,201.534894757,-131.887120508,-24.856164956
2462.375232474,200.563013465,-132.122000039,-24.852719710
2463.375099220,199.591132173,-132.356879570,-24.849274463
2464.374965966,198.619250881,-132.591759101,-24.845829216
2465.374823250,197.645976620,-132.820757165,-24.842410406
2466.374689859,196.671987817,-133.046738253,-24.839005158
2467.374556469,195.697999014,-133.272719341,-24.835599909
2468.374416567,194.723662202,-133.497166379,-24.832205662
2469.374282945,193.747504797,-133.713588099,-24.828868968
2470.374149323,192.771347392,-133.930009818,-24.825532274
2471.374015701,191.795189987,-134.146431537,-24.822195581
2472.373868646,190.817520799,-134.355855013,-24.818927825
2473.373734681,189.839072830,-134.561673411,-24.815695582
2474.373600716,188.860624861,-134.767491808,-24.812463338
2475.373458000,187.881814296,-134.971536335,-24.809254479
2476.373323656,186.901089138,-135.166215057,-24.806141571
2477.373189312,185.920363980,-135.360893779,-24.803028662
2478.373045188,184.939276837,-135.553689609,-24.799936967
2479.372910439,183.956276952,-135.736536179,-24.796957369
2480.372775689,182.973277068,-135.919382748,-24.793977771
2481.372629887,181.989917716,-136.100225377,-24.791020391
2482.372494729,181.004653164,-136.270447001,-24.788180766
2483.372359572,180.019388611,-136.440668625,-24.785341140
2484.372204818,179.032710036,-136.602373159,-24.782593677
2485.372069273,178.045297816,-136.759658722,-24.779894030
2486.371921033,177.057557888,-136.914791639,-24.777219040
2487.371785079,176.068072507,-137.058459033,-24.774675377
2488.371649125,175.078587125,-137.202126426,-24.772131713
2489.371491669,174.087865055,-137.336844454,-24.769693272
2490.371355322,173.096499465,-137.466905627,-24.767309582
2491.371207291,172.104876570,-137.594899547,-24.764953596
2492.371070540,171.111876404,-137.711828211,-24.762745894
2493.370933787,170.118876239,-137.828756875,-24.760538192
2494.370779684,169.124979084,-137.937641661,-24.758448745
2495.370642550,168.130613798,-138.042328421,-24.756421014
2496.370495546,167.136060168,-138.145115120,-24.754424837
2497.370358024,166.140493300,-138.237679965,-24.752598413
2498.370220502,165.144926432,-138.330244811,-24.750771989
2499.370073212,164.149195451,-138.420920322,-24.748981520
2500.369935297,163.152578921,-138.501400957,-24.747385070
2501.369797381,162.155962392,-138.581881592,-24.745788620
2502.369650243,161.159208567,-138.660527147,-24.744228030
2503.369511987,160.161711607,-138.729239990,-24.742861546
2504.369373732,159.164214646,-138.797952832,-24.741495062
2505.369225874,158.166600054,-138.864793366,-24.740163310
2506.369087338,157.168346811,-138.921468786,-24.739020127
2507.368948802,156.170093568,-138.978144207,-24.737876944
2508.368800556,155.171744937,-139.032937582,-24.736768923
2509.368661786,154.172876869,-139.077482184,-24.735852379
2510.368523017,153.174008800,-139.122026786,-24.734935834
2511.368374877,152.175069389,-139.164723580,-24.734053330
2512.368235930,151.175740293,-139.197327223,-24.733356757
2513.368096983,150.176411197,-139.229930866,-24.732660184
2514.367949289,149.177034225,-139.260750681,-24.731995504
2515.367810219,148.177394936,-139.281796628,-24.731505570
2516.367671150,147.177755647,-139.302842575,-24.731015636
2517.367524367,146.178090227,-139.322215095,-24.730557511
2518.367385217,145.178281192,-139.332390209,-24.730274217
2519.367246067,144.178472157,-139.342565323,-24.729990922
2520.367099728,143.178655181,-139.351126505,-24.729738840
2521.366960542,142.178794427,-139.350789478,-24.729658851
2522.366821355,141.178933674,-139.350452451,-24.729578862
2523.366682169,140.179072920,-139.350115423,-24.729498872
2524.368098636,139.179249807,-139.342983991,-24.673482582
2525.368312932,138.179444072,-139.332492716,-24.646891904
2526.368800944,137.179635591,-139.322263196,-24.682312516
2527.369288955,136.179827111,-139.312033676,-24.717733129
2528.369219388,135.180104973,-139.295940940,-24.730284695
2529.369080268,134.180428814,-139.276725910,-24.730657976
2530.368941148,133.180752655,-139.257510879,-24.731031258
2531.368802028,132.181076496,-139.238295849,-24.731404540
2532.368659518,131.181425586,-139.217976299,-24.731820955
2533.368520543,130.181915653,-139.191489844,-24.732478198
2534.368381570,129.182405719,-139.165003388,-24.733135441
2535.368242596,128.182895785,-139.138516933,-24.733792683
2536.368103623,127.183385851,-139.112030477,-24.734449926
2537.367964649,126.183875917,-139.085544021,-24.735107168
2538.367825676,125.184365983,-139.059057566,-24.735764411
2539.367686703,124.184856049,-139.032571110,-24.736421653
2540.367547407,123.185383109,-139.004741063,-24.737292988
2541.367408705,122.185930011,-138.976190285,-24.738279167
2542.367270002,121.186476914,-138.947639506,-24.739265345
2543.367131298,120.187023817,-138.919088728,-24.740251524
2544.366992595,119.187570720,-138.890537949,-24.741237702
2545.366853892,118.188117623,-138.861987171,-24.742223881
2546.366715188,117.188664526,-138.833436393,-24.743210059
2547.366576485,116.189211429,-138.804885614,-24.744196238
2548.366437782,115.189758332,-138.776334836,-24.745182416
2549.366299116,114.190306293,-138.747747187,-24.746210460
2550.366160729,113.190860269,-138.718949850,-24.747476601
2551.366022341,112.191414246,-138.690152514,-24.748742742
2552.365883954,111.191968222,-138.661355177,-24.750008882
2553.365745565,110.192522199,-138.632557840,-24.751275023
2554.365607177,109.193076176,-138.603760504,-24.752541164
2555.365468790,108.193630152,-138.574963167,-24.753807304
2556.365330401,107.194184129,-138.546165830,-24.755073445
2557.365192013,106.194738106,-138.517368494,-24.756339586
2558.365053626,105.195292082,-138.488571157,-24.757605726
2559.364915306,104.195827748,-138.460420550,-24.759008315
2560.364777207,103.196353476,-138.432620905,-24.760484951
2561.364639108,102.196879204,-138.404821259,-24.761961587
2562.364501009,101.197404932,-138.377021613,-24.763438223
2563.364362909,100.197930661,-138.349221968,-24.764914859
2564.364224810,99.198456389,-138.321422322,-24.766391495
2565.364086711,98.198982117,-138.293622677,-24.767868131
2566.363948612,97.199507845,-138.265823031,-24.769344766
2567.363810513,96.200033573,-138.238023386,-24.770821402
2568.363672400,95.200555799,-138.210351684,-24.772321119
2569.363534545,94.201057682,-138.183423001,-24.773954875
2570.363396691,93.201559564,-138.156494318,-24.775588631
2571.363258836,92.202061447,-138.129565635,-24.777222387
2572.363120982,91.202563352,-138.102636127,-24.778856861
2573.362983130,90.203065272,-138.075706061,-24.780491820
2574.362845277,89.203567192,-138.048775995,-24.782126780
2575.362707423,88.204069113,-138.021845930,-24.783761739
2576.362569570,87.204571033,-137.994915864,-24.785396699
2577.362431718,86.205072953,-137.967985798,-24.787031658
2578.362293989,85.205572415,-137.941147205,-24.788742427
2579.362156336,84.206070527,-137.914358830,-24.790494814
2580.362018681,83.206568640,-137.887570455,-24.792247202
2581.361881028,82.207066752,-137.860782080,-24.793999589
2582.361743373,81.207564865,-137.833993705,-24.795751977
2583.361605720,80.208062977,-137.807205330,-24.797504364
2584.361468066,79.208561089,-137.780416955,-24.799256752
2585.361330412,78.209059202,-137.753628580,-24.801009140
2586.361192758,77.209557314,-137.726840205,-24.802761527
2587.361054554,76.210067863,-137.699612792,-24.804526516
2588.360917057,75.210652182,-137.669780966,-24.806366261
2589.360779560,74.211236502,-137.639949141,-24.808206006
2590.360642063,73.211820821,-137.610117315,-24.810045750
2591.360504566,72.212405141,-137.580285490,-24.811885495
2592.360367069,71.212989460,-137.550453664,-24.813725239
2593.360229572,70.213573780,-137.520621839,-24.815564984
2594.360092075,69.214158099,-137.490790013,-24.817404728
2595.359954578,68.214742419,-137.460958188,-24.819244473
2596.359817081,67.215326738,-137.431126362,-24.821084218
2597.359679384,66.215941614,-137.400296819,-24.822965240
2598.359542007,65.216573460,-137.368913182,-24.824869186
2599.359404630,64.217205306,-137.337529545,-24.826773131
2600.359267253,63.217837152,-137.306145908,-24.828677077
2601.359129876,62.218468998,-137.274762271,-24.830581023
2602.358992499,61.219100844,-137.243378634,-24.832484969
2603.358855123,60.219732689,-137.211994998,-24.834388915
2604.358717746,59.220364535,-137.180611361,-24.836292861
2605.358580369,58.220996381,-137.149227724,-24.838196807
2606.358442391,57.221643062,-137.117394466,-24.840107142
2607.358305102,56.222379659,-137.082835921,-24.842056207
2608.358167812,55.223116257,-137.048277376,-24.844005273
2609.358030521,54.223852855,-137.013718831,-24.845954338
2610.357893232,53.224589452,-136.979160286,-24.847903403
2611.357755942,52.225326050,-136.944601740,-24.849852469
2612.357618652,51.226062648,-136.910043195,-24.851801534
2613.357481363,50.226799245,-136.875484650,-24.853750600
2614.357340840,49.227662912,-136.837515053,-24.855718239
2615.357203606,48.228597874,-136.797631613,-24.857696299
2616.357066374,47.229532835,-136.757748172,-24.859674359
2617.356929141,46.230467796,-136.717864732,-24.861652419
2618.356791907,45.231402758,-136.677981292,-24.863630480
2619.356654675,44.232337719,-136.638097852,-24.865608540
2620.356512735,43.233449316,-136.594119037,-24.867599179
2621.356375542,42.234660374,-136.547834149,-24.869596901
2622.356238348,41.235871433,-136.501549261,-24.871594623
2623.356101153,40.237082492,-136.455264373,-24.873592345
2624.355963960,39.238293550,-136.408979485,-24.875590067
2625.355821068,38.239728625,-136.358202480,-24.877595461
2626.355683898,37.241290222,-136.304888357,-24.879605188
2627.355546728,36.242851819,-136.251574234,-24.881614915
2628.355409558,35.244413416,-136.198260111,-24.883624642
2629.355272388,34.245975013,-136.144945988,-24.885634369
2630.355129167,33.247800035,-136.087013010,-24.887649317
2631.354992013,32.249774277,-136.026463642,-24.889667221
2632.354854859,31.251748519,-135.965914274,-24.891685126
2633.354717707,30.253722760,-135.905364906,-24.893703030
2634.354580553,29.255697002,-135.844815538,-24.895720935
2635.354440899,28.257728237,-135.783374635,-24.897738666
2636.354303743,27.260116597,-135.716347367,-24.899755311
2637.354166587,26.262504956,-135.649320098,-24.901771956
2638.354029431,25.264893316,-135.582292829,-24.903788601
2639.353892275,24.267281675,-135.515265561,-24.905805247
2640.353755120,23.269670034,-135.448238292,-24.907821892
2641.353617963,22.272058394,-135.381211023,-24.909838537
2642.353478921,21.274622190,-135.311648292,-24.911833684
2643.353341698,20.277286076,-135.240639024,-24.913816567
2644.353204475,19.279949962,-135.169629756,-24.915799449
2645.353067251,18.282613848,-135.098620488,-24.917782332
2646.352930028,17.285277734,-135.027611220,-24.919765215
2647.352792805,16.287941620,-134.956601952,-24.921748097
2648.352655581,15.290605506,-134.885592684,-24.923730980
2649.352518358,14.293269392,-134.814583416,-24.925713862
2650.352381135,13.295933278,-134.743574149,-24.927696745
2651.352243620,12.298617896,-134.672278003,-24.929665946
2652.352106201,11.301434883,-134.599150182,-24.931547790
2653.351968782,10.304251870,-134.526022361,-24.933429634
2654.351831364,9.307068856,-134.452894540,-24.935311479
2655.351693945,8.309885843,-134.379766720,-24.937193323
2656.351556526,7.312702830,-134.306638899,-24.939075167
2657.351419108,6.315519816,-134.233511078,-24.940957011
2658.351281689,5.318336803,-134.160383257,-24.942838856
2659.351144270,4.321153790,-134.087255436,-24.944720700
2660.351006852,3.323970776,-134.014127616,-24.946602544
2661.350866824,2.327006771,-133.938104288,-24.948388441
2662.350729132,1.330169144,-133.860410102,-24.950118972
2663.350591440,0.333331518,-133.782715917,-24.951849502
2664.350453748,-0.663506109,-133.705021731,-24.953580033
2665.350316056,-1.660343735,-133.627327546,-24.955310564
2666.350178364,-2.657181362,-133.549633361,-24.957041094
2667.350037989,-3.653945863,-133.471040248,-24.958750241
2668.349900031,-4.650234487,-133.386597271,-24.960320234
2669.349762074,-5.646523112,-133.302154293,-24.961890226
2670.349624118,-6.642811737,-133.217711316,-24.963460218
2671.349486166,-7.639100258,-133.133267115,-24.965033796
2672.349343790,-8.635285783,-133.047667767,-24.966588928
2673.349205605,-9.630797526,-132.954511931,-24.968006235
2674.349067420,-10.626309269,-132.861356094,-24.969423543
2675.348929235,-11.621821012,-132.768200258,-24.970840850
2676.348785659,-12.617207655,-132.673773843,-24.972238507
2677.348647274,-13.611771432,-132.570989925,-24.973506905
2678.348508890,-14.606335209,-132.468206006,-24.974775304
2679.348370505,-15.600898986,-132.365422088,-24.976043702
2680.348218690,-16.594732625,-132.255924488,-24.977212883
2681.348080118,-17.588140185,-132.142509057,-24.978324165
2682.347941546,-18.581547745,-132.029093625,-24.979435447
2683.347795677,-19.574779034,-131.914208004,-24.980523895
2684.347656927,-20.566841290,-131.789572053,-24.981460911
2685.347518176,-21.558903546,-131.664936103,-24.982397926
2686.347379425,-22.550965802,-131.540300153,-24.983334942
2687.347226331,-23.542120965,-131.408753140,-24.984147665
2688.347087415,-24.532744648,-131.273156832,-24.984887565
2689.346948499,-25.523368331,-131.137560524,-24.985627464
2690.346802602,-26.513788421,-131.000535838,-24.986339866
2691.346663551,-27.502846903,-130.853958356,-24.986868368
2692.346524501,-28.491905386,-130.707380875,-24.987396870
2693.346385452,-29.480963869,-130.560803394,-24.987925372
2694.346232117,-30.468965213,-130.407354541,-24.988309980
2695.346092973,-31.456344674,-130.249863459,-24.988609939
2696.345953828,-32.443724134,-130.092372376,-24.988909898
2697.345808801,-33.430889083,-129.933579240,-24.989177393
2698.345669614,-34.416607445,-129.766005517,-24.989225958
2699.345530425,-35.402325806,-129.598431794,-24.989274522
2700.345391237,-36.388044167,-129.430858071,-24.989323087
2701.345241848,-37.372750201,-129.257493560,-24.989190262
2702.345102687,-38.356858279,-129.080708572,-24.988950295
2703.344963526,-39.340966356,-128.903923584,-24.988710327
2704.344824366,-40.325074434,-128.727138595,-24.988470360
2705.344677151,-41.308233559,-128.545194962,-24.987980320
2706.344538165,-42.290830861,-128.360197170,-24.987342226
2707.344399179,-43.273428162,-128.175199377,-24.986704132
2708.344260193,-44.256025464,-127.990201585,-24.986066037
2709.344121206,-45.238622765,-127.805203793,-24.985427943
2710.343981096,-46.221109884,-127.619628117,-24.984701143
2711.343842796,-47.202842100,-127.430093173,-24.983366592
2712.343704498,-48.184574317,-127.240558229,-24.982032040
2713.343566199,-49.166306534,-127.051023285,-24.980697489
2714.343427900,-50.148038750,-126.861488341,-24.979362937
2715.343289601,-51.129770967,-126.671953397,-24.978028386
2716.343151302,-52.111503184,-126.482418453,-24.976693834
2717.343013003,-53.093235400,-126.292883509,-24.975359283
2718.342874704,-54.074967617,-126.103348566,-24.974024731
2719.342736405,-55.056699834,-125.913813622,-24.972690180
2720.342596514,-56.037881185,-125.721460118,-24.970813172
2721.342459747,-57.018733491,-125.527423027,-24.968612143
2722.342322980,-57.999585798,-125.333385935,-24.966411113
2723.342186213,-58.980438104,-125.139348843,-24.964210084
2724.342049446,-59.961290411,-124.945311751,-24.962009055
2725.341912679,-60.942142717,-124.751274660,-24.959808026
2726.341775912,-61.922995024,-124.557237568,-24.957606997
2727.341638076,-62.903728225,-124.362605978,-24.955309408
2728.341503307,-63.883627772,-124.163813330,-24.952335975
2729.341368539,-64.863527320,-123.965020682,-24.949362542
2730.341233771,-65.843426868,-123.766228034,-24.946389109
2731.341099002,-66.823326415,-123.567435386,-24.943415676
2732.340964234,-67.803225963,-123.368642738,-24.940442243
2733.340829465,-68.783125510,-123.169850090,-24.937468810
2734.340691813,-69.762265775,-122.967371811,-24.934062659
2735.340559347,-70.740948734,-122.762673726,-24.930395887
2736.340426881,-71.719631693,-122.557975641,-24.926729115
2737.340294414,-72.698314652,-122.353277557,-24.923062343
2738.340161948,-73.676997611,-122.148579472,-24.919395571
2739.340027787,-74.655523812,-121.943143186,-24.915640514
2740.339898201,-75.632935999,-121.732460827,-24.911258045
2741.339768616,-76.610348186,-121.521778467,-24.906875576
2742.339639030,-77.587760373,-121.311096107,-24.902493108
2743.339509445,-78.565172560,-121.100413747,-24.898110639
2744.339379860,-79.542584747,-120.889731387,-24.893728170
2745.339250274,-80.519996934,-120.679049027,-24.889345702
2746.339120437,-81.496727604,-120.465243877,-24.884355879
2747.338995605,-82.473044905,-120.249544622,-24.878997670
2748.338870773,-83.449362206,-120.033845367,-24.873639462
2749.338745940,-84.425679506,-119.818146112,-24.868281253
2750.338621107,-85.401996807,-119.602446858,-24.862923044
2751.338496275,-86.378314108,-119.386747603,-24.857564836
2752.338371442,-87.354631408,-119.171048348,-24.852206627
2753.338246610,-88.330948709,-118.955349093,-24.846848418
2754.338121777,-89.307266010,-118.739649838,-24.841490210
2755.337997630,-90.283551850,-118.523808588,-24.835991748
2756.337879671,-91.259609458,-118.306937230,-24.829475814
2757.337761713,-92.235667066,-118.090065872,-24.822959880
2758.337643755,-93.211724674,-117.873194514,-24.816443946
2759.337525797,-94.187782282,-117.656323156,-24.809928012
2760.337407838,-95.163839890,-117.439451798,-24.803412078
2761.337289881,-96.139897499,-117.222580440,-24.796896143
2762.337171923,-97.115955107,-117.005709082,-24.790380209
2763.337053965,-98.092012715,-116.788837724,-24.783864275
2764.336936007,-99.068070323,-116.571966366,-24.777348341
2765.336822747,-100.044008196,-116.354557256,-24.770134392
2766.336712762,-101.019872628,-116.136818306,-24.762492304
2767.336602778,-101.995737061,-115.919079356,-24.754850215
2768.336492792,-102.971601493,-115.701340406,-24.747208126
2769.336382807,-103.947465925,-115.483601456,-24.739566037
2770.336272822,-104.923330357,-115.265862506,-24.731923949
2771.336162836,-105.899194789,-115.048123556,-24.724281860
2772.336052851,-106.875059221,-114.830384606,-24.716639771
2773.335942866,-107.850923653,-114.612645656,-24.708997682
2774.335833845,-108.826774857,-114.394847491,-24.701228637
2775.335732623,-109.802527650,-114.176608798,-24.692515109
2776.335631401,-110.778280443,-113.958370105,-24.683801582
2777.335530179,-111.754033236,-113.740131412,-24.675088055
2778.335428956,-112.729786029,-113.521892720,-24.666374528
2779.335327734,-113.705538822,-113.303654027,-24.657661000
2780.335226513,-114.681291616,-113.085415334,-24.648947473
2781.335125290,-115.657044409,-112.867176642,-24.640233946
2782.335024068,-116.632797202,-112.648937949,-24.631520419
2783.334922846,-117.608549995,-112.430699256,-24.622806891
2784.334827000,-118.584470880,-112.213214325,-24.613476929
2785.334734981,-119.560496032,-111.996196944,-24.603764599
2786.334642961,-120.536521184,-111.779179563,-24.594052268
2787.334550941,-121.512546335,-111.562162183,-24.584339938
2788.334458922,-122.488571487,-111.345144802,-24.574627607
2789.334366903,-123.464596639,-111.128127421,-24.564915277
2790.334274883,-124.440621790,-110.911110041,-24.555202946
2791.334182864,-125.416646942,-110.694092660,-24.545490616
2792.334090845,-126.392672094,-110.477075279,-24.535778285
2793.333999797,-127.368723398,-110.260175807,-24.525960728
2794.333917013,-128.344974294,-110.044176205,-24.515340095
2795.333834228,-129.321225190,-109.828176603,-24.504719461
2796.333751444,-130.297476086,-109.612177000,-24.494098828
2797.333668660,-131.273726982,-109.396177398,-24.483478194
2798.333585875,-132.249977878,-109.180177795,-24.472857561
2799.333503091,-133.226228774,-108.964178193,-24.462236928
2800.333420307,-134.202479670,-108.748178590,-24.451616294
2801.333337522,-135.178730566,-108.532178988,-24.440995661
2802.333254738,-136.154981462,-108.316179385,-24.430375027
2803.333176733,-137.130953294,-108.098924730,-24.419266717
2804.333102693,-138.106750084,-107.880882839,-24.407852511
2805.333028652,-139.082546873,-107.662840949,-24.396438304
2806.332954612,-140.058343663,-107.444799059,-24.385024098
2807.332880571,-141.034140452,-107.226757168,-24.373609892
2808.332806530,-142.009937241,-107.008715278,-24.362195686
2809.332732490,-142.985734031,-106.790673387,-24.350781479
2810.332658449,-143.961530820,-106.572631497,-24.339367273
2811.332584409,-144.937327610,-106.354589606,-24.327953067
2812.332511174,-145.913151106,-106.136667543,-24.316463316
2813.332444973,-146.889183792,-105.919684050,-24.304381843
2814.332378772,-147.865216478,-105.702700558,-24.292300370
2815.332312571,-148.841249164,-105.485717066,-24.280218898
2816.332246370,-149.817281851,-105.268733574,-24.268137425
2817.332180169,-150.793314537,-105.051750081,-24.256055952
2818.332113968,-151.769347223,-104.834766589,-24.243974480
2819.332047767,-152.745379909,-104.617783097,-24.231893007
2820.331981566,-153.721412595,-104.400799605,-24.219811534
2821.331915365,-154.697445281,-104.183816112,-24.207730062
2822.331853240,-155.673400106,-103.966482872,-24.195312414
2823.331793829,-156.649305547,-103.748927794,-24.182681536
2824.331734417,-157.625210987,-103.531372715,-24.170050658
2825.331675005,-158.601116427,-103.313817636,-24.157419780
2826.331615593,-159.577021867,-103.096262558,-24.144788902
2827.331556180,-160.552927307,-102.878707479,-24.132158024
2828.331496768,-161.528832747,-102.661152401,-24.119527146
2829.331437356,-162.504738187,-102.443597322,-24.106896268
2830.331377944,-163.480643627,-102.226042244,-24.094265390
2831.331319168,-164.456544816,-102.008468102,-24.081584122
2832.331265616,-165.432411805,-101.790740614,-24.068497522
2833.331212065,-166.408278795,-101.573013126,-24.055410923
2834.331158512,-167.384145784,-101.355285638,-24.042324323
2835.331104961,-168.360012774,-101.137558150,-24.029237723
2836.331051409,-169.335879763,-100.919830662,-24.016151123
2837.330997858,-170.311746753,-100.702103174,-24.003064523
2838.330944305,-171.287613742,-100.484375687,-23.989977923
2839.330890754,-172.263480732,-100.266648199,-23.976891323
2840.330837203,-173.239347722,-100.048920711,-23.963804724
2841.330786753,-174.215290845,-99.831534921,-23.950480229
2842.330738388,-175.191282798,-99.614368284,-23.937003157
2843.330690022,-176.167274751,-99.397201647,-23.923526086
2844.330641656,-177.143266703,-99.180035010,-23.910049014
2845.330593291,-178.119258656,-98.962868373,-23.896571942
2846.330544926,-179.095250609,-98.745701736,-23.883094870
2847.330496561,-180.071242562,-98.528535099,-23.869617799
2848.330448196,-181.047234515,-98.311368462,-23.856140727
2849.330399831,-182.023226468,-98.094201825,-23.842663655
2850.330351885,-182.999187849,-97.876898214,-23.829149405
2851.330308222,-183.974896541,-97.658462436,-23.815327852
2852.330264559,-184.950605233,-97.440026659,-23.801506299
2853.330220895,-185.926313924,-97.221590881,-23.787684746
2854.330177232,-186.902022616,-97.003155103,-23.773863194
2855.330133569,-187.877731308,-96.784719326,-23.760041641
2856.330089906,-188.853440000,-96.566283548,-23.746220088
2857.330046242,-189.829148691,-96.347847770,-23.732398536
2858.330002579,-190.804857383,-96.129411992,-23.718576983
2859.329958892,-191.780565209,-95.910972347,-23.704757180
2860.329917742,-192.756373303,-95.692981373,-23.690750039
2861.329878384,-193.732246907,-95.475283533,-23.676620428
2862.329839027,-194.708120511,-95.257585692,-23.662490816
2863.329799668,-195.683994114,-95.039887852,-23.648361205
2864.329760311,-196.659867718,-94.822190012,-23.634231593
2865.329720953,-197.635741322,-94.604492172,-23.620101982
2866.329681596,-198.611614926,-94.386794331,-23.605972370
2867.329642238,-199.587488530,-94.169096491,-23.591842758
2868.329602880,-200.563362133,-93.951398651,-23.577713147
2869.329563923,-201.539245716,-93.733745588,-23.563554614
2870.329528484,-202.515214100,-93.516473055,-23.549150298
2871.329493046,-203.491182484,-93.299200522,-23.534745983
2872.329457608,-204.467150868,-93.081927988,-23.520341667
2873.329422169,-205.443119252,-92.864655455,-23.505937351
2874.329386731,-206.419087636,-92.647382922,-23.491533036
2875.329351293,-207.395056020,-92.430110389,-23.477128720
2876.329315854,-208.371024404,-92.212837856,-23.462724404
2877.329280416,-209.346992788,-91.995565323,-23.448320089
2878.329244977,-210.322961172,-91.778292790,-23.433915773
2879.329211414,-211.298749603,-91.560214521,-23.419366539
2880.329179461,-212.274420033,-91.341607905,-23.404722276
2881.329147507,-213.250090463,-91.123001290,-23.390078014
2882.329115553,-214.225760892,-90.904394674,-23.375433752
2883.329083600,-215.201431322,-90.685788058,-23.360789489
2884.329051647,-216.177101752,-90.467181442,-23.346145227
2885.329019694,-217.152772182,-90.248574826,-23.331500965
2886.328987741,-218.128442612,-90.029968210,-23.316856703
2887.328955788,-219.104113042,-89.811361594,-23.302212440
2888.328924137,-220.079783999,-89.592757331,-23.287547545
2889.328895148,-221.055459563,-89.374173633,-23.272702236
2890.328866160,-222.031135128,-89.155589936,-23.257856927
2891.328837172,-223.006810693,-88.937006238,-23.243011618
2892.328808182,-223.982486257,-88.718422541,-23.228166309
2893.328779194,-224.958161822,-88.499838844,-23.213321000
2894.328750205,-225.933837387,-88.281255146,-23.198475691
2895.328721216,-226.909512951,-88.062671449,-23.183630382
2896.328692228,-227.885188516,-87.844087752,-23.168785073
2897.328663238,-228.860864080,-87.625504054,-23.153939764
2898.328635547,-229.836472288,-87.406620062,-23.139005224
2899.328608773,-230.812035837,-87.187536966,-23.124011520
2900.328581998,-231.787599385,-86.968453869,-23.109017816
2901.328555223,-232.763162934,-86.749370773,-23.094024113
2902.328528448,-233.738726482,-86.530287676,-23.079030409
2903.328501674,-234.714290031,-86.311204580,-23.064036705
2904.328474899,-235.689853579,-86.092121484,-23.049043002
2905.328448125,-236.665417128,-85.873038387,-23.034049298
2906.328421350,-237.640980676,-85.653955291,-23.019055594
2907.328394657,-238.616565281,-85.434966167,-23.004053683
2908.328369116,-239.592339408,-85.216822883,-22.988977891
2909.328343576,-240.568113536,-84.998679600,-22.973902100
2910.328318035,-241.543887663,-84.780536316,-22.958826308
2911.328292495,-242.519661791,-84.562393033,-22.943750517
2912.328266954,-243.495435918,-84.344249749,-22.928674725
2913.328241414,-244.471210046,-84.126106466,-22.913598934
2914.328215874,-245.446984174,-83.907963182,-22.898523142
2915.328190333,-246.422758301,-83.689819898,-22.883447351
2916.328164793,-247.398532429,-83.471676615,-22.868371559
2917.328275466,-248.374130303,-83.252747418,-22.846007418
2918.328507544,-249.349610020,-83.033291358,-22.818757294
2919.328739622,-250.325089737,-82.813835298,-22.791507170
2920.328971699,-251.300569453,-82.594379238,-22.764257046
2921.329203777,-252.276049170,-82.374923178,-22.737006922
2922.329435855,-253.251528887,-82.155467118,-22.709756798
2923.329667933,-254.227008604,-81.936011058,-22.682506674
2924.329900011,-255.202488321,-81.716554998,-22.655256550
2925.330132089,-256.177968038,-81.497098938,-22.628006426
2926.333989552,-257.154405979,-81.281977485,-22.717569327
2927.333963155,-258.130102911,-81.063489189,-22.702550368
2928.333936760,-259.105799844,-80.845000894,-22.687531408
2929.333910364,-260.081496777,-80.626512598,-22.672512449
2930.333883968,-261.057193710,-80.408024303,-22.657493490
2931.333857573,-262.032890643,-80.189536007,-22.642474531
2932.333831177,-263.008587576,-79.971047712,-22.627455572
2933.333804782,-263.984284509,-79.752559416,-22.612436613
2934.333778386,-264.959981442,-79.534071120,-22.597417654
2935.333751991,-265.935678375,-79.315582825,-22.582398695
2936.333724542,-266.911369057,-79.097066620,-22.567449982
2937.333696383,-267.887055503,-78.878531496,-22.552548885
2938.333668224,-268.862741948,-78.659996372,-22.537647788
2939.333640065,-269.838428394,-78.441461248,-22.522746691
2940.333611906,-270.814114839,-78.222926125,-22.507845594
2941.333583747,-271.789801285,-78.004391001,-22.492944497
2942.333555588,-272.765487730,-77.785855877,-22.478043399
2943.333527429,-273.741174176,-77.567320754,-22.463142302
2944.333499270,-274.716860621,-77.348785630,-22.448241205
2945.333470869,-275.692546348,-77.130247298,-22.433356353
2946.333440168,-276.668225205,-76.911678298,-22.418626810
2947.333409469,-277.643904063,-76.693109298,-22.403897267
2948.333378768,-278.619582920,-76.474540298,-22.389167725
2949.333348067,-279.595261777,-76.255971297,-22.374438182
2950.333317366,-280.570940634,-76.037402297,-22.359708639
2951.333286665,-281.546619491,-75.818833297,-22.344979097
2952.333255964,-282.522298348,-75.600264297,-22.330249554
2953.333225265,-283.497977206,-75.381695296,-22.315520011
2954.333194564,-284.473656063,-75.163126296,-22.300790469
2955.333160362,-285.448863430,-74.942470242,-22.286192718
2956.333126414,-286.423747701,-74.720384003,-22.271685279
2957.333092467,-287.398631973,-74.498297765,-22.257177840
2958.333058520,-288.373516245,-74.276211526,-22.242670401
2959.333024571,-289.348400516,-74.054125288,-22.228162962
2960.332990624,-290.323284788,-73.832039049,-22.213655524
2961.332956676,-291.298169059,-73.609952811,-22.199148085
2962.332922729,-292.273053331,-73.387866572,-22.184640646
2963.332888781,-293.247937602,-73.165780334,-22.170133207
2964.332853719,-294.222912043,-72.944094017,-22.155645529
2965.332816680,-295.198775920,-72.726352579,-22.141352769
2966.332779640,-296.174639797,-72.508611142,-22.127060010
2967.332742601,-297.150503674,-72.290869704,-22.112767251
2968.332705562,-298.126367551,-72.073128266,-22.098474492
2969.332668523,-299.102231428,-71.855386828,-22.084181733
2970.332631484,-300.078095305,-71.637645390,-22.069888973
2971.332594445,-301.053959182,-71.419903952,-22.055596214
2972.332557406,-302.029823059,-71.202162515,-22.041303455
2973.332520366,-303.005686936,-70.984421077,-22.027010696
2974.332482030,-303.981711304,-70.767401043,-22.012795655
2975.332443119,-304.957846862,-70.550880810,-21.998634459
2976.332404208,-305.933982421,-70.334360577,-21.984473263
2977.332365298,-306.910117980,-70.117840344,-21.970312067
2978.332326386,-307.886253538,-69.901320111,-21.956150871
2979.332287476,-308.862389097,-69.684799878,-21.941989675
2980.332248565,-309.838524656,-69.468279645,-21.927828479
2981.332209653,-310.814660214,-69.251759412,-21.913667283
2982.332170743,-311.790795773,-69.035239179,-21.899506087
2983.332131639,-312.766901105,-68.818583176,-21.885351574
2984.332091672,-313.742698618,-68.600544524,-21.871265110
2985.332051706,-314.718496131,-68.382505871,-21.857178647
2986.332011739,-315.694293644,-68.164467219,-21.843092183
2987.331971773,-316.670091157,-67.946428566,-21.829005720
2988.331931806,-317.645888670,-67.728389914,-21.814919256
2989.331891840,-318.621686183,-67.510351262,-21.800832793
2990.331851874,-319.597483696,-67.292312609,-21.786746329
2991.331811907,-320.573281209,-67.074273957,-21.772659865
2992.331771941,-321.549078722,-66.856235305,-21.758573402
2993.331731263,-322.524676241,-66.637304870,-21.744516651
2994.331690586,-323.500133684,-66.417749826,-21.730480711
2995.331649909,-324.475591127,-66.198194783,-21.716444771
2996.331609233,-325.451048570,-65.978639739,-21.702408830
2997.331568556,-326.426506013,-65.759084696,-21.688372890
2998.331527879,-327.401963456,-65.539529652,-21.674336950
2999.331487202,-328.377420899,-65.319974609,-21.660301010
3000.331446525,-329.352878342,-65.100419565,-21.646265070
3001.331405848,-330.328335785,-64.880864521,-21.632229129
3002.331364960,-331.303830463,-64.661475669,-21.618197390
3003.331323604,-332.279717015,-64.443835881,-21.604209855
3004.331282249,-333.255603567,-64.226196093,-21.590222320
3005.331240894,-334.231490119,-64.008556304,-21.576234785
3006.331199539,-335.207376672,-63.790916516,-21.562247250
3007.331158184,-336.183263224,-63.573276728,-21.548259716
3008.331116829,-337.159149776,-63.355636939,-21.534272181
3009.331075473,-338.135036328,-63.137997151,-21.520284646
3010.331034118,-339.110922880,-62.920357363,-21.506297111
3011.330992763,-340.086809433,-62.702717575,-21.492309577
3012.330950779,-341.062539706,-62.484379050,-21.478354090
3013.330908659,-342.038159322,-62.265545770,-21.464421295
3014.330866539,-343.013778938,-62.046712489,-21.450488501
3015.330824421,-343.989398555,-61.827879209,-21.436555706
3016.330782301,-344.965018171,-61.609045929,-21.422622911
3017.330740181,-345.940637787,-61.390212649,-21.408690117
3018.330698063,-346.916257404,-61.171379369,-21.394757322
3019.330655943,-347.891877020,-60.952546088,-21.380824527
3020.330613823,-348.867496636,-60.733712808,-21.366891733
3021.330571622,-349.843110556,-60.514854152,-21.352964516
3022.330528582,-350.818662470,-60.295719251,-21.339098027
3023.330485541,-351.794214383,-60.076584350,-21.325231538
3024.330442499,-352.769766296,-59.857449449,-21.311365049
3025.330399458,-353.745318209,-59.638314547,-21.297498559
3026.330356417,-354.720870122,-59.419179646,-21.283632070
3027.330313376,-355.696422035,-59.200044745,-21.269765581
3028.330270335,-356.671973949,-58.980909844,-21.255899092
3029.330227294,-357.647525862,-58.761774943,-21.242032602
3030.330184253,-358.623077775,-58.542640041,-21.228166113
3031.330140582,-359.598666769,-58.323670331,-21.214344396
3032.330096478,-360.574282307,-58.104818869,-21.200554728
3033.330052375,-361.549897845,-57.885967407,-21.186765061
3034.330008272,-362.525513383,-57.667115945,-21.172975393
3035.329964168,-363.501128921,-57.448264484,-21.159185726
3036.329920065,-364.476744459,-57.229413022,-21.145396058
3037.329875962,-365.452359997,-57.010561560,-21.131606391
3038.329831858,-366.427975535,-56.791710098,-21.117816723
3039.329787755,-367.403591073,-56.572858636,-21.104027055
3040.329743548,-368.379196531,-56.353962298,-21.090244011
3041.329698328,-369.354688373,-56.134560141,-21.076535621
3042.329653106,-370.330180215,-55.915157985,-21.062827231
3043.329607886,-371.305672057,-55.695755828,-21.049118841
3044.329562664,-372.281163899,-55.476353672,-21.035410451
3045.329517444,-373.256655741,-55.256951515,-21.021702061
3046.329472227,-374.232147728,-55.037550003,-21.007993388
3047.329427013,-375.207639853,-54.818149107,-20.994284443
3048.329381800,-376.183131979,-54.598748210,-20.980575498
3049.329336586,-377.158624104,-54.379347314,-20.966866553
3050.329290645,-378.134172006,-54.160194664,-20.953209090
3051.329244219,-379.109760271,-53.941221655,-20.939588881
3052.329197793,-380.085348535,-53.722248645,-20.925968672
3053.329151367,-381.060936799,-53.503275635,-20.912348463
3054.329104941,-382.036525063,-53.284302626,-20.898728254
3055.329058516,-383.012113328,-53.065329616,-20.885108045
3056.329012090,-383.987701592,-52.846356606,-20.871487836
3057.328965664,-384.963289856,-52.627383597,-20.857867627
3058.328919238,-385.938878120,-52.408410587,-20.844247419
3059.328872690,-386.914478223,-52.189490408,-20.830634845
3060.328824951,-387.890216639,-51.971187443,-20.817111475
3061.328777211,-388.865955055,-51.752884478,-20.803588105
3062.328729470,-389.841693470,-51.534581514,-20.790064734
3063.328681730,-390.817431886,-51.316278549,-20.776541364
3064.328633989,-391.793170301,-51.097975584,-20.763017994
3065.328586249,-392.768908717,-50.879672619,-20.749494623
3066.328538509,-393.744647133,-50.661369654,-20.735971253
3067.328490768,-394.720385548,-50.443066689,-20.722447883
3068.328443028,-395.696123964,-50.224763724,-20.708924513
3069.328394396,-396.671818411,-50.006264395,-20.695466170
3070.328345139,-397.647480692,-49.787621414,-20.682055397
3071.328295883,-398.623142974,-49.568978434,-20.668644625
3072.328246626,-399.598805255,-49.350335453,-20.655233853
3073.328197369,-400.574467536,-49.131692472,-20.641823081
3074.328148113,-401.550129818,-48.913049492,-20.628412308
3075.328098856,-402.525792099,-48.694406511,-20.615001536
3076.328049599,-403.501454380,-48.475763531,-20.601590764
3077.328000343,-404.477116662,-48.257120550,-20.588179991
3078.327950947,-405.452778658,-48.038476298,-20.574779566
3079.327899878,-406.428437199,-47.819816627,-20.561504577
3080.327848810,-407.404095740,-47.601156957,-20.548229589
3081.327797741,-408.379754281,-47.382497286,-20.534954600
3082.327746673,-409.355412822,-47.163837615,-20.521679612
3083.327695604,-410.331071363,-46.945177944,-20.508404624
3084.327644536,-411.306729904,-46.726518274,-20.495129635
3085.327593467,-412.282388445,-46.507858603,-20.481854647
3086.327542399,-413.258046986,-46.289198932,-20.468579658
3087.327491330,-414.233705527,-46.070539261,-20.455304670
3088.327438986,-415.209383124,-45.851964650,-20.442125878
3089.327385711,-416.185074814,-45.633452940,-20.429018224
3090.327332434,-417.160766503,-45.414941230,-20.415910570
3091.327279158,-418.136458193,-45.196429521,-20.402802917
3092.327225882,-419.112149882,-44.977917811,-20.389695263
3093.327172607,-420.087841572,-44.759406101,-20.376587609
3094.327119330,-421.063533261,-44.540894392,-20.363479955
3095.327066055,-422.039224951,-44.322382682,-20.350372302
3096.327012778,-423.014916640,-44.103870972,-20.337264648
3097.326959237,-423.990585067,-43.885255741,-20.324171858
3098.326903332,-424.965960493,-43.665336624,-20.311266285
3099.326847428,-425.941335920,-43.445417507,-20.298360712
3100.326791523,-426.916711346,-43.225498390,-20.285455139
3101.326735618,-427.892086772,-43.005579272,-20.272549567
3102.326679714,-428.867462198,-42.785660155,-20.259643994
3103.326623809,-429.842837624,-42.565741038,-20.246738421
3104.326567905,-430.818213051,-42.345821920,-20.233832848
3105.326512000,-431.793588477,-42.125902803,-20.220927275
3106.326456096,-432.768963903,-41.905983686,-20.208021702
3107.326398042,-433.744121473,-41.685102209,-20.195255249
3108.326339028,-434.719116185,-41.463501328,-20.182592793
3109.326280016,-435.694110898,-41.241900448,-20.169930338
3110.326221003,-436.669105611,-41.020299567,-20.157267882
3111.326161991,-437.644100324,-40.798698686,-20.144605426
3112.326102978,-438.619095037,-40.577097806,-20.131942971
3113.326043965,-439.594089749,-40.355496925,-20.119280515
3114.325984952,-440.569084462,-40.133896045,-20.106618059
3115.325925940,-441.544079175,-39.912295164,-20.093955604
3116.325866649,-442.519085984,-39.690747598,-20.081313600
3117.325804025,-443.494251263,-39.469898515,-20.068939546
3118.325741402,-444.469416543,-39.249049431,-20.056565491
3119.325678778,-445.444581822,-39.028200347,-20.044191437
3120.325616155,-446.419747102,-38.807351264,-20.031817382
3121.325553532,-447.394912381,-38.586502180,-20.019443328
3122.325490909,-448.370077661,-38.365653096,-20.007069274
3123.325428285,-449.345242940,-38.144804012,-19.994695219
3124.325365662,-450.320408220,-37.923954929,-19.982321165
3125.325303040,-451.295573500,-37.703105845,-19.969947110
3126.325238039,-452.270819561,-37.482613991,-19.957762480
3127.325171356,-453.246126668,-37.262392083,-19.945720991
3128.325104672,-454.221433774,-37.042170175,-19.933679503
3129.325037989,-455.196740880,-36.821948267,-19.921638014
3130.324971305,-456.172047986,-36.601726360,-19.909596526
3131.324904622,-457.147355093,-36.381504452,-19.897555037
3132.324837939,-458.122662199,-36.161282544,-19.885513548
3133.324771255,-459.097969305,-35.941060636,-19.873472060
3134.324704572,-460.073276412,-35.720838728,-19.861430571
3135.324637503,-461.048558001,-35.500504258,-19.849413545
3136.324566569,-462.023491336,-35.278633501,-19.837730387
3137.324495635,-462.998424671,-35.056762744,-19.826047229
3138.324424700,-463.973358006,-34.834891987,-19.814364072
3139.324353766,-464.948291341,-34.613021230,-19.802680914
3140.324282832,-465.923224676,-34.391150473,-19.790997756
3141.324211904,-466.898158299,-34.169280985,-19.779314013
3142.324140984,-467.873092214,-33.947412776,-19.767629679
3143.324070063,-468.848026129,-33.725544567,-19.755945345
3144.323999142,-469.822960043,-33.503676358,-19.744261010
3145.323925336,-470.797622638,-33.280621801,-19.732776972
3146.323850349,-471.772077993,-33.056661088,-19.721445924
3147.323775363,-472.746533348,-32.832700374,-19.710114876
3148.323700376,-473.720988703,-32.608739661,-19.698783827
3149.323625390,-474.695444058,-32.384778947,-19.687452779
3150.323550404,-475.669899414,-32.160818234,-19.676121731
3151.323475418,-476.644354769,-31.936857520,-19.664790682
3152.323400431,-477.618810124,-31.712896807,-19.653459634
3153.323325445,-478.593265479,-31.488936093,-19.642128586
3154.323249906,-479.567673065,-31.264769062,-19.630818119
3155.323171415,-480.541400496,-31.037664393,-19.619800691
3156.323092924,-481.515127927,-30.810559725,-19.608783264
3157.323014433,-482.488855358,-30.583455056,-19.597765836
3158.322935941,-483.462582788,-30.356350387,-19.586748408
3159.322857450,-484.436310219,-30.129245719,-19.575730981
3160.322778959,-485.410037650,-29.902141050,-19.564713553
3161.322700468,-486.383765081,-29.675036381,-19.553696126
3162.322621977,-487.357492512,-29.447931712,-19.542678698
3163.322543486,-488.331219943,-29.220827044,-19.531661271
3164.322463394,-489.304782572,-28.993017818,-19.520771550
3165.322382435,-490.278217963,-28.764664628,-19.509980428
3166.322301476,-491.251653354,-28.536311438,-19.499189306
3167.322220517,-492.225088746,-28.307958248,-19.488398184
3168.322139558,-493.198524137,-28.079605058,-19.477607062
3169.322058599,-494.171959528,-27.851251869,-19.466815940
3170.321977639,-495.145394919,-27.622898679,-19.456024817
3171.321896680,-496.118830310,-27.394545489,-19.445233695
3172.321815722,-497.092265702,-27.166192299,-19.434442573
3173.321734485,-498.065662146,-26.937674083,-19.423657373
3174.321652516,-499.038479174,-26.706700772,-19.412960281
3175.321570546,-500.011296202,-26.475727462,-19.402263188
3176.321488577,-500.984113230,-26.244754152,-19.391566096
3177.321406607,-501.956930258,-26.013780842,-19.380869004
3178.321324638,-502.929747286,-25.782807532,-19.370171911
3179.321242668,-503.902564314,-25.551834221,-19.359474819
3180.321159111,-504.875272969,-25.320411907,-19.348775419
3181.321077540,-505.846342491,-25.082198509,-19.338041125
3182.320995969,-506.817412013,-24.843985111,-19.327306830
3183.320914399,-507.788481536,-24.605771713,-19.316572536
3184.320832828,-508.759551058,-24.367558315,-19.305838241
3185.320751257,-509.730620580,-24.129344917,-19.295103946
3186.320669687,-510.701690103,-23.891131519,-19.284369652
3187.320588116,-511.672759625,-23.652918121,-19.273635357
3188.320506545,-512.643829147,-23.414704723,-19.262901063
3189.320424975,-513.614898670,-23.176491326,-19.252166768
3190.320344665,-514.585959116,-22.938240933,-19.241315622
3191.320265353,-515.557012450,-22.699961556,-19.230372921
3192.320186041,-516.528065785,-22.461682178,-19.219430220
3193.320106729,-517.499119119,-22.223402800,-19.208487520
3194.320027418,-518.470172454,-21.985123423,-19.197544819
3195.319948106,-519.441225788,-21.746844045,-19.186602118
3196.319868795,-520.412279123,-21.508564668,-19.175659418
3197.319789483,-521.383332457,-21.270285290,-19.164716717
3198.319710171,-522.354385792,-21.032005912,-19.153774016
3199.319631043,-523.325418965,-20.793644624,-19.142809442
3200.319555830,-524.296132785,-20.553985866,-19.131498380
3201.319480617,-525.266846605,-20.314327109,-19.120187318
3202.319405405,-526.237560425,-20.074668351,-19.108876256
3203.319330192,-527.208274244,-19.835009593,-19.097565194
3204.319254979,-528.178988064,-19.595350836,-19.086254132
3205.319179766,-529.149701884,-19.355692078,-19.074943071
3206.319104554,-530.120415704,-19.116033321,-19.063632009
3207.319029341,-531.091129524,-18.876374563,-19.052320947
3208.318954129,-532.061843344,-18.636715805,-19.041009885
3209.318881889,-533.032460167,-18.396664783,-19.029433343
3210.318812171,-534.003000178,-18.156303123,-19.017646564
3211.318742453,-534.973540189,-17.915941463,-19.005859785
3212.318672735,-535.944080200,-17.675579803,-18.994073007
3213.318603016,-536.914620210,-17.435218143,-18.982286228
3214.318533298,-537.885160221,-17.194856482,-18.970499449
3215.318463580,-538.855700232,-16.954494822,-18.958712670
3216.318393862,-539.826240243,-16.714133162,-18.946925892
3217.318324143,-540.796780253,-16.473771502,-18.935139113
3218.318254771,-541.767314541,-16.233386751,-18.923322653
3219.318191355,-542.737753676,-15.992618140,-18.911012772
3220.318127941,-543.708192812,-15.751849528,-18.898702892
3221.318064525,-544.678631947,-15.511080916,-18.886393011
3222.318001110,-545.649071083,-15.270312305,-18.874083130
3223.317937694,-546.619510218,-15.029543693,-18.861773250
3224.317874279,-547.589949354,-14.788775081,-18.849463369
3225.317810864,-548.560388490,-14.548006470,-18.837153488
3226.317747448,-549.530827625,-14.307237858,-18.824843607
3227.317684033,-550.501266761,-14.066469246,-18.812533727
3228.317623209,-551.472089496,-13.827256368,-18.799933321
3229.317566370,-552.443219269,-13.589288711,-18.787100377
3230.317509531,-553.414349041,-13.351321054,-18.774267432
3231.317452691,-554.385478813,-13.113353396,-18.761434488
3232.317395852,-555.356608585,-12.875385739,-18.748601544
3233.317339012,-556.327738357,-12.637418082,-18.735768599
3234.317282173,-557.298868129,-12.399450425,-18.722935655
3235.317225334,-558.269997901,-12.161482767,-18.710102711
3236.317168494,-559.241127673,-11.923515110,-18.697269766
3237.317111762,-560.212219636,-11.685394123,-18.684411557
3238.317061025,-561.182650564,-11.444592432,-18.671111634
3239.317010314,-562.153081404,-11.203790389,-18.657809686
3240.316959633,-563.123512152,-10.962987970,-18.644505576
3241.316908952,-564.093942899,-10.722185551,-18.631201466
3242.316858270,-565.064373646,-10.481383133,-18.617897356
3243.316807589,-566.034804394,-10.240580714,-18.604593246
3244.316756907,-567.005235141,-9.999778296,-18.591289136
3245.316706225,-567.975665888,-9.758975877,-18.577985026
3246.316655544,-568.946096636,-9.518173458,-18.564680916
3247.316607655,-569.916489035,-9.277216593,-18.551167741
3248.316562077,-570.886850410,-9.036134778,-18.537485429
3249.316516500,-571.857211786,-8.795052962,-18.523803117
3250.316470922,-572.827573161,-8.553971146,-18.510120805
3251.316425343,-573.797934536,-8.312889331,-18.496438493
3252.316379765,-574.768295911,-8.071807515,-18.482756181
3253.316334187,-575.738657286,-7.830725699,-18.469073869
3254.316288609,-576.709018661,-7.589643884,-18.455391557
3255.316243030,-577.679380036,-7.348562068,-18.441709245
3256.316197434,-578.649775609,-7.107618718,-18.428014636
3257.316155154,-579.620801439,-6.869227278,-18.414093408
3258.316112873,-580.591827268,-6.630835838,-18.400172180
3259.316070592,-581.562853098,-6.392444399,-18.386250952
3260.316028311,-582.533878927,-6.154052959,-18.372329724
3261.315986031,-583.504904757,-5.915661519,-18.358408495
3262.315943750,-584.475930586,-5.677270079,-18.344487267
3263.315901470,-585.446956416,-5.438878639,-18.330566039
3264.315859189,-586.417982245,-5.200487199,-18.316644811
3265.315816909,-587.389008075,-4.962095760,-18.302723583
3266.315775005,-588.360103354,-4.723987529,-18.288772831
3267.315733473,-589.331255421,-4.486110875,-18.274797938
3268.315691942,-590.302407489,-4.248234221,-18.260823045
3269.315650410,-591.273559556,-4.010357567,-18.246848153
3270.315608877,-592.244711623,-3.772480914,-18.232873260
3271.315567345,-593.215863690,-3.534604260,-18.218898367
3272.315525814,-594.187015758,-3.296727606,-18.204923475
3273.315484282,-595.158167825,-3.058850952,-18.190948582
3274.315442750,-596.129319892,-2.820974298,-18.176973689
3275.315401117,-597.100462852,-2.583060525,-18.163005014
3276.315357813,-598.071428390,-2.344423637,-18.149157470
3277.315314509,-599.042393928,-2.105786750,-18.135309925
3278.315271206,-600.013359466,-1.867149862,-18.121462381
3279.315227902,-600.984325004,-1.628512974,-18.107614837
3280.315184599,-601.955290542,-1.389876086,-18.093767292
3281.315141295,-602.926256080,-1.151239198,-18.079919748
3282.315097992,-603.897221618,-0.912602310,-18.066072204
3283.315054688,-604.868187156,-0.673965422,-18.052224659
3284.315011384,-605.839152694,-0.435328535,-18.038377115
3285.314965864,-606.809968821,-0.196085216,-18.024678812
3286.314918823,-607.780661463,0.043659306,-18.011103854
3287.314871781,-608.751354104,0.283403827,-17.997528895
3288.314824740,-609.722046746,0.523148348,-17.983953937
3289.314777699,-610.692739388,0.762892870,-17.970378979
3290.314730658,-611.663432030,1.002637391,-17.956804021
3291.314683616,-612.634124671,1.242381912,-17.943229063
3292.314636575,-613.604817313,1.482126433,-17.929654104
3293.314589534,-614.575509955,1.721870955,-17.916079146
3294.314542256,-615.546208062,1.961593324,-17.902521249
3295.314490268,-616.517019045,2.200858190,-17.889315714
3296.314438279,-617.487830027,2.440123056,-17.876110180
3297.314386291,-618.458641010,2.679387921,-17.862904645
3298.314334303,-619.429451993,2.918652787,-17.849699110
3299.314282316,-620.400262976,3.157917653,-17.836493576
3300.314230327,-621.371073958,3.397182519,-17.823288041
3301.314178339,-622.341884941,3.636447384,-17.810082506
3302.314126351,-623.312695924,3.875712250,-17.796876972
3303.314074363,-624.283506907,4.114977116,-17.783671437
3304.314019105,-625.254511080,4.353455600,-17.770694717
3305.313961659,-626.225676630,4.591277203,-17.757909132
3306.313904213,-627.196842180,4.829098806,-17.745123547
3307.313846767,-628.168007730,5.066920409,-17.732337962
3308.313789321,-629.139173280,5.304742011,-17.719552377
3309.313731875,-630.110338830,5.542563614,-17.706766792
3310.313674429,-631.081504380,5.780385217,-17.693981207
3311.313616983,-632.052669930,6.018206820,-17.681195622
3312.313559537,-633.023835480,6.256028423,-17.668410037
3313.313501840,-633.995008063,6.493821261,-17.655643331
3314.313438944,-634.966335162,6.730982192,-17.643291370
3315.313376047,-635.937662261,6.968143123,-17.630939410
3316.313313151,-636.908989360,7.205304054,-17.618587449
3317.313250255,-637.880316459,7.442464985,-17.606235489
3318.313187358,-638.851643558,7.679625915,-17.593883528
3319.313124462,-639.822970657,7.916786846,-17.581531568
3320.313061566,-640.794297756,8.153947777,-17.569179607
3321.312998669,-641.765624855,8.391108708,-17.556827647
3322.312935773,-642.736951954,8.628269639,-17.544475686
3323.312870130,-643.708273983,8.865451330,-17.532348020
3324.312802210,-644.679591733,9.102650547,-17.520409724
3325.312734289,-645.650909483,9.339849765,-17.508471427
3326.312666368,-646.622227233,9.577048983,-17.496533131
3327.312598448,-647.593544983,9.814248200,-17.484594835
3328.312530527,-648.564862733,10.051447418,-17.472656539
3329.312462606,-649.536180483,10.288646636,-17.460718242
3330.312394686,-650.507498233,10.525845854,-17.448779946
3331.312326765,-651.478815983,10.763045071,-17.436841650
3332.312258666,-652.450128599,11.000265287,-17.424917846
3333.312186464,-653.421315882,11.237998123,-17.413343664
3334.312114262,-654.392503165,11.475730960,-17.401769481
3335.312042060,-655.363690448,11.713463796,-17.390195299
3336.311969859,-656.334877731,11.951196632,-17.378621116
3337.311897657,-657.306065014,12.188929469,-17.367046934
3338.311825455,-658.277252297,12.426662305,-17.355472751
3339.311753254,-659.248439580,12.664395141,-17.343898568
3340.311681052,-660.219626863,12.902127978,-17.332324386
3341.311608850,-661.190814146,13.139860814,-17.320750203
3342.311534840,-662.161996810,13.377612518,-17.309333326
3343.311459306,-663.133175533,13.615380322,-17.298050681
3344.311383773,-664.104354256,13.853148126,-17.286768035
3345.311308238,-665.075532978,14.090915930,-17.275485390
3346.311232705,-666.046711701,14.328683735,-17.264202744
3347.311157172,-667.017890424,14.566451539,-17.252920099
3348.311081638,-667.989069147,14.804219343,-17.241637454
3349.311006104,-668.960247869,15.041987147,-17.230354808
3350.310930570,-669.931426592,15.279754951,-17.219072163
3351.310863279,-670.902609412,15.517506004,-17.207080972
3352.311168218,-671.873895240,15.754835901,-17.177276080
3353.311473157,-672.845181068,15.992165799,-17.147471188
3354.311778098,-673.816466897,16.229495696,-17.117666295
3355.312083037,-674.787752725,16.466825594,-17.087861403
3356.312387976,-675.759038553,16.704155491,-17.058056511
3357.312248759,-676.730423732,16.941078255,-17.057903360
3358.312193994,-677.701852960,17.177820508,-17.070896930
3359.312139229,-678.673282189,17.414562761,-17.083890500
3360.312084464,-679.644711417,17.651305014,-17.096884070
3361.311944947,-680.615931437,17.888902666,-17.096998634
3362.311866189,-681.586971021,18.127238075,-17.086005417
3363.311787432,-682.558010605,18.365573484,-17.075012201
3364.311708674,-683.529050188,18.603908894,-17.064018984
3365.311629917,-684.500089772,18.842244303,-17.053025768
3366.311551159,-685.471129355,19.080579712,-17.042032551
3367.311472401,-686.442168939,19.318915121,-17.031039335
3368.311393644,-687.413208523,19.557250530,-17.020046118
3369.311314886,-688.384248106,19.795585939,-17.009052902
3370.311236098,-689.355300496,20.033869001,-16.998058861
3371.311157595,-690.326699738,20.270734265,-16.987042516
3372.311079093,-691.298098980,20.507599530,-16.976026170
3373.311000589,-692.269498221,20.744464794,-16.965009825
3374.310922086,-693.240897463,20.981330058,-16.953993479
3375.310843583,-694.212296705,21.218195322,-16.942977134
3376.310765080,-695.183695946,21.455060587,-16.931960788
3377.310686577,-696.155095188,21.691925851,-16.920944443
3378.310608074,-697.126494430,21.928791115,-16.909928097
3379.310529571,-698.097893672,22.165656380,-16.898911752
3380.310451950,-699.069334245,22.402352019,-16.887814431
3381.310375128,-700.040810848,22.638899794,-16.876646522
3382.310298306,-701.012287451,22.875447569,-16.865478614
3383.310221484,-701.983764054,23.111995344,-16.854310705
3384.310144662,-702.955240657,23.348543119,-16.843142796
3385.310067842,-703.926717261,23.585090894,-16.831974888
3386.309991020,-704.898193864,23.821638669,-16.820806979
3387.309914198,-705.869670467,24.058186445,-16.809639071
3388.309837376,-706.841147070,24.294734220,-16.798471162
3389.309760378,-707.812592193,24.531410162,-16.787296153
3390.309685986,-708.783113113,24.771848892,-16.775912684
3391.309611596,-709.753634034,25.012287623,-16.764529215
3392.309537205,-710.724154954,25.252726353,-16.753145747
3393.309462814,-711.694675875,25.493165084,-16.741762278
3394.309388423,-712.665196795,25.733603814,-16.730378809
3395.309314088,-713.635707908,25.974082025,-16.718988192
3396.309242254,-714.605923611,26.215749420,-16.707382281
3397.309170420,-715.576139314,26.457416815,-16.695776369
3398.309098586,-716.546355017,26.699084210,-16.684170458
3399.309026752,-717.516570720,26.940751605,-16.672564546
3400.308954919,-718.486786423,27.182419000,-16.660958635
3401.308883086,-719.457002127,27.424086395,-16.649352723
3402.308811252,-720.427217830,27.665753790,-16.637746811
3403.308739290,-721.397460390,27.907312525,-16.626134993
3404.308669684,-722.368541413,28.145479038,-16.614338754
3405.308600077,-723.339622435,28.383645551,-16.602542516
3406.308530470,-724.310703458,28.621812064,-16.590746277
3407.308460863,-725.281784480,28.859978577,-16.578950039
3408.308391257,-726.252865503,29.098145090,-16.567153800
3409.308321650,-727.223946525,29.336311603,-16.555357562
3410.308252044,-728.195027548,29.574478116,-16.543561323
3411.308182436,-729.166108570,29.812644629,-16.531765085
3412.308112830,-730.137189593,30.050811142,-16.519968846
3413.308043736,-731.108156591,30.289441666,-16.508120751
3414.307975289,-732.079022352,30.528484161,-16.496226614
3415.307906841,-733.049888113,30.767526655,-16.484332478
3416.307838394,-734.020753874,31.006569149,-16.472438341
3417.307769947,-734.991619635,31.245611644,-16.460544204
3418.307701500,-735.962485396,31.484654138,-16.448650068
3419.307633053,-736.933351157,31.723696633,-16.436755931
3420.307564606,-737.904216918,31.962739127,-16.424861794
3421.307496159,-738.875082679,32.201781621,-16.412967658
3422.307427721,-739.845945851,32.440834624,-16.401072634
3423.307359646,-740.816720380,32.680247350,-16.389147247
3424.307291571,-741.787494910,32.919660075,-16.377221861
3425.307223496,-742.758269439,33.159072801,-16.365296474
3426.307155422,-743.729043969,33.398485526,-16.353371087
3427.307087347,-744.699818498,33.637898252,-16.341445701
3428.307019263,-745.670593193,33.877310308,-16.329521113
3429.306951167,-746.641368083,34.116721570,-16.317597474
3430.306883072,-747.612142974,34.356132832,-16.305673835
3431.306814976,-748.582917864,34.595544094,-16.293750197
3432.306746918,-749.553632589,34.835199069,-16.281821028
3433.306678947,-750.524293327,35.075072726,-16.269886896
3434.306610977,-751.494954066,35.314946382,-16.257952765
3435.306543006,-752.465614804,35.554820038,-16.246018633
3436.306475036,-753.436275543,35.794693695,-16.234084502
3437.306407065,-754.406936281,36.034567351,-16.222150370
3438.306339095,-755.377597020,36.274441007,-16.210216239
3439.306271125,-756.348257758,36.514314664,-16.198282107
3440.306203154,-757.318918496,36.754188320,-16.186347976
3441.306135183,-758.289582789,36.994047578,-16.174413600
3442.306067325,-759.260381555,37.233362008,-16.162470005
3443.305999467,-760.231180320,37.472676438,-16.150526409
3444.305931610,-761.201979086,37.711990869,-16.138582813
3445.305863753,-762.172777852,37.951305299,-16.126639218
3446.305795895,-763.143576618,38.190619730,-16.114695622
3447.305728037,-764.114375383,38.429934160,-16.102752026
3448.305660180,-765.085174149,38.669248590,-16.090808431
3449.305592323,-766.055972915,38.908563021,-16.078864835
3450.305524465,-767.026771681,39.147877451,-16.066921239
3451.305456676,-767.997644673,39.386890390,-16.054968260
3452.305389033,-768.968584980,39.625629916,-16.043006772
3453.305321389,-769.939525286,39.864369443,-16.031045283
3454.305253746,-770.910465593,40.103108970,-16.019083795
3455.305186102,-771.881405899,40.341848496,-16.007122306
3456.305118459,-772.852346206,40.580588023,-15.995160818
3457.305050815,-773.823286512,40.819327549,-15.983199329
3458.304983171,-774.794226818,41.058067076,-15.971237841
3459.304915528,-775.765167125,41.296806603,-15.959276352
3460.304847888,-776.736110654,41.535533008,-15.947314235
3461.304780570,-777.707190477,41.773704411,-15.935325526
3462.304713253,-778.678270300,42.011875814,-15.923336818
3463.304645935,-779.649350123,42.250047217,-15.911348109
3464.304578617,-780.620429946,42.488218620,-15.899359401
3465.304511300,-781.591509770,42.726390023,-15.887370692
3466.304443982,-782.562589593,42.964561425,-15.875381984
3467.304376644,-783.533669483,43.202732554,-15.863394990
3468.304309293,-784.504749414,43.440903518,-15.851409019
3469.304241943,-785.475829345,43.679074482,-15.839423049
3470.304174893,-786.446867929,43.917413905,-15.827410863
3471.304108147,-787.417868619,44.155907724,-15.815374652
3472.304041400,-788.388869308,44.394401542,-15.803338440
3473.303974652,-789.359869997,44.632895361,-15.791302229
3474.303907906,-790.330870687,44.871389179,-15.779266017
3475.303841159,-791.301871376,45.109882997,-15.767229806
3476.303774412,-792.272872066,45.348376816,-15.755193594
3477.303707665,-793.243872755,45.586870634,-15.743157382
3478.303640918,-794.214873444,45.825364453,-15.731121171
3479.303574190,-795.185876793,46.063847430,-15.719083129
3480.303508524,-796.157007533,46.301811139,-15.706957441
3481.303442858,-797.128138272,46.539774848,-15.694831753
3482.303377193,-798.099269012,46.777738558,-15.682706065
3483.303311527,-799.070399752,47.015702267,-15.670580377
3484.303245861,-800.041530491,47.253665976,-15.658454689
3485.303180195,-801.012661231,47.491629685,-15.646329001
3486.303114529,-801.983791970,47.729593395,-15.634203313
3487.303048863,-802.954922710,47.967557104,-15.622077625
3488.302983197,-803.926053449,48.205520813,-15.609951937
3489.302918154,-804.897413706,48.442544068,-15.597739377
3490.302854532,-805.868986561,48.678696198,-15.585446348
3491.302790909,-806.840559415,48.914848328,-15.573153319
3492.302727287,-807.812132270,49.151000458,-15.560860291
3493.302663663,-808.783705124,49.387152588,-15.548567262
3494.302600041,-809.755277979,49.623304718,-15.536274233
3495.302536419,-810.726850834,49.859456848,-15.523981204
3496.302472796,-811.698423688,50.095608978,-15.511688176
3497.302409174,-812.669996543,50.331761108,-15.499395147
3498.302345612,-813.641569746,50.567911802,-15.487097074
3499.302285511,-814.613162197,50.803983295,-15.474520935
3500.302225409,-815.584754648,51.040054789,-15.461944797
3501.302165306,-816.556347098,51.276126282,-15.449368658
3502.302105204,-817.527939549,51.512197775,-15.436792519
3503.302045103,-818.499532000,51.748269269,-15.424216380
3504.301985000,-819.471124450,51.984340762,-15.411640241
3505.301924898,-820.442716901,52.220412256,-15.399064102
3506.301864796,-821.414309352,52.456483749,-15.386487964
3507.301804694,-822.385901802,52.692555243,-15.373911825
3508.301747380,-823.357463244,52.928754289,-15.361115286
3509.301692736,-824.328995656,53.165072743,-15.348112421
3510.301638092,-825.300528069,53.401391198,-15.335109556
3511.301583448,-826.272060481,53.637709653,-15.322106690
3512.301528803,-827.243592893,53.874028107,-15.309103825
3513.301474160,-828.215125306,54.110346562,-15.296100959
3514.301419517,-829.186657794,54.346664703,-15.283097926
3515.301364897,-830.158191036,54.582979747,-15.270093226
3516.301310277,-831.129724278,54.819294790,-15.257088526
3517.301255654,-832.101243120,55.055668526,-15.244074887
3518.301208870,-833.071827185,55.295852232,-15.230480995
3519.301162086,-834.042411250,55.536035939,-15.216887104
3520.301115302,-835.012995315,55.776219645,-15.203293212
3521.301068518,-835.983579380,56.016403352,-15.189699320
3522.301021735,-836.954163446,56.256587058,-15.176105429
3523.300974951,-837.924747511,56.496770765,-15.162511537
3524.300928167,-838.895331576,56.736954471,-15.148917645
3525.300881383,-839.865915641,56.977138178,-15.135323754
3526.300834598,-840.836499706,57.217321884,-15.121729862
3527.300792480,-841.807291045,57.456664959,-15.107771550
3528.300755605,-842.778278924,57.695210924,-15.093467300
3529.300718751,-843.749267350,57.933754667,-15.079161606
3530.300681897,-844.720255776,58.172298411,-15.064855912
3531.300645042,-845.691244201,58.410842154,-15.050550218
3532.300608189,-846.662232627,58.649385897,-15.036244524
3533.300571335,-847.633221053,58.887929640,-15.021938831
3534.300534480,-848.604209478,59.126473384,-15.007633137
3535.300497626,-849.575197904,59.365017127,-14.993327443
3536.300460721,-850.546169964,59.603626718,-14.979012702
3537.300434450,-851.515853126,59.847422136,-14.963985433
3538.300408179,-852.485536288,60.091217553,-14.948958164
3539.300381908,-853.455219450,60.335012971,-14.933930894
3540.300355209,-854.427151159,60.569682021,-14.918904488
3541.300328926,-855.399103979,60.804265388,-14.903878090
3542.300302641,-856.371056799,61.038848754,-14.888851692
3543.300276357,-857.343009619,61.273432120,-14.873825294
3544.300250074,-858.314962439,61.508015487,-14.858798896
3545.300223154,-859.286944169,61.742476047,-14.843768106
3546.300202828,-860.261473206,61.966115928,-14.828350335
3547.300180582,-861.236046612,62.189553711,-14.812931469
3548.300161807,-862.214634094,62.394707755,-14.797413481
3549.300081983,-863.195427335,62.588725252,-14.781851062
3550.300060918,-864.178381211,62.771799028,-14.766245301
3551.300044647,-865.165790455,62.929103272,-14.750566728
3552.299955510,-866.154997189,63.074172223,-14.734857771
3553.299889131,-867.147203598,63.197238699,-14.719099232
3554.299821325,-868.141719480,63.299967071,-14.703305765
3555.299753517,-869.138150054,63.382063350,-14.687472187
3556.299686631,-870.136069755,63.443469418,-14.671604062
3557.299621524,-871.135043233,63.484323111,-14.655705786
3558.299530911,-872.134662341,63.502392279,-14.639770716
3559.299514981,-873.134503968,63.507905777,-14.623818804
3560.299503563,-874.134094304,63.484650662,-14.607833723
3561.299396856,-875.133162326,63.447319398,-14.591831781
3562.299382846,-876.131711858,63.396189908,-14.575813414
3563.299372279,-877.128603256,63.319188725,-14.559775193
3564.299285331,-878.124368599,63.229635192,-14.543723477
3565.299272711,-879.119023998,63.127766069,-14.527658626
3566.299262783,-880.111006647,63.002498105,-14.511580532
3567.299182266,-881.101330047,62.865240323,-14.495492135
3568.299169970,-882.090016111,62.716189602,-14.479393728
3569.299160480,-883.074664424,62.542438807,-14.463288447
3570.299084096,-884.057134429,62.357126907,-14.447181714
3571.299021695,-885.035332928,62.150382856,-14.431063527
3572.298947780,-886.008801219,61.922454017,-14.414935738
3573.298859785,-886.976514748,61.671267944,-14.398808104
3574.298756595,-887.937271118,61.394717040,-14.382670350
3575.298638050,-888.889722843,61.090845547,-14.366522561
3576.298506239,-889.832446544,60.758057850,-14.350374258
3577.298365203,-890.764041146,60.395306792,-14.334215234
3578.298221179,-891.683253568,60.002243327,-14.318040895
3579.298082162,-892.589149991,59.579381978,-14.301856481
3580.297955630,-893.481259337,59.128133202,-14.285657407
3581.297847350,-894.359652296,58.650696061,-14.269439022
3582.297760130,-895.224954583,58.149882701,-14.253206394
3583.297669140,-896.077631721,57.627871608,-14.236953817
3584.297660484,-896.922127733,57.092573203,-14.220681391
3585.297654221,-897.753810835,56.537573329,-14.204377045
3586.297606377,-898.580267678,55.974895200,-14.188045360
3587.297600158,-899.401572787,55.404651505,-14.171686656
3588.297595762,-900.213515042,54.821152221,-14.155268080
3589.297590430,-901.025393134,54.237565287,-14.138848918
3590.297587591,-901.826968412,53.639904251,-14.122335823
3591.297583779,-902.628478061,53.042156846,-14.105822225
3592.297582336,-903.419038918,52.430000681,-14.089224826
3593.297533727,-904.203455082,51.810067694,-14.072576729
3594.297532463,-904.981783554,51.182434495,-14.055878566
3595.297534256,-905.745302606,50.536864749,-14.039087314
3596.297449677,-906.500060076,49.881206287,-14.022235228
3597.297451432,-907.246141220,49.215563433,-14.005322934
3598.297457406,-907.973109729,48.529095352,-13.988284471
3599.297357236,-908.689759947,47.832016149,-13.971175416
3600.297363503,-909.396194446,47.124437379,-13.953996429
3601.297374513,-910.081575418,46.396443859,-13.936665039
3602.297280021,-910.756062570,45.658490660,-13.919252886
3603.297291941,-911.419760053,44.910678174,-13.901760660
3604.297308900,-912.061696661,44.144101998,-13.884089329
3605.297225423,-912.692446531,43.368426860,-13.866320391
3606.297244121,-913.312108322,42.583737446,-13.848454698
3607.297268108,-913.909225914,41.781757259,-13.830389938
3608.297191459,-914.494638377,40.971319893,-13.812217606
3609.297217714,-915.068441220,40.152498372,-13.793938553
3610.297249744,-915.618466747,39.317517198,-13.775433937
3611.297178935,-916.156179430,38.474678809,-13.756808522
3612.297213954,-916.681673995,37.624047212,-13.738063179
3613.297255357,-917.182405104,36.758605130,-13.719058761
3614.297196607,-917.670547351,35.886118175,-13.699923368
3615.297241768,-918.146191237,35.006639887,-13.680657882
3616.297293456,-918.597373182,34.114363869,-13.661119752
3617.297419214,-919.042996841,33.219320231,-13.637287588
3618.297674060,-919.483130564,32.321543005,-13.609214192
3619.297078449,-919.898805352,31.412857223,-13.591501121
3620.297031942,-920.279271823,30.488218451,-13.577522798
3621.297032807,-920.661036409,29.564109472,-13.560785816
3622.297111214,-921.036272474,28.637330353,-13.539924837
3623.297189621,-921.411508539,27.710551234,-13.519063858
3624.297265480,-921.781301212,26.781605195,-13.497514884
3625.297373513,-922.145658579,25.850495454,-13.475278937
3626.297481546,-922.510015946,24.919385713,-13.453042990
3627.297589579,-922.874373312,23.988275972,-13.430807043
3628.297697612,-923.238730679,23.057166231,-13.408571095
3629.297805645,-923.603088045,22.126056490,-13.386335148
3630.297913678,-923.967445412,21.194946749,-13.364099201
3631.298021711,-924.331802779,20.263837008,-13.341863254
3632.298129744,-924.696160145,19.332727267,-13.319627307
3633.298237777,-925.060517512,18.401617526,-13.297391360
3634.298399142,-925.425751043,17.470851118,-13.272873691
3635.298560558,-925.790985372,16.540085022,-13.248353943
3636.298721974,-926.156219702,15.609318927,-13.223834196
3637.298883390,-926.521454031,14.678552831,-13.199314448
3638.299044806,-926.886688360,13.747786735,-13.174794700
3639.299206223,-927.251922690,12.817020639,-13.150274953
3640.299367638,-927.617157019,11.886254544,-13.125755205
3641.299529054,-927.982391348,10.955488448,-13.101235458
3642.299690471,-928.347625678,10.024722352,-13.076715710
3643.299875799,-928.711798804,9.093541240,-13.051213512
3644.300087549,-929.074901211,8.161941389,-13.024720054
3645.300299298,-929.438003619,7.230341538,-12.998226597
3646.300511047,-929.801106026,6.298741688,-12.971733139
3647.300722797,-930.164208434,5.367141837,-12.945239682
3648.300934546,-930.527310841,4.435541986,-12.918746224
3649.301146296,-930.890413249,3.503942135,-12.892252767
3650.301374560,-931.250909375,2.571334890,-12.864997507
3651.301628101,-931.608765590,1.637707250,-12.836970616
3652.301881643,-931.966621805,0.704079610,-12.808943725
3653.302135184,-932.324478021,-0.229548029,-12.780916834
3654.302388725,-932.682334236,-1.163175669,-12.752889943
3655.302642267,-933.040190451,-2.096803309,-12.724863052
3656.302895807,-933.398046666,-3.030430948,-12.696836161
3657.303197347,-933.753252723,-3.965070057,-12.667145048
3658.303499106,-934.108447857,-4.899713335,-12.637447075
3659.303800866,-934.463642992,-5.834356613,-12.607749103
3660.304102625,-934.818838126,-6.768999891,-12.578051131
3661.304404384,-935.174033261,-7.703643168,-12.548353159
3662.304706143,-935.529228395,-8.638286446,-12.518655187
3663.305007903,-935.884423529,-9.572929724,-12.488957214
3664.305309663,-936.239618664,-10.507573002,-12.459259242
3665.305611421,-936.594813798,-11.442216279,-12.429561270
3666.305939474,-936.950088355,-12.376829366,-12.398990359
3667.306295191,-937.305444078,-13.311411599,-12.367527351
3668.306650910,-937.660799801,-14.245993833,-12.336064344
3669.307006626,-938.016155523,-15.180576066,-12.304601337
3670.307362344,-938.371511246,-16.115158299,-12.273138329
3671.307718061,-938.726866969,-17.049740532,-12.241675322
3672.308073778,-939.082222691,-17.984322765,-12.210212314
3673.308429495,-939.437578414,-18.918904998,-12.178749307
3674.308785213,-939.792934137,-19.853487232,-12.147286300
3675.309140930,-940.148289859,-20.788069465,-12.115823292
3676.309545779,-940.503239273,-21.722806087,-12.082835078
3677.309950969,-940.858185929,-22.657543757,-12.049836508
3678.310356160,-941.213132584,-23.592281427,-12.016837939
3679.310761350,-941.568079239,-24.527019097,-11.983839369
3680.311166542,-941.923025895,-25.461756768,-11.950840800
3681.311571733,-942.277972550,-26.396494438,-11.917842230
3682.311976923,-942.632919205,-27.331232108,-11.884843660
3683.312382114,-942.987865860,-28.265969778,-11.851845091
3684.312787305,-943.342812516,-29.200707448,-11.818846521
3685.313214149,-943.697965436,-30.135366741,-11.785197144
3686.313663852,-944.053331383,-31.069945087,-11.750875621
3687.314113554,-944.408697330,-32.004523432,-11.716554099
3688.314563256,-944.764063277,-32.939101777,-11.682232576
3689.315012959,-945.119429225,-33.873680123,-11.647911053
3690.315462661,-945.474795172,-34.808258468,-11.613589530
3691.315912364,-945.830161119,-35.742836814,-11.579268007
3692.316362066,-946.185527066,-36.677415159,-11.544946485
3693.316811769,-946.540893014,-37.611993505,-11.510624962
3694.317261471,-946.896258961,-38.546571850,-11.476303439
3695.317750539,-947.250448696,-39.481596586,-11.440852777
3696.318239994,-947.604627281,-40.416625554,-11.405391411
3697.318729448,-947.958805865,-41.351654521,-11.369930045
3698.319218903,-948.312984450,-42.286683489,-11.334468679
3699.319708358,-948.667163035,-43.221712457,-11.299007312
3700.320197811,-949.021341619,-44.156741424,-11.263545946
3701.320687266,-949.375520204,-45.091770392,-11.228084580
3702.321176721,-949.729698789,-46.026799360,-11.192623214
3703.321666175,-950.083877373,-46.961828327,-11.157161847
3704.322172506,-950.438655240,-47.896629845,-11.121221554
3705.322697132,-950.794058641,-48.831193948,-11.084781353
3706.323221759,-951.149462042,-49.765758051,-11.048341152
3707.323746386,-951.504865444,-50.700322154,-11.011900950
3708.324271012,-951.860268845,-51.634886257,-10.975460749
3709.324795639,-952.215672246,-52.569450360,-10.939020548
3710.325320266,-952.571075648,-53.504014463,-10.902580347
3711.325844891,-952.926479049,-54.438578565,-10.866140146
3712.326369518,-953.281882450,-55.373142668,-10.829699944
3713.326894144,-953.637285851,-56.307706771,-10.793259743
3714.327449312,-953.991595183,-57.242686194,-10.755990184
3715.328004865,-954.345891184,-58.177670677,-10.718710520
3716.328560445,-954.700186084,-59.112655578,-10.681430131
3717.329116074,-955.054478946,-60.047641251,-10.644148402
3718.329671704,-955.408771807,-60.982626924,-10.606866672
3719.330227333,-955.763064668,-61.917612597,-10.569584943
3720.330782962,-956.117357529,-62.852598270,-10.532303213
3721.331338592,-956.471650391,-63.787583943,-10.495021484
3722.331894222,-956.825943252,-64.722569616,-10.457739754
3723.332462851,-957.180650307,-65.657398123,-10.420107988
3724.333045540,-957.535794283,-66.592060841,-10.382106979
3725.333628229,-957.890938260,-67.526723559,-10.344105970
3726.334210917,-958.246082236,-68.461386277,-10.306104960
3727.334793606,-958.601226212,-69.396048995,-10.268103951
3728.335376295,-958.956370189,-70.330711713,-10.230102942
3729.335958984,-959.311514165,-71.265374431,-10.192101932
3730.336541672,-959.666658141,-72.200037149,-10.154100923
3731.337124360,-960.021802118,-73.134699866,-10.116099914
3732.337707049,-960.376946094,-74.069362584,-10.078098904
3733.338312475,-960.731229791,-75.004351723,-10.039503681
3734.338918249,-961.085500672,-75.939345725,-10.000899606
3735.339524024,-961.439771553,-76.874339727,-9.962295531
3736.340129797,-961.794042434,-77.809333728,-9.923691456
3737.340735571,-962.148313315,-78.744327730,-9.885087381
3738.341341345,-962.502584196,-79.679321731,-9.846483306
3739.341947119,-962.856855077,-80.614315733,-9.807879231
3740.342552893,-963.211125958,-81.549309735,-9.769275155
3741.343158667,-963.565396839,-82.484303736,-9.730671080
3742.343773608,-963.919660645,-83.419300419,-9.691830124
3743.344398384,-964.273916908,-84.354299959,-9.652736618
3744.345023159,-964.628173170,-85.289299499,-9.613643112
3745.345647936,-964.982429433,-86.224299040,-9.574549605
3746.346272712,-965.336685696,-87.159298580,-9.535456099
3747.346897488,-965.690941959,-88.094298120,-9.496362593
3748.347522264,-966.045198222,-89.029297661,-9.457269087
3749.348147040,-966.399454484,-89.964297201,-9.418175581
3750.348771817,-966.753710747,-90.899296742,-9.379082075
3751.349396592,-967.107967010,-91.834296282,-9.339988568
3752.350035274,-967.463514426,-92.768805587,-9.300540301
3753.350674220,-967.819084610,-93.703306248,-9.261085778
3754.351313166,-968.174654794,-94.637806908,-9.221631256
3755.351952111,-968.530224979,-95.572307568,-9.182176733
3756.352591057,-968.885795163,-96.506808229,-9.142722210
3757.353230003,-969.241365347,-97.441308889,-9.103267687
3758.353868948,-969.596935532,-98.375809549,-9.063813164
3759.354507894,-969.952505716,-99.310310210,-9.024358641
3760.355146840,-970.308075901,-100.244810870,-8.984904118
3761.355789795,-970.663088842,-101.179523162,-8.945343205
3762.356437480,-971.017501366,-102.114463483,-8.905667660
3763.357085164,-971.371913890,-103.049403803,-8.865992115
3764.357732849,-971.726326414,-103.984344124,-8.826316570
3765.358380534,-972.080738938,-104.919284444,-8.786641025
3766.359028219,-972.435151462,-105.854224765,-8.746965480
3767.359675904,-972.789563986,-106.789165086,-8.707289935
3768.360323588,-973.143976510,-107.724105406,-8.667614390
3769.360971273,-973.498389034,-108.659045727,-8.627938846
3770.361618958,-973.852801558,-109.593986048,-8.588263301
3771.362269342,-974.207560624,-110.528794927,-8.548519685
3772.362919784,-974.562326751,-111.463601130,-8.508774683
3773.363570225,-974.917092878,-112.398407332,-8.469029680
3774.364220666,-975.271859005,-113.333213534,-8.429284678
3775.364871108,-975.626625132,-114.268019736,-8.389539676
3776.365521549,-975.981391259,-115.202825938,-8.349794673
3777.366171990,-976.336157385,-116.137632140,-8.310049671
3778.366822431,-976.690923512,-117.072438342,-8.270304669
3779.367472872,-977.045689639,-118.007244544,-8.230559666
3780.368121449,-977.400530991,-118.942022190,-8.190861523
3781.368768007,-977.755454259,-119.876768741,-8.151214407
3782.369414565,-978.110377526,-120.811515292,-8.111567290
3783.370061124,-978.465300794,-121.746261843,-8.071920174
3784.370707682,-978.820224061,-122.681008394,-8.032273058
3785.371354239,-979.175147328,-123.615754945,-7.992625941
3786.372000798,-979.530070596,-124.550501496,-7.952978825
3787.372647356,-979.884993863,-125.485248047,-7.913331708
3788.373293914,-980.239917131,-126.419994598,-7.873684592
3789.373940472,-980.594840398,-127.354741149,-7.834037475
3790.374576428,-980.949710624,-128.289507838,-7.794658858
3791.375212139,-981.304579622,-129.224274993,-7.755286450
3792.375847850,-981.659448621,-130.159042148,-7.715914043
3793.376483561,-982.014317619,-131.093809303,-7.676541636
3794.377119272,-982.369186618,-132.028576458,-7.637169229
3795.377754984,-982.724055617,-132.963343613,-7.597796822
3796.378390695,-983.078924615,-133.898110768,-7.558424415
3797.379026406,-983.433793614,-134.832877923,-7.519052008
3798.379662118,-983.788662613,-135.767645078,-7.479679601
3799.380289076,-984.144284597,-136.702125644,-7.440521133
3800.380907206,-984.500735275,-137.636290809,-7.401598114
3801.381525336,-984.857185952,-138.570455974,-7.362675096
3802.382143466,-985.213636630,-139.504621138,-7.323752077
3803.382761596,-985.570087307,-140.438786303,-7.284829058
3804.383379725,-985.926537985,-141.372951467,-7.245906040
3805.383997855,-986.282988662,-142.307116632,-7.206983021
3806.384615985,-986.639439340,-143.241281797,-7.168060003
3807.385234114,-986.995890017,-144.175446961,-7.129136984
3808.385852245,-987.352340695,-145.109612126,-7.090213965
3809.386447058,-987.709223654,-146.043612226,-7.051894937
3810.387041277,-988.066117812,-146.977608051,-7.013591555
3811.387635495,-988.423011969,-147.911603876,-6.975288173
3812.388229714,-988.779906127,-148.845599701,-6.936984791
3813.388823897,-989.136799819,-149.779595703,-6.898682294
3814.389418015,-989.493692599,-150.713592054,-6.860381535
3815.390012132,-989.850585379,-151.647588405,-6.822080777
3816.390606250,-990.207478160,-152.581584756,-6.783780018
3817.391200368,-990.564370940,-153.515581107,-6.745479260
3818.391780301,-990.921385125,-154.449531048,-6.707550615
3819.392344641,-991.278534344,-155.383429370,-6.670035855
3820.392908980,-991.635683563,-156.317327692,-6.632521095
3821.393473320,-991.992832782,-157.251226014,-6.595006336
3822.394037660,-992.349982001,-158.185124336,-6.557491576
3823.394601999,-992.707131220,-159.119022658,-6.519976816
3824.395166338,-993.064280439,-160.052920979,-6.482462057
3825.395730677,-993.421429658,-160.986819301,-6.444947297
3826.396295017,-993.778578877,-161.920717623,-6.407432537
3827.396859357,-994.135728096,-162.854615945,-6.369917778
3828.397389866,-994.491527182,-163.789029446,-6.333315607
3829.397919447,-994.847287519,-164.723457733,-6.296739628
3830.398449028,-995.203047855,-165.657886020,-6.260163649
3831.398978608,-995.558808191,-166.592314306,-6.223587671
3832.399508189,-995.914568528,-167.526742593,-6.187011692
3833.400037770,-996.270328864,-168.461170880,-6.150435713
3834.400567352,-996.626089201,-169.395599167,-6.113859734
3835.401096933,-996.981849537,-170.330027454,-6.077283756
3836.401626514,-997.337609873,-171.264455741,-6.040707777
3837.402137882,-997.693465996,-172.198847547,-6.004633256
3838.402629092,-998.049429795,-173.133198346,-5.969122436
3839.403120300,-998.405393594,-174.067549144,-5.933611615
3840.403611508,-998.761357392,-175.001899942,-5.898100795
3841.404102717,-999.117321191,-175.936250740,-5.862589974
3842.404593926,-999.473284990,-176.870601539,-5.827079154
3843.405085134,-999.829248788,-177.804952337,-5.791568334
3844.405576343,-1000.185212587,-178.739303135,-5.756057513
3845.406067552,-1000.541176386,-179.673653934,-5.720546693
3846.406558760,-1000.897140184,-180.608004732,-5.685035873
3847.407010334,-1001.255604574,-181.541398912,-5.650656559
3848.407460796,-1001.614147755,-182.474762950,-5.616312899
3849.407911259,-1001.972690937,-183.408126988,-5.581969238
3850.408361720,-1002.331234119,-184.341491025,-5.547625578
3851.408812183,-1002.689777301,-185.274855063,-5.513281918
3852.409262645,-1003.048320483,-186.208219101,-5.478938257
3853.409713107,-1003.406863665,-187.141583139,-5.444594597
3854.410163569,-1003.765406847,-188.074947176,-5.410250937
3855.410614031,-1004.123950029,-189.008311214,-5.375907276
3856.411044664,-1004.482088458,-189.941830519,-5.342143039
3857.411453402,-1004.839767034,-190.875526228,-5.309037102
3858.411862140,-1005.197445610,-191.809221936,-5.275931165
3859.412270878,-1005.555124186,-192.742917645,-5.242825227
3860.412679616,-1005.912802763,-193.676613353,-5.209719290
3861.413088354,-1006.270481339,-194.610309062,-5.176613353
3862.413497093,-1006.628159915,-195.544004771,-5.143507416
3863.413905831,-1006.985838492,-196.477700479,-5.110401479
3864.414314569,-1007.343517068,-197.411396188,-5.077295542
3865.414723306,-1007.701195644,-198.345091896,-5.044189604
3866.415091450,-1008.057783454,-199.279204699,-5.012333252
3867.415458250,-1008.414333829,-200.213331815,-4.980519785
3868.415825052,-1008.770884205,-201.147458932,-4.948706317
3869.416191853,-1009.127434580,-202.081586049,-4.916892850
3870.416558654,-1009.483984955,-203.015713165,-4.885079383
3871.416925455,-1009.840535330,-203.949840282,-4.853265916
3872.417292257,-1010.197085705,-204.883967399,-4.821452448
3873.417659057,-1010.553636081,-205.818094515,-4.789638981
3874.418025859,-1010.910186456,-206.752221632,-4.757825514
3875.418371578,-1011.268684355,-207.685600386,-4.726601883
3876.418698884,-1011.629418482,-208.618119839,-4.696055526
3877.419026191,-1011.990152609,-209.550639292,-4.665509170
3878.419353498,-1012.350886736,-210.483158745,-4.634962814
3879.419680803,-1012.711620863,-211.415678197,-4.604416457
3880.420008110,-1013.072354989,-212.348197650,-4.573870101
3881.420335416,-1013.433089116,-213.280717103,-4.543323745
3882.420662723,-1013.793823243,-214.213236556,-4.512777388
3883.420990030,-1014.154557370,-215.145756009,-4.482231032
3884.421279888,-1014.514482265,-216.078588085,-4.452936179
3885.421568405,-1014.874377217,-217.011431729,-4.423687634
3886.421856922,-1015.234272170,-217.944275372,-4.394439088
3887.422145440,-1015.594167123,-218.877119016,-4.365190542
3888.422433956,-1015.954062075,-219.809962659,-4.335941997
3889.422722474,-1016.313957028,-220.742806303,-4.306693451
3890.423010991,-1016.673851980,-221.675649946,-4.277444905
3891.423299508,-1017.033746933,-222.608493590,-4.248196360
3892.423588026,-1017.393641885,-223.541337234,-4.218947814
3893.423858123,-1017.753510502,-224.474191037,-4.190336143
3894.424107363,-1018.113348572,-225.407056624,-4.162463160
3895.424356604,-1018.473186643,-226.339922211,-4.134590177
3896.424605845,-1018.833024713,-227.272787798,-4.106717194
3897.424855085,-1019.192862784,-228.205653384,-4.078844211
3898.425104325,-1019.552700854,-229.138518971,-4.050971228
3899.425353566,-1019.912538924,-230.071384558,-4.023098245
3900.425602807,-1020.272376995,-231.004250145,-3.995225262
3901.425852047,-1020.632215065,-231.937115732,-3.967352279
3902.426101288,-1020.992053136,-232.869981319,-3.939479296
3903.426314775,-1021.351287164,-233.803079672,-3.912920013
3904.426526882,-1021.710497122,-234.736187301,-3.886413080
3905.426738987,-1022.069707079,-235.669294929,-3.859906148
3906.426951094,-1022.428917036,-236.602402558,-3.833399215
3907.427163201,-1022.788126994,-237.535510187,-3.806892282
3908.427375307,-1023.147336951,-238.468617816,-3.780385350
3909.427587413,-1023.506546908,-239.401725444,-3.753878417
3910.427799515,-1023.865757156,-240.334832961,-3.727371630
3911.428011610,-1024.224968008,-241.267940246,-3.700865146
3912.428207087,-1024.584727647,-242.200835865,-3.674985466
3913.428384026,-1024.945130588,-243.133483366,-3.649840542
3914.428560963,-1025.305533529,-244.066130866,-3.624695617
3915.428737902,-1025.665936470,-244.998778367,-3.599550693
3916.428914839,-1026.026339411,-245.931425867,-3.574405769
3917.429091778,-1026.386742352,-246.864073368,-3.549260845
3918.429268716,-1026.747145293,-247.796720869,-3.524115920
3919.429445653,-1027.107548233,-248.729368369,-3.498970996
3920.429622592,-1027.467951174,-249.662015870,-3.473826072
3921.429799530,-1027.828354115,-250.594663371,-3.448681148
3922.429943882,-1028.188629586,-251.527360119,-3.424867593
3923.430086882,-1028.548899612,-252.460058971,-3.401110905
3924.430229881,-1028.909169637,-253.392757823,-3.377354217
3925.430372881,-1029.269439663,-254.325456675,-3.353597529
3926.430515881,-1029.629709689,-255.258155527,-3.329840841
3927.430658882,-1029.989979715,-256.190854380,-3.306084153
3928.430801882,-1030.350249741,-257.123553232,-3.282327465
3929.430944882,-1030.710519767,-258.056252084,-3.258570777
3930.431087882,-1031.070789793,-258.988950936,-3.234814090
3931.431215467,-1031.431242147,-259.921579316,-3.211714488
3932.431325397,-1031.791910521,-260.854124202,-3.189393389
3933.431435326,-1032.152578895,-261.786669087,-3.167072290
3934.431545256,-1032.513247269,-262.719213973,-3.144751191
3935.431655186,-1032.873915643,-263.651758859,-3.122430092
3936.431765116,-1033.234584017,-264.584303745,-3.100108993
3937.431875045,-1033.595252391,-265.516848631,-3.077787894
3938.431984975,-1033.955920765,-266.449393517,-3.055466795
3939.432094905,-1034.316589139,-267.381938403,-3.033145696
3940.432204835,-1034.677257513,-268.314483289,-3.010824597
3941.432284023,-1035.038521381,-269.246797635,-2.989925791
3942.432361867,-1035.399812404,-270.179101468,-2.969091844
3943.432439711,-1035.761103427,-271.111405301,-2.948257898
3944.432517554,-1036.122394450,-272.043709134,-2.927423951
3945.432595398,-1036.483685473,-272.976012967,-2.906590004
3946.432673242,-1036.844976495,-273.908316800,-2.885756057
3947.432751085,-1037.206267518,-274.840620632,-2.864922110
3948.432828928,-1037.567558541,-275.772924465,-2.844088163
3949.432906772,-1037.928849564,-276.705228298,-2.823254216
3950.432970108,-1038.290270538,-277.637481749,-2.803128164
3951.433016755,-1038.651847125,-278.569674869,-2.783849800
3952.433063402,-1039.013423711,-279.501867989,-2.764571436
3953.433110048,-1039.375000298,-280.434061108,-2.745293071
3954.433156695,-1039.736576884,-281.366254228,-2.726014707
3955.433203341,-1040.098153471,-282.298447347,-2.706736343
3956.433249988,-1040.459730058,-283.230640467,-2.687457978
3957.433296634,-1040.821306644,-284.162833586,-2.668179614
3958.433343282,-1041.182883231,-285.095026706,-2.648901250
3959.433389929,-1041.544459818,-286.027219826,-2.629622885
3960.433407846,-1041.905265837,-286.959711447,-2.611896376
3961.433424449,-1042.266034484,-287.892217545,-2.594245133
3962.433441053,-1042.626803130,-288.824723644,-2.576593890
3963.433457655,-1042.987571777,-289.757229742,-2.558942647
3964.433474259,-1043.348340423,-290.689735841,-2.541291404
3965.433490862,-1043.709109070,-291.622241940,-2.523640161
3966.433507465,-1044.069877717,-292.554748038,-2.505988919
3967.433524069,-1044.430646363,-293.487254137,-2.488337676
3968.433540671,-1044.791415010,-294.419760235,-2.470686433
3969.433543898,-1045.152754379,-295.352045088,-2.453796603
3970.433532211,-1045.514784490,-296.284062169,-2.437828306
3971.433520525,-1045.876814601,-297.216079250,-2.421860010
3972.433508838,-1046.238844712,-298.148096331,-2.405891713
3973.433497151,-1046.600874823,-299.080113411,-2.389923416
3974.433485465,-1046.962904935,-300.012130492,-2.373955120
3975.433473778,-1047.324935046,-300.944147573,-2.357986823
3976.433462092,-1047.686965157,-301.876164654,-2.342018526
3977.433450404,-1048.048995268,-302.808181734,-2.326050229
3978.433438718,-1048.411025379,-303.740198815,-2.310081933
3979.433402421,-1048.772929517,-304.672264818,-2.295737280
3980.433364931,-1049.134827179,-305.604333336,-2.281476101
3981.433327442,-1049.496724841,-306.536401855,-2.267214922
3982.433289951,-1049.858622502,-307.468470373,-2.252953743
3983.433252461,-1050.220520164,-308.400538891,-2.238692564
3984.433214971,-1050.582417826,-309.332607409,-2.224431385
3985.433177481,-1050.944315488,-310.264675927,-2.210170205
3986.433139991,-1051.306213149,-311.196744446,-2.195909026
3987.433102501,-1051.668110811,-312.128812964,-2.181647847
3988.433054476,-1052.030201370,-313.060806534,-2.168143625
3989.432994401,-1052.392527897,-313.992708422,-2.155565381
3990.432934325,-1052.754854424,-314.924610309,-2.142987136
3991.432874250,-1053.117180951,-315.856512197,-2.130408891
3992.432814174,-1053.479507478,-316.788414085,-2.117830646
3993.432754098,-1053.841834005,-317.720315972,-2.105252401
3994.432694023,-1054.204160532,-318.652217860,-2.092674156
3995.432633947,-1054.566487059,-319.584119747,-2.080095911
3996.432573872,-1054.928813586,-320.516021635,-2.067517666
3997.432513796,-1055.291140113,-321.447923522,-2.054939421
3998.432435547,-1055.651492310,-322.380590500,-2.043889005
3999.432356506,-1056.011737217,-323.313299054,-2.032921614
4000.432277465,-1056.371982124,-324.246007608,-2.021954223
4001.432198423,-1056.732227031,-325.178716162,-2.010986832
4002.432119383,-1057.092471938,-326.111424717,-2.000019442
4003.432040341,-1057.452716845,-327.044133271,-1.989052051
4004.431961294,-1057.812961718,-327.976841838,-1.978085164
4005.431882236,-1058.173206516,-328.909550435,-1.967119396
4006.431803176,-1058.533451314,-329.842259031,-1.956153627
4007.431716959,-1058.893447540,-330.775063550,-1.945857037
4008.431622607,-1059.253136426,-331.707986668,-1.936387833
4009.431528256,-1059.612825312,-332.640909787,-1.926918630
4010.431433905,-1059.972514198,-333.573832906,-1.917449426
4011.431339553,-1060.332203084,-334.506756025,-1.907980223
4012.431245201,-1060.691891970,-335.439679143,-1.898511019
4013.431150850,-1061.051580856,-336.372602262,-1.889041815
4014.431056499,-1061.411269742,-337.305525381,-1.879572612
4015.430962148,-1061.770958628,-338.238448500,-1.870103408
4016.430867796,-1062.130647514,-339.171371618,-1.860634204
4017.430762164,-1062.491064189,-340.104013793,-1.852440172
4018.430655954,-1062.851522559,-341.036639872,-1.844319192
4019.430549744,-1063.211980928,-341.969265952,-1.836198212
4020.430443533,-1063.572439297,-342.901892031,-1.828077232
4021.430337323,-1063.932897667,-343.834518111,-1.819956252
4022.430231112,-1064.293356036,-344.767144190,-1.811835272
4023.430124902,-1064.653814405,-345.699770270,-1.803714292
4024.430018691,-1065.014272775,-346.632396349,-1.795593312
4025.429912481,-1065.374731144,-347.565022429,-1.787472332
4026.429801904,-1065.735814450,-348.497406430,-1.779871114
4027.429686880,-1066.097678755,-349.429487899,-1.772919455
4028.429571856,-1066.459543060,-350.361569368,-1.765967796
4029.429456833,-1066.821407365,-351.293650837,-1.759016136
4030.429341808,-1067.183271669,-352.225732306,-1.752064477
4031.429226786,-1067.545135974,-353.157813776,-1.745112818
4032.429111762,-1067.907000279,-354.089895245,-1.738161158
4033.428996738,-1068.268864583,-355.021976714,-1.731209499
4034.428881714,-1068.630728888,-355.954058183,-1.724257840
4035.428766690,-1068.992593193,-356.886139652,-1.717306180
4036.428645733,-1069.353603065,-357.818552362,-1.711263806
4037.428524471,-1069.714561455,-358.750985030,-1.705276219
4038.428403210,-1070.075519845,-359.683417699,-1.699288632
4039.428281948,-1070.436478236,-360.615850367,-1.693301046
4040.428160686,-1070.797436626,-361.548283035,-1.687313459
4041.428039424,-1071.158395016,-362.480715703,-1.681325872
4042.427918163,-1071.519353406,-363.413148372,-1.675338285
4043.427796901,-1071.880311796,-364.345581040,-1.669350699
4044.427675639,-1072.241270186,-365.278013708,-1.663363112
4045.427552151,-1072.602889958,-366.210189735,-1.657703357
4046.427426721,-1072.965345206,-367.142041565,-1.652457727
4047.427301291,-1073.327800454,-368.073893395,-1.647212098
4048.427175862,-1073.690255702,-369.005745225,-1.641966468
4049.427050433,-1074.052710950,-369.937597056,-1.636720839
4050.426925004,-1074.415166199,-370.869448886,-1.631475209
4051.426799574,-1074.777621447,-371.801300716,-1.626229580
4052.426674145,-1075.140076695,-372.733152546,-1.620983950
4053.426548715,-1075.502531943,-373.665004376,-1.615738321
4054.426423285,-1075.864987191,-374.596856206,-1.610492691
4055.426295124,-1076.231489941,-375.527122932,-1.605671300
4056.426167430,-1076.598248279,-376.457289563,-1.600876698
4057.426039736,-1076.965006616,-377.387456195,-1.596082096
4058.425912042,-1077.331764954,-378.317622826,-1.591287494
4059.425784348,-1077.698523291,-379.247789457,-1.586492892
4060.425656654,-1078.065281629,-380.177956089,-1.581698290
4061.425527890,-1078.432907159,-381.107779728,-1.577012474
4062.425399039,-1078.801638439,-382.037166022,-1.572465370
4063.425270189,-1079.170369719,-382.966552316,-1.567918266
4064.425141339,-1079.539100998,-383.895938610,-1.563371162
4065.425012490,-1079.907832278,-384.825324905,-1.558824059
4066.424883640,-1080.276563558,-385.754711199,-1.554276955
4067.424754790,-1080.645294838,-386.684097493,-1.549729851
4068.424624153,-1081.008723834,-387.615568848,-1.545345507
4069.424494528,-1081.371806585,-388.547176359,-1.540971791
4070.424364905,-1081.734889336,-389.478783871,-1.536598075
4071.424235281,-1082.097972087,-390.410391383,-1.532224359
4072.424105658,-1082.461054838,-391.341998895,-1.527850644
4073.423976034,-1082.824137589,-392.273606407,-1.523476928
4074.423846411,-1083.187220340,-393.205213919,-1.519103212
4075.423716254,-1083.549030919,-394.137316178,-1.514838671
4076.423586128,-1083.910757106,-395.069451257,-1.510581371
4077.423456002,-1084.272483292,-396.001586337,-1.506324072
4078.423325876,-1084.634209479,-396.933721416,-1.502066773
4079.423195749,-1084.995935665,-397.865856495,-1.497809474
4080.423065624,-1085.357661852,-398.797991575,-1.493552175
4081.422935497,-1085.719388039,-399.730126654,-1.489294876
4082.422805371,-1086.081114225,-400.662261733,-1.485037577
4083.422675246,-1086.442840412,-401.594396813,-1.480780278
4084.422544421,-1086.805469459,-402.526180372,-1.476544568
4085.422414085,-1087.169264243,-403.457510064,-1.472336733
4086.422283751,-1087.533059027,-404.388839757,-1.468128897
4087.422153415,-1087.896853811,-405.320169449,-1.463921062
4088.422023080,-1088.260648595,-406.251499141,-1.459713226
4089.421892744,-1088.624443379,-407.182828833,-1.455505391
4090.421762408,-1088.988238162,-408.114158525,-1.451297556
4091.421632073,-1089.352032946,-409.045488217,-1.447089720
4092.421501737,-1089.715827730,-409.976817909,-1.442881885
4093.421371402,-1090.079622514,-410.908147601,-1.438674050
4094.421241105,-1090.443427990,-411.839473117,-1.434457260
4095.421110810,-1090.807234208,-412.770798343,-1.430239849
4096.420980514,-1091.171040426,-413.702123568,-1.426022438
4097.420850219,-1091.534846644,-414.633448794,-1.421805027
4098.420719927,-1091.898653622,-415.564773723,-1.417587065
4099.420589639,-1092.262462401,-416.496097948,-1.413367800
4100.420459352,-1092.626271179,-417.427422174,-1.409148534
4101.420329064,-1092.990079957,-418.358746399,-1.404929269
4102.420198777,-1093.353888735,-419.290070625,-1.400710004
4103.420068561,-1093.717584492,-420.221438982,-1.396471498
4104.419938463,-1094.081132744,-421.152864937,-1.392207882
4105.419808364,-1094.444680995,-422.084290892,-1.387944265
4106.419678264,-1094.808229247,-423.015716846,-1.383680649
4107.419548165,-1095.171777498,-423.947142801,-1.379417033
4108.419418066,-1095.535325750,-424.878568756,-1.375153417
4109.419287966,-1095.898874001,-425.809994710,-1.370889800
4110.419157868,-1096.262422253,-426.741420665,-1.366626184
4111.419027769,-1096.625970504,-427.672846620,-1.362362568
4112.418897670,-1096.989518755,-428.604272575,-1.358098951
4113.418767784,-1097.352983808,-429.535730998,-1.353785282
4114.418637916,-1097.716442837,-430.467191773,-1.349467989
4115.418508047,-1098.079901866,-431.398652547,-1.345150696
4116.418378178,-1098.443360895,-432.330113322,-1.340833402
4117.418248310,-1098.806819924,-433.261574097,-1.336516109
4118.418118441,-1099.170278953,-434.193034871,-1.332198816
4119.417988572,-1099.533737982,-435.124495646,-1.327881523
4120.417858703,-1099.897197011,-436.055956420,-1.323564230
4121.417728835,-1100.260656040,-436.987417195,-1.319246937
4122.417599044,-1100.624129280,-437.918872424,-1.314911491
4123.417469358,-1100.987621268,-438.850320337,-1.310552099
4124.417339672,-1101.351113256,-439.781768250,-1.306192706
4125.417209985,-1101.714605244,-440.713216163,-1.301833313
4126.417080299,-1102.078097232,-441.644664076,-1.297473920
4127.416950613,-1102.441589220,-442.576111989,-1.293114527
4128.416820927,-1102.805081209,-443.507559902,-1.288755134
4129.416691241,-1103.168573197,-444.439007815,-1.284395741
4130.416561555,-1103.532065185,-445.370455728,-1.280036348
4131.416431868,-1103.895557173,-446.301903641,-1.275676956
4132.416302217,-1104.258622451,-447.233517954,-1.271307776
4133.416172577,-1104.621655534,-448.165144822,-1.266937858
4134.416042937,-1104.984688618,-449.096771690,-1.262567940
4135.415913296,-1105.347721701,-450.028398557,-1.258198022
4136.415783656,-1105.710754785,-450.960025425,-1.253828104
4137.415654016,-1106.073787868,-451.891652293,-1.249458186
4138.415524376,-1106.436820952,-452.823279160,-1.245088268
4139.415394736,-1106.799854035,-453.754906028,-1.240718350
4140.415265096,-1107.162887119,-454.686532896,-1.236348433
4141.415135371,-1107.526140575,-455.618073819,-1.231989338
4142.415005621,-1107.889687922,-456.549500127,-1.227644679
4143.414875870,-1108.253235268,-457.480926435,-1.223300020
4144.414746120,-1108.616782615,-458.412352743,-1.218955360
4145.414616369,-1108.980329961,-459.343779050,-1.214610701
4146.414486619,-1109.343877308,-460.275205358,-1.210266041
4147.414356869,-1109.707424654,-461.206631666,-1.205921382
4148.414227119,-1110.070972001,-462.138057974,-1.201576723
4149.414097369,-1110.434519348,-463.069484282,-1.197232063
4150.413967618,-1110.798066694,-464.000910590,-1.192887404
4151.413837552,-1111.161085036,-464.932543188,-1.188613008
4152.413707476,-1111.524061844,-465.864191983,-1.184344128
4153.413577399,-1111.887038652,-466.795840778,-1.180075248
4154.413447322,-1112.250015460,-467.727489573,-1.175806369
4155.413317246,-1112.612992268,-468.659138368,-1.171537489
4156.413187169,-1112.975969076,-469.590787163,-1.167268609
4157.413057093,-1113.338945884,-470.522435958,-1.162999730
4158.412927016,-1113.701922692,-471.454084753,-1.158730850
4159.412796939,-1114.064899500,-472.385733548,-1.154461970
4160.412666463,-1114.427422539,-473.317558835,-1.150249568
4161.412535829,-1114.789333862,-474.249622049,-1.146113301
4162.412405194,-1115.151245184,-475.181685263,-1.141977035
4163.412274561,-1115.513156507,-476.113748477,-1.137840768
4164.412143926,-1115.875067829,-477.045811691,-1.133704502
4165.412013292,-1116.236979152,-477.977874905,-1.129568235
4166.411882658,-1116.598890474,-478.909938119,-1.125431968
4167.411752024,-1116.960801797,-479.842001333,-1.121295702
4168.411621390,-1117.322713119,-480.774064547,-1.117159435
4169.411490756,-1117.684624442,-481.706127761,-1.113023169
4170.411359367,-1118.047333103,-482.637880951,-1.109065951
4171.411227951,-1118.410106826,-483.569608844,-1.105123344
4172.411096535,-1118.772880549,-484.501336737,-1.101180736
4173.410965118,-1119.135654271,-485.433064630,-1.097238129
4174.410833702,-1119.498427994,-486.364792523,-1.093295522
4175.410702286,-1119.861201717,-487.296520416,-1.089352914
4176.410570868,-1120.223975439,-488.228248308,-1.085410307
4177.410439452,-1120.586749162,-489.159976201,-1.081467699
4178.410308036,-1120.949522885,-490.091704094,-1.077525092
4179.410176172,-1121.312530085,-491.023341001,-1.073686272
4180.410043820,-1121.675855463,-491.954853916,-1.069988890
4181.409911467,-1122.039180841,-492.886366831,-1.066291509
4182.409779113,-1122.402506219,-493.817879745,-1.062594127
4183.409646760,-1122.765831596,-494.749392660,-1.058896746
4184.409514407,-1123.129156974,-495.680905575,-1.055199365
4185.409382053,-1123.492482352,-496.612418489,-1.051501983
4186.409249700,-1123.855807729,-497.543931404,-1.047804602
4187.409117347,-1124.219133107,-498.475444319,-1.044107220
4188.408984993,-1124.582458485,-499.406957233,-1.040409839
4189.408851446,-1124.943421009,-500.339388009,-1.036970476
4190.408718097,-1125.304183396,-501.271896529,-1.033552967
4191.408584748,-1125.664945784,-502.204405049,-1.030135459
4192.408451399,-1126.025708172,-503.136913569,-1.026717950
4193.408318048,-1126.386471099,-504.069421880,-1.023301074
4194.408184691,-1126.747235388,-505.001929665,-1.019885790
4195.408051334,-1127.107999677,-505.934437449,-1.016470506
4196.407917978,-1127.468763966,-506.866945234,-1.013055222
4197.407784621,-1127.829528255,-507.799453018,-1.009639938
4198.407650538,-1128.189641776,-508.732211948,-1.006341115
4199.407516275,-1128.548858826,-509.665316847,-1.003202725
4200.407382010,-1128.908075876,-510.598421745,-1.000064335
4201.407247745,-1129.267292925,-511.531526643,-0.996925945
4202.407113482,-1129.626509975,-512.464631542,-0.993787555
4203.406979217,-1129.985727025,-513.397736440,-0.990649165
4204.406844953,-1130.344944075,-514.330841338,-0.987510775
4205.406710689,-1130.704161125,-515.263946237,-0.984372385
4206.406576425,-1131.063378175,-516.197051135,-0.981233995
4207.406438539,-1131.430435520,-517.127096477,-0.978265247
4208.406303712,-1131.798179954,-518.056873693,-0.975311366
4209.406168887,-1132.165924387,-518.986650910,-0.972357485
4210.406015673,-1132.538430583,-519.914510936,-0.969441417
4211.405880585,-1132.917541067,-520.839711931,-0.966577792
4212.405745495,-1133.296651552,-521.764912925,-0.963714167
4213.405602570,-1133.687893401,-522.685041252,-0.960912995
4214.405467289,-1134.080209981,-523.604720186,-0.958117355
4215.405303774,-1134.478360707,-524.521857757,-0.955347230
4216.405168325,-1134.884624684,-525.435461184,-0.952612587
4217.405006620,-1135.296474799,-526.346531295,-0.949900929
4218.404871021,-1135.716101613,-527.254074669,-0.947221272
4219.404707523,-1136.141445396,-528.158921965,-0.944562505
4220.404571792,-1136.574756376,-529.060011991,-0.941932850
4221.404408186,-1137.013737444,-529.958322422,-0.939324069
4222.404272324,-1137.460628921,-530.852755007,-0.936744407
4223.404109039,-1137.913099705,-531.744347452,-0.934183525
4224.403973063,-1138.373362661,-532.631973304,-0.931648871
4225.403809552,-1138.839170421,-533.516670876,-0.929130885
4226.403673474,-1139.312730850,-534.397274169,-0.926636207
4227.403508674,-1139.791905677,-535.274802386,-0.924158194
4228.403372497,-1140.278938800,-536.148026513,-0.921703507
4229.403206152,-1140.771673381,-537.018011586,-0.919265480
4230.403069878,-1141.272396499,-537.883458291,-0.916850794
4231.402902270,-1141.778874533,-538.745513424,-0.914450670
4232.402765913,-1142.293424657,-539.602811395,-0.912070971
4233.402597088,-1142.813773697,-540.456564083,-0.909703753
4234.402460659,-1143.342265007,-541.305338832,-0.907354060
4235.402290669,-1143.876588964,-542.150414270,-0.905016839
4236.402154171,-1144.419111378,-542.990289898,-0.902697147
4237.401983464,-1144.967456358,-543.826334793,-0.900387838
4238.401846909,-1145.523994585,-544.656989260,-0.898093138
4239.401675929,-1146.086305255,-545.483705392,-0.895808811
4240.401539316,-1146.656747395,-546.304873709,-0.893539095
4241.401369178,-1147.232817812,-547.122062496,-0.891277675
4242.401232519,-1147.816824815,-547.933639640,-0.889027951
4243.401064751,-1148.406187964,-548.741297078,-0.886784452
4244.400928059,-1149.003111600,-549.543421640,-0.884549738
4245.400763864,-1149.605010634,-550.341785106,-0.882321247
4246.400627139,-1150.213940134,-551.134833973,-0.880101550
4247.400466741,-1150.827432568,-551.924328334,-0.877883919
4248.400330005,-1151.447379894,-552.708794365,-0.875669210
4249.400167751,-1152.072008964,-553.489505036,-0.873457400
4250.400030999,-1152.703268166,-554.264897492,-0.871249696
4251.399894247,-1153.334527369,-555.040289947,-0.869041993
4252.399748390,-1153.976475877,-555.806844281,-0.866834277
4253.399611638,-1154.619436015,-556.572562180,-0.864626560
4254.399449894,-1155.266912541,-557.334432115,-0.862415541
4255.399313160,-1155.920802351,-558.090837930,-0.860199833
4256.399176425,-1156.574692160,-558.847243745,-0.857984126
4257.399032610,-1157.237759360,-559.595608176,-0.855757464
4258.398895903,-1157.901702261,-560.343205304,-0.853529757
4259.398740431,-1158.569464066,-561.087368090,-0.851293800
4260.398603767,-1159.242663482,-561.826640831,-0.849046098
4261.398467104,-1159.915862899,-562.565913572,-0.846798396
4262.398324794,-1160.597069232,-563.297807119,-0.844525163
4263.398188195,-1161.279045926,-564.028990701,-0.842249473
4264.398033611,-1161.964674834,-564.756725967,-0.839960603
4265.397897084,-1162.655518452,-565.479537654,-0.837652916
4266.397760558,-1163.346362070,-566.202349342,-0.835345228
4267.397617375,-1164.045667973,-566.916967724,-0.833004721
4268.397480933,-1164.745794958,-567.630791124,-0.830661029
4269.397321754,-1165.449921570,-568.340637448,-0.828299244
4270.397185416,-1166.159774693,-569.044789551,-0.825911552
4271.397049077,-1166.869627816,-569.748941654,-0.823523861
4272.396904393,-1167.588669614,-570.443696024,-0.821092440
4273.396768170,-1168.308610189,-571.137531169,-0.818656741
4274.396605301,-1169.032749357,-571.826944494,-0.816202985
4275.396469187,-1169.762915637,-572.510010263,-0.813723306
4276.396333072,-1170.493081917,-573.193076031,-0.811243627
4277.396188440,-1171.232224219,-573.866405824,-0.808713014
4278.396052466,-1171.972251354,-574.538775871,-0.806177381
4279.395892793,-1172.716111643,-575.206867185,-0.803618777
4280.395756962,-1173.465490054,-575.868798932,-0.801027106
4281.395621132,-1174.214868465,-576.530730679,-0.798435436
4282.395478754,-1174.971877920,-577.183911300,-0.795784960
4283.395343093,-1175.729645880,-577.836222085,-0.793128638
4284.395207432,-1176.487413840,-578.488532869,-0.790472317
4285.395067565,-1177.251246635,-579.133724597,-0.787755415
4286.394932084,-1178.015685118,-579.778205354,-0.785032463
4287.394796602,-1178.780123602,-580.422686110,-0.782309511
4288.394656213,-1179.550990447,-581.059455951,-0.779531413
4289.394520898,-1180.322502553,-581.695451793,-0.776747781
4290.394364620,-1181.097414320,-582.327267708,-0.773942174
4291.394229456,-1181.877249761,-582.953029903,-0.771104741
4292.394094304,-1182.657084341,-583.578793172,-0.768263407
4293.393949368,-1183.445594826,-584.193572012,-0.765375127
4294.393814360,-1184.234983235,-584.807239332,-0.762483499
4295.393649902,-1185.028244879,-585.415843136,-0.759570670
4296.393515045,-1185.827130807,-586.017094260,-0.756627057
4297.393380189,-1186.626016735,-586.618345384,-0.753683444
4298.393236812,-1187.432660495,-587.209133153,-0.750696286
4299.393102098,-1188.240095124,-587.798854241,-0.747704688
4300.392947631,-1189.050579586,-588.384342882,-0.744691919
4301.392813073,-1189.865504894,-588.963668681,-0.741648322
4302.392678516,-1190.680430203,-589.542994480,-0.738604725
4303.392538155,-1191.501525767,-590.113530951,-0.735521233
4304.392403733,-1192.323255357,-590.683164273,-0.732433643
4305.392252608,-1193.147691483,-591.248843681,-0.729326542
4306.392118335,-1193.976079415,-591.808749990,-0.726190954
4307.391984062,-1194.804467347,-592.368656298,-0.723055367
4308.391843440,-1195.639053817,-592.919268812,-0.719883541
4309.391709294,-1196.474282200,-593.468918872,-0.716707963
4310.391553293,-1197.312486637,-594.013979563,-0.713516154
4311.391419274,-1198.155048320,-594.552320951,-0.710300584
4312.391285255,-1198.997610004,-595.090662339,-0.707085013
4313.391141882,-1199.847344462,-595.617591203,-0.703829587
4314.391008005,-1200.697827542,-596.143328941,-0.700570002
4315.390844144,-1201.551630963,-596.663599343,-0.697294214
4316.390710399,-1202.410308858,-597.175843341,-0.693994639
4317.390576653,-1203.268986752,-597.688087339,-0.690695065
4318.390432102,-1204.134954558,-598.187886826,-0.687355690
4319.390298503,-1205.001688910,-598.686377752,-0.684012129
4320.390135147,-1205.871552471,-599.179327457,-0.680652385
4321.390001683,-1206.746022341,-599.664120286,-0.677268821
4322.389868218,-1207.620492211,-600.148913114,-0.673885256
4323.389724504,-1208.501651374,-600.621416477,-0.670465530
4324.389591176,-1209.383519242,-601.092617819,-0.667041973
4325.389429823,-1210.268252817,-601.558355907,-0.663599034
4326.389296660,-1211.157216131,-602.016030318,-0.660127490
4327.389163496,-1212.046179444,-602.473704730,-0.656655945
4328.389020308,-1212.941365289,-602.919062584,-0.653144652
4329.388887299,-1213.837215348,-603.363105727,-0.649629116
4330.388725913,-1214.735775568,-603.801573856,-0.646095839
4331.388593059,-1215.638346892,-604.231790830,-0.642536303
4332.388460205,-1216.540918216,-604.662007804,-0.638976768
4333.388317384,-1217.449294503,-605.079804340,-0.635377500
4334.388184689,-1218.358295102,-605.496265085,-0.631773958
4335.388026508,-1219.269700688,-605.907373838,-0.628152715
4336.387893972,-1220.184675264,-606.310540263,-0.624505201
4337.387761435,-1221.099649840,-606.713706687,-0.620857688
4338.387620757,-1222.019533432,-607.105522008,-0.617170488
4339.387488382,-1222.939948905,-607.496107462,-0.613478989
4340.387334959,-1223.862412558,-607.881776010,-0.609769800
4341.387202748,-1224.787924214,-608.260127455,-0.606034286
4342.387070536,-1225.713435869,-608.638478900,-0.602298772
4343.386930492,-1226.643451596,-609.005597954,-0.598519989
4344.386798461,-1227.573959008,-609.371490831,-0.594736483
4345.386643371,-1228.506467645,-609.732188815,-0.590935324
4346.386511507,-1229.441962494,-610.085135025,-0.587107823
4347.386379643,-1230.377457343,-610.438081236,-0.583280322
4348.386238421,-1231.317504432,-610.778689651,-0.579413200
4349.386106727,-1232.258052120,-611.117941308,-0.575541721
4350.385944939,-1233.200706589,-611.451203784,-0.571652609
4351.385813417,-1234.146513461,-611.775504573,-0.567737113
4352.385681894,-1235.092320333,-612.099805362,-0.563821618
4353.385539761,-1236.042546453,-612.410884826,-0.559866518
4354.385408411,-1236.993262133,-612.720499643,-0.555907031
4355.385267766,-1237.947916808,-613.017715539,-0.551920554
4356.385136535,-1238.903009101,-613.313553928,-0.547931078
4357.384995893,-1239.861884957,-613.596855222,-0.543905606
4358.384864823,-1240.821182392,-613.878759588,-0.539876123
4359.384724764,-1241.783994078,-614.148383524,-0.535815176
4360.384593836,-1242.747198449,-614.416635236,-0.531750713
4361.384452596,-1243.713969448,-614.671693151,-0.527647587
4362.384321843,-1244.681140151,-614.925272473,-0.523540128
4363.384160357,-1245.649882607,-615.172654980,-0.519416714
4364.384029770,-1246.620993563,-615.410699413,-0.515269255
4365.383899181,-1247.592104518,-615.648743846,-0.511121797
4366.383757631,-1248.566453639,-615.873116634,-0.506931212
4367.383627243,-1249.541168281,-616.095946181,-0.502735759
4368.383467820,-1250.517218975,-616.312714429,-0.498522780
4369.383337618,-1251.495288470,-616.520323923,-0.494283319
4370.383207417,-1252.473357966,-616.727933417,-0.490043858
4371.383066303,-1253.454218134,-616.921873729,-0.485768500
4372.382936272,-1254.435395539,-617.114260167,-0.481489060
4373.382779277,-1255.417678313,-617.300775911,-0.477192124
4374.382649434,-1256.401635830,-617.478396979,-0.472868677
4375.382519592,-1257.385593348,-617.656018046,-0.468545230
4376.382381510,-1258.371621683,-617.821707434,-0.464185925
4377.382251841,-1259.357887087,-617.986030876,-0.459822516
4378.382105631,-1260.344893866,-618.145736955,-0.455442171
4379.381976150,-1261.333026994,-618.298428024,-0.451036099
4380.381846668,-1262.321160121,-618.451119093,-0.446630027
4381.381705585,-1263.309873288,-618.599929314,-0.442197766
4382.381576397,-1264.299469181,-618.742833512,-0.437725651
4383.381447208,-1265.289065073,-618.885737710,-0.433253536
4384.381318020,-1266.278660966,-619.028641908,-0.428781421
4385.381188832,-1267.268256858,-619.171546106,-0.424309307
4386.381059643,-1268.257852750,-619.314450304,-0.419837192
4387.380930829,-1269.247550445,-619.456647539,-0.415275709
4388.380802092,-1270.237259984,-619.598762525,-0.410703829
4389.380673356,-1271.226969500,-619.740877667,-0.406131551
4390.380544630,-1272.216678905,-619.882993588,-0.401557309
4391.380415904,-1273.206388309,-620.025109509,-0.396983067
4392.380287178,-1274.196097714,-620.167225430,-0.392408825
4393.380158451,-1275.185807118,-620.309341350,-0.387834583
4394.380029725,-1276.175516523,-620.451457271,-0.383260341
4395.379900552,-1277.165091706,-620.594500097,-0.378636732
4396.379772406,-1278.154460972,-620.738964959,-0.373937385
4397.379644260,-1279.143830238,-620.883429821,-0.369238038
4398.379516115,-1280.133199504,-621.027894683,-0.364538691
4399.379387968,-1281.122568769,-621.172359544,-0.359839344
4400.379259822,-1282.111938035,-621.316824406,-0.355139997
4401.379131676,-1283.101307301,-621.461289268,-0.350440650
4402.379003529,-1284.090676566,-621.605754130,-0.345741303
4403.378875383,-1285.080045832,-621.750218992,-0.341041955
4404.378747237,-1286.069415098,-621.894683853,-0.336342608
4405.378619632,-1287.058942312,-622.038062333,-0.331514461
4406.378492174,-1288.048488395,-622.181311030,-0.326670927
4407.378364717,-1289.038034479,-622.324559727,-0.321827393
4408.378237258,-1290.027580562,-622.467808424,-0.316983859
4409.378109800,-1291.017126645,-622.611057121,-0.312140325
4410.377982342,-1292.006672729,-622.754305818,-0.307296791
4411.377854884,-1292.996218812,-622.897554515,-0.302453257
4412.377727425,-1293.985764895,-623.040803212,-0.297609723
4413.377599968,-1294.975310979,-623.184051910,-0.292766189
4414.377472701,-1295.964799762,-623.327695016,-0.287858300
4415.377346051,-1296.954199655,-623.471949966,-0.282850577
4416.377219402,-1297.943599549,-623.616204916,-0.277842855
4417.377092753,-1298.932999443,-623.760459866,-0.272835132
4418.376966103,-1299.922399336,-623.904714816,-0.267827409
4419.376839454,-1300.911799230,-624.048969766,-0.262819687
4420.376712805,-1301.901199124,-624.193224716,-0.257811964
4421.376586155,-1302.890599017,-624.337479666,-0.252804242
4422.376459506,-1303.879998911,-624.481734616,-0.247796519
4423.376332857,-1304.869398805,-624.625989566,-0.242788796
4424.376207056,-1305.858782336,-624.770356690,-0.237614219
4425.376081363,-1306.848163858,-624.914737588,-0.232419152
4426.375955670,-1307.837545381,-625.059118486,-0.227224086
4427.375829976,-1308.826926903,-625.203499383,-0.222029019
4428.375704282,-1309.816308425,-625.347880281,-0.216833952
4429.375578589,-1310.805689947,-625.492261179,-0.211638886
4430.375452896,-1311.795071470,-625.636642077,-0.206443819
4431.375327202,-1312.784452992,-625.781022975,-0.201248752
4432.375201509,-1313.773834514,-625.925403873,-0.196053686
4433.375076083,-1314.763153500,-626.070211648,-0.190779537
4434.374951466,-1315.752374390,-626.215689038,-0.185381338
4435.374826848,-1316.741595280,-626.361166428,-0.179983140
4436.374702231,-1317.730816170,-626.506643817,-0.174584941
4437.374577613,-1318.720037060,-626.652121207,-0.169186742
4438.374452996,-1319.709257950,-626.797598597,-0.163788543
4439.374328379,-1320.698478840,-626.943075987,-0.158390344
4440.374203761,-1321.687699730,-627.088553377,-0.152992145
4441.374079144,-1322.676920620,-627.234030766,-0.147593946
4442.373954527,-1323.666141511,-627.379508156,-0.142195748
4443.373830899,-1324.655423561,-627.524568980,-0.136615306
4444.373707411,-1325.644713326,-627.669577262,-0.131011877
4445.373583922,-1326.634003090,-627.814585543,-0.125408449
4446.373460434,-1327.623292855,-627.959593824,-0.119805021
4447.373336946,-1328.612582620,-628.104602106,-0.114201592
4448.373213457,-1329.601872384,-628.249610387,-0.108598164
4449.373089969,-1330.591162149,-628.394618669,-0.102994735
4450.372966481,-1331.580451914,-628.539626950,-0.097391307
4451.372842992,-1332.569741678,-628.684635231,-0.091787878
4452.372719769,-1333.559096702,-628.829196474,-0.086108752
4453.372597397,-1334.548555240,-628.973048628,-0.080309556
4454.372475025,-1335.538013778,-629.116900782,-0.074510359
4455.372352653,-1336.527472316,-629.260752936,-0.068711163
4456.372230281,-1337.516930854,-629.404605090,-0.062911966
4457.372107910,-1338.506389392,-629.548457244,-0.057112770
4458.371985537,-1339.495847929,-629.692309398,-0.051313573
4459.371863165,-1340.485306467,-629.836161552,-0.045514376
4460.371740793,-1341.474765005,-629.980013706,-0.039715180
4461.371618421,-1342.464223543,-630.123865860,-0.033915983
4462.371496908,-1343.453689528,-630.267666777,-0.027970498
4463.371375508,-1344.443156478,-630.411461059,-0.022006069
4464.371254108,-1345.432623428,-630.555255340,-0.016041641
4465.371132707,-1346.422090377,-630.699049622,-0.010077212
4466.371011307,-1347.411557327,-630.842843904,-0.004112783
4467.370889908,-1348.401024277,-630.986638186,0.001851646
4468.370768508,-1349.390491227,-631.130432468,0.007816074
4469.370647107,-1350.379958176,-631.274226750,0.013780503
4470.370525707,-1351.369425126,-631.418021032,0.019744932
4471.370404594,-1352.358902684,-631.561742270,0.025757948
4472.370283957,-1353.348397257,-631.705346345,0.031848899
4473.370163320,-1354.337891830,-631.848950420,0.037939850
4474.370042682,-1355.327386403,-631.992554495,0.044030802
4475.369922045,-1356.316880976,-632.136158570,0.050121753
4476.369801408,-1357.306375549,-632.279762645,0.056212704
4477.369680770,-1358.295870122,-632.423366720,0.062303655
4478.369560133,-1359.285364695,-632.566970795,0.068394606
4479.369439495,-1360.274859267,-632.710574870,0.074485557
4480.369318851,-1361.264353508,-632.854181238,0.080575329
4481.369198641,-1362.253954725,-632.997048287,0.086742308
4482.369078539,-1363.243570398,-633.139815441,0.092920396
4483.368958436,-1364.233186071,-633.282582594,0.099098484
4484.368838333,-1365.222801744,-633.425349747,0.105276572
4485.368718231,-1366.212417417,-633.568116901,0.111454660
4486.368598128,-1367.202033090,-633.710884054,0.117632748
4487.368478025,-1368.191648763,-633.853651208,0.123810836
4488.368357923,-1369.181264436,-633.996418361,0.129988924
4489.368237820,-1370.170880109,-634.139185515,0.136167012
4490.368117776,-1371.160450159,-634.282267978,0.142367978
4491.367998046,-1372.149946207,-634.425861886,0.148606054
4492.367878316,-1373.139442256,-634.569455793,0.154844131
4493.367758585,-1374.128938304,-634.713049700,0.161082207
4494.367638855,-1375.118434353,-634.856643607,0.167320283
4495.367519124,-1376.107930401,-635.000237514,0.173558360
4496.367399395,-1377.097426450,-635.143831422,0.179796436
4497.367279664,-1378.086922498,-635.287425329,0.186034512
4498.367159934,-1379.076418547,-635.431019236,0.192272589
4499.367040203,-1380.065914595,-635.574613143,0.198510665
4500.366920687,-1381.055514313,-635.717490602,0.204788576
4501.366801240,-1382.045128159,-635.860270415,0.211071916
4502.366681794,-1383.034742006,-636.003050229,0.217355256
4503.366562346,-1384.024355852,-636.145830042,0.223638596
4504.366442900,-1385.013969699,-636.288609856,0.229921937
4505.366323453,-1386.003583545,-636.431389669,0.236205277
4506.366204005,-1386.993197391,-636.574169482,0.242488617
4507.366084559,-1387.982811238,-636.716949296,0.248771957
4508.365965112,-1388.972425084,-636.859729109,0.255055297
4509.365845685,-1389.961994195,-637.002818084,0.261354581
4510.365726504,-1390.951489925,-637.146414185,0.267680019
4511.365607323,-1391.940985656,-637.290010286,0.274005456
4512.365488142,-1392.930481386,-637.433606387,0.280330894
4513.365368960,-1393.919977116,-637.577202488,0.286656331
4514.365249779,-1394.909472846,-637.720798589,0.292981769
4515.365130597,-1395.898968576,-637.864394690,0.299307206
4516.365011416,-1396.888464307,-638.007990791,0.305632644
4517.364892235,-1397.877960037,-638.151586891,0.311958082
4518.364773053,-1398.867455767,-638.295182992,0.318283519
4519.364654123,-1399.856997139,-638.438464183,0.324649587
4520.364535235,-1400.846544887,-638.581701380,0.331021331
4521.364416348,-1401.836092635,-638.724938577,0.337393074
4522.364297461,-1402.825640383,-638.868175775,0.343764818
4523.364178573,-1403.815188131,-639.011412972,0.350136562
4524.364059686,-1404.804735879,-639.154650169,0.356508306
4525.363940798,-1405.794283627,-639.297887366,0.362880050
4526.363821911,-1406.783831375,-639.441124563,0.369251793
4527.363703024,-1407.773379123,-639.584361760,0.375623537
4528.363584224,-1408.762890038,-639.727852807,0.382017519
4529.363465715,-1409.752339851,-639.871764958,0.388448389
4530.363347205,-1410.741789664,-640.015677109,0.394879260
4531.363228696,-1411.731239477,-640.159589260,0.401310131
4532.363110188,-1412.720689291,-640.303501411,0.407741002
4533.362991679,-1413.710139104,-640.447413562,0.414171872
4534.362873170,-1414.699588917,-640.591325713,0.420602743
4535.362754661,-1415.689038730,-640.735237864,0.427033614
4536.362636152,-1416.678488544,-640.879150015,0.433464485
4537.362516009,-1417.668696014,-641.017738149,0.439962418
4538.362397996,-1418.659011804,-641.155565129,0.446469939
4539.362279983,-1419.649327594,-641.293392109,0.452977460
4540.362161971,-1420.639643384,-641.431219090,0.459484980
4541.362043958,-1421.629959174,-641.569046070,0.465992501
4542.361925945,-1422.620274964,-641.706873050,0.472500022
4543.361807932,-1423.610590754,-641.844700031,0.479007543
4544.361689919,-1424.600906544,-641.982527011,0.485515064
4545.361571906,-1425.591222334,-642.120353991,0.492022585
4546.361452313,-1426.581332954,-642.259634243,0.498564708
4547.361334907,-1427.571099578,-642.401351107,0.505164845
4548.361217501,-1428.560866202,-642.543067972,0.511764982
4549.361100096,-1429.550632827,-642.684784836,0.518365119
4550.360982689,-1430.540399451,-642.826501701,0.524965256
4551.360865283,-1431.530166075,-642.968218565,0.531565393
4552.360747877,-1432.519932699,-643.109935430,0.538165530
4553.360630472,-1433.509699324,-643.251652294,0.544765667
4554.360513066,-1434.499465948,-643.393369159,0.551365804
4555.360395660,-1435.489232572,-643.535086023,0.557965941
4556.360278832,-1436.478849158,-643.677846282,0.564665229
4557.360162183,-1437.468443775,-643.820759309,0.571379033
4558.360045533,-1438.458038392,-643.963672336,0.578092837
4559.359928885,-1439.447633010,-644.106585363,0.584806642
4560.359812235,-1440.437227627,-644.249498391,0.591520446
4561.359695587,-1441.426822245,-644.392411418,0.598234251
4562.359578937,-1442.416416862,-644.535324445,0.604948055
4563.359462288,-1443.406011480,-644.678237472,0.611661859
4564.359345639,-1444.395606097,-644.821150499,0.618375664
4565.359229255,-1445.385239910,-644.963791409,0.625138271
4566.359113498,-1446.374940184,-645.105970901,0.631983630
4567.358997741,-1447.364640458,-645.248150392,0.638828990
4568.358881984,-1448.354340732,-645.390329883,0.645674350
4569.358766227,-1449.344041006,-645.532509375,0.652519710
4570.358650469,-1450.333741280,-645.674688866,0.659365070
4571.358534712,-1451.323441554,-645.816868357,0.666210430
4572.358418955,-1452.313141828,-645.959047848,0.673055789
4573.358303198,-1453.302842102,-646.101227340,0.679901149
4574.358187441,-1454.292542376,-646.243406831,0.686746509
4575.358072632,-1455.282196958,-646.385903969,0.693730028
4576.357957970,-1456.271844689,-646.528448728,0.700733538
4577.357843277,-1457.261492416,-646.670993513,0.707732700
4578.357728585,-1458.251140144,-646.813538298,0.714731862
4579.357613892,-1459.240787871,-646.956083084,0.721731023
4580.357499200,-1460.230435598,-647.098627869,0.728730185
4581.357384508,-1461.220083326,-647.241172655,0.735729347
4582.357269815,-1462.209731053,-647.383717440,0.742728508
4583.357155123,-1463.199378781,-647.526262226,0.749727670
4584.357040863,-1464.189044693,-647.668680603,0.756790357
4585.356927393,-1465.178741793,-647.810882188,0.763961990
4586.356813924,-1466.168438893,-647.953083774,0.771133624
4587.356700453,-1467.158135992,-648.095285359,0.778305258
4588.356586983,-1468.147833092,-648.237486945,0.785476891
4589.356473513,-1469.137530192,-648.379688530,0.792648525
4590.356360043,-1470.127227292,-648.521890115,0.799820159
4591.356246572,-1471.116924391,-648.664091701,0.806991792
4592.356133102,-1472.106621491,-648.806293286,0.814163426
4593.356019632,-1473.096318591,-648.948494872,0.821335059
4594.355907317,-1474.086103315,-649.090085062,0.828670028
4595.355795216,-1475.075901480,-649.231581464,0.836030053
4596.355683115,-1476.065699646,-649.373077866,0.843390078
4597.355571013,-1477.055497811,-649.514574268,0.850750103
4598.355458913,-1478.045295977,-649.656070670,0.858110128
4599.355346812,-1479.035094143,-649.797567072,0.865470153
4600.355234710,-1480.024892308,-649.939063473,0.872830178
4601.355122609,-1481.014690474,-650.080559875,0.880190203
4602.355010508,-1482.004488639,-650.222056277,0.887550227
4603.354898899,-1482.994319093,-650.363326306,0.894982993
4604.354788282,-1483.984205558,-650.504203653,0.902541940
4605.354677665,-1484.974092023,-650.645080999,0.910100887
4606.354567047,-1485.963978488,-650.785958345,0.917659834
4607.354456430,-1486.953864953,-650.926835692,0.925218781
4608.354345813,-1487.943751418,-651.067713038,0.932777728
4609.354235196,-1488.933637883,-651.208590384,0.940336674
4610.354124579,-1489.923524348,-651.349467731,0.947895621
4611.354013962,-1490.913410813,-651.490345077,0.955454568
4612.353903345,-1491.903297278,-651.631222423,0.963013515
4613.353793996,-1492.893011718,-651.773302454,0.970753499
4614.353684985,-1493.882699162,-651.915571232,0.978521894
4615.353575973,-1494.872386605,-652.057840010,0.986290289
4616.353466961,-1495.862074048,-652.200108787,0.994058684
4617.353357949,-1496.851761491,-652.342377565,1.001827079
4618.353248937,-1497.841448934,-652.484646342,1.009595475
4619.353139925,-1498.831136377,-652.626915120,1.017363870
4620.353030913,-1499.820823820,-652.769183898,1.025132265
4621.352921902,-1500.810511264,-652.911452675,1.032900660
4622.355528594,-1501.800215616,-653.053603689,1.107052959
4623.355918982,-1502.789779821,-653.196726030,1.139604578
4624.355784852,-1503.779305640,-653.340114641,1.136423849
4625.355650721,-1504.768831458,-653.483503253,1.133243120
4626.355516590,-1505.758357277,-653.626891864,1.130062391
4627.355382460,-1506.747883096,-653.770280476,1.126881662
4628.355248330,-1507.737408915,-653.913669087,1.123700932
4629.355114199,-1508.726934734,-654.057057699,1.120520203
4630.354980069,-1509.716460553,-654.200446310,1.117339474
4631.354845939,-1510.705986372,-654.343834922,1.114158745
4632.354728722,-1511.695528203,-654.487112985,1.120787539
4633.354623181,-1512.685072603,-654.630373308,1.128990609
4634.354517640,-1513.674617003,-654.773633630,1.137193679
4635.354412101,-1514.664161404,-654.916893953,1.145396750
4636.354306560,-1515.653705804,-655.060154275,1.153599820
4637.354201020,-1516.643250204,-655.203414598,1.161802891
4638.354095480,-1517.632794605,-655.346674920,1.170005961
4639.353989940,-1518.622339005,-655.489935243,1.178209032
4640.353884399,-1519.611883405,-655.633195565,1.186412102
4641.353778681,-1520.601290784,-655.777393644,1.194690274
4642.353674872,-1521.590454978,-655.923256037,1.203101736
4643.353571063,-1522.579619172,-656.069118429,1.211513198
4644.353467254,-1523.568783366,-656.214980821,1.219924659
4645.353363445,-1524.557947560,-656.360843214,1.228336121
4646.353259636,-1525.547111754,-656.506705606,1.236747582
4647.353155827,-1526.536275948,-656.652567998,1.245159044
4648.353052019,-1527.525440142,-656.798430391,1.253570505
4649.352948210,-1528.514604336,-656.944292783,1.261981967
4650.352844401,-1529.503768530,-657.090155175,1.270393428
4651.352741719,-1530.493217278,-657.234072448,1.278974871
4652.352639594,-1531.482712708,-657.377670616,1.287584200
4653.352537469,-1532.472208138,-657.521268785,1.296193529
4654.352435344,-1533.461703568,-657.664866954,1.304802858
4655.352333219,-1534.451198998,-657.808465123,1.313412186
4656.352231094,-1535.440694428,-657.952063291,1.322021515
4657.352128970,-1536.430189858,-658.095661460,1.330630844
4658.352026845,-1537.419685288,-658.239259629,1.339240173
4659.351924720,-1538.409180718,-658.382857798,1.347849501
4660.351822536,-1539.398796562,-658.525619274,1.356526229
4661.351722051,-1540.388628582,-658.666878653,1.365323957
4662.351621566,-1541.378460602,-658.808138032,1.374121685
4663.351521081,-1542.368292622,-658.949397412,1.382919413
4664.351420597,-1543.358124643,-659.090656791,1.391717140
4665.351320112,-1544.347956663,-659.231916170,1.400514868
4666.351219627,-1545.337788683,-659.373175549,1.409312596
4667.351119142,-1546.327620703,-659.514434928,1.418110324
4668.351018657,-1547.317452723,-659.655694307,1.426908052
4669.350918172,-1548.307284743,-659.796953686,1.435705780
4670.350819043,-1549.297119107,-659.938196641,1.444656337
4671.350720145,-1550.286953864,-660.079436843,1.453632514
4672.350621245,-1551.276788620,-660.220677045,1.462608691
4673.350522347,-1552.266623377,-660.361917247,1.471584869
4674.350423451,-1553.256458089,-660.503157760,1.480561433
4675.350324580,-1554.246292500,-660.644400388,1.489540629
4676.350225707,-1555.236126910,-660.785643016,1.498519825
4677.350126836,-1556.225961321,-660.926885644,1.507499021
4678.350027964,-1557.215795731,-661.068128272,1.516478217
4679.349929601,-1558.205611988,-661.209497956,1.525515560
4680.349832214,-1559.195395278,-661.351098383,1.534658505
4681.349734826,-1560.185178567,-661.492698810,1.543801450
4682.349637438,-1561.174961856,-661.634299237,1.552944395
4683.349540050,-1562.164745145,-661.775899664,1.562087340
4684.349442662,-1563.154528434,-661.917500091,1.571230285
4685.349345274,-1564.144311723,-662.059100518,1.580373230
4686.349247886,-1565.134095012,-662.200700945,1.589516175
4687.349150498,-1566.123878301,-662.342301372,1.598659120
4688.349053110,-1567.113661590,-662.483901799,1.607802065
4689.348956776,-1568.103350434,-662.626160565,1.617063615
4690.348860668,-1569.093023104,-662.768532074,1.626345476
4691.348764560,-1570.082695774,-662.910903583,1.635627338
4692.348668452,-1571.072368444,-663.053275092,1.644909200
4693.348572344,-1572.062041114,-663.195646600,1.654191061
4694.348476236,-1573.051713784,-663.338018109,1.663472923
4695.348380128,-1574.041386454,-663.480389618,1.672754784
4696.348284020,-1575.031059124,-663.622761127,1.682036646
4697.348187912,-1576.020731794,-663.765132635,1.691318507
4698.348092120,-1577.010403553,-663.907510473,1.700634500
4699.347996916,-1578.000073640,-664.049899938,1.710013200
4700.347901711,-1578.989743726,-664.192289404,1.719391899
4701.347806507,-1579.979413813,-664.334678869,1.728770599
4702.347711303,-1580.969083900,-664.477068334,1.738149298
4703.347616098,-1581.958753986,-664.619457799,1.747527998
4704.347520894,-1582.948424073,-664.761847265,1.756906697
4705.347425690,-1583.938094160,-664.904236730,1.766285397
4706.347330485,-1584.927764246,-665.046626195,1.775664096
4707.347235281,-1585.917434333,-665.189015660,1.785042796
4708.347140437,-1586.907085151,-665.331538975,1.794460006
4709.347045658,-1587.896732599,-665.474085699,1.803883952
4710.346950879,-1588.886380048,-665.616632422,1.813307898
4711.346856100,-1589.876027496,-665.759179146,1.822731844
4712.346761321,-1590.865674944,-665.901725869,1.832155790
4713.346666541,-1591.855322392,-666.044272593,1.841579735
4714.346571763,-1592.844969841,-666.186819317,1.851003681
4715.346476984,-1593.834617289,-666.329366040,1.860427627
4716.346382205,-1594.824264737,-666.471912764,1.869851573
4717.346287364,-1595.813936669,-666.614289210,1.879271840
4718.346192486,-1596.803654108,-666.756349168,1.888685269
4719.346097607,-1597.793371546,-666.898409127,1.898098698
4720.346002729,-1598.783088985,-667.040469085,1.907512127
4721.345907852,-1599.772806424,-667.182529044,1.916925556
4722.345812973,-1600.762523862,-667.324589003,1.926338985
4723.345718095,-1601.752241301,-667.466648961,1.935752414
4724.345623218,-1602.741958740,-667.608708920,1.945165843
4725.345528339,-1603.731676178,-667.750768879,1.954579272
4726.345433461,-1604.721393617,-667.892828837,1.963992701
4727.345338079,-1605.711129192,-668.034762375,1.973352549
4728.345242608,-1606.700868005,-668.176673339,1.982702829
4729.345147137,-1607.690606818,-668.318584302,1.992053110
4730.345051667,-1608.680345632,-668.460495266,2.001403390
4731.344956196,-1609.670084445,-668.602406230,2.010753670
4732.344860725,-1610.659823258,-668.744317194,2.020103950
4733.344765255,-1611.649562072,-668.886228158,2.029454231
4734.344669785,-1612.639300885,-669.028139122,2.038804511
4735.344574314,-1613.629039698,-669.170050086,2.048154791
4736.344475438,-1614.619033232,-669.310150610,2.057477071
4737.344379217,-1615.609505740,-669.446846812,2.066746699
4738.344282996,-1616.599978248,-669.583543015,2.076016326
4739.344186774,-1617.590450755,-669.720239218,2.085285954
4740.344090553,-1618.580923263,-669.856935420,2.094555581
4741.343994332,-1619.571395771,-669.993631623,2.103825209
4742.343893900,-1620.562716374,-670.124006936,2.113038610
4743.343797065,-1621.554190866,-670.253235307,2.122241809
4744.343700230,-1622.545665358,-670.382463679,2.131445008
4745.343603395,-1623.537139850,-670.511692050,2.140648206
4746.343498288,-1624.528979507,-670.638023378,2.149829120
4747.343400862,-1625.521509981,-670.758874108,2.158967876
4748.343303436,-1626.514040455,-670.879724837,2.168106632
4749.343206009,-1627.506570928,-671.000575566,2.177245387
4750.343096953,-1628.499503882,-671.117976205,2.186363428
4751.342998981,-1629.493200080,-671.228834255,2.195442185
4752.342901008,-1630.486896277,-671.339692306,2.204520942
4753.342803035,-1631.480592474,-671.450550357,2.213599699
4754.342696753,-1632.475264772,-671.552201278,2.222630614
4755.342598268,-1633.470116415,-671.652160515,2.231652738
4756.342499783,-1634.464968058,-671.752119753,2.240674862
4757.342392008,-1635.460746932,-671.842276317,2.249657613
4758.342293102,-1636.456696694,-671.930626250,2.258633108
4759.342194197,-1637.452646457,-672.018976183,2.267608602
4760.342084913,-1638.449449481,-672.096985611,2.276536238
4761.341985501,-1639.446410231,-672.173083601,2.285455027
4762.341886088,-1640.443370980,-672.249181591,2.294373816
4763.341776512,-1641.441049611,-672.315056588,2.303244817
4764.341676597,-1642.438861354,-672.379036018,2.312106958
4765.341576680,-1643.436673096,-672.443015448,2.320969099
4766.341467730,-1644.435047234,-672.497360630,2.329789086
4767.341367371,-1645.433525971,-672.549913944,2.338601233
4768.341267014,-1646.432004709,-672.602467258,2.347413380
4769.341157823,-1647.430927758,-672.645568033,2.356170953
4770.341056895,-1648.429933696,-672.686905365,2.364918345
4771.340955969,-1649.428939635,-672.728242697,2.373665737
4772.340842800,-1650.428073705,-672.766040061,2.382391721
4773.340741327,-1651.427453965,-672.797035805,2.391076522
4774.340639852,-1652.426834209,-672.828032056,2.399760915
4775.340538376,-1653.426214453,-672.859028306,2.408445309
4776.340431159,-1654.425792897,-672.882568117,2.417070290
4777.340329073,-1655.425408578,-672.904706999,2.425684109
4778.340226986,-1656.425024259,-672.926845881,2.434297927
4779.340124900,-1657.424639940,-672.948984763,2.442911746
4780.340017933,-1658.424377752,-672.964392500,2.451455002
4781.339915128,-1659.424138604,-672.978530363,2.459984945
4782.339812322,-1660.423899455,-672.992668227,2.468514888
4783.339709517,-1661.423660307,-673.006806090,2.477044832
4784.339598592,-1662.423449561,-673.018089692,2.485547155
4785.339495098,-1663.423293783,-673.023849180,2.493996022
4786.339391604,-1664.423138005,-673.029608669,2.502444889
4787.339288111,-1665.422982227,-673.035368157,2.510893757
4788.339175069,-1666.422830178,-673.038027636,2.519315894
4789.339070915,-1667.422685361,-673.034673036,2.527686176
4790.338966760,-1668.422540544,-673.031318436,2.536056458
4791.338862606,-1669.422395727,-673.027963835,2.544426740
4792.338751316,-1670.422181733,-673.016286779,2.552734658
4793.338646543,-1671.421954529,-673.003020413,2.561030667
4794.338541769,-1672.421727325,-672.989754047,2.569326676
4795.338423539,-1673.421431079,-672.972797919,2.577599923
4796.338318210,-1674.421000316,-672.948652943,2.585828819
4797.338212883,-1675.420569554,-672.924507967,2.594057716
4798.338093257,-1676.420025631,-672.896562149,2.602264041
4799.337987382,-1677.419260838,-672.861197761,2.610426312
4800.337881508,-1678.418496046,-672.825833373,2.618588582
4801.337761704,-1679.417577819,-672.786721424,2.626729408
4802.337655315,-1680.416359593,-672.740282123,2.634828308
4803.337548926,-1681.415141367,-672.693842822,2.642927207
4804.337429597,-1682.413736205,-672.643798242,2.651004698
4805.337322697,-1683.411964876,-672.586691657,2.659040253
4806.337215796,-1684.410193546,-672.529585071,2.667075807
4807.337095903,-1685.408196453,-672.468871007,2.675089990
4808.336988496,-1686.405756317,-672.401077500,2.683062230
4809.336881088,-1687.403316180,-672.333283993,2.691034471
4810.336759922,-1688.400603425,-672.261781556,2.698986506
4811.336652039,-1689.397354692,-672.182987185,2.706898816
4812.336544156,-1690.394105959,-672.104192815,2.714811126
4813.336422297,-1691.390541089,-672.021663989,2.722705466
4814.336313993,-1692.386353602,-671.931780284,2.730564414
4815.336205689,-1693.382166114,-671.841896580,2.738423362
4816.336084239,-1694.377632860,-671.748400005,2.746263237
4817.335975491,-1695.372417404,-671.647775200,2.754065481
4818.335866742,-1696.367201947,-671.547150394,2.761867725
4819.335744738,-1697.361600257,-671.442903510,2.769652068
4820.335635577,-1698.355235093,-671.331496801,2.777401025
4821.335526414,-1699.348869928,-671.220090093,2.785149982
4822.335402977,-1700.342062391,-671.104929032,2.792883293
4823.335293455,-1701.334378828,-670.982333235,2.800585617
4824.335183932,-1702.326695265,-670.859737437,2.808287942
4825.335059586,-1703.318517423,-670.733321416,2.815976860
4826.334949756,-1704.309359036,-670.599326868,2.823639183
4827.334839925,-1705.300200648,-670.465332319,2.831301505
4828.334716724,-1706.290533000,-670.327720701,2.838949305
4829.334606562,-1707.279853287,-670.182920808,2.846568245
4830.334496400,-1708.269173575,-670.038120915,2.854187185
4831.334373533,-1709.257959496,-669.889800977,2.861794987
4832.334263118,-1710.245681466,-669.734472454,2.869380616
4833.334152703,-1711.233403436,-669.579143931,2.876966245
4834.334028612,-1712.220531633,-669.420171081,2.884541875
4835.333917970,-1713.206475415,-669.253928791,2.892097560
4836.333807329,-1714.192419197,-669.087686501,2.899653246
4837.333682672,-1715.177721380,-668.917764830,2.907198915
4838.333571804,-1716.161741503,-668.740490923,2.914724569
4839.333460936,-1717.145761626,-668.563217016,2.922250223
4840.333336429,-1718.129108680,-668.382321871,2.929768094
4841.333225385,-1719.111108345,-668.194177518,2.937270384
4842.333114340,-1720.093108010,-668.006033165,2.944772674
4843.332988367,-1721.074361421,-667.814112190,2.952266107
4844.332877124,-1722.054118129,-667.614616740,2.959741776
4845.332765881,-1723.033874836,-667.415121289,2.967217445
4846.332636855,-1724.012767538,-667.211515607,2.974685365
4847.332525438,-1724.989924243,-666.999651467,2.982137716
4848.332414020,-1725.967080948,-666.787787327,2.989590067
4849.332283673,-1726.943292540,-666.571697465,2.997034680
4850.332172082,-1727.917601778,-666.347101945,3.004463720
4851.332060492,-1728.891911017,-666.122506424,3.011892760
4852.331932002,-1729.865277919,-665.893935096,3.019312946
4853.331820212,-1730.836744735,-665.657347133,3.026715281
4854.331708424,-1731.808211552,-665.420759169,3.034117616
4855.331582323,-1732.778769083,-665.180527552,3.041511114
4856.331470337,-1733.747489822,-664.932935609,3.048886763
4857.331358351,-1734.716210561,-664.685343666,3.056262412
4858.331232974,-1735.684014307,-664.434244186,3.063625944
4859.331120719,-1736.649962225,-664.176046083,3.070964953
4860.331008462,-1737.615910142,-663.917847980,3.078303962
4861.330882874,-1738.580905636,-663.656163338,3.085630870
4862.330770350,-1739.543970062,-663.387409638,3.092933242
4863.330657827,-1740.507034489,-663.118655938,3.100235614
4864.330533064,-1741.469152457,-662.846578026,3.107523682
4865.330420225,-1742.429348026,-662.567748131,3.114782694
4866.330307384,-1743.389543594,-662.288918237,3.122041706
4867.330182228,-1744.348757169,-662.006771798,3.129280948
4868.330068955,-1745.305972477,-661.717876496,3.136479959
4869.329955681,-1746.263187784,-661.428981195,3.143678970
4870.329842408,-1747.220403092,-661.140085893,3.150877982
4871.329720937,-1748.175059500,-660.842870225,3.158023811
4872.329607201,-1749.129188157,-660.543938550,3.165158161
4873.329493404,-1750.083316977,-660.245007396,3.172284124
4874.329366904,-1751.036381275,-659.942740901,3.179385294
4875.329252572,-1751.987269993,-659.633657926,3.186435795
4876.329138240,-1752.938158711,-659.324574951,3.193486297
4877.329023909,-1753.889047430,-659.015491976,3.200536799
4878.328901005,-1754.837174022,-658.698062365,3.207509204
4879.328786013,-1755.784727186,-658.378899959,3.214465397
4880.328671020,-1756.732280350,-658.059737553,3.221421589
4881.328544376,-1757.678752687,-657.737419509,3.228344094
4882.328428673,-1758.623006700,-657.408624742,3.235197457
4883.328312971,-1759.567260713,-657.079829975,3.242050821
4884.328197268,-1760.511514726,-656.751035208,3.248904184
4885.328074541,-1761.453164262,-656.414873000,3.255663015
4886.327958062,-1762.394269488,-656.077171070,3.262402090
4887.327841583,-1763.335374714,-655.739469140,3.269141165
4888.327716027,-1764.275481319,-655.399022916,3.275837788
4889.327598681,-1765.213529444,-655.052919816,3.282446905
4890.327481335,-1766.151577569,-654.706816715,3.289056021
4891.327363988,-1767.089625693,-654.360713615,3.295665138
4892.327239731,-1768.026800601,-654.012271437,3.302202972
4893.327120964,-1768.962171146,-653.658995929,3.308593510
4894.327002196,-1769.897541690,-653.305720421,3.314984049
4895.326883430,-1770.832912235,-652.952444912,3.321374587
4896.326764662,-1771.768282779,-652.599169404,3.327765125
4897.326645895,-1772.703653324,-652.245893896,3.334155664
4898.326527127,-1773.639023868,-651.892618388,3.340546202
4899.326407524,-1774.574309836,-651.539119195,3.346814280
4900.326286422,-1775.509420263,-651.185155735,3.352828185
4901.326165317,-1776.444530689,-650.831192276,3.358842089
4902.326044214,-1777.379641116,-650.477228817,3.364855994
4903.325923110,-1778.314751542,-650.123265358,3.370869899
4904.325802006,-1779.249861969,-649.769301899,3.376883804
4905.325680903,-1780.184972395,-649.415338439,3.382897709
4906.325559799,-1781.120082822,-649.061374980,3.388911614
4907.325438695,-1782.055193248,-648.707411521,3.394925519
4908.325317592,-1782.990303675,-648.353448062,3.400939424
4909.325193998,-1783.925725682,-648.000309076,3.406538864
4910.325069995,-1784.861214317,-647.647346395,3.412049676
4911.324945992,-1785.796702952,-647.294383714,3.417560487
4912.324821989,-1786.732191587,-646.941421034,3.423071299
4913.324697985,-1787.667680221,-646.588458353,3.428582110
4914.324573982,-1788.603168856,-646.235495672,3.434092922
4915.324449979,-1789.538657491,-645.882532991,3.439603733
4916.324325976,-1790.474146126,-645.529570310,3.445114545
4917.324201973,-1791.409634761,-645.176607629,3.450625356
4918.324289295,-1792.345072795,-644.823510925,3.471910397
4919.325630077,-1793.280404530,-644.470132679,3.526332107
4920.326121966,-1794.215764968,-644.116830433,3.561862295
4921.326018402,-1795.151192208,-643.763705076,3.553421710
4922.325914838,-1796.086619449,-643.410579720,3.544981126
4923.325811275,-1797.022046690,-643.057454363,3.536540541
4924.325707712,-1797.957473931,-642.704329007,3.528099956
4925.325604148,-1798.892901172,-642.351203651,3.519659372
4926.325500584,-1799.828328412,-641.998078294,3.511218787
4927.325397021,-1800.763755653,-641.644952938,3.502778202
4928.325259866,-1801.699190866,-641.291848700,3.504795151
4929.325129897,-1802.634627815,-640.938749061,3.509089289
4930.324999929,-1803.570064764,-640.585649423,3.513383427
4931.324869960,-1804.505501713,-640.232549784,3.517677566
4932.324739992,-1805.440938662,-639.879450145,3.521971704
4933.324610024,-1806.376375611,-639.526350506,3.526265843
4934.324480054,-1807.311812559,-639.173250867,3.530559981
4935.324350086,-1808.247249508,-638.820151229,3.534854119
4936.324220117,-1809.182686457,-638.467051590,3.539148258
4937.324089142,-1810.118200891,-638.114157439,3.543213813
4938.323956360,-1811.053880087,-637.761700233,3.546793315
4939.323823578,-1811.989559284,-637.409243028,3.550372817
4940.323690795,-1812.925238480,-637.056785822,3.553952319
4941.323558013,-1813.860917676,-636.704328617,3.557531821
4942.323425231,-1814.796596873,-636.351871411,3.561111323
4943.323292448,-1815.732276069,-635.999414206,3.564690825
4944.323159666,-1816.667955265,-635.646957000,3.568270327
4945.323026884,-1817.603634462,-635.294499795,3.571849829
4946.322894101,-1818.539313658,-634.942042589,3.575429331
4947.322759263,-1819.474544185,-634.588397083,3.578439215
4948.322624232,-1820.409675245,-634.234488139,3.581322819
4949.322489200,-1821.344806305,-633.880579195,3.584206424
4950.322354169,-1822.279937365,-633.526670251,3.587090028
4951.322219137,-1823.215068425,-633.172761307,3.589973632
4952.322084107,-1824.150199486,-632.818852363,3.592857237
4953.321949075,-1825.085330546,-632.464943419,3.595740841
4954.321811555,-1826.019995791,-632.109811279,3.598390590
4955.321674670,-1826.953659753,-631.752049842,3.600537661
4956.321537787,-1827.887323716,-631.394288405,3.602684732
4957.321400902,-1828.820987678,-631.036526968,3.604831803
4958.321264018,-1829.754651640,-630.678765531,3.606978874
4959.321127133,-1830.688315602,-630.321004094,3.609125945
4960.320990249,-1831.621979565,-629.963242657,3.611273015
4961.320853365,-1832.555643527,-629.605481220,3.613420086
4962.320716480,-1833.489307489,-629.247719783,3.615567157
4963.320579596,-1834.422971451,-628.889958346,3.617714228
4964.320440444,-1835.357727576,-628.535063280,3.619195633
4965.320302141,-1836.292729660,-628.180813730,3.620527128
4966.320163838,-1837.227731744,-627.826564180,3.621858622
4967.320025535,-1838.162733827,-627.472314630,3.623190117
4968.319887232,-1839.097735911,-627.118065080,3.624521612
4969.319748930,-1840.032737990,-626.763815516,3.625853205
4970.319610629,-1840.967739947,-626.409565633,3.627187124
4971.319472329,-1841.902741904,-626.055315749,3.628521043
4972.319334030,-1842.837743862,-625.701065866,3.629854962
4973.319195198,-1843.772912653,-625.347257318,3.630949486
4974.319056172,-1844.708444470,-624.994409109,3.631523091
4975.318917147,-1845.643976287,-624.641560899,3.632096695
4976.318778122,-1846.579508104,-624.288712689,3.632670300
4977.318639097,-1847.515039922,-623.935864479,3.633243905
4978.318500072,-1848.450571739,-623.583016269,3.633817509
4979.318361047,-1849.386103556,-623.230168060,3.634391114
4980.318222021,-1850.321635373,-622.877319850,3.634964719
4981.318082997,-1851.257167191,-622.524471640,3.635538323
4982.317943972,-1852.192699008,-622.171623430,3.636111928
4983.317804782,-1853.128257644,-621.818846337,3.636121267
4984.317665599,-1854.063822426,-621.466085542,3.636001284
4985.317526417,-1854.999387208,-621.113324747,3.635881300
4986.317387235,-1855.934951991,-620.760563953,3.635761317
4987.317248052,-1856.870516773,-620.407803158,3.635641334
4988.317108869,-1857.806081555,-620.055042363,3.635521351
4989.316969687,-1858.741646338,-619.702281569,3.635401367
4990.316830505,-1859.677211120,-619.349520774,3.635281384
4991.316691322,-1860.612775902,-618.996759979,3.635161401
4992.316551915,-1861.548165978,-618.643536948,3.634843924
4993.316413009,-1862.483171197,-618.289295673,3.634091398
4994.316274102,-1863.418176416,-617.935054399,3.633338871
4995.316135196,-1864.353181635,-617.580813124,3.632586345
4996.315996289,-1865.288186854,-617.226571850,3.631833818
4997.315857383,-1866.223192073,-616.872330575,3.631081291
4998.315718477,-1867.158197292,-616.518089300,3.630328765
4999.315579570,-1868.093202511,-616.163848026,3.629576238
5000.315440664,-1869.028207730,-615.809606751,3.628823712
5001.315301757,-1869.963212949,-615.455365477,3.628071185
5002.315163309,-1870.898206375,-615.101093078,3.626853525
5003.315024998,-1871.833197051,-614.746813421,3.625527394
5004.314886689,-1872.768187728,-614.392533764,3.624201262
5005.314748378,-1873.703178404,-614.038254107,3.622875131
5006.314610069,-1874.638169081,-613.683974450,3.621549000
5007.314471758,-1875.573159757,-613.329694793,3.620222868
5008.314333448,-1876.508150433,-612.975415136,3.618896737
5009.314195138,-1877.443141110,-612.621135479,3.617570606
5010.314056828,-1878.378131786,-612.266855822,3.616244474
5011.313918657,-1879.313219358,-611.912832226,3.614759668
5012.313781158,-1880.248523029,-611.559379709,3.612920975
5013.313643659,-1881.183826701,-611.205927193,3.611082283
5014.313506160,-1882.119130373,-610.852474676,3.609243590
5015.313368661,-1883.054434045,-610.499022159,3.607404897
5016.313231162,-1883.989737717,-610.145569642,3.605566205
5017.313093663,-1884.925041389,-609.792117126,3.603727512
5018.312956164,-1885.860345061,-609.438664609,3.601888820
5019.312818665,-1886.795648732,-609.085212092,3.600050127
5020.312681166,-1887.730952404,-608.731759575,3.598211435
5021.312544393,-1888.666101619,-608.377898669,3.596002698
5022.312407841,-1889.601214192,-608.023940880,3.593706176
5023.312271289,-1890.536326765,-607.669983091,3.591409654
5024.312134737,-1891.471439338,-607.316025302,3.589113132
5025.311998184,-1892.406551910,-606.962067513,3.586816609
5026.311861632,-1893.341664483,-606.608109724,3.584520087
5027.311725080,-1894.276777056,-606.254151935,3.582223565
5028.311588528,-1895.211889629,-605.900194147,3.579927043
5029.311451976,-1896.147002202,-605.546236358,3.577630520
5030.311315143,-1897.082121584,-605.192296559,3.579801611
5031.311251104,-1898.017256340,-604.838397382,3.592060705
5032.311187065,-1898.952391097,-604.484498205,3.604319799
5033.311123025,-1899.887525853,-604.130599028,3.616578892
5034.311058987,-1900.822660610,-603.776699851,3.628837986
5035.310994947,-1901.757795366,-603.422800674,3.641097080
5036.310930908,-1902.692930123,-603.068901498,3.653356173
5037.310974459,-1903.628064638,-602.715001685,3.634239025
5038.311566372,-1904.563199008,-602.361101484,3.595995926
5039.312158284,-1905.498333377,-602.007201284,3.557752826
5040.312068034,-1906.433925036,-601.654512351,3.547839631
5041.311933580,-1907.369627034,-601.302115685,3.544762164
5042.311799127,-1908.305329033,-600.949719019,3.541684698
5043.311664673,-1909.241031031,-600.597322353,3.538607231
5044.311530220,-1910.176733030,-600.244925687,3.535529765
5045.311395765,-1911.112435028,-599.892529022,3.532452299
5046.311261312,-1912.048137027,-599.540132356,3.529374832
5047.311126859,-1912.983839026,-599.187735690,3.526297366
5048.310992405,-1913.919541024,-598.835339024,3.523219899
5049.310858270,-1914.855217086,-598.482873516,3.520038668
5050.310724924,-1915.790833849,-598.130250611,3.516620196
5051.310591578,-1916.726450612,-597.777627706,3.513201724
5052.310458233,-1917.662067375,-597.425004801,3.509783252
5053.310324886,-1918.597684138,-597.072381897,3.506364780
5054.310191541,-1919.533300901,-596.719758992,3.502946308
5055.310058196,-1920.468917665,-596.367136087,3.499527836
5056.309924850,-1921.404534428,-596.014513183,3.496109364
5057.309791504,-1922.340151191,-595.661890278,3.492690892
5058.309658158,-1923.275767954,-595.309267373,3.489272420
5059.309525445,-1924.210877666,-594.955302740,3.485604166
5060.309393211,-1925.145862959,-594.601008877,3.481874622
5061.309260977,-1926.080848253,-594.246715015,3.478145077
5062.309128743,-1927.015833547,-593.892421153,3.474415532
5063.308996509,-1927.950818840,-593.538127290,3.470685988
5064.308864275,-1928.885804134,-593.183833428,3.466956443
5065.308732042,-1929.820789428,-592.829539566,3.463226898
5066.308599808,-1930.755774721,-592.475245703,3.459497354
5067.308467575,-1931.690759910,-592.120951563,3.455767644
5068.308335674,-1932.625759194,-591.766694634,3.451948949
5069.308204530,-1933.560799862,-591.412546939,3.447937931
5070.308073386,-1934.495840530,-591.058399244,3.443926913
5071.307942240,-1935.430881197,-590.704251549,3.439915895
5072.307811096,-1936.365921865,-590.350103854,3.435904877
5073.307679953,-1937.300962533,-589.995956158,3.431893859
5074.307548808,-1938.236003201,-589.641808463,3.427882840
5075.307417663,-1939.171043868,-589.287660768,3.423871822
5076.307286519,-1940.106084536,-588.933513073,3.419860804
5077.307155375,-1941.041125204,-588.579365378,3.415849786
5078.307025010,-1941.976360047,-588.225730888,3.411639976
5079.306894893,-1942.911643337,-587.872224441,3.407380569
5080.306764776,-1943.846926627,-587.518717994,3.403121162
5081.306634659,-1944.782209917,-587.165211547,3.398861755
5082.306504541,-1945.717493206,-586.811705100,3.394602349
5083.306374425,-1946.652776496,-586.458198653,3.390342942
5084.306244308,-1947.588059786,-586.104692206,3.386083535
5085.306114191,-1948.523343076,-585.751185759,3.381824128
5086.305984074,-1949.458626366,-585.397679312,3.377564721
5087.305854110,-1950.394025848,-585.044480792,3.373239856
5088.305724950,-1951.329697740,-584.692004197,3.368761529
5089.305595789,-1952.265369633,-584.339527603,3.364283201
5090.305466629,-1953.201041526,-583.987051008,3.359804874
5091.305337468,-1954.136713418,-583.634574414,3.355326546
5092.305208308,-1955.072385311,-583.282097820,3.350848219
5093.305079147,-1956.008057203,-582.929621225,3.346369892
5094.304949987,-1956.943729096,-582.577144631,3.341891564
5095.304820827,-1957.879400989,-582.224668036,3.337413237
5096.304691665,-1958.815072881,-581.872191442,3.332934909
5097.304563193,-1959.750684577,-581.519555104,3.328304627
5098.304434905,-1960.686281006,-581.166878250,3.323635806
5099.304306616,-1961.621877435,-580.814201397,3.318966984
5100.304178326,-1962.557473863,-580.461524543,3.314298162
5101.304050037,-1963.493070292,-580.108847690,3.309629340
5102.303921748,-1964.428666720,-579.756170836,3.304960519
5103.303793459,-1965.364263149,-579.403493983,3.300291697
5104.303665170,-1966.299859578,-579.050817129,3.295622875
5105.303536880,-1967.235456006,-578.698140276,3.290954054
5106.303408776,-1968.170979369,-578.345269796,3.286235013
5107.303281292,-1969.106329255,-577.991939594,3.281396739
5108.303153809,-1970.041679140,-577.638609391,3.276558464
5109.303026326,-1970.977029026,-577.285279188,3.271720190
5110.302898842,-1971.912378911,-576.931948985,3.266881915
5111.302771358,-1972.847728796,-576.578618783,3.262043641
5112.302643875,-1973.783078682,-576.225288580,3.257205367
5113.302516391,-1974.718428567,-575.871958377,3.252367092
5114.302388907,-1975.653778452,-575.518628174,3.247528818
5115.302261424,-1976.589128338,-575.165297972,3.242690543
5116.302134465,-1977.524787023,-574.812786599,3.237725078
5117.302007769,-1978.460525317,-574.460486322,3.232726823
5118.301881072,-1979.396263611,-574.108186045,3.227728568
5119.301754375,-1980.332001905,-573.755885769,3.222730313
5120.301627678,-1981.267740199,-573.403585492,3.217732058
5121.301500982,-1982.203478494,-573.051285215,3.212733803
5122.301374286,-1983.139216788,-572.698984938,3.207735547
5123.301247588,-1984.074955082,-572.346684662,3.202737292
5124.301120892,-1985.010693376,-571.994384385,3.197739037
5125.300994399,-1985.946367438,-571.641913663,3.192692250
5126.300868542,-1986.881887049,-571.289033090,3.187528763
5127.300742685,-1987.817406659,-570.936152517,3.182365276
5128.300616829,-1988.752926270,-570.583271944,3.177201789
5129.300490971,-1989.688445880,-570.230391372,3.172038302
5130.300365114,-1990.623965491,-569.877510799,3.166874815
5131.300239257,-1991.559485101,-569.524630226,3.161711328
5132.300113401,-1992.495004712,-569.171749653,3.156547841
5133.299987543,-1993.430524322,-568.818869080,3.151384354
5134.299861686,-1994.366043933,-568.465988508,3.146220868
5135.299736598,-1995.301569773,-568.113124451,3.140910596
5136.299611714,-1996.237097245,-567.760264722,3.135561866
5137.299486832,-1997.172624718,-567.407404993,3.130213136
5138.299361948,-1998.108152190,-567.054545264,3.124864407
5139.299237065,-1999.043679663,-566.701685535,3.119515677
5140.299112182,-1999.979207135,-566.348825805,3.114166947
5141.298987299,-2000.914734608,-565.995966076,3.108818218
5142.298862415,-2001.850262080,-565.643106347,3.103469488
5143.298737532,-2002.785789553,-565.290246618,3.098120758
5144.298612922,-2003.721396304,-564.937597325,3.092709839
5145.298489204,-2004.657196148,-564.585460574,3.087147451
5146.298365487,-2005.592995993,-564.233323822,3.081585063
5147.298241769,-2006.528795837,-563.881187071,3.076022676
5148.298118052,-2007.464595681,-563.529050320,3.070460288
5149.297994334,-2008.400395525,-563.176913568,3.064897900
5150.297870617,-2009.336195370,-562.824776817,3.059335512
5151.297746900,-2010.271995214,-562.472640065,3.053773124
5152.297623182,-2011.207795058,-562.120503314,3.048210736
5153.297499464,-2012.143594902,-561.768366562,3.042648349
5154.297376772,-2013.079684195,-561.417000235,3.036888973
5155.297254473,-2014.015850543,-561.065839007,3.031077156
5156.297132174,-2014.952016892,-560.714677779,3.025265338
5157.297009876,-2015.888183241,-560.363516551,3.019453521
5158.296887577,-2016.824349589,-560.012355323,3.013641704
5159.296765279,-2017.760515938,-559.661194095,3.007829887
5160.296642980,-2018.696682287,-559.310032867,3.002018070
5161.296520681,-2019.632848635,-558.958871640,2.996206252
5162.296398382,-2020.569014984,-558.607710412,2.990394435
5163.296276562,-2021.505121488,-558.256389788,2.984494631
5164.296155985,-2022.441088105,-557.904696553,2.978393860
5165.296035408,-2023.377054723,-557.553003317,2.972293089
5166.295914831,-2024.313021340,-557.201310082,2.966192318
5167.295794253,-2025.248987957,-556.849616847,2.960091547
5168.295673675,-2026.184954574,-556.497923611,2.953990776
5169.295553098,-2027.120921191,-556.146230376,2.947890006
5170.295432520,-2028.056887808,-555.794537141,2.941789235
5171.295311944,-2028.992854426,-555.442843905,2.935688464
5172.295191366,-2029.928821043,-555.091150670,2.929587693
5173.295070366,-2030.863546674,-554.736176999,2.923286716
5174.294951373,-2031.797936649,-554.380316049,2.916931588
5175.294832380,-2032.732326623,-554.024455099,2.910576460
5176.294713386,-2033.666716598,-553.668594150,2.904221332
5177.294594393,-2034.601106572,-553.312733200,2.897866205
5178.294475579,-2035.534513073,-552.954303444,2.891324065
5179.294358126,-2036.467652478,-552.595176040,2.884731135
5180.294240672,-2037.400791882,-552.236048636,2.878138205
5181.294123218,-2038.333931286,-551.876921232,2.871545275
5182.294005766,-2039.267070691,-551.517793828,2.864952346
5183.293888312,-2040.200210095,-551.158666424,2.858359416
5184.293769115,-2041.133859636,-550.800874500,2.851644226
5185.293654576,-2042.068785752,-550.446424508,2.844623090
5186.293540038,-2043.003711869,-550.091974517,2.837601954
5187.293425500,-2043.938637986,-549.737524525,2.830580818
5188.293310961,-2044.873564102,-549.383074533,2.823559682
5189.293196423,-2045.808490219,-549.028624541,2.816538546
5190.293081885,-2046.743416336,-548.674174550,2.809517410
5191.292967346,-2047.678342452,-548.319724558,2.802496274
5192.292852808,-2048.613268569,-547.965274566,2.795475137
5193.292738270,-2049.548194685,-547.610824574,2.788454001
5194.292627424,-2050.483253511,-547.256724880,2.780922799
5195.292517665,-2051.418348856,-546.902721579,2.773251239
5196.292407905,-2052.353444200,-546.548718279,2.765579680
5197.292298146,-2053.288539545,-546.194714978,2.757908120
5198.292188386,-2054.223634889,-545.840711677,2.750236560
5199.292078627,-2055.158730234,-545.486708376,2.742565000
5200.291968867,-2056.093825578,-545.132705076,2.734893440
5201.291859108,-2057.028920923,-544.778701775,2.727221880
5202.291749348,-2057.964016267,-544.424698474,2.719550320
5203.291641287,-2058.899109067,-544.070688451,2.711660525
5204.291537744,-2059.834195414,-543.716661384,2.703217485
5205.291434201,-2060.769281760,-543.362634317,2.694774445
5206.291330658,-2061.704368107,-543.008607250,2.686331405
5207.291227115,-2062.639454454,-542.654580183,2.677888365
5208.291123573,-2063.574540801,-542.300553116,2.669445325
5209.291020030,-2064.509627148,-541.946526049,2.661002285
5210.290916488,-2065.444713495,-541.592498982,2.652559245
5211.290812945,-2066.379799842,-541.238471915,2.644116206
5212.290709401,-2067.314886188,-540.884444848,2.635673166
5213.290611441,-2068.249797153,-540.529954989,2.626589343
5214.290515157,-2069.184659100,-540.175335785,2.617326429
5215.290418873,-2070.119521047,-539.820716580,2.608063515
5216.290322590,-2071.054382994,-539.466097375,2.598800600
5217.290226306,-2071.989244941,-539.111478171,2.589537686
5218.290130022,-2072.924106888,-538.756858966,2.580274771
5219.290033738,-2073.858968835,-538.402239761,2.571011857
5220.289937455,-2074.793830782,-538.047620556,2.561748943
5221.289841171,-2075.728692729,-537.693001352,2.552486028
5222.289745123,-2076.663961799,-537.339462125,2.543015298
5223.289655984,-2077.600276554,-536.988696791,2.533010801
5224.289566845,-2078.536591309,-536.637931456,2.523006303
5225.289477706,-2079.472906064,-536.287166122,2.513001805
5226.289388567,-2080.409220819,-535.936400788,2.502997307
5227.289299428,-2081.345535574,-535.585635454,2.492992809
5228.289210289,-2082.281850329,-535.234870120,2.482988311
5229.289121150,-2083.218165084,-534.884104786,2.472983813
5230.289032012,-2084.154479839,-534.533339451,2.462979316
5231.288947856,-2085.090852411,-534.182728499,2.452488253
5232.288865161,-2086.027241379,-533.832161330,2.441859198
5233.288782466,-2086.963630348,-533.481594161,2.431230143
5234.288699771,-2087.900019316,-533.131026992,2.420601088
5235.288617076,-2088.836408285,-532.780459823,2.409972034
5236.288534381,-2089.772797253,-532.429892654,2.399342979
5237.288451686,-2090.709186222,-532.079325486,2.388713924
5238.288368991,-2091.645575190,-531.728758317,2.378084869
5239.288286297,-2092.581964159,-531.378191148,2.367455814
5240.288204208,-2093.518080239,-531.026898162,2.356696972
5241.288126590,-2094.453486677,-530.673717704,2.345600621
5242.288048971,-2095.388893115,-530.320537246,2.334504269
5243.287971353,-2096.324299553,-529.967356788,2.323407918
5244.287893735,-2097.259705991,-529.614176330,2.312311567
5245.287816116,-2098.195112429,-529.260995872,2.301215215
5246.287738498,-2099.130518867,-528.907815414,2.290118864
5247.287660879,-2100.065925305,-528.554634956,2.279022512
5248.287583261,-2101.001331743,-528.201454498,2.267926161
5249.287505642,-2101.936738181,-527.848274040,2.256829810
5250.287429830,-2102.871818963,-527.494232621,2.245561033
5251.287354701,-2103.806805969,-527.139943276,2.234242603
5252.287279571,-2104.741792974,-526.785653931,2.222924174
5253.287204442,-2105.676779979,-526.431364586,2.211605744
5254.287129313,-2106.611766985,-526.077075241,2.200287315
5255.287054183,-2107.546753990,-525.722785896,2.188968886
5256.286979055,-2108.481740996,-525.368496551,2.177650456
5257.286903925,-2109.416728001,-525.014207206,2.166332027
5258.286828795,-2110.351715006,-524.659917861,2.155013597
5259.286753561,-2111.286717733,-524.305670014,2.143704260
5260.286678058,-2112.221761883,-523.951531515,2.132418879
5260.920989717,-2112.813828379,-523.724505394,2.116057797
5261.754858397,-2113.592596688,-523.427046476,2.096690593
5262.803729530,-2114.572304932,-523.053269591,2.072333863
5263.872518110,-2115.570303140,-522.671917220,2.042686339
5264.962152874,-2116.587677759,-522.282843096,2.013120654
5266.055729163,-2117.608771074,-521.892451905,1.983586597
5267.130604248,-2118.612611402,-521.509343921,1.953765184
5268.191428243,-2119.604097579,-521.133118485,1.926249189
5269.236453253,-2120.581304938,-520.763613053,1.901575616
5270.278160858,-2121.555067602,-520.394336053,1.877585926
5271.328904370,-2122.537023763,-520.021166992,1.853734760
5272.399330307,-2123.537144825,-519.640367651,1.830040658
5273.471033558,-2124.538443789,-519.259109945,1.805734219
5274.542174128,-2125.539346738,-518.878475809,1.780179125
5275.612489774,-2126.539905721,-518.499417683,1.752389920
5276.682336262,-2127.540015264,-518.120559834,1.723769305
5277.751734190,-2128.539508567,-517.741364353,1.694858178
5278.818606198,-2129.536103629,-517.361668524,1.665785140
5279.883991933,-2130.531187327,-516.982122636,1.637498794
5280.949564366,-2131.526870605,-516.603483312,1.611198934
5282.014928951,-2132.524230997,-516.229751581,1.586733845
5283.080037274,-2133.523872146,-515.862786779,1.564147434
5284.145350886,-2134.526761969,-515.504051729,1.543794049
5285.210784810,-2135.532373292,-515.152700447,1.522637759
5286.211061368,-2136.481475354,-514.837051570,1.511490795
5287.213448535,-2137.435894573,-514.530837363,1.501649728
5288.218130654,-2138.396488934,-514.236660019,1.491435756
5289.228819416,-2139.366895170,-513.954388927,1.480186686
5290.257479946,-2140.359913233,-513.686116789,1.470823348
5291.276818780,-2141.349337908,-513.441071840,1.464232178
5292.275514043,-2142.323149495,-513.219606821,1.458193330
5293.267390591,-2143.293990427,-513.016495828,1.452457953
5294.250418296,-2144.259894835,-512.833851658,1.448817746
5295.214929205,-2145.210913379,-512.673090985,1.447803724
5296.208132122,-2146.192655643,-512.522646772,1.446967213
5297.231135319,-2147.206169402,-512.383650393,1.444641512
5298.261889594,-2148.229785025,-512.262594730,1.441331078
5299.297938046,-2149.260872878,-512.161360100,1.438926477
5300.328717594,-2150.288324172,-512.078699948,1.434729428
5301.319813870,-2151.277522611,-512.017924169,1.426693238
5302.299163242,-2152.256031099,-511.978949020,1.415411801
5303.277726947,-2153.234306354,-511.958827121,1.402780177
5304.255838637,-2154.212308907,-511.957389497,1.388239936
5305.241728601,-2155.197855914,-511.978343805,1.372844024
5306.249571880,-2156.204613852,-512.023100414,1.359302386
5307.260590540,-2157.213388256,-512.089560780,1.348534230
5308.271391638,-2158.220251181,-512.178239535,1.339479573
5309.280762804,-2159.223556176,-512.288207424,1.328695236
5310.288636194,-2160.223443948,-512.414451361,1.318913484
5311.295490607,-2161.220574136,-512.553848588,1.311456248
5312.302693529,-2162.216238109,-512.705818406,1.307437112
5313.310730269,-2163.210354617,-512.872750219,1.305385879
5314.320574401,-2164.203802226,-513.053986741,1.304802060
5315.332219207,-2165.193887972,-513.261723891,1.303961359
5316.354564171,-2166.187598271,-513.501978111,1.301319983
5317.393660568,-2167.189449100,-513.777616759,1.295029134
5318.416670110,-2168.165753738,-514.083116366,1.288117784
5319.431759584,-2169.122929412,-514.421024595,1.281841108
5320.464420204,-2170.085660037,-514.794520937,1.275661878
5321.478211752,-2171.017145026,-515.194602690,1.269058127
5322.463451500,-2171.906091896,-515.619382425,1.263313644
5323.483215238,-2172.811422676,-516.088736212,1.262181000
5324.502617151,-2173.701624983,-516.585441854,1.264083281
5325.485130981,-2174.544018902,-517.091102115,1.267772556
5326.471432025,-2175.372655431,-517.626030766,1.269382232
5327.466457547,-2176.192811799,-518.189429896,1.268520251
5328.442175795,-2176.980776561,-518.764822240,1.260691896
5329.446427005,-2177.769683185,-519.386157422,1.251235513
5330.474585235,-2178.557474908,-520.046754686,1.240998222
5331.488653901,-2179.320124014,-520.715078260,1.234275130
5332.513669450,-2180.074927452,-521.408550948,1.229347946
5333.548148250,-2180.821166209,-522.124972815,1.225631353
5334.540759387,-2181.529178139,-522.820649958,1.220219417
5335.530508397,-2182.229145442,-523.520377677,1.214742470
5336.553988407,-2182.950330938,-524.246590920,1.210602656
5337.551651804,-2183.650638547,-524.957151211,1.208240680
5338.540836555,-2184.340829067,-525.665757508,1.207444407
5339.567679399,-2185.052760557,-526.405730156,1.206935415
5340.573457233,-2185.747181199,-527.133304117,1.204664927
5341.562447887,-2186.427327290,-527.851272319,1.199618179
5342.586222962,-2187.131860905,-528.594034139,1.192360874
5343.591665149,-2187.827808805,-529.319648291,1.184970724
5344.576103309,-2188.514553139,-530.024938848,1.176850394
5345.596119239,-2189.228093246,-530.753777038,1.167474537
5346.601682499,-2189.932436061,-531.471385103,1.157608761
5347.581891318,-2190.619063846,-532.170851606,1.147697953
5348.598002922,-2191.328465546,-532.898243003,1.136131760
5349.609040494,-2192.033574855,-533.622745864,1.125481029
5350.592908389,-2192.720095959,-534.327457917,1.117373548
5351.609691596,-2193.430009003,-535.055346135,1.110281131
5352.628377063,-2194.141983097,-535.783882461,1.103368061
5353.610125705,-2194.829236713,-536.484925004,1.096141952
5354.618151799,-2195.534782556,-537.204830936,1.088584238
5355.638831489,-2196.248632860,-537.934321046,1.081587609
5356.624224727,-2196.937285159,-538.639121096,1.077749289
5357.626361187,-2197.636137717,-539.357363436,1.074504536
5358.658051951,-2198.354267005,-540.098083619,1.071378922
5359.652474222,-2199.046982005,-540.811524348,1.066489394
5360.644427696,-2199.739606502,-541.521606499,1.061357164
5361.670878103,-2200.458946214,-542.253814459,1.056632791
5362.669405847,-2201.161621812,-542.963242979,1.052653632
5363.647311061,-2201.852257898,-543.655572353,1.051988031
5364.659573668,-2202.566971438,-544.372374136,1.059427465
5365.668394542,-2203.278627180,-545.087372382,1.065997699
5366.649206618,-2203.969120751,-545.783939807,1.068184006
5367.626527104,-2204.654922456,-546.480232567,1.070967138
5368.612466348,-2205.346308485,-547.183127201,1.071794765
5369.592866752,-2206.034298643,-547.881566121,1.065665335
5370.593923066,-2206.736588990,-548.594901984,1.058319583
5371.616167773,-2207.453941791,-549.323165696,1.053719112
5372.663317337,-2208.190142312,-550.067831270,1.051672969
5373.713492736,-2208.928030465,-550.815083113,1.053704127
5374.746957517,-2209.652561865,-551.552022180,1.058655321
5375.739888708,-2210.346558587,-552.262124111,1.064667623
5376.739164698,-2211.043052879,-552.978654751,1.070328739
5377.746440418,-2211.743698568,-553.702317012,1.073924113
5378.728788850,-2212.427415692,-554.407681454,1.074507238
5379.721530739,-2213.120800574,-555.118141404,1.073784179
5380.758327437,-2213.849353270,-555.855812142,1.074278774
5381.757901350,-2214.555374684,-556.563399878,1.073110385
5382.734753410,-2215.248636544,-557.251601720,1.070627473
5383.754931059,-2215.974147785,-557.968812246,1.068405431
5384.763717088,-2216.694183911,-558.675350843,1.067742127
5385.734852645,-2217.391372441,-559.351391317,1.069046706
5386.749155566,-2218.131705679,-560.044717686,1.073003752
5387.770756276,-2218.890671324,-560.728540807,1.078013629
5388.747921393,-2219.632105795,-561.365025050,1.081808318
5389.754580943,-2220.414791318,-561.998085953,1.080963222
5390.781660644,-2221.229575392,-562.623380313,1.075806746
5391.761900828,-2222.019444665,-563.203833024,1.068595669
5392.737126242,-2222.818254993,-563.763234997,1.062587233
5393.734057921,-2223.646952657,-564.317420676,1.059242611
5394.707550228,-2224.469080645,-564.838757758,1.059942355
5395.675011766,-2225.299586376,-565.334979145,1.062471212
5396.664378900,-2226.160421000,-565.822632149,1.064842589
5397.685976861,-2227.062008275,-566.303050331,1.065914702
5398.707979759,-2227.974751851,-566.762820977,1.065710986
5399.702047672,-2228.870677818,-567.193503707,1.065459129
5400.721227705,-2229.797231870,-567.618033235,1.065004088
5401.754536247,-2230.743150048,-568.033923368,1.065865417
5402.734922633,-2231.644459657,-568.419651497,1.069367427
5403.727839030,-2232.559779605,-568.804436310,1.072974739
5404.773298658,-2233.524345503,-569.207665895,1.075063493
5405.766273274,-2234.441183716,-569.588987081,1.075721710
5406.747448069,-2235.348635850,-569.962125934,1.074307742
5407.784052464,-2236.309453564,-570.351158212,1.068661690
5408.783832266,-2237.238140125,-570.721371123,1.062079544
5409.753179987,-2238.140464580,-571.075508784,1.056413911
5410.780322181,-2239.097141796,-571.449387876,1.054360734
5411.789719615,-2240.037290386,-571.816816307,1.053965547
5412.755432740,-2240.936525787,-572.168920617,1.054263186
5413.774620102,-2241.886470726,-572.538170170,1.052759944
5414.791998912,-2242.835655336,-572.904364138,1.049566759
5415.757334151,-2243.737586549,-573.248400586,1.043986934
5416.768163387,-2244.682981454,-573.606132969,1.038351478
5417.793166511,-2245.641837837,-573.968345693,1.033080328
5418.760992955,-2246.546172258,-574.313093123,1.029019523
5419.763177906,-2247.482004580,-574.671685832,1.027067793
5420.795780869,-2248.445844095,-575.042201666,1.026533328
5421.770744305,-2249.355754691,-575.392367893,1.026386944
5422.763499714,-2250.282102583,-575.749359024,1.026853976
5423.801448588,-2251.250756155,-576.122248372,1.028141197
5424.785246407,-2252.168624351,-576.476333264,1.028024729
5425.769416888,-2253.086560218,-576.831276752,1.027393463
5426.808055451,-2254.054981522,-577.206683430,1.027130320
5427.801392199,-2254.981611639,-577.564558433,1.027182805
5428.776693197,-2255.892447053,-577.913255576,1.026092407
5429.808420780,-2256.857378054,-578.278436880,1.022545198
5430.809175169,-2257.794207132,-578.630328366,1.016799901
5431.775338394,-2258.699730571,-578.967135425,1.009074356
5432.799601804,-2259.660703044,-579.321502428,1.000620544
5433.810823606,-2260.609929249,-579.670094785,0.995875701
5434.776183199,-2261.515910650,-580.003436367,0.996360050
5435.792256984,-2262.468126284,-580.357966032,0.996164736
5436.810841335,-2263.421342454,-580.716982614,0.995838143
5437.772716519,-2264.319702104,-581.060717077,0.995184118
5438.779506599,-2265.259613897,-581.421537507,0.994345120
5439.808458499,-2266.220104879,-581.790584247,0.992449967
5440.781313728,-2267.129189008,-582.137013054,0.993100944
5441.781384569,-2268.064156319,-582.491942374,0.994831012
5442.820514602,-2269.036112701,-582.859488108,0.996296807
5443.800827830,-2269.952943455,-583.206513951,0.993388391
5444.788490685,-2270.876565565,-583.556331788,0.988135339
5445.826390949,-2271.847319492,-583.923531600,0.981965349
5446.815128408,-2272.773819603,-584.268662894,0.972816715
5447.794254295,-2273.692062812,-584.608430006,0.964143702
5448.831805274,-2274.664424759,-584.970375950,0.959737954
5449.833165817,-2275.603173183,-585.318897883,0.957130901
5450.803840090,-2276.513181416,-585.656663387,0.954298424
5451.831086391,-2277.474615595,-586.018411904,0.950139743
5452.840954879,-2278.419560197,-586.374621330,0.944763301
5453.800603987,-2279.318135629,-586.711398631,0.936417467
5454.811820854,-2280.264415059,-587.067778468,0.926015349
5455.825027415,-2281.212504372,-587.425012698,0.916121185
5456.784526881,-2282.110972619,-587.761707245,0.910569886
5457.759147616,-2283.024355360,-588.101701972,0.905972931
5458.754039819,-2283.957355449,-588.447103919,0.901634193
5459.722523785,-2284.866603031,-588.780600177,0.898429135
5460.697436065,-2285.782260285,-589.115279764,0.894514999
5461.697507711,-2286.721506124,-589.458687208,0.888868926
5462.697603103,-2287.660199900,-589.803618929,0.880689967
5463.711998233,-2288.611574819,-590.155369780,0.868256835
5464.741228019,-2289.576131999,-590.514064474,0.851478392
5465.748488701,-2290.519712700,-590.866253619,0.837609443
5466.757326723,-2291.463838183,-591.221593690,0.826901455
5467.787194874,-2292.426273187,-591.588065258,0.820129304
5468.780524543,-2293.354088811,-591.942827849,0.817783345
5469.757532485,-2294.266588287,-592.291943836,0.820476097
5470.778527333,-2295.220633529,-592.655566844,0.823018560
5471.777719738,-2296.154156588,-593.011817673,0.825365415
5472.752044586,-2297.064756209,-593.358387708,0.827905321
5473.771174679,-2298.016839996,-593.721909164,0.831747199
5474.776940650,-2298.955168130,-594.083982640,0.834628127
5475.752652942,-2299.863285035,-594.440822658,0.836462136
5476.773307082,-2300.811421438,-594.818653308,0.840491404
5477.794277435,-2301.756427899,-595.205073105,0.845286280
5478.772805069,-2302.657306701,-595.587057529,0.849935571
5479.786438859,-2303.578484037,-596.009959162,0.856258816
5480.815878053,-2304.500816930,-596.467151017,0.861022911
5481.798647772,-2305.364745713,-596.935597870,0.856448483
5482.795127227,-2306.222084976,-597.443394416,0.847318360
5483.829501899,-2307.093466679,-598.000618720,0.836094993
5484.820351998,-2307.912340840,-598.558381407,0.824701451
5485.805297135,-2308.708074134,-599.138738464,0.814159389
5486.834724203,-2309.523854231,-599.766582038,0.808212379
5487.834151683,-2310.295858838,-600.401294532,0.810267980
5488.813463700,-2311.030257161,-601.049105066,0.817523403
5489.838880674,-2311.782559567,-601.745851519,0.825612982
5490.849843162,-2312.504949081,-602.453019063,0.836224652
5491.822547107,-2313.177662183,-603.155454998,0.850145964
5492.833670077,-2313.853226882,-603.907735295,0.857652817
5493.860174982,-2314.509043604,-604.697378785,0.866591842
5494.868722548,-2315.113972468,-605.504124854,0.886341337
5495.868397197,-2315.686474074,-606.323537585,0.898754704
5496.873539643,-2316.235216548,-607.165668137,0.901782328
5497.877755724,-2316.754010605,-608.025461544,0.894169056
5498.861306306,-2317.239110779,-608.880928091,0.879117282
5499.816767353,-2317.694744552,-609.720408095,0.855096479
5500.816035729,-2318.136157608,-610.616875287,0.848901631
5501.831516949,-2318.554904853,-611.541970746,0.856060063
5502.801433912,-2318.933028686,-612.435055420,0.868750546
5503.769068758,-2319.280678319,-613.338040204,0.877434312
5504.757482879,-2319.602725308,-614.272517507,0.878050721
5505.723128765,-2319.890561036,-615.194226066,0.869338460
5506.684660543,-2320.132449395,-616.124814237,0.863090376
5507.678458317,-2320.327885389,-617.099155950,0.872939939
5508.704058980,-2320.476958909,-618.113708137,0.890763139
5509.732289053,-2320.576963630,-619.136841850,0.912059705
5510.737022715,-2320.627752039,-620.140193090,0.926079646
5511.753406954,-2320.624368734,-621.156450469,0.941777212
5512.772057649,-2320.575768012,-622.173819428,0.957512790
5513.739130432,-2320.491443727,-623.137062203,0.974321685
5514.698522803,-2320.354603019,-624.086358280,0.997673356
5515.692702412,-2320.154102643,-625.059468059,1.033029435
5516.697539101,-2319.889527525,-626.028063164,1.072020478
5517.702574091,-2319.566947461,-626.979085075,1.111954914
5518.718801548,-2319.188044539,-627.921028650,1.155464927
5519.753840086,-2318.753840601,-628.859740232,1.195368310
5520.793167120,-2318.276718673,-629.782491265,1.228321035
5521.778286054,-2317.788765725,-630.637939730,1.252178059
5522.742587656,-2317.273477122,-631.453010801,1.255970763
5523.725696838,-2316.716463086,-632.262810868,1.234456152
5524.694899302,-2316.125896082,-633.030766871,1.205687976
5525.647074335,-2315.503552640,-633.750474494,1.168988237
5526.621165832,-2314.833934060,-634.455921540,1.115981944
5527.619420595,-2314.110256159,-635.141535590,1.063672839
5528.631248971,-2313.340379036,-635.796811381,1.022447672
5529.625606522,-2312.555936163,-636.406382577,0.979794695
5530.626829572,-2311.735134373,-636.978524241,0.942566576
5531.649392229,-2310.868913492,-637.521402637,0.918507882
5532.660428677,-2309.985036098,-638.011856207,0.898241001
5533.663417253,-2309.083478242,-638.451165903,0.884584224
5534.686875121,-2308.146350028,-638.862547236,0.879881322
5535.691412641,-2307.210324803,-639.227138163,0.874795889
5536.676239965,-2306.278125534,-639.544620710,0.865089451
5537.672014268,-2305.325880543,-639.835639176,0.854882001
5538.666087892,-2304.362523003,-640.080662570,0.845492917
5539.659468874,-2303.388778715,-640.276728518,0.831855427
5540.666413569,-2302.393826146,-640.430778319,0.815252277
5541.662034194,-2301.403112295,-640.528544922,0.801534238
5542.638958197,-2300.426769516,-640.561202498,0.793241518
5543.627860274,-2299.438188293,-640.537555158,0.784564814
5544.605976085,-2298.463665068,-640.454322519,0.775218529
5545.576091677,-2297.503947594,-640.312850378,0.767989094
5546.575539126,-2296.524443041,-640.114345791,0.760117442
5547.573328173,-2295.558385839,-639.864830361,0.752467978
5548.545109409,-2294.630739005,-639.575364052,0.746192818
5549.539626336,-2293.693097940,-639.243878883,0.742916262
5550.549057584,-2292.753781325,-638.874237571,0.741895675
5551.543217843,-2291.842329790,-638.477236524,0.740953664
5552.526383085,-2290.951245396,-638.061814424,0.738312782
5553.518449413,-2290.062766594,-637.620467849,0.734541971
5554.516096487,-2289.182813429,-637.150390818,0.731427956
5555.509762393,-2288.322031002,-636.653986621,0.728526488
5556.502288993,-2287.477948353,-636.131849613,0.725981270
5557.515323296,-2286.632444887,-635.573856893,0.723429176
5558.533845138,-2285.804931450,-634.980049035,0.722734350
5559.534222894,-2285.017328421,-634.363253318,0.723140698
5560.511655853,-2284.270270262,-633.732952788,0.723874376
5560.810208329,-2284.049410562,-633.532071572,0.725019233
5561.825914033,-2283.291561023,-632.855824163,0.728424539
5562.841719779,-2282.531463487,-632.181952747,0.731643880
5563.857630196,-2281.769224196,-631.510345730,0.734686003
5564.873648490,-2281.004949390,-630.840891521,0.737559651
5565.889776515,-2280.238745311,-630.173478527,0.740273570
5566.906014840,-2279.470718199,-629.507995153,0.742836506
5567.922362825,-2278.700974296,-628.844329809,0.745257202
5568.938818689,-2277.929619841,-628.182370899,0.747544405
5569.955379580,-2277.156761077,-627.522006833,0.749706859
5570.972041648,-2276.382504244,-626.863126017,0.751753310
5571.988800115,-2275.606955584,-626.205616858,0.753692502
5573.005649343,-2274.830221336,-625.549367763,0.755533180
5574.022582910,-2274.052407743,-624.894267140,0.757284090
5575.039593673,-2273.273621044,-624.240203395,0.758953977
5576.056673845,-2272.493967482,-623.587064937,0.760551585
5577.073815061,-2271.713553297,-622.934740171,0.762085660
5578.091008452,-2270.932484729,-622.283117505,0.763564947
5579.108244710,-2270.150868020,-621.632085346,0.764998191
5580.125514163,-2269.368809412,-620.981532102,0.766394137
5581.142806842,-2268.586415143,-620.331346179,0.767761529
5582.160112552,-2267.803791457,-619.681415985,0.769109114
5583.177420942,-2267.021044594,-619.031629927,0.770445636
5584.194721574,-2266.238280794,-618.381876412,0.771779840
5585.212003996,-2265.455606299,-617.732043847,0.773120472
5586.229257806,-2264.673127349,-617.082020640,0.774476276
5587.246472730,-2263.890950186,-616.431695196,0.775855997
5588.263638683,-2263.109181050,-615.780955925,0.777268381
5589.280745846,-2262.327926183,-615.129691232,0.778722172
5590.297784733,-2261.547291825,-614.477789525,0.780226116
5591.314746261,-2260.767384218,-613.825139211,0.781788958
5592.331621823,-2259.988309602,-613.171628698,0.783419442
5593.348403352,-2259.210174218,-612.517146391,0.785126315
5594.365083398,-2258.433084308,-611.861580700,0.786918320
5595.381655195,-2257.657146112,-611.204820030,0.788804203
5596.398112732,-2256.882465871,-610.546752788,0.790792709
5597.414450822,-2256.109149826,-609.887267383,0.792892583
5598.430665177,-2255.337304218,-609.226252221,0.795112571
5599.446752473,-2254.567035288,-608.563595709,0.797461416
5600.462710426,-2253.798449278,-607.899186255,0.799947865
5601.478537858,-2253.031652427,-607.232912265,0.802580662
5602.494234771,-2252.266750977,-606.564662147,0.805368553
5603.509802420,-2251.503851169,-605.894324308,0.808320282
5604.525243377,-2250.743059244,-605.221787155,0.811444595
5605.540561608,-2249.984481443,-604.546939095,0.814750236
5606.555762545,-2249.228224007,-603.869668535,0.818245951
5607.570853149,-2248.474393176,-603.189863883,0.821940484
5608.585841992,-2247.723095192,-602.507413546,0.825842582
5609.600739317,-2246.974436296,-601.822205930,0.829960988
5610.615557117,-2246.228522728,-601.134129444,0.834304449
5611.630309202,-2245.485460730,-600.443072493,0.838881708
5612.645011268,-2244.745356542,-599.748923486,0.843701511
5613.659680971,-2244.008316406,-599.051570829,0.848772604
5614.674337993,-2243.274446562,-598.350902930,0.854103731
5615.689004115,-2242.543853252,-597.646808196,0.859703637
5616.703703283,-2241.816642716,-596.939175033,0.865581067
5617.718461677,-2241.092921196,-596.227891850,0.871744767
5618.733307780,-2240.372794931,-595.512847052,0.878203481
5619.748272447,-2239.656370164,-594.793929048,0.884965955
5620.763388967,-2238.943753135,-594.071026245,0.892040933
5621.778693132,-2238.235050085,-593.344027049,0.899437162
5622.794223302,-2237.530367256,-592.612819868,0.907163384
5623.550184909,-2237.007279572,-592.067095648,0.913667390
5624.551915138,-2236.314639244,-591.343454949,0.921214976
5625.552208698,-2235.623753105,-590.620103012,0.926267314
5626.551427738,-2234.934135332,-589.897008347,0.926616708
5627.550607167,-2234.244049062,-589.174416454,0.925422227
5628.549604137,-2233.552847188,-588.453145927,0.923487730
5629.549402859,-2232.860308282,-587.732044632,0.922966778
5630.549617483,-2232.167959785,-587.010185465,0.924448376
5631.550018889,-2231.475856870,-586.287838411,0.927804209
5632.550313165,-2230.783698677,-585.565686729,0.929423461
5633.550319009,-2230.090340066,-584.845086581,0.930399084
5634.550427505,-2229.395978785,-584.125309574,0.931089026
5635.550195673,-2228.700557499,-583.407030746,0.932161064
5636.548958507,-2228.005435053,-582.689861662,0.932860452
5637.546787272,-2227.311171239,-581.973162868,0.934545293
5638.546312915,-2226.617194161,-581.253830693,0.937469016
5639.548672822,-2225.921286304,-580.532425123,0.940881117
5640.554051656,-2225.221633337,-579.810437695,0.943426487
5641.561514981,-2224.517053565,-579.090333969,0.943991572
5642.570594690,-2223.810036784,-578.370355951,0.943105501
5643.579338192,-2223.103809088,-577.650082434,0.939648053
5644.585398498,-2222.400913508,-576.930301346,0.936434286
5645.588810711,-2221.701987054,-576.210347784,0.934254524
5646.591107357,-2221.006803192,-575.488325098,0.935352137
5647.592569154,-2220.313155645,-574.765986423,0.937729051
5648.593312584,-2219.619685246,-574.044474791,0.940409402
5649.594562617,-2218.929227671,-573.319393651,0.945634864
5650.596463493,-2218.242061792,-572.590301213,0.951347647
5651.599022190,-2217.558764797,-571.856669006,0.954945235
5652.601702796,-2216.887273577,-571.112064852,0.960654336
5653.604252029,-2216.229756860,-570.355293543,0.969251844
5654.605887376,-2215.584437410,-569.589259349,0.974523368
5655.607925359,-2214.952675654,-568.811479508,0.978488386
5656.610944100,-2214.335120859,-568.021135675,0.983901030
5657.612865957,-2213.725617278,-567.225932532,0.986081297
5658.614302415,-2213.125230860,-566.424426993,0.986075983
5659.616862616,-2212.536503104,-565.612930792,0.986784180
5660.619037010,-2211.965304146,-564.789472222,0.987902111
5661.620474935,-2211.413377902,-563.953856824,0.989400759
5662.622504664,-2210.882326978,-563.104128545,0.992617253
5663.613810507,-2210.374623678,-562.252715859,0.997207517
5664.586875463,-2209.889773377,-561.409062831,1.002223816
5665.558696459,-2209.413166036,-560.562160541,1.008388397
5666.528078747,-2208.941703350,-559.715179137,1.015277280
5667.493982596,-2208.471366571,-558.871555948,1.022589900
5668.471981619,-2207.994516655,-558.017695423,1.026885330
5669.470339245,-2207.503692757,-557.148322853,1.027973855
5670.473021424,-2206.999217955,-556.281791812,1.027148664
5671.483309749,-2206.478767793,-555.415875019,1.028643958
5672.499808290,-2205.942383138,-554.552425481,1.032604086
5673.509032663,-2205.391834403,-553.706611275,1.037919498
5674.526367551,-2204.818282496,-552.866388674,1.043790248
5675.556993844,-2204.223161396,-552.024960851,1.048334494
5676.565741952,-2203.626074485,-551.211904911,1.048408448
5677.573114790,-2203.013836227,-550.411937610,1.044325867
5678.606068771,-2202.372217265,-549.602435034,1.039364799
5679.611876847,-2201.731082822,-548.827460776,1.035986647
5680.595798560,-2201.086004714,-548.084511419,1.034429138
5681.611743862,-2200.404133497,-547.331387009,1.034079126
5682.632580811,-2199.705933333,-546.586668259,1.038390738
5683.635171008,-2199.009290206,-545.865720738,1.048884975
5684.652666900,-2198.299730145,-545.136532140,1.059199955
5685.674618128,-2197.587806585,-544.403428712,1.069617306
5686.681139909,-2196.890315224,-543.677844063,1.080517447
5687.668088053,-2196.207698035,-542.965061567,1.086961599
5688.653867906,-2195.526188445,-542.252808690,1.088522487
5689.657920030,-2194.829860898,-541.529452026,1.090459212
5690.667091426,-2194.127407089,-540.804894771,1.091988327
5691.674837704,-2193.422270977,-540.084940055,1.092899132
5692.680698350,-2192.716864262,-539.367897868,1.095639203
5693.680468487,-2192.016176930,-538.654756741,1.098345216
5694.664174169,-2191.329297578,-537.950574265,1.099160973
5695.644839310,-2190.644741538,-537.248375884,1.101301086
5696.628258499,-2189.958268690,-536.544207677,1.105233864
5697.628784830,-2189.260362041,-535.827308804,1.111171470
5698.636367894,-2188.558659984,-535.104295060,1.120604347
5699.643475306,-2187.857953966,-534.381048276,1.134406732
5700.649550279,-2187.158240639,-533.658284335,1.148562872
5701.654594279,-2186.459432870,-532.936052853,1.161323367
5702.658737564,-2185.761423974,-532.214252851,1.170918945
5703.662628811,-2185.063735216,-531.492476875,1.179133137
5704.674943814,-2184.358997046,-530.765780443,1.185303454
5705.703329402,-2183.642709795,-530.027886422,1.189983821
5706.717411097,-2182.938063877,-529.298642501,1.196238311
5707.722700307,-2182.240512880,-528.574788451,1.204258005
5708.745623124,-2181.527109212,-527.841711542,1.209211971
5709.752872803,-2180.818405489,-527.125973563,1.212389044
5710.729915924,-2180.124030735,-526.438623130,1.214907876
5711.721326929,-2179.410994715,-525.749801897,1.215758766
5712.720284682,-2178.681388915,-525.067459109,1.215221289
5713.699773294,-2177.954241936,-524.411215978,1.215626051
5714.687059033,-2177.207069524,-523.765876808,1.217594346
5715.688231232,-2176.434444510,-523.129175278,1.220336578
5716.689245902,-2175.643322376,-522.515863346,1.222484584
5717.705260502,-2174.819353902,-521.921428540,1.225464828
5718.729536946,-2173.968585733,-521.351063281,1.229849831
5719.732530555,-2173.117914626,-520.819712525,1.234456407
5720.727286023,-2172.254763596,-520.325251722,1.238610515
5721.720586387,-2171.374390201,-519.865290052,1.243464258
5722.699780528,-2170.489000041,-519.447169843,1.252459901
5723.672140195,-2169.593424104,-519.068606214,1.263260023
5724.663116426,-2168.669014848,-518.711713918,1.274631348
5725.659052260,-2167.732325981,-518.373535890,1.286369002
5726.654876555,-2166.788684386,-518.055599914,1.297472289
5727.650146826,-2165.839838352,-517.755228411,1.303046794
5728.664000444,-2164.866929098,-517.470025626,1.305519566
5729.695969461,-2163.870465082,-517.201663832,1.306729337
5730.731345903,-2162.863284040,-516.961697685,1.309370124
5731.769717396,-2161.847252756,-516.747498991,1.313204973
5732.809898834,-2160.825006112,-516.555240922,1.318309693
5733.832073327,-2159.816701253,-516.387491627,1.323019322
5734.837698570,-2158.821445227,-516.243499890,1.326754484
5735.843063823,-2157.824009363,-516.117487442,1.328115121
5736.846381614,-2156.826134148,-516.013131403,1.329324776
5737.840374147,-2155.835474707,-515.931811816,1.330791406
5738.816967044,-2154.860870539,-515.869589892,1.333763885
5739.805761787,-2153.872868279,-515.830112113,1.336606826
5740.803323668,-2152.875483562,-515.811815469,1.340927165
5741.784022533,-2151.894836702,-515.813259324,1.350922950
5742.779961645,-2150.899236660,-515.835914385,1.363651589
5743.809596009,-2149.870598924,-515.878958538,1.377741766
5744.824175477,-2148.857821168,-515.937587783,1.392415745
5745.827716546,-2147.857404065,-516.015093904,1.408324807
5746.848156720,-2146.841741022,-516.112823987,1.421574784
5747.860412840,-2145.836516125,-516.231457572,1.432130909
5748.855989897,-2144.851053588,-516.372713929,1.441291007
5749.853878865,-2143.867170699,-516.539023445,1.451190343
5750.852316364,-2142.887456381,-516.731221528,1.461048963
5751.845854448,-2141.917333677,-516.945493782,1.469250467
5752.815953104,-2140.974861589,-517.175178430,1.478345976
5753.792861058,-2140.032135194,-517.431118741,1.488865041
5754.788509576,-2139.077707743,-517.714374956,1.501117774
5755.761806499,-2138.149554722,-518.007142555,1.512342923
5756.726220714,-2137.234467712,-518.311459501,1.522429434
5757.715093299,-2136.299927476,-518.634585880,1.532066812
5758.730366981,-2135.343534981,-518.974432653,1.556525263
5759.728153292,-2134.404648967,-519.311339053,1.580287681
5760.776632819,-2133.419377712,-519.669053572,1.604581642
5761.835879786,-2132.425263632,-520.033897899,1.629680453
5762.866605930,-2131.459166717,-520.392195087,1.655685456
5763.924974862,-2130.469384694,-520.766012404,1.682832379
5764.992165198,-2129.473255898,-521.147939818,1.710293016
5766.002999252,-2128.529817000,-521.509916300,1.736399668
5767.025589166,-2127.575181211,-521.875524014,1.762698734
5768.103270643,-2126.568648553,-522.259649502,1.789846179
5769.126245163,-2125.612506344,-522.622350487,1.816621915
5770.133120566,-2124.671020462,-522.978237270,1.843953370
5771.196168861,-2123.677344337,-523.354791958,1.873719175
5772.232744357,-2122.708091950,-523.721031008,1.903844403
5773.225634500,-2121.779269539,-524.070681464,1.933243777
5774.275055838,-2120.797517875,-524.440262858,1.962542368
5775.321583328,-2119.818758481,-524.809648814,1.990894644
5776.316709772,-2118.888444058,-525.161865877,2.018002833
5777.355412616,-2117.918301778,-525.531876547,2.046632509
5778.418602623,-2116.925933273,-525.912268822,2.076288202
5779.447494548,-2115.965727119,-526.280635039,2.106768760
5780.459755913,-2115.021124597,-526.643082755,2.138874822
5781.295581002,-2114.241133506,-526.941903128,2.169269927
5781.905803933,-2113.671803403,-527.159980529,2.195298879
5782.909477831,-2112.734744550,-527.509130348,2.109412887
5783.909543101,-2111.799425847,-527.862915630,2.121472817
5784.909608371,-2110.864107143,-528.216700912,2.133532746
5785.909673642,-2109.928788440,-528.570486195,2.145592675
5786.909738911,-2108.993469737,-528.924271477,2.157652605
5787.909804181,-2108.058151034,-529.278056759,2.169712534
5788.909869741,-2107.123107217,-529.632567101,2.181820413
5789.909936152,-2106.188328999,-529.987778004,2.193974620
5790.910002564,-2105.253550781,-530.342988908,2.206128828
5791.910068682,-2104.318774438,-530.698204741,2.218259004
5792.910104943,-2103.384215042,-531.053990965,2.227608924
5793.910141204,-2102.449655645,-531.409777188,2.236958843
5794.910178159,-2101.515094854,-531.765559746,2.246382761
5795.910332895,-2100.580372221,-532.120916892,2.264393734
5796.910487633,-2099.645649587,-532.476274038,2.282404707
5797.910642369,-2098.710926954,-532.831631184,2.300415680
5798.910797107,-2097.776204320,-533.186988330,2.318426653
5799.910902202,-2096.841207567,-533.541622784,2.333449226
5800.910968371,-2095.905945866,-533.895558731,2.345583414
5801.911034539,-2094.970684166,-534.249494678,2.357717602
5802.911101451,-2094.035417827,-534.603418339,2.369913723
5803.911282875,-2093.099609169,-534.955905583,2.389350258
5804.911464300,-2092.163800510,-535.308392828,2.408786793
5805.911645175,-2091.227987077,-535.660867365,2.428195625
5806.911768326,-2090.291614089,-536.011852735,2.444357756
5807.911891477,-2089.355241101,-536.362838106,2.460519887
5808.912014627,-2088.418868114,-536.713823476,2.476682019
5809.912137778,-2087.482495126,-537.064808846,2.492844150
5810.912249181,-2086.545978132,-537.415409560,2.508267439
5811.912349904,-2085.609321912,-537.765638382,2.522976403
5812.912450627,-2084.672665692,-538.115867203,2.537685367
5813.912551351,-2083.736009471,-538.466096025,2.552394330
5814.912652073,-2082.799353251,-538.816324847,2.567103294
5815.912752821,-2081.862700036,-539.166561692,2.581814290
5816.912857138,-2080.926402052,-539.517747096,2.596765590
5817.912961455,-2079.990104068,-539.868932500,2.611716890
5818.913065771,-2079.053806084,-540.220117903,2.626668190
5819.913088490,-2078.117762621,-540.571980422,2.634468265
5820.913081432,-2077.181965310,-540.924497791,2.635352260
5821.913074463,-2076.246171834,-541.277025320,2.636339158
5822.913154341,-2075.310834063,-541.630760189,2.649555037
5823.913234219,-2074.375496292,-541.984495057,2.662770916
5824.913267161,-2073.440389934,-542.338840636,2.671781667
5825.913271930,-2072.505507412,-542.693776930,2.676724972
5826.913276699,-2071.570624890,-543.048713223,2.681668277
5827.913282514,-2070.635883667,-543.404021252,2.686833526
5828.913289908,-2069.701280235,-543.759691784,2.692282064
5829.913375707,-2068.766809627,-544.115711144,2.705938651
5830.913461506,-2067.832339019,-544.471730505,2.719595237
5831.913546693,-2066.897868575,-544.827750297,2.733206992
5832.913573159,-2065.963417881,-545.183821922,2.741442910
5833.913599626,-2065.028967186,-545.539893548,2.749678828
5834.913605630,-2064.094455379,-545.895804711,2.754868794
5835.913600697,-2063.159884442,-546.251560619,2.757111637
5836.913595763,-2062.225313505,-546.607316527,2.759354480
5837.913590781,-2061.290740620,-546.963067313,2.761576459
5838.913583376,-2060.355932816,-547.318200349,2.761282175
5839.913575971,-2059.421125013,-547.673333385,2.760987891
5840.913568565,-2058.486317209,-548.028466420,2.760693607
5841.913561222,-2057.551405420,-548.383325500,2.761234945
5842.913554684,-2056.616393002,-548.737919465,2.762584934
5843.913556271,-2055.681303480,-549.092309987,2.766841397
5844.913573810,-2054.746139337,-549.446503620,2.773910711
5845.913591348,-2053.810975195,-549.800697252,2.780980026
5846.913608887,-2052.875811052,-550.154890884,2.788049341
5847.913626426,-2051.940646910,-550.509084517,2.795118656
5848.913643830,-2051.005481100,-550.863273743,2.802169009
5849.913648533,-2050.070130766,-551.216975390,2.807098978
5850.913653237,-2049.134780431,-551.570677037,2.812028947
5851.913658197,-2048.199428308,-551.924373948,2.817010946
5852.913715006,-2047.263857681,-552.277492491,2.828347505
5853.913771814,-2046.328287055,-552.630611033,2.839684064
5854.913827707,-2045.392715273,-552.983726515,2.850939631
5855.913821141,-2044.457001966,-553.336466800,2.852268194
5856.913814574,-2043.521288659,-553.689207085,2.853596758
5857.913808009,-2042.585575351,-554.041947371,2.854925321
5858.913808038,-2041.649883806,-554.394745373,2.858793259
5859.913820603,-2040.714213330,-554.747599259,2.865119883
5860.913833167,-2039.778542855,-555.100453144,2.871446508
5861.913848723,-2038.842979175,-555.453589965,2.878236017
5862.913867466,-2037.907518905,-555.807000753,2.885473741
5863.913886210,-2036.972058634,-556.160411541,2.892711464
5864.913904953,-2036.036598364,-556.513822329,2.899949187
5865.913923431,-2035.101140290,-556.867238926,2.907150447
5866.913919600,-2034.165954040,-557.221374183,2.909840428
5867.913915769,-2033.230767790,-557.575509439,2.912530409
5868.913912001,-2032.295582638,-557.929647593,2.915243954
5869.913920438,-2031.360533677,-558.284145186,2.920880567
5870.913928875,-2030.425484716,-558.638642779,2.926517180
5871.913937211,-2029.490435589,-558.993139934,2.932135748
5872.913935448,-2028.555365835,-559.347582678,2.935507731
5873.913933684,-2027.620296082,-559.702025421,2.938879713
5874.913941418,-2026.685129722,-560.056213097,2.944396769
5875.913962811,-2025.749869782,-560.410153696,2.951991707
5876.913984203,-2024.814609842,-560.764094295,2.959586646
5877.914005596,-2023.879349902,-561.118034894,2.967181584
5878.915208167,-2022.943889925,-561.471446018,3.016393335
5879.916738773,-2022.008208542,-561.824270960,3.071877256
5880.916799243,-2021.072472714,-562.176951500,3.060222238
5881.916859712,-2020.136736886,-562.529632040,3.048567220
5882.916920182,-2019.201001058,-562.882312580,3.036912201
5883.916980651,-2018.265265230,-563.234993119,3.025257183
5884.917041120,-2017.329529402,-563.587673659,3.013602165
5885.917099889,-2016.393791410,-563.940348448,3.002093697
5886.917116696,-2015.457780537,-564.292298373,3.009058634
5887.917133502,-2014.521769665,-564.644248297,3.016023572
5888.917150308,-2013.585758793,-564.996198222,3.022988509
5889.917166806,-2012.649748288,-565.348149123,3.029909083
5890.917160206,-2011.713784319,-565.700223762,3.031211575
5891.917153606,-2010.777820349,-566.052298401,3.032514067
5892.917147006,-2009.841856380,-566.404373039,3.033816560
5893.917140467,-2008.905892760,-566.756448605,3.035165702
5894.917159484,-2007.969973455,-567.108641957,3.042441205
5895.917178502,-2007.034054150,-567.460835309,3.049716709
5896.917197520,-2006.098134845,-567.813028661,3.056992212
5897.917216537,-2005.162215540,-568.165222012,3.064267716
5898.917223289,-2004.226280222,-568.517372805,3.069597311
5899.917221769,-2003.290329381,-568.869482342,3.073040612
5900.917220248,-2002.354378540,-569.221591878,3.076483913
5901.917249433,-2001.418412430,-569.573660823,3.085043604
5902.917333374,-2000.482431517,-569.925690414,3.098563504
5903.917417316,-1999.546450604,-570.277720005,3.112083405
5904.917453270,-1998.609445835,-570.627003325,3.121837112
5905.917464439,-1997.671448377,-570.973623970,3.127939269
5906.917475609,-1996.733450919,-571.320244615,3.134041425
5907.917486778,-1995.795453461,-571.666865260,3.140143582
5908.917497948,-1994.857456003,-572.013485905,3.146245739
5909.917508644,-1993.919557903,-572.360374068,3.152340676
5910.917519309,-1992.982706523,-572.710080510,3.158359552
5911.917529973,-1992.045855144,-573.059786952,3.164378429
5912.917540637,-1991.109003765,-573.409493394,3.170397306
5913.917551302,-1990.172152385,-573.759199835,3.176416182
5914.917561967,-1989.235301006,-574.108906277,3.182435059
5915.917572632,-1988.298449626,-574.458612719,3.188453936
5916.917583296,-1987.361598247,-574.808319161,3.194472812
5917.917593962,-1986.424746867,-575.158025603,3.200491689
5918.917603081,-1985.488037025,-575.508108550,3.206394242
5919.917606568,-1984.552818613,-575.862158863,3.211071051
5920.917610056,-1983.617600201,-576.216209177,3.215747861
5921.917613544,-1982.682381789,-576.570259491,3.220424670
5922.917617030,-1981.747163378,-576.924309804,3.225101480
5923.917620518,-1980.811944966,-577.278360118,3.229778289
5924.917624005,-1979.876726554,-577.632410431,3.234455099
5925.917627493,-1978.941508142,-577.986460745,3.239131909
5926.917630981,-1978.006289730,-578.340511059,3.243808718
5927.917634468,-1977.071071318,-578.694561372,3.248485528
5928.917637240,-1976.135565276,-579.047850322,3.253057984
5929.917639912,-1975.199856538,-579.400602729,3.257556900
5930.917642583,-1974.264147800,-579.753355135,3.262055817
5931.917645254,-1973.328439063,-580.106107542,3.266554734
5932.917647925,-1972.392730325,-580.458859949,3.271053651
5933.917650597,-1971.457021587,-580.811612356,3.275552567
5934.917653268,-1970.521312849,-581.164364762,3.280051484
5935.917655940,-1969.585604111,-581.517117169,3.284550401
5936.917658612,-1968.649895373,-581.869869576,3.289049318
5937.917661236,-1967.714189025,-582.222628320,3.293537995
5938.917663383,-1966.778507898,-582.575453960,3.297918593
5939.917665523,-1965.842826957,-582.928280091,3.302297878
5940.917667655,-1964.907146300,-583.281106976,3.306675149
5941.917669787,-1963.971465643,-583.633933862,3.311052421
5942.917671918,-1963.035784986,-583.986760747,3.315429692
5943.917674050,-1962.100104329,-584.339587632,3.319806963
5944.917676180,-1961.164423673,-584.692414517,3.324184235
5945.917678312,-1960.228743016,-585.045241403,3.328561506
5946.917680444,-1959.293062359,-585.398068288,3.332938778
5947.917681926,-1958.357677520,-585.751677976,3.337223177
5948.917683378,-1957.422501260,-586.105839615,3.341442093
5949.917684828,-1956.487325001,-586.460001254,3.345661008
5950.917686279,-1955.552148741,-586.814162892,3.349879924
5951.917687730,-1954.616972482,-587.168324531,3.354098840
5952.917689181,-1953.681796223,-587.522486170,3.358317756
5953.917690632,-1952.746619963,-587.876647809,3.362536671
5954.917692083,-1951.811443704,-588.230809448,3.366755587
5955.917693534,-1950.876267444,-588.584971087,3.370974503
5956.917694887,-1949.941115340,-588.939196433,3.375176047
5957.917695510,-1949.006218640,-589.294095379,3.379193913
5958.917696133,-1948.071321939,-589.648994325,3.383211779
5959.917696756,-1947.136425238,-590.003893271,3.387229645
5960.917697379,-1946.201528538,-590.358792216,3.391247511
5961.917698002,-1945.266631837,-590.713691162,3.395265377
5962.917698625,-1944.331735136,-591.068590108,3.399283243
5963.917699248,-1943.396838436,-591.423489054,3.403301109
5964.917699871,-1942.461941735,-591.778388000,3.407318975
5965.917700493,-1941.527045035,-592.133286945,3.411336841
5966.917700279,-1940.591824904,-592.487331889,3.415217177
5967.917699987,-1939.656376594,-592.840774333,3.419000484
5968.917699695,-1938.720928284,-593.194216778,3.422783792
5969.917699403,-1937.785479974,-593.547659222,3.426567099
5970.917699112,-1936.850031663,-593.901101667,3.430350407
5971.917698819,-1935.914583353,-594.254544111,3.434133714
5972.917698527,-1934.979135043,-594.607986556,3.437917022
5973.917698235,-1934.043686733,-594.961429000,3.441700329
5974.917697943,-1933.108238423,-595.314871445,3.445483637
5975.917697024,-1932.172690202,-595.668049265,3.449105152
5976.917695726,-1931.237071476,-596.021040346,3.452612494
5977.917694428,-1930.301452751,-596.374031427,3.456119835
5978.917693130,-1929.365834026,-596.727022508,3.459627177
5979.917691832,-1928.430215300,-597.080013589,3.463134519
5980.917690534,-1927.494596575,-597.433004670,3.466641860
5981.917689236,-1926.558977849,-597.785995751,3.470149202
5982.917687938,-1925.623359124,-598.138986832,3.473656544
5983.917686641,-1924.687740398,-598.491977913,3.477163885
5984.917685244,-1923.752112980,-598.844945944,3.480644005
5985.917682888,-1922.816393417,-599.197669634,3.483835562
5986.917680533,-1921.880673854,-599.550393325,3.487027119
5987.917678177,-1920.944954291,-599.903117015,3.490218676
5988.917675821,-1920.009234728,-600.255840706,3.493410233
5989.917673465,-1919.073515165,-600.608564396,3.496601789
5990.917671110,-1918.137795602,-600.961288087,3.499793346
5991.917668754,-1917.202076039,-601.314011777,3.502984903
5992.917666398,-1916.266356476,-601.666735468,3.506176460
5993.917664043,-1915.330636912,-602.019459158,3.509368017
5994.917661059,-1914.394929959,-602.372216296,3.512356585
5995.917657658,-1913.459231908,-602.724997050,3.515201826
5996.917654258,-1912.523533857,-603.077777804,3.518047068
5997.917650857,-1911.587835806,-603.430558558,3.520892309
5998.917647456,-1910.652137755,-603.783339312,3.523737550
5999.917644054,-1909.716439705,-604.136120066,3.526582791
6000.917640653,-1908.780741654,-604.488900820,3.529428033
6001.917637253,-1907.845043603,-604.841681574,3.532273274
6002.917633852,-1906.909345552,-605.194462328,3.535118515
6003.917650220,-1905.973662004,-605.547281520,3.542021597
6004.918891671,-1905.038132459,-605.900508886,3.592015001
6005.920133122,-1904.102602913,-606.253736252,3.642008404
6006.920175085,-1903.166790663,-606.606213943,3.632066676
6007.920228451,-1902.230973285,-606.958678039,3.621038032
6008.920281816,-1901.295155908,-607.311142134,3.610009389
6009.920335182,-1900.359338530,-607.663606230,3.598980745
6010.920388547,-1899.423521153,-608.016070325,3.587952102
6011.920441913,-1898.487703775,-608.368534421,3.576923458
6012.920495277,-1897.551886398,-608.720998516,3.565894814
6013.920493345,-1896.615963688,-609.073182729,3.562563773
6014.920488117,-1895.679966559,-609.425169204,3.564671127
6015.920482889,-1894.743969431,-609.777155679,3.566778480
6016.920477660,-1893.807972303,-610.129142153,3.568885833
6017.920472432,-1892.871975174,-610.481128628,3.570993187
6018.920467204,-1891.935978046,-610.833115103,3.573100540
6019.920461975,-1890.999980918,-611.185101577,3.575207893
6020.920456748,-1890.063983789,-611.537088052,3.577315247
6021.920451519,-1889.127986661,-611.889074527,3.579422600
6022.920446196,-1888.192012896,-612.241123058,3.581495583
6023.920440205,-1887.256287679,-612.593831749,3.583202939
6024.920434213,-1886.320562463,-612.946540440,3.584910295
6025.920428222,-1885.384837246,-613.299249132,3.586617652
6026.920422231,-1884.449112029,-613.651957823,3.588325008
6027.920416239,-1883.513386812,-614.004666514,3.590032364
6028.920410249,-1882.577661595,-614.357375206,3.591739720
6029.920404257,-1881.641936378,-614.710083897,3.593447076
6030.920398266,-1880.706211161,-615.062792588,3.595154432
6031.920392275,-1879.770485944,-615.415501280,3.596861788
6032.920385878,-1878.834719726,-615.768101166,3.598314709
6033.920379239,-1877.898924526,-616.120624137,3.599587769
6034.920372601,-1876.963129762,-616.473148268,3.600861144
6035.920365964,-1876.027335668,-616.825674177,3.602135005
6036.920359326,-1875.091541575,-617.178200087,3.603408866
6037.920352689,-1874.155747481,-617.530725997,3.604682727
6038.920346051,-1873.219953388,-617.883251907,3.605956587
6039.920339414,-1872.284159294,-618.235777816,3.607230448
6040.920332776,-1871.348365201,-618.588303726,3.608504309
6041.920323101,-1870.412838832,-618.941531004,3.609749954
6042.920316099,-1869.480165270,-619.302231892,3.610694950
6043.920309096,-1868.547491709,-619.662932779,3.611639946
6044.920302095,-1867.614818147,-620.023633667,3.612584941
6045.920295041,-1866.682172792,-620.384407389,3.613510638
6046.920287852,-1865.749828065,-620.745957404,3.614230634
6047.920280663,-1864.817483338,-621.107507419,3.614950630
6048.920273473,-1863.885138612,-621.469057434,3.615670626
6049.920266284,-1862.952793885,-621.830607449,3.616390622
6050.920252501,-1862.018916839,-622.188162786,3.616917711
6051.920245128,-1861.083956124,-622.542893056,3.617308375
6052.920237756,-1860.148995409,-622.897623326,3.617699040
6053.920230383,-1859.214034695,-623.252353597,3.618089704
6054.920223011,-1858.279073980,-623.607083867,3.618480368
6055.920215639,-1857.344113265,-623.961814137,3.618871032
6056.920208266,-1856.409152551,-624.316544407,3.619261697
6057.920200658,-1855.474120006,-624.671084677,3.619607994
6058.920193217,-1854.538321187,-625.023598043,3.619480995
6059.920185776,-1853.602522368,-625.376111408,3.619353996
6060.920178336,-1852.666723549,-625.728624774,3.619226997
6061.920170895,-1851.730924730,-626.081138140,3.619099998
6062.920163454,-1850.795125911,-626.433651506,3.618972999
6063.920156014,-1849.859327092,-626.786164871,3.618846000
6064.920148573,-1848.923528273,-627.138678237,3.618719001
6065.920141133,-1847.987729454,-627.491191603,3.618592002
6066.920133692,-1847.051930635,-627.843704969,3.618465003
6067.920126237,-1846.116154447,-628.196278343,3.618285606
6068.920119062,-1845.180619927,-628.549492535,3.617546664
6069.920111885,-1844.245085408,-628.902706726,3.616807723
6070.920104710,-1843.309550888,-629.255920918,3.616068781
6071.920097534,-1842.374016368,-629.609135109,3.615329839
6072.920090358,-1841.438481849,-629.962349301,3.614590897
6073.920083183,-1840.502947329,-630.315563492,3.613851955
6074.920076007,-1839.567412809,-630.668777684,3.613113013
6075.920068831,-1838.631878290,-631.021991875,3.612374072
6076.920061656,-1837.696343770,-631.375206067,3.611635130
6077.920054606,-1836.761081727,-631.729140515,3.610531914
6078.920048083,-1835.826012537,-632.083584746,3.609170871
6079.920041560,-1834.890943348,-632.438028978,3.607809828
6080.920035038,-1833.955874158,-632.792473210,3.606448786
6081.920028516,-1833.020804968,-633.146917441,3.605087743
6082.920021993,-1832.085735779,-633.501361673,3.603726701
6083.920015471,-1831.150666589,-633.855805905,3.602365658
6084.920008948,-1830.215597400,-634.210250137,3.601004615
6085.920002426,-1829.280528210,-634.564694368,3.599643573
6086.919995975,-1828.345468738,-634.919164224,3.598228540
6087.919990511,-1827.410513223,-635.273908198,3.596235922
6088.919985047,-1826.475557708,-635.628652172,3.594243304
6089.919979584,-1825.540602192,-635.983396146,3.592250686
6090.919974121,-1824.605646677,-636.338140120,3.590258068
6091.919968657,-1823.670691162,-636.692884093,3.588265450
6092.919963193,-1822.735735647,-637.047628067,3.586272832
6093.919957730,-1821.800780131,-637.402372041,3.584280214
6094.919952267,-1820.865824616,-637.757116015,3.582287596
6095.919946803,-1819.930869101,-638.111859989,3.580294978
6096.919941948,-1818.995651904,-638.465912966,3.577933858
6097.919937938,-1818.060249390,-638.819476596,3.575311772
6098.919933926,-1817.124846877,-639.173040225,3.572689686
6099.919929916,-1816.189444363,-639.526603855,3.570067601
6100.919925905,-1815.254041849,-639.880167484,3.567445515
6101.919921893,-1814.318639336,-640.233731114,3.564823430
6102.919917882,-1813.383236822,-640.587294743,3.562201344
6103.919913872,-1812.447834308,-640.940858373,3.559579259
6104.919909860,-1811.512431795,-641.294422002,3.556957173
6105.919905937,-1810.576993951,-641.647891995,3.554281633
6106.919903764,-1809.641177484,-642.000358507,3.551033235
6107.919901592,-1808.705361016,-642.352825019,3.547784838
6108.919899419,-1807.769544549,-642.705291531,3.544536440
6109.919897246,-1806.833728082,-643.057758043,3.541288043
6110.919895074,-1805.897911614,-643.410224555,3.538039646
6111.919892901,-1804.962095147,-643.762691067,3.534791248
6112.919890728,-1804.026278680,-644.115157579,3.531542851
6113.919888556,-1803.090462212,-644.467624091,3.528294453
6114.919886383,-1802.154645745,-644.820090603,3.525046056
6115.919885414,-1801.218727044,-645.172285475,3.521437868
6116.919885428,-1800.282735901,-645.524287867,3.517574738
6117.919885441,-1799.346744759,-645.876290259,3.513711608
6118.919885454,-1798.410753617,-646.228292651,3.509848478
6119.919885467,-1797.474762474,-646.580295043,3.505985348
6120.919885480,-1796.538771332,-646.932297435,3.502122218
6121.919885494,-1795.602780189,-647.284299827,3.498259088
6122.919885506,-1794.666789047,-647.636302218,3.494395958
6123.919885519,-1793.730797905,-647.988304610,3.490532828
6124.919885726,-1792.794817403,-648.340335282,3.486618927
6125.919888218,-1791.858951137,-648.692669547,3.482159974
6126.919890710,-1790.923084871,-649.045003812,3.477701022
6127.919893203,-1789.987218604,-649.397338077,3.473242069
6128.919895696,-1789.051352338,-649.749672343,3.468783117
6129.919898188,-1788.115486072,-650.102006608,3.464324164
6130.919900680,-1787.179619806,-650.454340873,3.459865212
6131.919903172,-1786.243753540,-650.806675138,3.455406259
6132.919905664,-1785.307887709,-651.159010559,3.450947388
6133.919908156,-1784.372022496,-651.511347622,3.446488631
6134.919911869,-1783.436484907,-651.864552820,3.441699641
6135.919917037,-1782.501179599,-652.218373514,3.436676521
6136.919922204,-1781.565874291,-652.572194208,3.431653400
6137.919927371,-1780.630568983,-652.926014903,3.426630280
6138.919932539,-1779.695263675,-653.279835597,3.421607159
6139.919937705,-1778.759958368,-653.633656291,3.416584039
6140.919942872,-1777.824653060,-653.987476986,3.411560919
6141.919948040,-1776.889347752,-654.341297680,3.406537798
6142.919953207,-1775.954042444,-654.695118374,3.401514678
6143.919958558,-1775.018752850,-655.048980574,3.396452936
6144.919966109,-1774.083632254,-655.403289159,3.390975827
6145.919973659,-1773.148511658,-655.757597745,3.385498718
6146.919981210,-1772.213391062,-656.111906330,3.380021608
6147.919988761,-1771.278270466,-656.466214916,3.374544499
6148.919996311,-1770.343149870,-656.820523501,3.369067390
6149.920003862,-1769.408029274,-657.174832086,3.363590281
6150.920009548,-1768.472694967,-657.528570472,3.358089333
6151.920018674,-1767.535060944,-657.876173035,3.352331866
6152.920027799,-1766.597426921,-658.223775598,3.346574400
6153.920036925,-1765.659792898,-658.571378161,3.340816933
6154.920043168,-1764.721903719,-658.918283120,3.335044194
6155.920053345,-1763.781268029,-659.257679057,3.329107066
6156.920063521,-1762.840632339,-659.597074994,3.323169937
6157.920073697,-1761.899996650,-659.936470931,3.317232809
6158.920073430,-1760.957495570,-660.270618819,3.311202090
6159.920084568,-1760.013671160,-660.601043675,3.305104977
6160.920095707,-1759.069846750,-660.931468532,3.299007864
6161.920102858,-1758.125739376,-661.261071681,3.292897881
6162.920114931,-1757.178585157,-661.581827019,3.286649317
6163.920127005,-1756.231430937,-661.902582357,3.280400753
6164.920139078,-1755.284276718,-662.223337696,3.274152190
6165.920138526,-1754.335198726,-662.538313480,3.267818404
6166.920151520,-1753.384755867,-662.849188814,3.261424155
6167.920164515,-1752.434313007,-663.160064149,3.255029906
6168.920155060,-1751.483597211,-663.470089957,3.252893709
6169.921103193,-1750.529941622,-663.770965544,3.296620854
6170.921629398,-1749.576271163,-664.071793958,3.329295126
6171.924265334,-1748.622458868,-664.372172401,3.256537181
6172.924823334,-1747.666707173,-664.666269556,3.222450933
6173.924837975,-1746.709579372,-664.955909807,3.215804286
6174.924852615,-1745.752451571,-665.245550059,3.209157639
6175.924848697,-1744.793250753,-665.528182321,3.202452487
6176.924864006,-1743.832578968,-665.805841867,3.195705820
6177.924879317,-1742.871907182,-666.083501412,3.188959154
6178.924873710,-1741.909133333,-666.353703221,3.182155943
6179.924889676,-1740.944867905,-666.618613180,3.175312608
6180.924905643,-1739.980602476,-666.883523139,3.168469274
6181.924901598,-1739.014376309,-667.141110643,3.161571359
6182.924918207,-1738.046758847,-667.393502301,3.154634716
6183.924934817,-1737.079141384,-667.645893958,3.147698072
6184.924932759,-1736.109720963,-667.891192012,3.140712679
6185.924949951,-1735.139021149,-668.131456397,3.133692693
6186.924967142,-1734.168321336,-668.371720783,3.126672706
6187.924965579,-1733.195903488,-668.604852581,3.119603972
6188.924983359,-1732.222266481,-668.832922926,3.112500645
6189.925001139,-1731.248629475,-669.060993272,3.105397317
6190.925000451,-1730.273376958,-669.281968510,3.098249141
6191.925018778,-1729.296978025,-669.497908840,3.091069139
6192.925037105,-1728.320579092,-669.713849170,3.083889138
6193.925040757,-1727.342812107,-669.923436517,3.076666261
6194.925059613,-1726.364074312,-670.128515604,3.069412960
6195.925078470,-1725.385336517,-670.333594691,3.062159658
6196.925085716,-1724.405437739,-670.532992854,3.054862356
6197.925105121,-1723.424715049,-670.728359450,3.047533828
6198.925124526,-1722.443992358,-670.923726046,3.040205300
6199.925140141,-1721.463108907,-671.118264164,3.032869979
6200.925160136,-1720.480492422,-671.303871133,3.025461420
6201.925180130,-1719.497875938,-671.489478102,3.018052861
6202.925200125,-1718.515259453,-671.675085071,3.010644302
6203.925207765,-1717.531563624,-671.854813377,3.003192296
6204.925228313,-1716.547101735,-672.030369329,2.995709454
6205.925248860,-1715.562639847,-672.205925281,2.988226612
6206.925265765,-1714.578036726,-672.380666294,2.980737709
6207.925286850,-1713.591910844,-672.546620647,2.973183466
6208.925307934,-1712.605784962,-672.712575001,2.965629222
6209.925329018,-1711.619659080,-672.878529354,2.958074978
6210.925340964,-1710.632699085,-673.039390040,2.950478955
6211.925362591,-1709.645147017,-673.196635123,2.942853275
6212.925384218,-1708.657594949,-673.353880206,2.935227595
6213.925402348,-1707.669919261,-673.510324291,2.927595853
6214.925424521,-1706.680910094,-673.658128112,2.919898720
6215.925446696,-1705.691900926,-673.805931932,2.912201588
6216.925468869,-1704.702891759,-673.953735752,2.904504455
6217.925477065,-1703.712979658,-674.095265292,2.896770570
6218.925499725,-1702.722426580,-674.232340829,2.889010595
6219.925522385,-1701.731873502,-674.369416366,2.881250620
6220.925527827,-1700.740399190,-674.499526898,2.873451659
6221.925551006,-1699.748270885,-674.624692898,2.865625020
6222.925574185,-1698.756142579,-674.749858898,2.857798382
6223.925578327,-1697.763137854,-674.867706910,2.849940559
6224.925601924,-1696.769510922,-674.980359570,2.842060596
6225.925619572,-1695.775771842,-675.091965006,2.834176218
6226.925643582,-1694.780822470,-675.192268795,2.826244199
6227.925667592,-1693.785873098,-675.292572585,2.818312181
6228.925673502,-1692.790246400,-675.385716896,2.810347430
6229.925697957,-1691.794138827,-675.473778268,2.802359440
6230.925720475,-1690.797980001,-675.561235268,2.794365584
6231.925740635,-1689.801080168,-675.639760325,2.786311988
6232.925765570,-1688.803870282,-675.714309286,2.778264280
6233.925786700,-1687.806601642,-675.788015897,2.770211011
6234.925812164,-1686.808698745,-675.852629446,2.762097706
6235.925837627,-1685.810795848,-675.917242994,2.753984401
6236.925858220,-1684.812836633,-675.980903568,2.745865162
6237.925884255,-1683.814269390,-676.034275518,2.737681855
6238.925910289,-1682.815702148,-676.087647468,2.729498549
6239.925930516,-1681.817085711,-676.139979142,2.721309304
6240.925957126,-1680.817938091,-676.181078240,2.713055943
6241.925983736,-1679.818790471,-676.222177339,2.704802581
6242.926004721,-1678.819606909,-676.262251810,2.696543290
6243.926031910,-1677.820035308,-676.291264155,2.688219989
6244.926059100,-1676.820463706,-676.320276500,2.679896688
6245.926081142,-1675.820869315,-676.348307905,2.671567371
6246.926108924,-1674.821028842,-676.365747263,2.663173105
6247.926136707,-1673.821188369,-676.383186621,2.654778839
6248.926164490,-1672.821347896,-676.400625978,2.646384572
6249.926181846,-1671.821437095,-676.412531658,2.637937284
6250.926210393,-1670.821476354,-676.420507743,2.629452343
6251.926238942,-1669.821515612,-676.428483827,2.620967402
6252.926267489,-1668.821554871,-676.436459912,2.612482461
6253.926288400,-1667.821575541,-676.439653611,2.603940649
6254.926317778,-1666.821583011,-676.439450838,2.595358446
6255.926347156,-1665.821590480,-676.439248064,2.586776244
6256.926376534,-1664.821597949,-676.439045290,2.578194042
6257.926403873,-1663.821607859,-676.438216452,2.569602713
6258.926434181,-1662.821644135,-676.430623427,2.560912776
6259.926464490,-1661.821680411,-676.423030402,2.552222839
6260.926494798,-1660.821716688,-676.415437377,2.543532902
6261.926525107,-1659.821752964,-676.407844352,2.534842965
6262.926552721,-1658.821797694,-676.399536018,2.526144769
6263.926583881,-1657.821933799,-676.383495645,2.517357288
6264.926615043,-1656.822069903,-676.367455272,2.508569807
6265.926646203,-1655.822206008,-676.351414899,2.499782326
6266.926673777,-1654.822359272,-676.334553318,2.490987983
6267.926705654,-1653.822698034,-676.308813997,2.482119459
6268.926737529,-1652.823036797,-676.283074675,2.473250934
6269.926769406,-1651.823375559,-676.257335354,2.464382410
6270.926791537,-1650.823876165,-676.226258006,2.455470456
6271.926824075,-1649.824491747,-676.191388408,2.446527650
6272.926856613,-1648.825107330,-676.156518810,2.437584844
6273.926885332,-1647.825756636,-676.120803934,2.428636231
6274.926918486,-1646.826770690,-676.075946566,2.419624822
6275.926951639,-1645.827784745,-676.031089198,2.410613413
6276.926984793,-1644.828798799,-675.986231829,2.401602004
6277.927002566,-1643.830148904,-675.934733544,2.392554398
6278.927036280,-1642.831737771,-675.878516874,2.383481073
6279.927069993,-1641.833326639,-675.822300205,2.374407749
6280.927088166,-1640.835329229,-675.759414967,2.365299352
6281.927122427,-1639.837625771,-675.691791643,2.356166036
6282.927156686,-1638.839922314,-675.624168319,2.347032721
6283.927175198,-1637.842711340,-675.549849095,2.337870181
6284.927209916,-1636.845850289,-675.470772251,2.328686877
6285.927244633,-1635.848989238,-675.391695407,2.319503573
6286.927262686,-1634.852714754,-675.305739669,2.310291030
6287.927297863,-1633.856857060,-675.214896096,2.301057710
6288.927333042,-1632.860999365,-675.124052523,2.291824390
6289.927350882,-1631.865823032,-675.026205756,2.282563801
6290.927386491,-1630.871130854,-674.923382742,2.273283835
6291.927422101,-1629.876438675,-674.820559728,2.264003868
6292.927443263,-1628.882441764,-674.711353737,2.254702470
6293.927479213,-1627.888938910,-674.597612002,2.245385841
6294.927515163,-1626.895436057,-674.483870267,2.236069212
6295.927539569,-1625.902615869,-674.364414648,2.226728912
6296.927575897,-1624.910280808,-674.240898537,2.217371790
6297.927612226,-1623.917945747,-674.117382426,2.208014668
6298.927645491,-1622.925707406,-673.993116612,2.198654487
6299.927682158,-1621.934516013,-673.860735632,2.189261200
6300.927718826,-1620.943324619,-673.728354653,2.179867912
6301.927755494,-1619.952133225,-673.595973673,2.170474625
6302.927792161,-1618.960941832,-673.463592694,2.161081338
6303.927822546,-1617.970331364,-673.326979972,2.151666625
6304.927859559,-1616.980133773,-673.187359652,2.142236686
6305.927896571,-1615.989936182,-673.047739333,2.132806746
6306.927933584,-1614.999738591,-672.908119014,2.123376807
6307.927970597,-1614.009541000,-672.768498694,2.113946867
6308.928007609,-1613.019343409,-672.628878375,2.104516928
6309.928042213,-1612.029526416,-672.486602906,2.095071301
6310.928079479,-1611.039979966,-672.342440061,2.085614522
6311.928116744,-1610.050433516,-672.198277217,2.076157743
6312.928154010,-1609.060887066,-672.054114373,2.066700965
6313.928191276,-1608.071340616,-671.909951528,2.057244186
6314.928228542,-1607.081794166,-671.765788684,2.047787407
6315.928265808,-1606.092247716,-671.621625839,2.038330629
6316.928303074,-1605.102701266,-671.477462995,2.028873850
6317.928340340,-1604.113154815,-671.333300151,2.019417071
6318.928377587,-1603.123614636,-671.189094341,2.009961213
6319.928414750,-1602.134142443,-671.044422705,2.000515329
6320.928451913,-1601.144670250,-670.899751070,1.991069446
6321.928489076,-1600.155198057,-670.755079434,1.981623563
6322.928526238,-1599.165725865,-670.610407799,1.972177680
6323.928563402,-1598.176253672,-670.465736163,1.962731797
6324.928600565,-1597.186781479,-670.321064527,1.953285913
6325.928637719,-1596.197309282,-670.176392921,1.943840893
6326.928674860,-1595.207837077,-670.031721364,1.934397394
6327.928712000,-1594.218364873,-669.887049808,1.924953896
6328.928748456,-1593.228727688,-669.743514418,1.915533392
6329.928785225,-1592.238973162,-669.600787125,1.906129243
6330.928821995,-1591.249218635,-669.458059833,1.896725094
6331.928858764,-1590.259464109,-669.315332540,1.887320945
6332.928895534,-1589.269709583,-669.172605248,1.877916796
6333.928932304,-1588.279955056,-669.029877955,1.868512647
6334.928969073,-1587.290200530,-668.887150663,1.859108498
6335.929005843,-1586.300446003,-668.744423370,1.849704349
6336.929042612,-1585.310691477,-668.601696078,1.840300200
6337.929079328,-1584.320933444,-668.458993124,1.830901465
6338.929115496,-1583.331137330,-668.316554526,1.821561534
6339.929151664,-1582.341341215,-668.174115927,1.812221603
6340.929187831,-1581.351545101,-668.031677329,1.802881673
6341.929223999,-1580.361748986,-667.889238731,1.793541742
6342.929260167,-1579.371952872,-667.746800133,1.784201811
6343.929296335,-1578.382156757,-667.604361534,1.774861881
6344.929332502,-1577.392360643,-667.461922936,1.765521950
6345.929368671,-1576.402564528,-667.319484338,1.756182019
6346.929404839,-1575.412768413,-667.177045740,1.746842088
6347.929440533,-1574.423011532,-667.034334965,1.737550130
6348.929475937,-1573.433282571,-666.891430500,1.728292309
6349.929511341,-1572.443553610,-666.748526034,1.719034489
6350.929546746,-1571.453824649,-666.605621568,1.709776668
6351.929582150,-1570.464095688,-666.462717103,1.700518848
6352.929617554,-1569.474366727,-666.319812637,1.691261027
6353.929652958,-1568.484637766,-666.176908172,1.682003207
6354.929688363,-1567.494908805,-666.034003706,1.672745386
6355.929723767,-1566.505179844,-665.891099241,1.663487566
6356.929759086,-1565.515457067,-665.748152026,1.654237807
6357.929793608,-1564.525801581,-665.604739606,1.645075772
6358.929828131,-1563.536146095,-665.461327186,1.635913736
6359.929862653,-1562.546490609,-665.317914766,1.626751701
6360.929897175,-1561.556835124,-665.174502347,1.617589666
6361.929931697,-1560.567179638,-665.031089927,1.608427631
6362.929966219,-1559.577524152,-664.887677507,1.599265596
6363.930000742,-1558.587868666,-664.744265087,1.590103561
6364.930035263,-1557.598213181,-664.600852667,1.580941526
6365.930069786,-1556.608557695,-664.457440247,1.571779490
6366.930103789,-1555.618893343,-664.314089038,1.562674013
6367.930137430,-1554.629222676,-664.170781415,1.553608808
6368.930171069,-1553.639552010,-664.027473792,1.544543604
6369.930204709,-1552.649881344,-663.884166169,1.535478399
6370.930238349,-1551.660210677,-663.740858546,1.526413194
6371.930271988,-1550.670540011,-663.597550923,1.517347990
6372.930305629,-1549.680869344,-663.454243300,1.508282785
6373.930339268,-1548.691198678,-663.310935677,1.499217581
6374.930372907,-1547.701528012,-663.167628054,1.490152376
6375.930406335,-1546.711881011,-663.024158115,1.481094425
6376.930439196,-1545.722491994,-662.878918743,1.472115547
6377.930472057,-1544.733102976,-662.733679372,1.463136669
6378.930504918,-1543.743713959,-662.588440001,1.454157790
6379.930537778,-1542.754324942,-662.443200630,1.445178912
6380.930570640,-1541.764935924,-662.297961259,1.436200034
6381.930603500,-1540.775546907,-662.152721887,1.427221155
6382.930636361,-1539.786157890,-662.007482516,1.418242277
6383.930669222,-1538.796768872,-661.862243145,1.409263399
6384.930702083,-1537.807379855,-661.717003774,1.400284520
6385.930733986,-1536.817808004,-661.573019368,1.391348668
6386.930766188,-1535.828105891,-661.429929084,1.382443471
6387.930798390,-1534.838403777,-661.286838801,1.373538274
6388.930830592,-1533.848701664,-661.143748518,1.364633077
6389.930862794,-1532.858999550,-661.000658235,1.355727880
6390.930894996,-1531.869297437,-660.857567952,1.346822683
6391.930927198,-1530.879595323,-660.714477669,1.337917486
6392.930959400,-1529.889893210,-660.571387386,1.329012289
6393.930991602,-1528.900191096,-660.428297103,1.320107091
6394.931023748,-1527.910494707,-660.285167291,1.311207280
6395.931055379,-1526.920860841,-660.141605764,1.302366288
6396.931087012,-1525.931226974,-659.998044236,1.293525296
6397.931118644,-1524.941593107,-659.854482709,1.284684304
6398.931150277,-1523.951959240,-659.710921181,1.275843313
6399.931181909,-1522.962325373,-659.567359654,1.267002321
6400.931213542,-1521.972691506,-659.423798126,1.258161329
6401.931245174,-1520.983057639,-659.280236599,1.249320337
6402.931276807,-1519.993423772,-659.136675071,1.240479345
6403.931308438,-1519.003789906,-658.993113544,1.231638353
6404.931339704,-1518.014179260,-658.849392098,1.222837920
6405.931370725,-1517.024585168,-658.705556651,1.214066399
6406.931401745,-1516.034991076,-658.561721204,1.205294878
6407.931432766,-1515.045396984,-658.417885757,1.196523357
6408.931463787,-1514.055802892,-658.274050310,1.187751837
6409.931494807,-1513.066208800,-658.130214864,1.178980316
6410.931525828,-1512.076614708,-657.986379417,1.170208795
6411.931556849,-1511.087020616,-657.842543970,1.161437274
6412.931587869,-1510.097426524,-657.698708523,1.152665753
6413.931618611,-1509.107804435,-657.555067298,1.143902026
6414.931648819,-1508.117876060,-657.413550815,1.135223551
6415.931679028,-1507.127947685,-657.272034332,1.126545075
6416.931709237,-1506.138019310,-657.130517849,1.117866600
6417.931739446,-1505.148090935,-656.989001366,1.109188125
6418.931769655,-1504.158162560,-656.847484883,1.100509650
6419.931799863,-1503.168234185,-656.705968400,1.091831175
6420.931830072,-1502.178305810,-656.564451916,1.083152700
6421.931860281,-1501.188377435,-656.422935433,1.074474225
6422.931890505,-1500.198448806,-656.281420729,1.065793973
6423.931919981,-1499.208519758,-656.139908947,1.057200454
6424.931948907,-1498.218590734,-655.998397006,1.048671045
6425.931977833,-1497.228661710,-655.856885065,1.040141635
6426.932006759,-1496.238732686,-655.715373123,1.031612225
6427.932035686,-1495.248803661,-655.573861182,1.023082816
6428.932064612,-1494.258874637,-655.432349241,1.014553406
6429.932093538,-1493.268945613,-655.290837299,1.006023996
6430.932122464,-1492.279016589,-655.149325358,0.997494587
6431.932151391,-1491.289087564,-655.007813417,0.988965177
6432.932180157,-1490.299157349,-654.866309807,0.980454600
6433.932207187,-1489.309214085,-654.724897520,0.972150449
6434.932234217,-1488.319270820,-654.583485233,0.963846298
6435.932261248,-1487.329327555,-654.442072946,0.955542147
6436.932288278,-1486.339384290,-654.300660660,0.947237995
6437.932315309,-1485.349441025,-654.159248373,0.938933844
6438.932342339,-1484.359497760,-654.017836086,0.930629693
6439.932369370,-1483.369554495,-653.876423799,0.922325542
6440.932396400,-1482.379611230,-653.735011512,0.914021391
6441.932423431,-1481.389667965,-653.593599225,0.905717239
6442.932448970,-1480.399712026,-653.452275713,0.897594289
6443.932473469,-1479.409747041,-653.311015560,0.889600660
6444.932497970,-1478.419782056,-653.169755406,0.881607030
6445.932522470,-1477.429817071,-653.028495252,0.873613401
6446.932546970,-1476.439852086,-652.887235098,0.865619771
6447.932571470,-1475.449887101,-652.745974944,0.857626141
6448.932595970,-1474.459922116,-652.604714790,0.849632512
6449.932620470,-1473.469957131,-652.463454636,0.841638882
6450.932644970,-1472.479992146,-652.322194482,0.833645253
6451.932669218,-1471.490014113,-652.181026134,0.825677352
6452.932691301,-1470.499892815,-652.040865807,0.817991949
6453.932713385,-1469.509771516,-651.900705480,0.810306546
6454.932735469,-1468.519650218,-651.760545152,0.802621144
6455.932757553,-1467.529528920,-651.620384825,0.794935741
6456.932779636,-1466.539407622,-651.480224498,0.787250338
6457.932798842,-1465.548988088,-651.342199390,0.779725189
6458.932818853,-1464.558355618,-651.205698793,0.772314457
6459.932838863,-1463.567723149,-651.069198195,0.764903725
6460.932858874,-1462.577090679,-650.932697598,0.757492993
6461.932878884,-1461.586458210,-650.796197001,0.750082261
6462.932898895,-1460.595825740,-650.659696403,0.742671529
6463.932917405,-1459.605260986,-650.522714740,0.735288298
6464.932935027,-1458.615440412,-650.380446210,0.728207302
6465.932952649,-1457.625619838,-650.238177681,0.721126305
6466.932970269,-1456.635799265,-650.095909152,0.714045309
6467.932987891,-1455.645978691,-649.953640622,0.706964313
6468.933005513,-1454.656158117,-649.811372093,0.699883316
6469.933023134,-1453.666337543,-649.669103564,0.692802320
6470.933040755,-1452.676516970,-649.526835035,0.685721324
6471.933058377,-1451.686696396,-649.384566505,0.678640327
6472.933075998,-1450.696875822,-649.242297976,0.671559331
6473.933092083,-1449.706944143,-649.100806162,0.664666833
6474.933107468,-1448.716933101,-648.959869157,0.657908980
6475.933122854,-1447.726922059,-648.818932153,0.651151126
6476.933138239,-1446.736911017,-648.677995148,0.644393273
6477.933153625,-1445.746899975,-648.537058143,0.637635420
6478.933169010,-1444.756888933,-648.396121138,0.630877567
6479.933184396,-1443.766877891,-648.255184133,0.624119713
6480.933199781,-1442.776866849,-648.114247128,0.617361860
6481.933215166,-1441.786855807,-647.973310124,0.610604007
6482.933230229,-1440.796870262,-647.832195387,0.603867716
6483.933243898,-1439.807165421,-647.689123970,0.597368816
6484.933257567,-1438.817460580,-647.546052554,0.590869916
6485.933271236,-1437.827755739,-647.402981138,0.584371015
6486.933284905,-1436.838050898,-647.259909721,0.577872115
6487.933298574,-1435.848346057,-647.116838305,0.571373214
6488.933312243,-1434.858641216,-646.973766889,0.564874314
6489.933325912,-1433.868936375,-646.830695472,0.558375414
6490.933339581,-1432.879231534,-646.687624056,0.551876513
6491.933353250,-1431.889526693,-646.544552640,0.545377613
6492.933365833,-1430.899680186,-646.402467149,0.538992280
6493.933378256,-1429.909732434,-646.261086274,0.532688110
6494.933390678,-1428.919784683,-646.119705398,0.526383941
6495.933403101,-1427.929836931,-645.978324523,0.520079772
6496.933415523,-1426.939889180,-645.836943648,0.513775602
6497.933427946,-1425.949941428,-645.695562772,0.507471433
6498.933440368,-1424.959993677,-645.554181897,0.501167264
6499.933452791,-1423.970045925,-645.412801022,0.494863095
6500.933465213,-1422.980098174,-645.271420147,0.488558925
6501.933477485,-1421.990167456,-645.129920616,0.482266045
6502.933489062,-1421.000424579,-644.987112557,0.476097667
6503.933500638,-1420.010681703,-644.844304497,0.469929288
6504.933512213,-1419.020938827,-644.701496437,0.463760909
6505.933523789,-1418.031195951,-644.558688377,0.457592530
6506.933535365,-1417.041453075,-644.415880317,0.451424152
6507.933546940,-1416.051710199,-644.273072257,0.445255773
6508.933558516,-1415.061967323,-644.130264198,0.439087394
6509.933570091,-1414.072224447,-643.987456138,0.432919015
6510.933581667,-1413.082481571,-643.844648078,0.426750636
6511.933592925,-1412.092764933,-643.701658377,0.420632023
6512.933603978,-1411.103067056,-643.558538793,0.414548994
6513.933615031,-1410.113369179,-643.415419209,0.408465965
6514.933626083,-1409.123671303,-643.272299625,0.402382936
6515.933637136,-1408.133973426,-643.129180041,0.396299908
6516.933648189,-1407.144275549,-642.986060457,0.390216879
6517.933659242,-1406.154577672,-642.842940873,0.384133850
6518.933670294,-1405.164879796,-642.699821289,0.378050821
6519.933681349,-1404.175181932,-642.556701616,0.371967574
6520.933692373,-1403.185478393,-642.413621250,0.365887914
6521.933703139,-1402.195711907,-642.270976919,0.359852167
6522.933713905,-1401.205945421,-642.128332588,0.353816420
6523.933724672,-1400.216178934,-641.985688258,0.347780673
6524.933735438,-1399.226412448,-641.843043927,0.341744926
6525.933746205,-1398.236645961,-641.700399596,0.335709179
6526.933756971,-1397.246879475,-641.557755266,0.329673432
6527.933767737,-1396.257112989,-641.415110935,0.323637685
6528.933778504,-1395.267346502,-641.272466604,0.317601938
6529.933789270,-1394.277580016,-641.129822274,0.311566191
6530.933799829,-1393.287894914,-640.986615183,0.305545785
6531.933810437,-1392.298268040,-640.843005458,0.299536357
6532.933821044,-1391.308641166,-640.699395734,0.293526928
6533.933831651,-1390.319014293,-640.555786009,0.287517499
6534.933842259,-1389.329387419,-640.412176284,0.281508071
6535.933852867,-1388.339760545,-640.268566559,0.275498642
6536.933863475,-1387.350133671,-640.124956835,0.269489213
6537.933874083,-1386.360506797,-639.981347110,0.263479785
6538.933884691,-1385.370879923,-639.837737385,0.257470356
6539.933889309,-1384.381236121,-639.694244904,0.252541923
6540.933906616,-1383.391404951,-639.552050116,0.259578276
6541.933923922,-1382.401573781,-639.409855327,0.266614628
6542.933941229,-1381.411742611,-639.267660538,0.273650981
6543.933958534,-1380.421911442,-639.125465749,0.280687334
6544.933975841,-1379.432080272,-638.983270961,0.287723686
6545.933993147,-1378.442249102,-638.841076172,0.294760039
6546.934010454,-1377.452417932,-638.698881383,0.301796391
6547.934209187,-1376.462714613,-638.555803569,0.281459597
6548.936056258,-1375.473200888,-638.411416270,0.220529727
6549.936465898,-1374.483609077,-638.267565867,0.191641024
6550.936476153,-1373.493961363,-638.124099827,0.185690539
6551.936486408,-1372.504313649,-637.980633787,0.179740053
6552.936496664,-1371.514665935,-637.837167746,0.173789567
6553.936506919,-1370.525018221,-637.693701706,0.167839081
6554.936517175,-1369.535370507,-637.550235666,0.161888595
6555.936527431,-1368.545722792,-637.406769626,0.155938110
6556.936537686,-1367.556075078,-637.263303586,0.149987624
6557.936547942,-1366.566427364,-637.119837545,0.144037138
6558.936558141,-1365.576769186,-636.976443913,0.138091006
6559.936568084,-1364.586994973,-636.833853209,0.132193158
6560.936578029,-1363.597220759,-636.691262504,0.126295310
6561.936587972,-1362.607446546,-636.548671799,0.120397462
6562.936597915,-1361.617672333,-636.406081095,0.114499614
6563.936607859,-1360.627898119,-636.263490390,0.108601766
6564.936617802,-1359.638123906,-636.120899685,0.102703918
6565.936627746,-1358.648349692,-635.978308981,0.096806070
6566.936637689,-1357.658575479,-635.835718276,0.090908222
6567.936647634,-1356.668801265,-635.693127571,0.085010374
6568.936656895,-1355.679181688,-635.549470467,0.079157907
6569.936666382,-1354.689672879,-635.405049488,0.073337946
6570.936675869,-1353.700164070,-635.260628510,0.067517986
6571.936685356,-1352.710655261,-635.116207531,0.061698026
6572.936694844,-1351.721146451,-634.971786553,0.055878065
6573.936704331,-1350.731637642,-634.827365574,0.050058105
6574.936713817,-1349.742128833,-634.682944596,0.044238144
6575.936723305,-1348.752620024,-634.538523617,0.038418184
6576.936732792,-1347.763111214,-634.394102639,0.032598224
6577.936742222,-1346.773598928,-634.249705505,0.026787565
6578.936751060,-1345.784048019,-634.105573277,0.021080244
6579.936759898,-1344.794497109,-633.961441048,0.015372922
6580.936768736,-1343.804946199,-633.817308820,0.009665601
6581.936777574,-1342.815395289,-633.673176591,0.003958279
6582.936786412,-1341.825844379,-633.529044363,-0.001749042
6583.936795250,-1340.836293469,-633.384912134,-0.007456364
6584.936804088,-1339.846742559,-633.240779906,-0.013163685
6585.936812926,-1338.857191649,-633.096647677,-0.018871006
6586.936821764,-1337.867640739,-632.952515449,-0.024578328
6587.936829688,-1336.878245766,-632.807319510,-0.030197361
6588.936837672,-1335.888962557,-632.661361176,-0.035753115
6589.936845657,-1334.899679348,-632.515402842,-0.041308870
6590.936853642,-1333.910396139,-632.369444508,-0.046864624
6591.936861626,-1332.921112930,-632.223486174,-0.052420378
6592.936869611,-1331.931829721,-632.077527840,-0.057976132
6593.936877595,-1330.942546512,-631.931569507,-0.063531886
6594.936885580,-1329.953263303,-631.785611173,-0.069087641
6595.936893564,-1328.963980095,-631.639652839,-0.074643395
6596.936901458,-1327.974693913,-631.493714674,-0.080183354
6597.936908397,-1326.985374641,-631.348000979,-0.085547525
6598.936915335,-1325.996055369,-631.202287285,-0.090911695
6599.936922273,-1325.006736097,-631.056573591,-0.096275865
6600.936929212,-1324.017416825,-630.910859896,-0.101640035
6601.936936150,-1323.028097553,-630.765146202,-0.107004205
6602.936943089,-1322.038778281,-630.619432507,-0.112368375
6603.936950027,-1321.049459009,-630.473718813,-0.117732545
6604.936956966,-1320.060139737,-630.328005119,-0.123096716
6605.936963904,-1319.070820465,-630.182291424,-0.128460886
6606.936970118,-1318.081556491,-630.036203133,-0.133698161
6607.936975912,-1317.092332171,-629.889846211,-0.138844438
6608.936981706,-1316.103107852,-629.743489288,-0.143990714
6609.936987499,-1315.113883533,-629.597132366,-0.149136991
6610.936993293,-1314.124659213,-629.450775444,-0.154283268
6611.936999086,-1313.135434894,-629.304418521,-0.159429544
6612.937004879,-1312.146210575,-629.158061599,-0.164575821
6613.937010673,-1311.156986255,-629.011704677,-0.169722097
6614.937016466,-1310.167761936,-628.865347755,-0.174868374
6615.937022139,-1309.178528210,-628.719054583,-0.179995730
6616.937026776,-1308.189189593,-628.573472292,-0.184912103
6617.937031415,-1307.199850929,-628.427890325,-0.189829130
6618.937036061,-1306.210512179,-628.282308936,-0.194747320
6619.937040707,-1305.221173429,-628.136727546,-0.199665510
6620.937045353,-1304.231834679,-627.991146157,-0.204583701
6621.937049998,-1303.242495930,-627.845564767,-0.209501891
6622.937054643,-1302.253157180,-627.699983378,-0.214420081
6623.937059289,-1301.263818430,-627.554401989,-0.219338271
6624.937063934,-1300.274479681,-627.408820599,-0.224256461
6625.937067464,-1299.284973350,-627.264385973,-0.229043916
6626.937071030,-1298.295346777,-627.120774180,-0.233737564
6627.937074597,-1297.305720203,-626.977162387,-0.238431211
6628.937078163,-1296.316093629,-626.833550594,-0.243124859
6629.937081730,-1295.326467055,-626.689938801,-0.247818507
6630.937085297,-1294.336840481,-626.546327008,-0.252512155
6631.937088862,-1293.347213908,-626.402715215,-0.257205803
6632.937092429,-1292.357587334,-626.259103422,-0.261899451
6633.937095996,-1291.367960760,-626.115491629,-0.266593099
6634.937099467,-1290.378326858,-625.971930444,-0.271269536
6635.937102072,-1289.388611093,-625.828934620,-0.275753713
6636.937104677,-1288.398895327,-625.685938797,-0.280237890
6637.937107282,-1287.409179561,-625.542942973,-0.284722067
6638.937109888,-1286.419463795,-625.399947150,-0.289206244
6639.937112493,-1285.429748029,-625.256951326,-0.293690420
6640.937115098,-1284.440032264,-625.113955503,-0.298174597
6641.937117703,-1283.450316498,-624.970959679,-0.302658774
6642.937120308,-1282.460600732,-624.827963856,-0.307142951
6643.937122914,-1281.470884966,-624.684968032,-0.311627128
6644.937125003,-1280.481147333,-624.542123701,-0.315996726
6645.937126745,-1279.491394000,-624.399388133,-0.320284062
6646.937128487,-1278.501640667,-624.256652566,-0.324571398
6647.937130230,-1277.511887333,-624.113916999,-0.328858734
6648.937131971,-1276.522134000,-623.971181432,-0.333146070
6649.937133713,-1275.532380667,-623.828445865,-0.337433406
6650.937135455,-1274.542627334,-623.685710298,-0.341720742
6651.937137197,-1273.552874001,-623.542974730,-0.346008078
6652.937138939,-1272.563120668,-623.400239163,-0.350295414
6653.937140613,-1271.573373160,-623.257463270,-0.354569024
6654.937141651,-1270.583690859,-623.114236019,-0.358688996
6655.937142690,-1269.594008558,-622.971008767,-0.362808969
6656.937143728,-1268.604326257,-622.827781516,-0.366928941
6657.937144766,-1267.614643956,-622.684554264,-0.371048913
6658.937145805,-1266.624961655,-622.541327013,-0.375168886
6659.937146843,-1265.635279354,-622.398099761,-0.379288858
6660.937147881,-1264.645597053,-622.254872510,-0.383408831
6661.937146336,-1263.656014124,-622.110977993,-0.387520199
6662.937146947,-1262.667544238,-621.959609609,-0.391535196
6663.937147558,-1261.679074353,-621.808241225,-0.395550192
6664.937148170,-1260.690604467,-621.656872841,-0.399565188
6665.937144535,-1259.702270662,-621.504646246,-0.403575675
6666.937144926,-1258.715461142,-621.342806594,-0.407535652
6667.937145318,-1257.728651622,-621.180966942,-0.411495628
6668.937140587,-1256.742002135,-621.018185871,-0.415451674
6669.937140789,-1255.757145663,-620.844857192,-0.419363679
6670.937140993,-1254.772289190,-620.671528514,-0.423275684
6671.937119528,-1253.788827238,-620.490574044,-0.427166736
6672.937119591,-1252.806367081,-620.304141371,-0.431042736
6673.937110900,-1251.824149168,-620.116483198,-0.434915785
6674.937110825,-1250.844645227,-619.915095182,-0.438755776
6675.937110749,-1249.865141286,-619.713707166,-0.442595766
6676.937083254,-1248.887458389,-619.503786769,-0.446415404
6677.937083044,-1247.911083724,-619.287736738,-0.450220421
6678.937058896,-1246.936526098,-619.063739434,-0.454007977
6679.937058573,-1245.963273778,-618.834033046,-0.457782988
6680.937034757,-1244.991931496,-618.596478000,-0.461543440
6681.937034340,-1244.021961292,-618.353284852,-0.465293432
6682.937007525,-1243.054134433,-618.101802031,-0.469025964
6683.937006995,-1242.087847279,-617.844364200,-0.472745954
6684.936997736,-1241.121890431,-617.585723452,-0.476462669
6685.936997059,-1240.159634262,-617.313605521,-0.480142677
6686.936996381,-1239.197378093,-617.041487591,-0.483822686
6687.936969899,-1238.237484926,-616.761239985,-0.487486397
6688.936969119,-1237.279289260,-616.475152290,-0.491138402
6689.936960933,-1236.321430001,-616.187966020,-0.494787128
6690.936960007,-1235.367339304,-615.888473041,-0.498399138
6691.936959082,-1234.413248607,-615.588980061,-0.502011148
6692.936934688,-1233.461628746,-615.281802686,-0.505604526
6693.936933647,-1232.511783783,-614.969105311,-0.509184521
6694.936924870,-1231.562314013,-614.655295161,-0.512761237
6695.936923688,-1230.617047159,-614.329019698,-0.516301233
6696.936922505,-1229.671780305,-614.002744236,-0.519841230
6697.936892917,-1228.729475215,-613.668095826,-0.523360284
6698.936891607,-1227.789297731,-613.327432647,-0.526864295
6699.936881576,-1226.849553989,-612.985600260,-0.530365108
6700.936880131,-1225.914668694,-612.630671269,-0.533830109
6701.936870881,-1224.980210069,-612.274642353,-0.537292653
6702.936869332,-1224.050530636,-611.906292988,-0.540727673
6703.936859834,-1223.121297833,-611.536839848,-0.544159822
6704.936858165,-1222.197067043,-611.155025037,-0.547559818
6705.936848659,-1221.273295492,-610.772120909,-0.550956535
6706.936846855,-1220.354667317,-610.377016646,-0.554316533
6707.936837430,-1219.436507404,-609.980844648,-0.557674072
6708.936835526,-1218.523592016,-609.572714036,-0.561004067
6709.936826092,-1217.611156991,-609.163529003,-0.564330784
6710.936824056,-1216.704102240,-608.742534014,-0.567620789
6711.936814361,-1215.797546978,-608.320482633,-0.570907106
6712.936812177,-1214.896585994,-607.886599691,-0.574152111
6713.936802063,-1213.996148831,-607.451648918,-0.577394248
6714.936799766,-1213.101578185,-607.004739014,-0.580604261
6715.936793618,-1212.207381121,-606.557090666,-0.583809102
6716.936784744,-1211.318290440,-606.099389793,-0.586959307
6717.936782289,-1210.432124072,-605.636038663,-0.590119884
6718.936761914,-1209.549257688,-605.166468174,-0.593242885
6719.936759258,-1208.668761753,-604.692430189,-0.596338893
6720.936751012,-1207.788743986,-604.217516840,-0.599429217
6721.936748144,-1206.914081486,-603.732799795,-0.602455871
6722.936745276,-1206.039418986,-603.248082750,-0.605482524
6723.936736915,-1205.165240980,-602.762503750,-0.608503715
6724.936733847,-1204.296490005,-602.267269617,-0.611463707
6725.936730780,-1203.427739030,-601.772035484,-0.614423699
6726.936701266,-1202.563283293,-601.269393754,-0.617346460
6727.936698011,-1201.701913074,-600.761430715,-0.620242475
6728.936687812,-1200.841114370,-600.252513398,-0.623133570
6729.936684385,-1199.986716918,-599.732907685,-0.625969564
6730.936680957,-1199.132319467,-599.213301971,-0.628805558
6731.936659873,-1198.281591562,-598.687743216,-0.631608963
6732.936656289,-1197.433499621,-598.157908183,-0.634388958
6733.936647518,-1196.585921759,-597.627260918,-0.637165019
6734.936643801,-1195.744102597,-597.087515051,-0.639897019
6735.936640085,-1194.902283434,-596.547769185,-0.642629019
6736.936619897,-1194.064143134,-596.002358181,-0.645330751
6737.936616039,-1193.228645541,-595.452877631,-0.648010741
6738.936606511,-1192.393705446,-594.902560613,-0.650686634
6739.936602520,-1191.565011251,-594.342872277,-0.653316634
6740.936598530,-1190.736317056,-593.783183941,-0.655946633
6741.936589042,-1189.908181743,-593.222678783,-0.658572535
6742.936584921,-1189.086307863,-592.653022372,-0.661152529
6743.936580800,-1188.264433982,-592.083365961,-0.663732524
6744.936558735,-1187.446614206,-591.507935549,-0.666286913
6745.936554502,-1186.631706884,-590.928357117,-0.668822907
6746.936542714,-1185.817478957,-590.347837616,-0.671355953
6747.936538390,-1185.010863748,-589.756773316,-0.673855958
6748.936534067,-1184.204248538,-589.165709017,-0.676355962
6749.936503950,-1183.402686558,-588.567852838,-0.678835597
6750.936499539,-1182.604754814,-587.965117378,-0.681300598
6751.936471976,-1181.811701594,-587.356015191,-0.683748144
6752.936467493,-1181.022153083,-586.742339175,-0.686183150
6753.936434457,-1180.238125841,-586.121670696,-0.688602448
6754.936429908,-1179.458064976,-585.495978958,-0.691010464
6755.936416641,-1178.678791892,-584.869320250,-0.693416510
6756.936412034,-1177.908342942,-584.231830235,-0.695800497
6757.936407426,-1177.137893993,-583.594340221,-0.698184484
6758.936381168,-1176.372429440,-582.950907316,-0.700550629
6759.936376488,-1175.610545549,-582.303205194,-0.702903957
6760.936371808,-1174.848661658,-581.655503072,-0.705257284
6761.936351340,-1174.091096876,-581.002778642,-0.707598971
6762.936346614,-1173.336634927,-580.346446203,-0.709932296
6763.936341887,-1172.582172978,-579.690113764,-0.712265621
6764.936324724,-1171.831591142,-579.029366316,-0.714587311
6765.936319951,-1171.083796892,-578.365446997,-0.716900644
6766.936315178,-1170.336002642,-577.701527678,-0.719213976
6767.936297486,-1169.592210958,-577.033146632,-0.721521490
6768.936292690,-1168.851294852,-576.361560132,-0.723824824
6769.936287893,-1168.110378746,-575.689973633,-0.726128158
6770.936268219,-1167.373809768,-575.013644197,-0.728427212
6771.936263406,-1166.640363901,-574.333907290,-0.730723191
6772.936252765,-1165.907615754,-573.653426871,-0.733018846
6773.936247943,-1165.182688635,-572.964612110,-0.735310853
6774.936243121,-1164.457761517,-572.275797348,-0.737602860
6775.936211761,-1163.738801116,-571.580795219,-0.739897192
6776.936206948,-1163.024127644,-570.881347629,-0.742193194
6777.936194002,-1162.310303182,-570.181045215,-0.744489933
6778.936189210,-1161.605994338,-569.471162017,-0.746794932
6779.936177522,-1160.902478229,-568.760502889,-0.749099930
6780.936172730,-1160.207847152,-568.041147087,-0.751404924
6781.936159357,-1159.514112852,-567.320938329,-0.753711146
6782.936154599,-1158.830430454,-566.591168858,-0.756031151
6783.936149841,-1158.146748056,-565.861399387,-0.758351156
6784.936113438,-1157.469968375,-565.125266897,-0.760678147
6785.936108708,-1156.798148099,-564.384562759,-0.763010156
6786.936095603,-1156.127239773,-563.643043804,-0.765343803
6787.936090919,-1155.466551358,-562.892393473,-0.767695801
6788.936086237,-1154.805862942,-562.141743141,-0.770047798
6789.936060128,-1154.151009370,-561.386025605,-0.772411436
6790.936055492,-1153.500347834,-560.626667542,-0.774783436
6791.936045542,-1152.850429996,-559.866679867,-0.777157729
6792.936040972,-1152.208846772,-559.099636147,-0.779557720
6793.936036404,-1151.567263548,-558.332592426,-0.781957711
6794.936016339,-1150.930749264,-557.561357321,-0.784376326
6795.936011847,-1150.297876896,-556.787110805,-0.786808323
6796.936002003,-1149.665765245,-556.012250013,-0.789242613
6797.935997581,-1149.042180415,-555.230503850,-0.791702609
6798.935993158,-1148.418595586,-554.448757687,-0.794162606
6799.935965267,-1147.801371842,-553.662009378,-0.796645882
6800.935960942,-1147.188718522,-552.871667040,-0.799145885
6801.935948546,-1146.577019647,-552.080595977,-0.801649165
6802.935944323,-1145.976019142,-551.281356654,-0.804189166
6803.935931959,-1145.375987591,-550.481399814,-0.806731625
6804.935927812,-1144.786816868,-549.673400457,-0.809301629
6805.935913991,-1144.198714388,-548.864635218,-0.811874500
6806.935909935,-1143.622585227,-548.047285665,-0.814479515
6807.935894913,-1143.047606842,-547.229139585,-0.817087806
6808.935890962,-1142.485524831,-546.402067088,-0.819732803
6809.935874951,-1141.924663952,-545.574180598,-0.822381078
6810.935871108,-1141.377488296,-544.737171694,-0.825066084
6811.935854045,-1140.831606519,-543.899334161,-0.827754778
6812.935850323,-1140.300224370,-543.052210726,-0.830484804
6813.935833185,-1139.770161293,-542.204277126,-0.833217698
6814.935829559,-1139.254876386,-541.347266877,-0.835982727
6815.935813549,-1138.740873404,-540.489501614,-0.838751852
6816.935810062,-1138.241228518,-539.623279881,-0.841566863
6817.935795842,-1137.742789300,-538.756376218,-0.844385562
6818.935792483,-1137.257852605,-537.881835479,-0.847245561
6819.935780180,-1136.774026440,-537.006690098,-0.850108839
6820.935776937,-1136.302637484,-536.124773120,-0.853008844
6821.935766212,-1135.832272573,-535.242318041,-0.855912947
6822.935763114,-1135.373375774,-534.353836848,-0.858862937
6823.935751589,-1134.915573963,-533.464800446,-0.861817028
6824.935748640,-1134.470035809,-532.569545814,-0.864817045
6825.935745691,-1134.024497655,-531.674291183,-0.867817062
6826.935710621,-1133.587474053,-530.774885255,-0.870851991
6827.935707855,-1133.156566152,-529.872497598,-0.873911997
6828.935695342,-1132.726854333,-528.969550571,-0.876976922
6829.935692761,-1132.310535071,-528.060340268,-0.880096933
6830.935690179,-1131.894215809,-527.151129965,-0.883216944
6831.935657292,-1131.486295013,-526.238154126,-0.886374196
6832.935654913,-1131.084406208,-525.322473782,-0.889558198
6833.935644258,-1130.683635391,-524.406312621,-0.892747119
6834.935642070,-1130.295381119,-523.484768416,-0.895991123
6835.935639884,-1129.907126847,-522.563224210,-0.899235127
6836.935614561,-1129.526313042,-521.638605694,-0.902521422
6837.935612612,-1129.150843077,-520.711779169,-0.905838090
6838.935610663,-1128.775373112,-519.784952644,-0.909154758
6839.935593254,-1128.406032168,-518.855683520,-0.912522821
6840.935591603,-1128.041093143,-517.924660098,-0.915927797
6841.935589951,-1127.676154118,-516.993636677,-0.919332772
6842.935588299,-1127.311215093,-516.062613256,-0.922737747
6843.935584568,-1126.948699533,-515.130646136,-0.926243956
6844.935583524,-1126.587924736,-514.198001161,-0.929822881
6845.935582479,-1126.227149939,-513.265356187,-0.933401805
6846.935581435,-1125.866375141,-512.332711213,-0.936980729
6847.935580391,-1125.505600344,-511.400066238,-0.940559654
6848.935579346,-1125.144825547,-510.467421264,-0.944138578
6849.935578302,-1124.784050750,-509.534776289,-0.947717503
6850.935577257,-1124.423275953,-508.602131315,-0.951296427
6851.935576213,-1124.062501155,-507.669486341,-0.954875351
6852.935574877,-1123.701489320,-506.736933483,-0.958474107
6853.935574729,-1123.337820681,-505.805413100,-0.962295133
6854.935574580,-1122.974152042,-504.873892717,-0.966116158
6855.935574432,-1122.610483403,-503.942372334,-0.969937184
6856.935574283,-1122.246814765,-503.010851951,-0.973758210
6857.935574135,-1121.883146126,-502.079331568,-0.977579236
6858.935573986,-1121.519477487,-501.147811185,-0.981400262
6859.935573837,-1121.155808848,-500.216290803,-0.985221288
6860.935573688,-1120.792140210,-499.284770420,-0.989042314
6861.935573540,-1120.428471571,-498.353250037,-0.992863340
6862.935573833,-1120.064419108,-497.421879656,-0.996813595
6863.935574557,-1119.700090803,-496.490617079,-1.000856723
6864.935575283,-1119.335762497,-495.559354501,-1.004899851
6865.935576007,-1118.971434192,-494.628091924,-1.008942979
6866.935576732,-1118.607105887,-493.696829346,-1.012986107
6867.935577457,-1118.242777581,-492.765566768,-1.017029235
6868.935578181,-1117.878449276,-491.834304191,-1.021072364
6869.935578906,-1117.514120970,-490.903041613,-1.025115492
6870.935579631,-1117.149792665,-489.971779035,-1.029158620
6871.935580417,-1116.785470643,-489.040514000,-1.033216897
6872.935581908,-1116.421219179,-488.109221364,-1.037445284
6873.935583398,-1116.056967714,-487.177928729,-1.041673670
6874.935584890,-1115.692716249,-486.246636093,-1.045902056
6875.935586381,-1115.328464785,-485.315343457,-1.050130442
6876.935587871,-1114.964213320,-484.384050822,-1.054358829
6877.935589363,-1114.599961855,-483.452758186,-1.058587215
6878.935590853,-1114.235710391,-482.521465551,-1.062815601
6879.935592344,-1113.871458926,-481.590172915,-1.067043987
6880.935593836,-1113.507207461,-480.658880279,-1.071272374
6881.935595223,-1113.144005771,-479.727178223,-1.075583424
6882.935597325,-1112.781558981,-478.795181749,-1.079953920
6883.935599426,-1112.419112191,-477.863185276,-1.084324415
6884.935601528,-1112.056665402,-476.931188802,-1.088694911
6885.935603630,-1111.694218612,-475.999192328,-1.093065406
6886.935605732,-1111.331771823,-475.067195854,-1.097435902
6887.935607834,-1110.969325033,-474.135199380,-1.101806397
6888.935609936,-1110.606878244,-473.203202906,-1.106176893
6889.935612038,-1110.244431454,-472.271206432,-1.110547388
6890.935614165,-1109.882012492,-471.339199142,-1.114924758
6891.935616638,-1109.519906604,-470.407070166,-1.119379465
6892.935619112,-1109.157800716,-469.474941189,-1.123834172
6893.935621585,-1108.795694829,-468.542812213,-1.128288879
6894.935624058,-1108.433588941,-467.610683237,-1.132743586
6895.935626533,-1108.071483053,-466.678554260,-1.137198293
6896.935629006,-1107.709377165,-465.746425284,-1.141653000
6897.935631479,-1107.347271277,-464.814296308,-1.146107707
6898.935633953,-1106.985165389,-463.882167331,-1.150562414
6899.935636426,-1106.623059501,-462.950038355,-1.155017121
6900.935638888,-1106.260502958,-462.018084661,-1.159487925
6901.935641485,-1105.897622169,-461.086257083,-1.163970311
6902.935644082,-1105.534741381,-460.154429504,-1.168452698
6903.935646679,-1105.171860592,-459.222601926,-1.172935084
6904.935649277,-1104.808979804,-458.290774347,-1.177417470
6905.935651874,-1104.446099015,-457.358946769,-1.181899856
6906.935654471,-1104.083218227,-456.427119190,-1.186382243
6907.935657068,-1103.720337438,-455.495291612,-1.190864629
6908.935659661,-1103.357456380,-454.563464139,-1.195346264
6909.935662231,-1102.994612116,-453.631622347,-1.199824386
6910.935664718,-1102.632189551,-452.699616453,-1.204282252
6911.935667206,-1102.269766987,-451.767610558,-1.208740118
6912.935669693,-1101.907344422,-450.835604664,-1.213197984
6913.935672182,-1101.544921857,-449.903598769,-1.217655849
6914.935674669,-1101.182499293,-448.971592875,-1.222113715
6915.935677156,-1100.820076728,-448.039586981,-1.226571581
6916.935679644,-1100.457654164,-447.107581086,-1.231029446
6917.935682131,-1100.095231599,-446.175575192,-1.235487312
6918.935684619,-1099.732809034,-445.243569297,-1.239945178
6919.935686927,-1099.370359045,-444.311574068,-1.244362646
6920.935689108,-1099.007889314,-443.379586516,-1.248751031
6921.935691287,-1098.645419582,-442.447598965,-1.253139416
6922.935693468,-1098.282949850,-441.515611413,-1.257527801
6923.935695648,-1097.920480118,-440.583623862,-1.261916186
6924.935697829,-1097.558010387,-439.651636310,-1.266304572
6925.935700008,-1097.195540655,-438.719648759,-1.270692957
6926.935702189,-1096.833070923,-437.787661207,-1.275081342
6927.935704369,-1096.470601191,-436.855673656,-1.279469727
6928.935706512,-1096.108125708,-435.923688342,-1.283849807
6929.935708250,-1095.745585268,-434.991728293,-1.288136094
6930.935709987,-1095.383044828,-434.059768245,-1.292422381
6931.935711725,-1095.020504388,-433.127808196,-1.296708669
6932.935713462,-1094.657963948,-432.195848148,-1.300994956
6933.935715200,-1094.295423508,-431.263888099,-1.305281243
6934.935716937,-1093.932883068,-430.331928051,-1.309567530
6935.935718675,-1093.570342628,-429.399968002,-1.313853818
6936.935720412,-1093.207802188,-428.468007954,-1.318140105
6937.935722150,-1092.845261748,-427.536047905,-1.322426392
6938.935723522,-1092.483119353,-426.603933182,-1.326642310
6939.935724748,-1092.121263680,-425.671707043,-1.330807539
6940.935725974,-1091.759408006,-424.739480904,-1.334972769
6941.935727200,-1091.397552333,-423.807254765,-1.339137998
6942.935728426,-1091.035696660,-422.875028626,-1.343303228
6943.935729651,-1090.673840987,-421.942802487,-1.347468457
6944.935730877,-1090.311985313,-421.010576348,-1.351633686
6945.935732103,-1089.950129640,-420.078350209,-1.355798916
6946.935733329,-1089.588273967,-419.146124070,-1.359964145
6947.935734501,-1089.226369254,-418.213916984,-1.364120143
6948.935735260,-1088.863909711,-417.281925470,-1.368171693
6949.935736019,-1088.501450168,-416.349933956,-1.372223244
6950.935736778,-1088.138990624,-415.417942442,-1.376274794
6951.935737537,-1087.776531081,-414.485950928,-1.380326345
6952.935738295,-1087.414071538,-413.553959414,-1.384377895
6953.935739054,-1087.051611995,-412.621967900,-1.388429445
6954.935739813,-1086.689152452,-411.689976386,-1.392480996
6955.935740572,-1086.326692909,-410.757984872,-1.396532546
6956.935741331,-1085.964233365,-409.825993358,-1.400584096
6957.935741851,-1085.601396099,-408.894148895,-1.404590990
6958.935742301,-1085.238286589,-407.962410420,-1.408565696
6959.935742751,-1084.875177079,-407.030671945,-1.412540402
6960.935743201,-1084.512067569,-406.098933470,-1.416515108
6961.935743652,-1084.148958059,-405.167194994,-1.420489815
6962.935744103,-1083.785848549,-404.235456519,-1.424464521
6963.935744553,-1083.422739039,-403.303718044,-1.428439227
6964.935745004,-1083.059629529,-402.371979568,-1.432413933
6965.935745454,-1082.696520019,-401.440241093,-1.436388639
6966.935745838,-1082.333509378,-400.508464162,-1.440362578
6967.935746251,-1081.971619436,-399.576251325,-1.444327812
6968.935746663,-1081.609729494,-398.644038489,-1.448293045
6969.935747076,-1081.247839553,-397.711825652,-1.452258279
6970.935747489,-1080.885949611,-396.779612816,-1.456223513
6971.935747902,-1080.524059669,-395.847399979,-1.460188747
6972.935748314,-1080.162169727,-394.915187143,-1.464153981
6973.935748728,-1079.800279785,-393.982974306,-1.468119214
6974.935749141,-1079.438389844,-393.050761469,-1.472084448
6975.935749553,-1079.076499902,-392.118548633,-1.476049682
6976.935749741,-1078.713554848,-391.186746580,-1.480074240
6977.935750564,-1078.349848873,-390.255240774,-1.484141582
6978.935751387,-1077.986142898,-389.323734968,-1.488208923
6979.935752210,-1077.622436923,-388.392229162,-1.492276265
6980.935753033,-1077.258730948,-387.460723356,-1.496343606
6981.935753855,-1076.895024973,-386.529217551,-1.500410948
6982.935754678,-1076.531318998,-385.597711745,-1.504478289
6983.935755501,-1076.167613023,-384.666205939,-1.508545631
6984.935756324,-1075.803907048,-383.734700133,-1.512612972
6985.935757232,-1075.440213839,-382.803189344,-1.516701442
6986.935759151,-1075.076665584,-381.871621972,-1.521029829
6987.935761070,-1074.713117330,-380.940054599,-1.525358216
6988.935762988,-1074.349569076,-380.008487227,-1.529686603
6989.935764908,-1073.986020821,-379.076919854,-1.534014990
6990.935766826,-1073.622472567,-378.145352482,-1.538343377
6991.935768745,-1073.258924313,-377.213785109,-1.542671764
6992.935770663,-1072.895376059,-376.282217737,-1.547000152
6993.935772583,-1072.531827804,-375.350650364,-1.551328539
6994.935774501,-1072.168279550,-374.419082992,-1.555656926
6995.935777542,-1071.805187920,-373.487337642,-1.560256176
6996.935781589,-1071.442425781,-372.555463866,-1.565050877
6997.935785634,-1071.079663642,-371.623590091,-1.569845577
6998.935789680,-1070.716901504,-370.691716316,-1.574640278
6999.935793726,-1070.354139365,-369.759842540,-1.579434979
7000.935797772,-1069.991377226,-368.827968765,-1.584229679
7001.935801818,-1069.628615087,-367.896094989,-1.589024380
7002.935805863,-1069.265852949,-366.964221214,-1.593819080
7003.935809910,-1068.903090810,-366.032347438,-1.598613781
7004.935814112,-1068.540465392,-365.100420583,-1.603466293
7005.935821832,-1068.179392391,-364.167891017,-1.608974209
7006.935829522,-1067.818312117,-363.235364268,-1.614476689
7007.935837211,-1067.457231843,-362.302837519,-1.619979169
7008.935844902,-1067.096151569,-361.370310769,-1.625481649
7009.935852591,-1066.735071295,-360.437784020,-1.630984129
7010.935860281,-1066.373991021,-359.505257271,-1.636486609
7011.935867971,-1066.012910747,-358.572730521,-1.641989088
7012.935875661,-1065.651830473,-357.640203772,-1.647491568
7013.935883351,-1065.290750199,-356.707677022,-1.652994048
7014.935894337,-1064.929508888,-355.775212655,-1.659067834
7015.935907924,-1064.568151311,-354.842793326,-1.665554100
7016.935921511,-1064.206793733,-353.910373998,-1.672040366
7017.935935098,-1063.845436155,-352.977954670,-1.678526632
7018.935948685,-1063.484078578,-352.045535342,-1.685012899
7019.935962273,-1063.122721000,-351.113116013,-1.691499165
7020.935975859,-1062.761363423,-350.180696685,-1.697985431
7021.935989446,-1062.400005845,-349.248277357,-1.704471697
7022.936003033,-1062.038648267,-348.315858029,-1.710957963
7023.936017261,-1061.677216541,-347.383467479,-1.717547799
7024.936040003,-1061.314939555,-346.451404987,-1.725318274
7025.936062744,-1060.952662569,-345.519342496,-1.733088750
7026.936085486,-1060.590385582,-344.587280004,-1.740859225
7027.936108226,-1060.228108596,-343.655217513,-1.748629700
7028.936130967,-1059.865831610,-342.723155022,-1.756400175
7029.936153709,-1059.503554624,-341.791092530,-1.764170650
7030.936176450,-1059.141277638,-340.859030039,-1.771941126
7031.936199191,-1058.779000652,-339.926967547,-1.779711601
7032.936221932,-1058.416723666,-338.994905056,-1.787482076
7033.936251771,-1058.055615777,-338.062389608,-1.796183311
7034.936288254,-1057.695352440,-337.129546947,-1.805556924
7035.936324737,-1057.335089102,-336.196704286,-1.814930537
7036.936361220,-1056.974825765,-335.263861625,-1.824304150
7037.936397703,-1056.614562428,-334.331018964,-1.833677763
7038.936434185,-1056.254299091,-333.398176303,-1.843051376
7039.936470669,-1055.894035754,-332.465333641,-1.852424989
7040.936507152,-1055.533772416,-331.532490980,-1.861798602
7041.936543635,-1055.173509079,-330.599648319,-1.871172215
7042.936580595,-1054.812950045,-329.666920526,-1.880657445
7043.936631033,-1054.449014092,-328.735504548,-1.891417371
7044.936681472,-1054.085078139,-327.804088569,-1.902177297
7045.936731909,-1053.721142186,-326.872672591,-1.912937223
7046.936782348,-1053.357206232,-325.941256613,-1.923697149
7047.936837906,-1052.990712663,-325.010846968,-1.935163483
7048.936902178,-1052.622370696,-324.081164604,-1.947140342
7049.936966450,-1052.254028728,-323.151482240,-1.959117201
7050.937030721,-1051.885686761,-322.221799877,-1.971094060
7051.937094993,-1051.517344793,-321.292117513,-1.983070919
7052.937159265,-1051.149002826,-320.362435149,-1.995047778
7053.937224142,-1050.781070487,-319.432591785,-2.007166810
7054.937311141,-1050.417820352,-318.500908124,-2.020910928
7055.937398139,-1050.054570218,-317.569224464,-2.034655046
7056.937485137,-1049.691320084,-316.637540804,-2.048399164
7057.937572134,-1049.328069950,-315.705857144,-2.062143283
7058.937659132,-1048.964819815,-314.774173484,-2.075887401
7059.937746130,-1048.601569681,-313.842489824,-2.089631519
7060.937833128,-1048.238319547,-312.910806164,-2.103375637
7061.937920126,-1047.875069413,-311.979122503,-2.117119755
7062.938007124,-1047.511819278,-311.047438843,-2.130863873
7063.938110581,-1047.148875317,-310.115635911,-2.145760186
7064.938226831,-1046.786152717,-309.183746745,-2.161489532
7065.938343083,-1046.423430116,-308.251857578,-2.177218877
7066.938459333,-1046.060707516,-307.319968412,-2.192948222
7067.938575584,-1045.697984916,-306.388079246,-2.208677568
7068.938691834,-1045.335262316,-305.456190080,-2.224406913
7069.938808085,-1044.972539716,-304.524300914,-2.240136259
7070.938924336,-1044.609817116,-303.592411748,-2.255865604
7071.939040587,-1044.247094516,-302.660522581,-2.271594950
7072.939159096,-1043.884254297,-301.728679303,-2.287472990
7073.939306181,-1043.520067080,-300.797361541,-2.305053924
7074.939453266,-1043.155879863,-299.866043779,-2.322634857
7075.939600351,-1042.791692645,-298.934726018,-2.340215790
7076.939747436,-1042.427505428,-298.003408256,-2.357796724
7077.939894521,-1042.063318211,-297.072090494,-2.375377657
7078.940041607,-1041.699130993,-296.140772732,-2.392958591
7079.940188691,-1041.334943776,-295.209454971,-2.410539524
7080.940335776,-1040.970756559,-294.278137209,-2.428120457
7081.940482862,-1040.606569341,-293.346819447,-2.445701391
7082.940647117,-1040.243819257,-292.414941902,-2.464279718
7083.940825894,-1039.882108821,-291.482659401,-2.483579577
7084.941004672,-1039.520398384,-290.550376899,-2.502879437
7085.941183449,-1039.158687948,-289.618094398,-2.522179296
7086.941362227,-1038.796977511,-288.685811896,-2.541479155
7087.941541004,-1038.435267074,-287.753529395,-2.560779014
7088.941719782,-1038.073556638,-286.821246893,-2.580078874
7089.941898559,-1037.711846201,-285.888964392,-2.599378733
7090.942077337,-1037.350135765,-284.956681890,-2.618678592
7091.942258577,-1036.988460428,-284.024385780,-2.638106052
7092.942469332,-1036.627187789,-283.091933538,-2.658997474
7093.942680087,-1036.265915150,-282.159481296,-2.679888896
7094.942890841,-1035.904642512,-281.227029055,-2.700780318
7095.943101596,-1035.543369873,-280.294576813,-2.721671740
7096.943312351,-1035.182097234,-279.362124571,-2.742563162
7097.943523107,-1034.820824595,-278.429672329,-2.763454584
7098.943733860,-1034.459551957,-277.497220088,-2.784346006
7099.943944616,-1034.098279318,-276.564767846,-2.805237428
7100.944155371,-1033.737006679,-275.632315604,-2.826128850
7101.944384343,-1033.375860016,-274.699814571,-2.847875317
7102.944626993,-1033.014804642,-273.767278181,-2.870241709
7103.944869695,-1032.653749508,-272.834741697,-2.892610431
7104.945112396,-1032.292694374,-271.902205214,-2.914979152
7105.945355099,-1031.931639240,-270.969668730,-2.937347874
7106.945597800,-1031.570584106,-270.037132247,-2.959716596
7107.945840501,-1031.209528972,-269.104595764,-2.982085318
7108.946083204,-1030.848473838,-268.172059280,-3.004454040
7109.946325905,-1030.487418705,-267.239522797,-3.026822761
7110.946571100,-1030.126386987,-266.306977251,-3.049302824
7111.946845877,-1029.765624421,-265.374327546,-3.073062638
7112.947120655,-1029.404861854,-264.441677840,-3.096822452
7113.947395433,-1029.044099287,-263.509028135,-3.120582266
7114.947670211,-1028.683336721,-262.576378429,-3.144342080
7115.947944989,-1028.322574154,-261.643728724,-3.168101894
7116.948219767,-1027.961811587,-260.711079018,-3.191861708
7117.948494545,-1027.601049020,-259.778429313,-3.215621522
7118.948769322,-1027.240286454,-258.845779608,-3.239381336
7119.949044101,-1026.879523887,-257.913129902,-3.263141150
7120.949337453,-1026.519377258,-256.980242346,-3.287676902
7121.949644905,-1026.159676719,-256.047182527,-3.312774623
7122.949952356,-1025.799976180,-255.114122709,-3.337872344
7123.950259809,-1025.440275641,-254.181062890,-3.362970065
7124.950567260,-1025.080575102,-253.248003072,-3.388067785
7125.950874711,-1024.720874563,-252.314943254,-3.413165506
7126.951182164,-1024.361174024,-251.381883435,-3.438263227
7127.951489615,-1024.001473485,-250.448823617,-3.463360947
7128.951797067,-1023.641772946,-249.515763798,-3.488458668
7129.952107101,-1023.282153143,-248.582672905,-3.513660759
7130.952448179,-1022.923463096,-247.649224164,-3.540064773
7131.952789259,-1022.564773048,-246.715775423,-3.566468786
7132.953130337,-1022.206083001,-245.782326682,-3.592872799
7133.953471416,-1021.847392953,-244.848877941,-3.619276812
7134.953812496,-1021.488702905,-243.915429200,-3.645680826
7135.954153575,-1021.130012858,-242.981980458,-3.672084839
7136.954494654,-1020.771322810,-242.048531717,-3.698488852
7137.954835733,-1020.412632763,-241.115082976,-3.724892866
7138.955176812,-1020.053942715,-240.181634235,-3.751296879
7139.955537857,-1019.695438149,-239.248114257,-3.778447333
7140.955913744,-1019.337067991,-238.314542656,-3.806138695
7141.956289630,-1018.978697834,-237.380971056,-3.833830058
7142.956665516,-1018.620327677,-236.447399456,-3.861521420
7143.957041404,-1018.261957519,-235.513827855,-3.889212783
7144.957417290,-1017.903587362,-234.580256255,-3.916904145
7145.957793176,-1017.545217205,-233.646684655,-3.944595508
7146.958169063,-1017.186847047,-232.713113054,-3.972286870
7147.958544949,-1016.828476890,-231.779541454,-3.999978233
7148.958923652,-1016.470141115,-230.845956664,-4.027771422
7149.959335695,-1016.112202067,-229.912219688,-4.056739560
7150.959747738,-1015.754263019,-228.978482712,-4.085707697
7151.960159780,-1015.396323971,-228.044745736,-4.114675835
7152.960571816,-1015.038385146,-227.111008675,-4.143643727
7153.960983812,-1014.680447595,-226.177271124,-4.172610214
7154.961395807,-1014.322510045,-225.243533574,-4.201576702
7155.961807802,-1013.964572494,-224.309796024,-4.230543189
7156.962219797,-1013.606634944,-223.376058474,-4.259509677
7157.962631792,-1013.248697393,-222.442320924,-4.288476164
7158.963065039,-1012.891438818,-221.508323585,-4.318174050
7159.963514362,-1012.534672544,-220.574137881,-4.348402249
7160.963963684,-1012.177906271,-219.639952178,-4.378630448
7161.964413007,-1011.821139997,-218.705766474,-4.408858646
7162.964862330,-1011.464373724,-217.771580770,-4.439086845
7163.965311652,-1011.107607450,-216.837395067,-4.469315044
7164.965760974,-1010.750841177,-215.903209363,-4.499543242
7165.966210296,-1010.394074903,-214.969023660,-4.529771441
7166.966659619,-1010.037308630,-214.034837956,-4.559999640
7167.967111881,-1009.680600550,-213.100630055,-4.590325726
7168.967599106,-1009.324565187,-212.166165543,-4.621783382
7169.968086331,-1008.968529823,-211.231701032,-4.653241039
7170.968573555,-1008.612494460,-210.297236521,-4.684698696
7171.969060780,-1008.256459096,-209.362772010,-4.716156353
7172.969548004,-1007.900423733,-208.428307499,-4.747614009
7173.970035229,-1007.544388369,-207.493842988,-4.779071666
7174.970522454,-1007.188353006,-206.559378477,-4.810529323
7175.971009678,-1006.832317642,-205.624913966,-4.841986980
7176.971496904,-1006.476282279,-204.690449454,-4.873444637
7177.972006012,-1006.120391421,-203.755929908,-4.905591048
7178.972531310,-1005.764605400,-202.821370434,-4.938237141
7179.973056606,-1005.408819379,-201.886810961,-4.970883234
7180.973581903,-1005.053033358,-200.952251487,-5.003529327
7181.974107201,-1004.697247337,-200.017692013,-5.036175420
7182.974632497,-1004.341461316,-199.083132540,-5.068821514
7183.975157794,-1003.985675295,-198.148573066,-5.101467607
7184.975683092,-1003.629889274,-197.214013592,-5.134113700
7185.976208388,-1003.274103253,-196.279454119,-5.166759793
7186.976736544,-1002.918185204,-195.344945042,-5.199496911
7187.977299864,-1002.560738075,-194.411019642,-5.233288236
7188.977863183,-1002.203290947,-193.477094242,-5.267079561
7189.978426503,-1001.845843818,-192.543168842,-5.300870885
7190.978989822,-1001.488396689,-191.609243442,-5.334662210
7191.979553141,-1001.130949561,-190.675318042,-5.368453535
7192.980116461,-1000.773502432,-189.741392642,-5.402244859
7193.980679780,-1000.416055303,-188.807467242,-5.436036184
7194.981243100,-1000.058608174,-187.873541842,-5.469827508
7195.981806419,-999.701161046,-186.939616442,-5.503618833
7196.982391153,-999.342859568,-186.006018806,-5.538047235
7197.982992209,-998.983937924,-185.072659092,-5.572938086
7198.983593266,-998.625016280,-184.139299378,-5.607828938
7199.984194347,-998.266094156,-183.205939848,-5.642720490
7200.984795484,-997.907170925,-182.272580744,-5.677613659
7201.985396621,-997.548247695,-181.339221640,-5.712506828
7202.985997758,-997.189324464,-180.405862536,-5.747399997
7203.986598895,-996.830401234,-179.472503432,-5.782293166
7204.987200033,-996.471478003,-178.539144328,-5.817186335
7205.987803955,-996.112687629,-177.605734270,-5.852162622
7206.988442173,-995.755438946,-176.671732942,-5.888103423
7207.989080391,-995.398190264,-175.737731614,-5.924044225
7208.989718610,-995.040941581,-174.803730285,-5.959985026
7209.990356828,-994.683692898,-173.869728957,-5.995925827
7210.990995046,-994.326444215,-172.935727629,-6.031866628
7211.991633265,-993.969195532,-172.001726300,-6.067807429
7212.992271483,-993.611946850,-171.067724972,-6.103748230
7213.992909701,-993.254698167,-170.133723644,-6.139689031
7214.993547919,-992.897449484,-169.199722316,-6.175629832
7215.994206415,-992.540318520,-168.265675975,-6.212130981
7216.994879845,-992.183273057,-167.331596942,-6.249039112
7217.995553274,-991.826227593,-166.397517910,-6.285947244
7218.996226704,-991.469182129,-165.463438877,-6.322855375
7219.996900133,-991.112136666,-164.529359844,-6.359763506
7220.997573563,-990.755091202,-163.595280811,-6.396671638
7221.998246992,-990.398045738,-162.661201779,-6.433579769
7222.998920422,-990.041000274,-161.727122746,-6.470487901
7223.999593852,-989.683954811,-160.793043713,-6.507396032
7225.000269751,-989.326854881,-159.858985523,-6.544371609
7226.000974954,-988.969121692,-158.925169658,-6.582131355
7227.001680156,-988.611388503,-157.991353794,-6.619891101
7228.002385357,-988.253655314,-157.057537930,-6.657650847
7229.003090559,-987.895922125,-156.123722066,-6.695410593
7230.003795760,-987.538188937,-155.189906202,-6.733170339
7231.004500963,-987.180455748,-154.256090337,-6.770930084
7232.005206165,-986.822722559,-153.322274473,-6.808689830
7233.005911367,-986.464989370,-152.388458609,-6.846449576
7234.006616568,-986.107256181,-151.454642745,-6.884209322
7235.007337290,-985.749989482,-150.520648405,-6.922380538
7236.008069553,-985.393061788,-149.586524364,-6.960850777
7237.008801816,-985.036134094,-148.652400323,-6.999321016
7238.009534079,-984.679206400,-147.718276282,-7.037791254
7239.010266342,-984.322278706,-146.784152241,-7.076261493
7240.010998605,-983.965351012,-145.850028200,-7.114731732
7241.011730867,-983.608423318,-144.915904159,-7.153201971
7242.012463130,-983.251495624,-143.981780118,-7.191672209
7243.013195393,-982.894567930,-143.047656077,-7.230142448
7244.013929309,-982.537681732,-142.113516194,-7.268655963
7245.014682763,-982.181278879,-141.179191781,-7.307673557
7246.015436216,-981.824876026,-140.244867368,-7.346691152
7247.016189670,-981.468473174,-139.310542955,-7.385708746
7248.016943124,-981.112070321,-138.376218541,-7.424726341
7249.017696578,-980.755667468,-137.441894128,-7.463743935
7250.018450031,-980.399264616,-136.507569715,-7.502761530
7251.019203485,-980.042861763,-135.573245302,-7.541779125
7252.019956939,-979.686458910,-134.638920888,-7.580796719
7253.020710393,-979.330056057,-133.704596475,-7.619814314
7254.021471893,-978.974458775,-132.769965459,-7.659044621
7255.022239738,-978.619447261,-131.835111499,-7.698429600
7256.023007582,-978.264435747,-130.900257539,-7.737814580
7257.023775427,-977.909424232,-129.965403578,-7.777199560
7258.024543272,-977.554412718,-129.030549618,-7.816584539
7259.025311117,-977.199401204,-128.095695657,-7.855969519
7260.026078962,-976.844389689,-127.160841697,-7.895354499
7261.026846806,-976.489378175,-126.225987737,-7.934739478
7262.027614651,-976.134366661,-125.291133776,-7.974124458
7263.028383058,-975.779351209,-124.356281311,-8.013523726
7264.029158045,-975.424289809,-123.421446296,-8.053089753
7265.029933031,-975.069228408,-122.486611282,-8.092655780
7266.030708018,-974.714167007,-121.551776267,-8.132221807
7267.031483003,-974.359105607,-120.616941253,-8.171787834
7268.032257990,-974.004044206,-119.682106238,-8.211353862
7269.033032976,-973.648982805,-118.747271224,-8.250919889
7270.033807963,-973.293921404,-117.812436209,-8.290485916
7271.034582948,-972.938860004,-116.877601195,-8.330051943
7272.035357935,-972.583798603,-115.942766180,-8.369617970
7273.036133065,-972.229152963,-115.007773438,-8.409189469
7274.036908426,-971.874809812,-114.072665939,-8.448764948
7275.037683786,-971.520466661,-113.137558440,-8.488340428
7276.038459145,-971.166123510,-112.202450942,-8.527915908
7277.039234506,-970.811780359,-111.267343443,-8.567491388
7278.040009865,-970.457437209,-110.332235945,-8.607066868
7279.040785225,-970.103094058,-109.397128446,-8.646642348
7280.041560586,-969.748750907,-108.462020947,-8.686217827
7281.042335945,-969.394407756,-107.526913449,-8.725793307
7282.043110840,-969.040060573,-106.591807478,-8.765357014
7283.043880301,-968.685666240,-105.656719375,-8.804783041
7284.044649762,-968.331271907,-104.721631273,-8.844209069
7285.045419224,-967.976877574,-103.786543170,-8.883635097
7286.046188684,-967.622483242,-102.851455068,-8.923061125
7287.046958146,-967.268088909,-101.916366965,-8.962487152
7288.047727606,-966.913694576,-100.981278863,-9.001913180
7289.048497068,-966.559300243,-100.046190760,-9.041339208
7290.049266529,-966.204905910,-99.111102658,-9.080765236
7291.050035990,-965.850511577,-98.176014555,-9.120191263
7292.050798654,-965.495478670,-97.241168901,-9.159448715
7293.051556682,-965.139980888,-96.306499746,-9.198583446
7294.052314710,-964.784483107,-95.371830590,-9.237718177
7295.053072737,-964.428985326,-94.437161435,-9.276852908
7296.053830765,-964.073487544,-93.502492279,-9.315987640
7297.054588792,-963.717989763,-92.567823124,-9.355122371
7298.055346820,-963.362491981,-91.633153969,-9.394257102
7299.056104833,-963.006994030,-90.698484878,-9.433391464
7300.056862813,-962.651495687,-89.763815936,-9.472524973
7301.057619488,-962.296036287,-88.829132194,-9.511625364
7302.058361088,-961.941033178,-87.894275042,-9.550337726
7303.059102688,-961.586030068,-86.959417890,-9.589050088
7304.059844288,-961.231026958,-86.024560738,-9.627762451
7305.060585887,-960.876023849,-85.089703586,-9.666474813
7306.061327487,-960.521020739,-84.154846434,-9.705187176
7307.062069087,-960.166017629,-83.219989282,-9.743899538
7308.062810686,-959.811014520,-82.285132130,-9.782611900
7309.063552286,-959.456011410,-81.350274978,-9.821324263
7310.064293886,-959.101008300,-80.415417826,-9.860036625
7311.065023491,-958.745910148,-79.480596775,-9.898437758
7312.065744427,-958.390742767,-78.545802019,-9.936612192
7313.066465362,-958.035575387,-77.611007264,-9.974786626
7314.067186297,-957.680408006,-76.676212509,-10.012961060
7315.067907232,-957.325240625,-75.741417754,-10.051135494
7316.068628167,-956.970073245,-74.806622999,-10.089309928
7317.069349102,-956.614905864,-73.871828244,-10.127484362
7318.070070038,-956.259738483,-72.937033488,-10.165658796
7319.070790973,-955.904571102,-72.002238733,-10.203833230
7320.071509988,-955.549357269,-71.067461644,-10.241957676
7321.072206832,-955.193598107,-70.132891946,-10.279495284
7322.072903677,-954.837838945,-69.198322247,-10.317032893
7323.073600521,-954.482079783,-68.263752549,-10.354570502
7324.074297365,-954.126320621,-67.329182851,-10.392108111
7325.074994210,-953.770561459,-66.394613152,-10.429645720
7326.075691054,-953.414802297,-65.460043454,-10.467183329
7327.076387899,-953.059043135,-64.525473755,-10.504720938
7328.077084744,-952.703283972,-63.590904057,-10.542258547
7329.077781589,-952.347524810,-62.656334358,-10.579796156
7330.078462682,-951.992054361,-61.721654845,-10.616912438
7331.079132468,-951.636794337,-60.786895294,-10.653721642
7332.079802254,-951.281534313,-59.852135743,-10.690530846
7333.080472039,-950.926274288,-58.917376193,-10.727340050
7334.081141825,-950.571014264,-57.982616642,-10.764149254
7335.081811611,-950.215754239,-57.047857091,-10.800958458
7336.082481397,-949.860494215,-56.113097540,-10.837767662
7337.083151182,-949.505234191,-55.178337990,-10.874576866
7338.083820968,-949.149974166,-54.243578439,-10.911386070
7339.084488372,-948.794740702,-53.308808800,-10.948130611
7340.085128142,-948.439819646,-52.373920492,-10.984114546
7341.085767910,-948.084898591,-51.439032185,-11.020098482
7342.086407678,-947.729977536,-50.504143878,-11.056082417
7343.087047446,-947.375056480,-49.569255571,-11.092066352
7344.087687215,-947.020135425,-48.634367263,-11.128050288
7345.088326983,-946.665214370,-47.699478956,-11.164034223
7346.088966752,-946.310293314,-46.764590649,-11.200018158
7347.089606521,-945.955372259,-45.829702341,-11.236002094
7348.090246289,-945.600451204,-44.894814034,-11.271986029
7349.090866515,-945.246458188,-43.959574316,-11.307432478
7350.091473290,-944.893141957,-43.024078328,-11.342486960
7351.092080065,-944.539825727,-42.088582340,-11.377541442
7352.092686841,-944.186509496,-41.153086352,-11.412595923
7353.093293616,-943.833193265,-40.217590364,-11.447650405
7354.093900392,-943.479877034,-39.282094376,-11.482704886
7355.094507168,-943.126560803,-38.346598388,-11.517759368
7356.095113943,-942.773244572,-37.411102400,-11.552813850
7357.095720719,-942.419928341,-36.475606412,-11.587868331
7358.096324449,-942.066776566,-35.540048524,-11.622840981
7359.096895116,-941.715563027,-34.603761093,-11.656849184
7360.097465783,-941.364349489,-33.667473663,-11.690857387
7361.098036451,-941.013135950,-32.731186232,-11.724865589
7362.098607119,-940.661922411,-31.794898801,-11.758873792
7363.099177786,-940.310708873,-30.858611370,-11.792881995
7364.099748453,-939.959495334,-29.922323940,-11.826890198
7365.100319121,-939.608281795,-28.986036509,-11.860898401
7366.100889789,-939.257068256,-28.049749078,-11.894906604
7367.101460455,-938.905854718,-27.113461648,-11.928914807
7368.102013144,-938.552148604,-26.178115772,-11.962467168
7369.102557324,-938.196623781,-25.243456902,-11.995686925
7370.103101503,-937.841098958,-24.308798032,-12.028906682
7371.103640646,-937.484875222,-23.374408858,-12.062074403
7372.104162933,-937.120404382,-22.443202055,-12.094628112
7373.104685221,-936.755933542,-21.511995252,-12.127181821
7374.105207508,-936.391462702,-20.580788449,-12.159735529
7375.105729795,-936.026991863,-19.649581646,-12.192289238
7376.106252081,-935.662521023,-18.718374844,-12.224842947
7377.106774368,-935.298050183,-17.787168041,-12.257396656
7378.107152949,-934.939505547,-16.853679200,-12.285709796
7379.107463434,-934.585285911,-15.918524907,-12.310928129
7380.107773919,-934.231066276,-14.983370614,-12.336146462
7381.108309436,-933.874487691,-14.049117348,-12.369220130
7382.109204664,-933.515078726,-13.115945178,-12.411719003
7383.109824081,-933.158877163,-12.181548610,-12.447253744
7384.110280171,-932.805016792,-11.246258313,-12.477705126
7385.110736261,-932.451156421,-10.310968016,-12.508156508
7386.111192352,-932.097296050,-9.375677718,-12.538607890
7387.111648442,-931.743435679,-8.440387421,-12.569059272
7388.112104534,-931.389575308,-7.505097123,-12.599510654
7389.112560624,-931.035714937,-6.569806826,-12.629962036
7390.113016715,-930.681854566,-5.634516528,-12.660413418
7391.113472805,-930.327994195,-4.699226231,-12.690864800
7392.113924770,-929.973907899,-3.764021811,-12.721191716
7393.114333559,-929.617150868,-2.829832578,-12.750047280
7394.114742349,-929.260393837,-1.895643345,-12.778902845
7395.115151138,-928.903636806,-0.961454112,-12.807758409
7396.115559929,-928.546879774,-0.027264878,-12.836613974
7397.115968718,-928.190122743,0.906924355,-12.865469538
7398.116377478,-927.833364179,1.841113002,-12.894324106
7399.116757723,-927.472716776,2.773800457,-12.922398926
7400.117128525,-927.109232172,3.705392666,-12.949906031
7401.117499328,-926.745747568,4.636984876,-12.977413137
7402.117870131,-926.382262964,5.568577086,-13.004920242
7403.118240934,-926.018778359,6.500169295,-13.032427347
7404.118607296,-925.655014654,7.431651987,-13.059791907
7405.118929468,-925.287948121,8.361838669,-13.085469617
7406.119251640,-924.920881587,9.292025351,-13.111147327
7407.119573811,-924.553815054,10.222212032,-13.136825037
7408.119895984,-924.186748520,11.152398714,-13.162502748
7409.120218155,-923.819681987,12.082585395,-13.188180458
7410.120540327,-923.452615453,13.012772077,-13.213858168
7411.120862499,-923.085548920,13.942958759,-13.239535878
7412.121184671,-922.718482386,14.873145440,-13.265213588
7413.121506843,-922.351415853,15.803332122,-13.290891298
7414.121793957,-921.986008403,16.734170549,-13.315212674
7415.122058629,-921.621812997,17.665485108,-13.338543178
7416.122323301,-921.257617592,18.596799668,-13.361873683
7417.122587974,-920.893422186,19.528114228,-13.385204188
7418.122852647,-920.529226781,20.459428788,-13.408534692
7419.123117326,-920.165030797,21.390743121,-13.431865498
7420.123382029,-919.800832890,22.322056703,-13.455197307
7421.123646732,-919.436634984,23.253370285,-13.478529116
7422.123911435,-919.072437077,24.184683866,-13.501860925
7423.124141679,-918.702226117,25.113607090,-13.524356037
7424.124373653,-918.327621782,26.040783823,-13.546239827
7425.124595134,-917.951836922,26.967472280,-13.568085959
7426.124816634,-917.562058175,27.888372725,-13.589485703
7427.124989106,-917.162135506,28.804864714,-13.610681573
7428.125181702,-916.753096232,29.717350475,-13.631701521
7429.125388490,-916.323859758,30.620534372,-13.652402145
7430.125497864,-915.880272621,31.516653018,-13.672910288
7431.125675303,-915.424490818,32.406711370,-13.693256996
7432.125854390,-914.947067032,33.285358853,-13.713340202
7433.126028558,-914.451696062,34.154013772,-13.733204747
7434.126198385,-913.938276823,35.012124297,-13.752869314
7435.126363959,-913.406818233,35.859180422,-13.772333698
7436.126525275,-912.857370008,36.694679153,-13.791599686
7437.126682536,-912.289955313,37.518081141,-13.810685680
7438.126835629,-911.704521223,38.328769549,-13.829591825
7439.126984612,-911.100980354,39.126068557,-13.848318757
7440.127130064,-910.479297751,39.909303672,-13.866877373
7441.127272658,-909.839631870,40.677921858,-13.885285335
7442.127412817,-909.182314574,41.431500851,-13.903533937
7443.127551398,-908.507939257,42.169855434,-13.921634278
7444.127689325,-907.817380557,42.893099275,-13.939603739
7445.127819851,-907.111532578,43.601422541,-13.957432088
7446.127968805,-906.390092459,44.293888610,-13.975119022
7447.128040272,-905.658807107,44.975838305,-13.992705559
7448.128171906,-904.919307470,45.648963314,-14.010206846
7449.128315128,-904.167658051,46.308514868,-14.027566687
7450.128422136,-903.409655461,46.960702061,-14.044828341
7451.128562425,-902.647015951,47.607514306,-14.062018332
7452.128674809,-901.878935443,48.247814924,-14.079113124
7453.128812281,-901.106883754,48.883362949,-14.096138435
7454.128920178,-900.329305490,49.512092565,-14.113077086
7455.129055110,-899.547694192,50.135846428,-14.129952496
7456.129151637,-898.759846188,50.751643517,-14.146761191
7457.129269925,-897.966500872,51.360379198,-14.163514428
7458.129401467,-897.161987994,51.954301864,-14.180187657
7459.129452850,-896.348865444,52.536245186,-14.196814668
7460.129559722,-895.528343407,53.107806354,-14.213402999
7461.129669579,-894.693658711,53.658485981,-14.229929764
7462.129775122,-893.846381764,54.189580201,-14.246416161
7463.129876670,-892.985918864,54.699027439,-14.262854361
7464.129975283,-892.112012760,55.185048170,-14.279261888
7465.130071807,-891.224756493,55.646243843,-14.295630283
7466.130167182,-890.324563941,56.081648499,-14.311967821
7467.130262152,-889.412074285,56.490655771,-14.328265932
7468.130357529,-888.488115630,56.873051540,-14.344533784
7469.130453608,-887.553622636,57.228932624,-14.360771532
7470.130550683,-886.609552054,57.558572097,-14.376979988
7471.130649036,-885.656866671,57.862422770,-14.393167808
7472.130748495,-884.696503200,58.141062070,-14.409325527
7473.130849045,-883.729344093,58.395117647,-14.425454196
7474.130950707,-882.756215489,58.625257959,-14.441562930
7475.131053353,-881.777877482,58.832142532,-14.457650817
7476.131156799,-880.795029045,59.016419481,-14.473708803
7477.131260926,-879.808318684,59.178758672,-14.489737426
7478.131365713,-878.818337499,59.319792577,-14.505746035
7479.131470893,-877.825620889,59.440077639,-14.521733756
7480.131568136,-876.830620947,59.539651499,-14.537691739
7481.131687623,-875.833567464,59.616263862,-14.553625535
7482.131700998,-874.835459141,59.675875108,-14.569532314
7483.131789415,-873.836507871,59.720829546,-14.585416270
7484.131907525,-872.836683130,59.739148641,-14.601263379
7485.131926244,-871.836791234,59.740981664,-14.617083474
7486.132014538,-870.836904586,59.728582749,-14.632880738
7487.132131275,-869.837652295,59.690112498,-14.648641034
7488.132150722,-868.839256924,59.635357013,-14.664370438
7489.132238184,-867.841662796,59.566550556,-14.680072627
7490.132353141,-866.846144629,59.472058848,-14.695719500
7491.132374692,-865.852356453,59.361676871,-14.711339408
7492.132462562,-864.860114378,59.237627655,-14.726934459
7493.132575758,-863.871227081,59.089010641,-14.742468348
7494.132609065,-862.884720746,58.925818596,-14.757967446
7495.132702017,-861.900282854,58.750237586,-14.773435438
7496.132813148,-860.919768275,58.553829178,-14.788835787
7497.132879588,-859.941519400,58.346643251,-14.804198605
7498.132980645,-858.965193134,58.130415869,-14.819523931
7499.133089468,-857.992081310,57.900115023,-14.834773684
7500.133192532,-857.019199813,57.668867112,-14.850009700
7501.133298713,-856.049009382,57.426554029,-14.865085211
7502.133404895,-855.078818951,57.184240946,-14.880160722
7503.133511077,-854.108628519,56.941927864,-14.895236233
7504.133617258,-853.138438088,56.699614781,-14.910311744
7505.133720715,-852.168254571,56.457274018,-14.925205472
7506.133822211,-851.198076085,56.214913114,-14.939966930
7507.133923708,-850.227897599,55.972552210,-14.954728387
7508.134025204,-849.257719113,55.730191305,-14.969489844
7509.134126701,-848.287540627,55.487830401,-14.984251302
7510.134228197,-847.317362141,55.245469497,-14.999012759
7511.134328848,-846.347128869,55.003329257,-15.013737352
7512.134423548,-845.376255062,54.763768923,-15.028030934
7513.134518247,-844.405381256,54.524208588,-15.042324516
7514.134612945,-843.434507395,54.284648470,-15.056617900
7515.134707623,-842.463633184,54.045089776,-15.070909972
7516.134802302,-841.492758972,53.805531082,-15.085202044
7517.134896980,-840.521884761,53.565972387,-15.099494117
7518.134991659,-839.551010549,53.326413693,-15.113786189
7519.135086337,-838.580136338,53.086854999,-15.128078261
7520.135181016,-837.609262126,52.847296304,-15.142370334
7521.135271621,-836.638296757,52.608107575,-15.156378249
7522.135359403,-835.667265032,52.369188150,-15.170179321
7523.135447186,-834.696233307,52.130268724,-15.183980394
7524.135534968,-833.725201582,51.891349298,-15.197781466
7525.135622750,-832.754169857,51.652429873,-15.211582539
7526.135710532,-831.783138133,51.413510447,-15.225383611
7527.135798314,-830.812106408,51.174591021,-15.239184684
7528.135886097,-829.841074683,50.935671595,-15.252985756
7529.135973233,-828.869998504,50.696933773,-15.266754772
7530.136055475,-827.898401697,50.460322811,-15.280148357
7531.136137716,-826.926804890,50.223711850,-15.293541942
7532.136219958,-825.955208083,49.987100888,-15.306935527
7533.136302200,-824.983611276,49.750489927,-15.320329112
7534.136384442,-824.012014469,49.513878965,-15.333722697
7535.136466684,-823.040417662,49.277268003,-15.347116282
7536.136548926,-822.068820855,49.040657042,-15.360509867
7537.136631169,-821.097224047,48.804046080,-15.373903452
7538.136713411,-820.125627240,48.567435119,-15.387297037
7539.136793127,-819.154121725,48.330449830,-15.400504862
7540.136871121,-818.182682698,48.093191912,-15.413577397
7541.136949115,-817.211243671,47.855933994,-15.426649931
7542.137027109,-816.239804644,47.618676076,-15.439722465
7543.137105103,-815.268365617,47.381418158,-15.452794999
7544.137183097,-814.296926590,47.144160240,-15.465867533
7545.137261091,-813.325487563,46.906902322,-15.478940068
7546.137339085,-812.354048536,46.669644404,-15.492012602
7547.137417079,-811.382609509,46.432386486,-15.505085136
7548.137494841,-810.411172390,46.195120758,-15.518139981
7549.137569916,-809.439757661,45.957763378,-15.530987250
7550.137644990,-808.468342931,45.720405999,-15.543834519
7551.137720065,-807.496928201,45.483048620,-15.556681788
7552.137795140,-806.525513471,45.245691241,-15.569529057
7553.137870214,-805.554098742,45.008333862,-15.582376327
7554.137945289,-804.582684012,44.770976483,-15.595223596
7555.138020364,-803.611269282,44.533619104,-15.608070865
7556.138095439,-802.639854552,44.296261725,-15.620918134
7557.138170513,-801.668439823,44.058904346,-15.633765403
7558.138244163,-800.697227499,43.820721225,-15.646521950
7559.138317235,-799.726162679,43.581936347,-15.659212384
7560.138390307,-798.755097859,43.343151470,-15.671902817
7561.138463380,-797.784033039,43.104366592,-15.684593251
7562.138536452,-796.812968219,42.865581714,-15.697283684
7563.138609524,-795.841903399,42.626796837,-15.709974118
7564.138682596,-794.870838579,42.388011959,-15.722664552
7565.138755668,-793.899773759,42.149227081,-15.735354985
7566.138828740,-792.928708939,41.910442204,-15.748045419
7567.138889873,-791.957616756,41.671768953,-15.759763835
7568.138882466,-790.986202857,41.434408174,-15.760053607
7569.138875060,-790.014788958,41.197047395,-15.760343380
7570.138867653,-789.043375059,40.959686616,-15.760633152
7571.138860246,-788.071961160,40.722325837,-15.760922925
7572.138852839,-787.100547261,40.484965058,-15.761212697
7573.138845433,-786.129133362,40.247604279,-15.761502469
7574.138838026,-785.157719463,40.010243500,-15.761792242
7575.138830619,-784.186305564,39.772882722,-15.762082014
7576.142073176,-783.215413958,39.533395239,-15.842771937
7577.143015315,-782.244070939,39.295751029,-15.886396853
7578.143085488,-781.272371881,39.059560338,-15.898856765
7579.143155662,-780.300672822,38.823369648,-15.911316678
7580.143225835,-779.328973764,38.587178957,-15.923776590
7581.143296009,-778.357274705,38.350988266,-15.936236502
7582.143366182,-777.385575647,38.114797576,-15.948696414
7583.143436356,-776.413876588,37.878606885,-15.961156326
7584.143506529,-775.442177530,37.642416195,-15.973616238
7585.143576703,-774.470478471,37.406225504,-15.986076150
7586.143646662,-773.498806353,37.169924329,-15.998524932
7587.143715073,-772.527451600,36.932321622,-16.010842600
7588.143783484,-771.556096847,36.694718916,-16.023160268
7589.143851896,-770.584742094,36.457116209,-16.035477937
7590.143920308,-769.613387366,36.219513397,-16.047795615
7591.143988720,-768.642032772,35.981910041,-16.060113346
7592.144057132,-767.670678178,35.744306685,-16.072431077
7593.144125544,-766.699323584,35.506703329,-16.084748808
7594.144193956,-765.727968990,35.269099973,-16.097066539
7595.144262077,-764.756642981,35.031380143,-16.109367548
7596.144327879,-763.785653965,34.792287203,-16.121471422
7597.144393680,-762.814664949,34.553194262,-16.133575297
7598.144459481,-761.843675934,34.314101322,-16.145679171
7599.144525282,-760.872686918,34.075008382,-16.157783046
7600.144591083,-759.901697902,33.835915442,-16.169886920
7601.144656884,-758.930708887,33.596822502,-16.181990795
7602.144722685,-757.959719871,33.357729562,-16.194094670
7603.144788486,-756.988730855,33.118636622,-16.206198544
7604.144854288,-756.017741839,32.879543681,-16.218302419
7605.144916486,-755.047319686,32.638168646,-16.230274773
7606.144979559,-754.077311521,32.395126954,-16.242151076
7607.145042631,-753.107303357,32.152085263,-16.254027378
7608.145105704,-752.137295193,31.909043571,-16.265903681
7609.145168776,-751.167287029,31.666001879,-16.277779984
7610.145229055,-750.197734318,31.421154755,-16.289526792
7611.145289492,-749.228514061,31.174989780,-16.301179078
7612.145349929,-748.259293803,30.928824805,-16.312831364
7613.145410366,-747.290073546,30.682659829,-16.324483650
7614.145470804,-746.320853288,30.436494854,-16.336135936
7615.145531241,-745.351633031,30.190329879,-16.347788221
7616.145590245,-744.382304090,29.944598011,-16.359418558
7617.145647445,-743.411691230,29.703982594,-16.370789601
7618.145704645,-742.441078370,29.463367178,-16.382160643
7619.145761845,-741.470465510,29.222751761,-16.393531686
7620.145819045,-740.499852650,28.982136344,-16.404902729
7621.145876245,-739.529239790,28.741520928,-16.416273771
7622.145933445,-738.558626930,28.500905511,-16.427644814
7623.145990645,-737.588014070,28.260290095,-16.439015857
7624.146047845,-736.617401210,28.019674678,-16.450386899
7625.146104393,-735.646725794,27.779313431,-16.461736222
7626.146158465,-734.675310823,27.541957040,-16.472828771
7627.146212538,-733.703895852,27.304600648,-16.483921320
7628.146266610,-732.732480881,27.067244256,-16.495013869
7629.146320682,-731.761065910,26.829887865,-16.506106418
7630.146374754,-730.789650939,26.592531473,-16.517198967
7631.146428826,-729.818235968,26.355175082,-16.528291516
7632.146482898,-728.846820997,26.117818690,-16.539384065
7633.146536970,-727.875406026,25.880462298,-16.550476614
7634.146591043,-726.903991054,25.643105907,-16.561569163
7635.146643429,-725.932756918,25.405011528,-16.572527877
7636.146694959,-724.961654854,25.166378162,-16.583388847
7637.146746490,-723.990552789,24.927744797,-16.594249817
7638.146798020,-723.019450725,24.689111431,-16.605110786
7639.146849550,-722.048348661,24.450478065,-16.615971756
7640.146901080,-721.077246596,24.211844700,-16.626832726
7641.146952610,-720.106144532,23.973211334,-16.637693695
7642.147004141,-719.135042467,23.734577968,-16.648554665
7643.147055671,-718.163940403,23.495944603,-16.659415634
7644.147107066,-717.192837552,23.257314441,-16.670264149
7645.147156871,-716.221725376,23.018722228,-16.680965126
7646.147206678,-715.250613199,22.780130015,-16.691666103
7647.147256483,-714.279501023,22.541537802,-16.702367079
7648.147306289,-713.308388847,22.302945589,-16.713068056
7649.147356094,-712.337276671,22.064353376,-16.723769033
7650.147405900,-711.366164495,21.825761163,-16.734470010
7651.147455705,-710.395052319,21.587168950,-16.745170986
7652.147505510,-709.423940143,21.348576737,-16.755871963
7653.147555316,-708.452827967,21.109984524,-16.766572940
7654.147604294,-707.481477558,20.872365600,-16.777230739
7655.147653302,-706.509953058,20.635457924,-16.787856986
7656.147702311,-705.538428557,20.398550248,-16.798483232
7657.147751320,-704.566904056,20.161642572,-16.809109479
7658.147800328,-703.595379555,19.924734896,-16.819735725
7659.147849337,-702.623855054,19.687827220,-16.830361972
7660.147898345,-701.652330554,19.450919544,-16.840988218
7661.147947354,-700.680806053,19.214011868,-16.851614465
7662.147996363,-699.709281552,18.977104192,-16.862240712
7663.148045365,-698.737772243,18.740134329,-16.872868675
7664.148094609,-697.766443214,18.502426483,-16.883517013
7665.148143853,-696.795114185,18.264718636,-16.894165351
7666.148193096,-695.823785156,18.027010790,-16.904813689
7667.148242340,-694.852456127,17.789302944,-16.915462026
7668.148291584,-693.881127098,17.551595097,-16.926110364
7669.148340828,-692.909798069,17.313887251,-16.936758702
7670.148390071,-691.938469040,17.076179405,-16.947407040
7671.148439315,-690.967140011,16.838471558,-16.958055378
7672.148488558,-689.995810983,16.600763712,-16.968703716
7673.148538247,-689.024278451,16.363890109,-16.979418940
7674.148588730,-688.052597124,16.127626482,-16.990183069
7675.148639213,-687.080915797,15.891362856,-17.000947199
7676.148689697,-686.109234470,15.655099229,-17.011711328
7677.148740180,-685.137553143,15.418835603,-17.022475457
7678.148790663,-684.165871816,15.182571976,-17.033239587
7679.148841146,-683.194190489,14.946308350,-17.044003716
7680.148891629,-682.222509162,14.710044724,-17.054767846
7681.148942113,-681.250827834,14.473781097,-17.065531975
7682.148992750,-680.279159180,14.237465430,-17.076311956
7683.149045454,-679.307641222,14.000530924,-17.087280434
7684.149098157,-678.336123264,13.763596419,-17.098248912
7685.149150861,-677.364605306,13.526661913,-17.109217390
7686.149203570,-676.393087312,13.289727557,-17.120186407
7687.149256311,-675.421569127,13.052793981,-17.131158235
7688.149309051,-674.450050942,12.815860406,-17.142130063
7689.149361792,-673.478532757,12.578926830,-17.153101891
7690.149414532,-672.507014573,12.341993255,-17.164073719
7691.149467272,-671.535496388,12.105059679,-17.175045547
7692.149521806,-670.563950389,11.868240203,-17.186180102
7693.149577678,-669.592384041,11.631504203,-17.197433707
7694.149633549,-668.620817693,11.394768202,-17.208687312
7695.149689422,-667.649251344,11.158032201,-17.219940917
7696.149745293,-666.677684996,10.921296201,-17.231194522
7697.149801165,-665.706118648,10.684560200,-17.242448126
7698.149857036,-664.734552300,10.447824200,-17.253701731
7699.149912908,-663.762985952,10.211088199,-17.264955336
7700.149968779,-662.791419604,9.974352199,-17.276208941
7701.150024830,-661.819887717,9.737475343,-17.287489525
7702.150084682,-660.848766401,9.498920336,-17.299091542
7703.150144535,-659.877645085,9.260365329,-17.310693558
7704.150204388,-658.906523768,9.021810322,-17.322295575
7705.150264241,-657.935402452,8.783255314,-17.333897592
7706.150324094,-656.964281135,8.544700307,-17.345499608
7707.150383947,-655.993159819,8.306145300,-17.357101625
7708.150443800,-655.022038502,8.067590293,-17.368703641
7709.150503653,-654.050917186,7.829035286,-17.380305658
7710.150563505,-653.079795870,7.590480279,-17.391907675
7711.150625762,-652.108469020,7.352764677,-17.403738203
7712.150690285,-651.136991717,7.115663532,-17.415736006
7713.150754808,-650.165514415,6.878562387,-17.427733808
7714.150819331,-649.194037112,6.641461242,-17.439731611
7715.150883854,-648.222559809,6.404360097,-17.451729414
7716.150948376,-647.251082507,6.167258952,-17.463727216
7717.151012899,-646.279605204,5.930157807,-17.475725019
7718.151077422,-645.308127901,5.693056662,-17.487722822
7719.151141945,-644.336650599,5.455955517,-17.499720624
7720.151206871,-643.365171860,5.218860257,-17.511752027
7721.151276705,-642.393675975,4.981835260,-17.524184568
7722.151346537,-641.422180091,4.744810263,-17.536617108
7723.151416371,-640.450684206,4.507785266,-17.549049649
7724.151486203,-639.479188322,4.270760269,-17.561482189
7725.151556035,-638.507692438,4.033735273,-17.573914730
7726.151625869,-637.536196553,3.796710276,-17.586347270
7727.151695701,-636.564700669,3.559685279,-17.598779810
7728.151765535,-635.593204784,3.322660282,-17.611212351
7729.151835367,-634.621708900,3.085635285,-17.623644891
7730.151908425,-633.650307123,2.848225142,-17.636338702
7731.151983987,-632.678974275,2.610532903,-17.649223878
7732.152059550,-631.707641427,2.372840663,-17.662109054
7733.152135112,-630.736308579,2.135148424,-17.674994230
7734.152210674,-629.764975731,1.897456184,-17.687879407
7735.152286236,-628.793642883,1.659763945,-17.700764583
7736.152361799,-627.822310034,1.422071705,-17.713649759
7737.152437362,-626.850977186,1.184379466,-17.726534935
7738.152512924,-625.879644338,0.946687226,-17.739420111
7739.152588680,-624.908360371,0.708796373,-17.752339723
7740.152670092,-623.937661065,0.468529939,-17.765671210
7741.152751505,-622.966961759,0.228263504,-17.779002697
7742.152832916,-621.996262453,-0.012002930,-17.792334184
7743.152914329,-621.025563146,-0.252269364,-17.805665671
7744.152995742,-620.054863840,-0.492535799,-17.818997158
7745.153077154,-619.084164534,-0.732802233,-17.832328645
7746.153158565,-618.113465228,-0.973068667,-17.845660132
7747.153239979,-617.142765921,-1.213335102,-17.858991619
7748.153321391,-616.172066615,-1.453601536,-17.872323106
7749.153404864,-615.200956544,-1.692197774,-17.885888460
7750.153491760,-614.229545452,-1.929570039,-17.899625199
7751.153578656,-613.258134360,-2.166942305,-17.913361938
7752.153665554,-612.286723267,-2.404314571,-17.927098678
7753.153752450,-611.315312175,-2.641686836,-17.940835417
7754.153839346,-610.343901083,-2.879059102,-17.954572156
7755.153926243,-609.372489991,-3.116431368,-17.968308895
7756.154013140,-608.401078898,-3.353803633,-17.982045634
7757.154100036,-607.429667806,-3.591175899,-17.995782374
7758.154187243,-606.458241541,-3.828485958,-18.009543517
7759.154278542,-605.486633440,-4.065050540,-18.023597108
7760.154369841,-604.515025340,-4.301615123,-18.037650699
7761.154461140,-603.543417239,-4.538179706,-18.051704291
7762.154552439,-602.571809139,-4.774744288,-18.065757882
7763.154643738,-601.600201038,-5.011308871,-18.079811474
7764.154735037,-600.628592938,-5.247873454,-18.093865065
7765.154826335,-599.656984838,-5.484438037,-18.107918656
7766.154917634,-598.685376737,-5.721002619,-18.121972248
7767.155008933,-597.713768637,-5.957567202,-18.136025839
7768.155100334,-596.742601925,-6.195932053,-18.150175986
7769.155193999,-595.771758855,-6.435616922,-18.164396929
7770.155287664,-594.800915785,-6.675301790,-18.178617873
7771.155381328,-593.830072715,-6.914986658,-18.192838816
7772.155474993,-592.859229645,-7.154671526,-18.207059760
7773.155568657,-591.888386575,-7.394356394,-18.221280703
7774.155662322,-590.917543505,-7.634041262,-18.235501647
7775.155755986,-589.946700435,-7.873726130,-18.249722590
7776.155849651,-588.975857365,-8.113410998,-18.263943534
7777.155942596,-588.005095301,-8.353420936,-18.278161246
7778.156035663,-587.035305851,-8.597333881,-18.292340160
7779.156128731,-586.065516401,-8.841246827,-18.306519074
7780.156221798,-585.095726951,-9.085159772,-18.320697988
7781.156314866,-584.125937501,-9.329072718,-18.334876902
7782.156407929,-583.156147939,-9.572985220,-18.349055448
7783.156500963,-582.186357790,-9.816895385,-18.363232055
7784.156593999,-581.216567640,-10.060805551,-18.377408663
7785.156687034,-580.246777491,-10.304715717,-18.391585270
7786.156780069,-579.276987342,-10.548625883,-18.405761878
7787.156870337,-578.306883598,-10.791283267,-18.419785552
7788.156959648,-577.336549790,-11.033021561,-18.433697029
7789.157048960,-576.366215981,-11.274759854,-18.447608506
7790.157138272,-575.395882173,-11.516498147,-18.461519983
7791.157227584,-574.425548364,-11.758236440,-18.475431461
7792.157316896,-573.455214555,-11.999974733,-18.489342938
7793.157406208,-572.484880747,-12.241713027,-18.503254415
7794.157495520,-571.514546938,-12.483451320,-18.517165892
7795.157584832,-570.544213129,-12.725189613,-18.531077369
7796.157673629,-569.573855654,-12.966832650,-18.544955964
7797.157757073,-568.603213494,-13.207329841,-18.558439024
7798.157840518,-567.632571333,-13.447827032,-18.571922084
7799.157923961,-566.661929173,-13.688324223,-18.585405144
7800.158007406,-565.691287012,-13.928821414,-18.598888204
7801.158090850,-564.720644852,-14.169318605,-18.612371264
7802.158174295,-563.750002691,-14.409815796,-18.625854324
7803.158257739,-562.779360531,-14.650312987,-18.639337384
7804.158341183,-561.808718370,-14.890810178,-18.652820444
7805.158424627,-560.838076210,-15.131307369,-18.666303504
7806.158503994,-559.867301463,-15.371268344,-18.679489118
7807.158580617,-558.896429390,-15.610835705,-18.692456388
7808.158657240,-557.925557317,-15.850403066,-18.705423659
7809.158733864,-556.954685244,-16.089970427,-18.718390930
7810.158810487,-555.983813171,-16.329537788,-18.731358200
7811.158887111,-555.012941098,-16.569105149,-18.744325471
7812.158963734,-554.042069025,-16.808672511,-18.757292741
7813.159040358,-553.071196952,-17.048239872,-18.770260012
7814.159116981,-552.100324879,-17.287807233,-18.783227283
7815.159193059,-551.129459119,-17.527400158,-18.796152781
7816.159262762,-550.158669446,-17.767301208,-18.808574798
7817.159332464,-549.187879773,-18.007202257,-18.820996816
7818.159402166,-548.217090100,-18.247103306,-18.833418833
7819.159471868,-547.246300427,-18.487004356,-18.845840850
7820.159541570,-546.275510754,-18.726905405,-18.858262868
7821.159611273,-545.304721081,-18.966806455,-18.870684885
7822.159680975,-544.333931408,-19.206707504,-18.883106903
7823.159750677,-543.363141735,-19.446608554,-18.895528920
7824.159820379,-542.392352062,-19.686509603,-18.907950937
7825.159886410,-541.421629277,-19.926681041,-18.920076185
7826.159949852,-540.450955618,-20.167051071,-18.931983463
7827.160013292,-539.480281960,-20.407421101,-18.943890741
7828.160076733,-538.509608301,-20.647791131,-18.955798019
7829.160140174,-537.538934643,-20.888161162,-18.967705298
7830.160203615,-536.568260985,-21.128531192,-18.979612576
7831.160267056,-535.597587326,-21.368901222,-18.991519854
7832.160330497,-534.626913668,-21.609271253,-19.003427132
7833.160393938,-533.656240009,-21.849641283,-19.015334410
7834.160456980,-532.685563428,-22.089999505,-19.027208203
7835.160515303,-531.714851546,-22.330215127,-19.038677598
7836.160573626,-530.744139664,-22.570430748,-19.050146993
7837.160631949,-529.773427782,-22.810646369,-19.061616388
7838.160690272,-528.802715900,-23.050861990,-19.073085784
7839.160748595,-527.832004018,-23.291077611,-19.084555179
7840.160806918,-526.861292136,-23.531293233,-19.096024574
7841.160865241,-525.890580254,-23.771508854,-19.107493970
7842.160923564,-524.919868372,-24.011724475,-19.118963365
7843.160981887,-523.949156490,-24.251940096,-19.130432760
7844.161037995,-522.978296702,-24.491556655,-19.141719703
7845.161092738,-522.007328220,-24.730732970,-19.152872563
7846.161147481,-521.036359738,-24.969909285,-19.164025423
7847.161202224,-520.065391256,-25.209085601,-19.175178283
7848.161256967,-519.094422774,-25.448261916,-19.186331143
7849.161311710,-518.123454292,-25.687438231,-19.197484003
7850.161366453,-517.152485810,-25.926614547,-19.208636864
7851.161421195,-516.181517329,-26.165790862,-19.219789724
7852.161475069,-515.210467914,-26.404635427,-19.230927855
7853.161527679,-514.238439335,-26.639466311,-19.241887791
7854.161580289,-513.266410756,-26.874297196,-19.252847728
7855.161632900,-512.294382177,-27.109128081,-19.263807664
7856.161685509,-511.322353598,-27.343958965,-19.274767600
7857.161738120,-510.350325019,-27.578789850,-19.285727537
7858.161790730,-509.378296440,-27.813620735,-19.296687473
7859.161843339,-508.406267862,-28.048451619,-19.307647409
7860.161895117,-507.434157147,-28.282939043,-19.318600277
7861.161946716,-506.461052062,-28.513268365,-19.329467567
7862.161998315,-505.487946978,-28.743597688,-19.340334857
7863.162049914,-504.514841893,-28.973927010,-19.351202147
7864.162101513,-503.541736808,-29.204256332,-19.362069436
7865.162153112,-502.568631724,-29.434585655,-19.372936726
7866.162204711,-501.595526639,-29.664914977,-19.383804016
7867.162256310,-500.622421554,-29.895244299,-19.394671306
7868.162307909,-499.649316469,-30.125573622,-19.405538596
7869.162359508,-498.676211385,-30.355902944,-19.416405886
7870.162410632,-497.702814926,-30.584995173,-19.427284096
7871.162462437,-496.729204186,-30.813177619,-19.438170337
7872.162514242,-495.755593445,-31.041360065,-19.449056578
7873.162566047,-494.781982705,-31.269542511,-19.459942819
7874.162617852,-493.808371964,-31.497724957,-19.470829059
7875.162669657,-492.834761224,-31.725907403,-19.481715300
7876.162721462,-491.861150484,-31.954089849,-19.492601541
7877.162773267,-490.887539743,-32.182272295,-19.503487782
7878.162825072,-489.913929003,-32.410454741,-19.514374022
7879.162876859,-488.940285107,-32.638495107,-19.525270444
7880.162930129,-487.966239051,-32.864812108,-19.536290360
7881.162983398,-486.992192996,-33.091129108,-19.547310277
7882.163036667,-486.018146941,-33.317446109,-19.558330193
7883.163089936,-485.044100886,-33.543763110,-19.569350109
7884.163143205,-484.070054830,-33.770080111,-19.580370025
7885.163196474,-483.096008775,-33.996397111,-19.591389941
7886.163249743,-482.121962720,-34.222714112,-19.602409857
7887.163303013,-481.147916664,-34.449031113,-19.613429773
7888.163356282,-480.173870609,-34.675348113,-19.624449689
7889.163410131,-479.199500244,-34.900261356,-19.635590929
7890.163465743,-478.224891241,-35.124141665,-19.646821444
7891.163521356,-477.250282237,-35.348021975,-19.658051959
7892.163576967,-476.275673234,-35.571902284,-19.669282474
7893.163632579,-475.301064230,-35.795782593,-19.680512989
7894.163688191,-474.326455227,-36.019662903,-19.691743504
7895.163743803,-473.351846223,-36.243543212,-19.702974019
7896.163799415,-472.377237220,-36.467423521,-19.714204534
7897.163854950,-471.402578397,-36.691085480,-19.725455293
7898.163913588,-470.427314187,-36.912094134,-19.736952052
7899.163972225,-469.452049978,-37.133102788,-19.748448810
7900.164030862,-468.476785769,-37.354111442,-19.759945568
7901.164089500,-467.501521560,-37.575120096,-19.771442326
7902.164148137,-466.526257351,-37.796128750,-19.782939084
7903.164206774,-465.550993142,-38.017137404,-19.794435843
7904.164265412,-464.575728933,-38.238146059,-19.805932601
7905.164324049,-463.600464724,-38.459154713,-19.817429359
7906.164382686,-462.625200515,-38.680163367,-19.828926117
7907.164443214,-461.649764418,-38.900411127,-19.840605360
7908.164505544,-460.674201776,-39.120098710,-19.852418951
7909.164567874,-459.698639134,-39.339786293,-19.864232541
7910.164630204,-458.723076492,-39.559473876,-19.876046131
7911.164692534,-457.747513850,-39.779161459,-19.887859721
7912.164754864,-456.771951208,-39.998849043,-19.899673312
7913.164817193,-455.796388566,-40.218536626,-19.911486902
7914.164879523,-454.820825924,-40.438224209,-19.923300492
7915.164941853,-453.845263282,-40.657911792,-19.935114082
7916.165004332,-452.869666802,-40.877448391,-19.946952678
7917.165070609,-451.893658281,-41.095146507,-19.959095753
7918.165136885,-450.917649760,-41.312844624,-19.971238829
7919.165203161,-449.941641239,-41.530542740,-19.983381904
7920.165269437,-448.965632719,-41.748240856,-19.995524980
7921.165335713,-447.989624198,-41.965938972,-20.007668055
7922.165401990,-447.013615677,-42.183637089,-20.019811131
7923.165468266,-446.037607156,-42.401335205,-20.031954206
7924.165534542,-445.061598635,-42.619033321,-20.044097282
7925.165600819,-444.085590114,-42.836731437,-20.056240357
7926.165668638,-443.109819345,-43.055490750,-20.068545314
7927.165738367,-442.134223711,-43.275031775,-20.080969518
7928.165808096,-441.158628077,-43.494572800,-20.093393722
7929.165877826,-440.183032443,-43.714113825,-20.105817926
7930.165947555,-439.207436809,-43.933654850,-20.118242130
7931.166017285,-438.231841175,-44.153195875,-20.130666334
7932.166087014,-437.256245541,-44.372736899,-20.143090537
7933.166157623,-436.281013500,-44.593882943,-20.155665002
7934.166230628,-435.306049343,-44.816211518,-20.168350174
7935.166303634,-434.331085186,-45.038540093,-20.181035346
7936.166376639,-433.356121029,-45.260868668,-20.193720517
7937.166449645,-432.381156872,-45.483197243,-20.206405689
7938.166522650,-431.406192715,-45.705525818,-20.219090861
7939.166595656,-430.431228558,-45.927854393,-20.231776033
7940.166668661,-429.456264401,-46.150182968,-20.244461205
7941.166741667,-428.481300244,-46.372511543,-20.257146377
7942.166814894,-427.506317802,-46.594759731,-20.269852270
7943.166891408,-426.531112138,-46.816026576,-20.282811119
7944.166967922,-425.555906475,-47.037293420,-20.295769968
7945.167044437,-424.580700811,-47.258560264,-20.308728817
7946.167120950,-423.605495148,-47.479827108,-20.321687666
7947.167197465,-422.630289484,-47.701093952,-20.334646515
7948.167273980,-421.655083820,-47.922360797,-20.347605364
7949.167350494,-420.679878157,-48.143627641,-20.360564213
7950.167427008,-419.704672493,-48.364894485,-20.373523062
7951.167503522,-418.729466830,-48.586161329,-20.386481912
7952.167581862,-417.754332728,-48.807743166,-20.399583760
7953.167661625,-416.779251383,-49.029557213,-20.412791028
7954.167741389,-415.804170037,-49.251371260,-20.425998295
7955.167821153,-414.829088691,-49.473185307,-20.439205562
7956.167900917,-413.854007345,-49.694999354,-20.452412830
7957.167980682,-412.878925999,-49.916813402,-20.465620097
7958.168060446,-411.903844653,-50.138627449,-20.478827364
7959.168140210,-410.928763307,-50.360441496,-20.492034632
7960.168219974,-409.953681961,-50.582255543,-20.505241899
7961.168299912,-408.978580117,-50.803979225,-20.518466269
7962.168382690,-408.003227514,-51.024597452,-20.531899863
7963.168465469,-407.027874911,-51.245215679,-20.545333457
7964.168548247,-406.052522308,-51.465833906,-20.558767050
7965.168631025,-405.077169705,-51.686452133,-20.572200644
7966.168713805,-404.101817101,-51.907070360,-20.585634237
7967.168796583,-403.126464498,-52.127688587,-20.599067831
7968.168879362,-402.151111895,-52.348306814,-20.612501425
7969.168962140,-401.175759292,-52.568925041,-20.625935018
7970.169044918,-400.200406689,-52.789543268,-20.639368612
7971.169129229,-399.224967237,-53.009776926,-20.652919964
7972.169214777,-398.249463725,-53.229726922,-20.666558176
7973.169300325,-397.273960213,-53.449676918,-20.680196389
7974.169385873,-396.298456701,-53.669626913,-20.693834601
7975.169471428,-395.322953129,-53.889576642,-20.707473310
7976.169557019,-394.347449235,-54.109524944,-20.721114669
7977.169642610,-393.371945341,-54.329473247,-20.734756029
7978.169728201,-392.396441447,-54.549421549,-20.748397388
7979.169813792,-391.420937553,-54.769369851,-20.762038748
7980.169899565,-390.445423804,-54.989274383,-20.775694369
7981.169987753,-389.469789255,-55.208642408,-20.789524789
7982.170075941,-388.494154707,-55.428010433,-20.803355210
7983.170164128,-387.518520158,-55.647378457,-20.817185631
7984.170252316,-386.542885610,-55.866746482,-20.831016052
7985.170340504,-385.567251061,-56.086114507,-20.844846473
7986.170428691,-384.591616513,-56.305482532,-20.858676893
7987.170516879,-383.615981964,-56.524850557,-20.872507314
7988.170605066,-382.640347416,-56.744218582,-20.886337735
7989.170693255,-381.664712867,-56.963586607,-20.900168156
7990.170704971,-380.688817299,-57.181788091,-20.906443961
7991.170697767,-379.712729086,-57.399128614,-20.907144115
7992.170690564,-378.736640873,-57.616469137,-20.907844269
7993.170683360,-377.760552660,-57.833809661,-20.908544423
7994.170676157,-376.784464447,-58.051150184,-20.909244576
7995.170668953,-375.808376234,-58.268490707,-20.909944730
7996.170661749,-374.832288021,-58.485831230,-20.910644884
7997.170665298,-373.856196467,-58.703156739,-20.915335206
7998.172723872,-372.880054984,-58.920257888,-20.979649142
7999.174547205,-371.903926354,-59.137416718,-21.040187801
8000.174640122,-370.927955586,-59.355284023,-21.054356117
8001.174733040,-369.951984818,-59.573151328,-21.068524433
8002.174825957,-368.976014050,-59.791018633,-21.082692750
8003.174918875,-368.000043282,-60.008885938,-21.096861066
8004.175011793,-367.024072514,-60.226753244,-21.111029382
8005.175104710,-366.048101746,-60.444620549,-21.125197699
8006.175197628,-365.072130978,-60.662487854,-21.139366015
8007.175290545,-364.096160210,-60.880355159,-21.153534331
8008.175383463,-363.120189442,-61.098222464,-21.167702647
8009.175477481,-362.144228466,-61.316133626,-21.181948467
8010.175572316,-361.168274721,-61.534077175,-21.196251522
8011.175667151,-360.192320977,-61.752020724,-21.210554577
8012.175761987,-359.216367232,-61.969964274,-21.224857631
8013.175856823,-358.240413487,-62.187907823,-21.239160686
8014.175951658,-357.264459742,-62.405851372,-21.253463740
8015.176046494,-356.288505997,-62.623794921,-21.267766795
8016.176141329,-355.312552253,-62.841738470,-21.282069850
8017.176236164,-354.336598508,-63.059682019,-21.296372904
8018.176331087,-353.360638321,-63.277596695,-21.310682445
8019.176427161,-352.384598853,-63.495156019,-21.325071812
8020.176523235,-351.408559385,-63.712715343,-21.339461180
8021.176619308,-350.432519917,-63.930274667,-21.353850547
8022.176715382,-349.456480449,-64.147833992,-21.368239914
8023.176811456,-348.480440981,-64.365393316,-21.382629281
8024.176907529,-347.504401513,-64.582952640,-21.397018649
8025.177003603,-346.528362045,-64.800511965,-21.411408016
8026.177099677,-345.552322577,-65.018071289,-21.425797383
8027.177195750,-344.576283109,-65.235630613,-21.440186750
8028.177291799,-343.600410778,-65.453937422,-21.454589440
8029.177388205,-342.624661945,-65.672796545,-21.469001972
8030.177484613,-341.648913111,-65.891655669,-21.483414504
8031.177581020,-340.673164277,-66.110514792,-21.497827037
8032.177677428,-339.697415443,-66.329373915,-21.512239569
8033.177773835,-338.721666609,-66.548233038,-21.526652102
8034.177870242,-337.745917775,-66.767092162,-21.541064634
8035.177966650,-336.770168941,-66.985951285,-21.555477167
8036.178063057,-335.794420107,-67.204810408,-21.569889699
8037.178158573,-334.818753824,-67.424033332,-21.584299952
8038.178254543,-333.844105492,-67.647742365,-21.598682088
8039.178350512,-332.869457160,-67.871451399,-21.613064224
8040.178446482,-331.894808828,-68.095160432,-21.627446360
8041.178542452,-330.920160496,-68.318869465,-21.641828497
8042.178637853,-329.945679770,-68.543306549,-21.656185406
8043.178733192,-328.971322934,-68.768281789,-21.670523669
8044.178828532,-327.996966098,-68.993257030,-21.684861932
8045.178923872,-327.022609262,-69.218232271,-21.699200195
8046.179019210,-326.048252427,-69.443207511,-21.713538458
8047.179114550,-325.073895591,-69.668182752,-21.727876721
8048.179203671,-324.098662371,-69.889301973,-21.742184301
8049.179298247,-323.122781271,-70.107570573,-21.756469198
8050.179392823,-322.146900172,-70.325839174,-21.770754095
8051.179487399,-321.171019072,-70.544107774,-21.785038992
8052.179581975,-320.195137972,-70.762376374,-21.799323889
8053.179676552,-319.219256872,-70.980644974,-21.813608785
8054.179771127,-318.243375773,-71.198913575,-21.827893682
8055.179865703,-317.267494673,-71.417182175,-21.842178579
8056.179959902,-316.291503854,-71.634959206,-21.856443665
8057.180053987,-315.315431903,-71.852372752,-21.870694103
8058.180148072,-314.339359952,-72.069786298,-21.884944540
8059.180242156,-313.363288002,-72.287199844,-21.899194977
8060.180336240,-312.387216051,-72.504613390,-21.913445414
8061.180430324,-311.411144101,-72.722026936,-21.927695851
8062.180524409,-310.435072150,-72.939440482,-21.941946288
8063.180618493,-309.459000200,-73.156854028,-21.956196725
8064.180712578,-308.482928249,-73.374267574,-21.970447162
8065.180806530,-307.506826233,-73.591545548,-21.984696734
8066.180900471,-306.530352272,-73.807146353,-21.998937066
8067.180994522,-305.553876879,-74.022740666,-22.013185225
8068.181088574,-304.577401485,-74.238334979,-22.027433384
8069.181182626,-303.600926091,-74.453929292,-22.041681542
8070.181276678,-302.624450697,-74.669523605,-22.055929701
8071.181370731,-301.647975303,-74.885117919,-22.070177860
8072.181464783,-300.671499909,-75.100712232,-22.084426019
8073.181558834,-299.695024516,-75.316306545,-22.098674178
8074.181652886,-298.718549122,-75.531900858,-22.112922336
8075.181745968,-297.742484780,-75.749342468,-22.127195395
8076.181840638,-296.766724549,-75.968150772,-22.141486874
8077.181935308,-295.790964318,-76.186959077,-22.155778354
8078.182029978,-294.815204087,-76.405767382,-22.170069834
8079.182124648,-293.839443856,-76.624575686,-22.184361313
8080.182219318,-292.863683625,-76.843383991,-22.198652793
8081.182313988,-291.887923394,-77.062192296,-22.212944273
8082.182408658,-290.912163163,-77.281000600,-22.227235753
8083.182503328,-289.936402932,-77.499808905,-22.241527232
8084.182598082,-288.960647983,-77.718640749,-22.255824766
8085.182693913,-287.984958469,-77.937764171,-22.270197281
8086.182789744,-287.009268954,-78.156887593,-22.284569796
8087.182885575,-286.033579440,-78.376011015,-22.298942311
8088.182981406,-285.057889926,-78.595134436,-22.313314826
8089.183077238,-284.082200411,-78.814257858,-22.327687341
8090.183173069,-283.106510897,-79.033381280,-22.342059856
8091.183268900,-282.130821382,-79.252504701,-22.356432371
8092.183364731,-281.155131868,-79.471628123,-22.370804886
8093.183460563,-280.179442353,-79.690751545,-22.385177402
8094.183557236,-279.203733076,-79.909786936,-22.399608598
8095.183654541,-278.228009168,-80.128757161,-22.414083233
8096.183751845,-277.252285261,-80.347727386,-22.428557869
8097.183849148,-276.276561354,-80.566697610,-22.443032504
8098.183946452,-275.300837447,-80.785667835,-22.457507140
8099.184043757,-274.325113539,-81.004638060,-22.471981776
8100.184141061,-273.349389632,-81.223608285,-22.486456411
8101.184238365,-272.373665725,-81.442578510,-22.500931047
8102.184335670,-271.397941817,-81.661548735,-22.515405682
8103.184433042,-270.422199538,-81.880436877,-22.529888087
8104.184531860,-269.446229215,-82.098306177,-22.544466919
8105.184630678,-268.470258892,-82.316175476,-22.559045751
8106.184729494,-267.494288570,-82.534044776,-22.573624583
8107.184828312,-266.518318247,-82.751914076,-22.588203415
8108.184927130,-265.542347924,-82.969783375,-22.602782248
8109.185025948,-264.566377601,-83.187652675,-22.617361080
8110.185124765,-263.590407279,-83.405521974,-22.631939912
8111.185223583,-262.614436956,-83.623391274,-22.646518744
8112.185322401,-261.638466633,-83.841260574,-22.661097576
8113.185317822,-260.662590592,-84.059551473,-22.658672943
8114.185423153,-259.686784385,-84.278154649,-22.643653906
8115.185528485,-258.710978178,-84.496757826,-22.628634868
8116.185536550,-257.735175194,-84.715375388,-22.623064569
8117.186008775,-256.759384678,-84.934048596,-22.654041504
8118.186481000,-255.783594162,-85.152721803,-22.685018440
8119.186953225,-254.807803646,-85.371395011,-22.715995376
8120.187425451,-253.832013130,-85.590068218,-22.746972311
8121.187897676,-252.856222614,-85.808741426,-22.777949247
8122.188333137,-251.880444380,-86.027469339,-22.807715834
8123.188433897,-250.904818905,-86.246877714,-22.822427309
8124.188534657,-249.929193430,-86.466286089,-22.837138783
8125.188635417,-248.953567955,-86.685694465,-22.851850258
8126.188736177,-247.977942480,-86.905102840,-22.866561733
8127.188836937,-247.002317005,-87.124511215,-22.881273207
8128.188937697,-246.026691530,-87.343919591,-22.895984682
8129.189038457,-245.051066055,-87.563327966,-22.910696156
8130.189139217,-244.075440580,-87.782736341,-22.925407631
8131.189239976,-243.099815105,-88.002144716,-22.940119106
8132.189340630,-242.124185255,-88.221533636,-22.954823325
8133.189441204,-241.148552162,-88.440908137,-22.969522168
8134.189541778,-240.172919070,-88.660282637,-22.984221011
8135.189642353,-239.197285977,-88.879657138,-22.998919853
8136.189742927,-238.221652885,-89.099031638,-23.013618696
8137.189843501,-237.246019792,-89.318406139,-23.028317539
8138.189944075,-236.270386700,-89.537780640,-23.043016382
8139.190044650,-235.294753607,-89.757155140,-23.057715225
8140.190145224,-234.319120515,-89.976529641,-23.072414067
8141.190245671,-233.343468187,-90.195818360,-23.087107514
8142.190345179,-232.367576133,-90.414037973,-23.101733714
8143.190444689,-231.391684078,-90.632257587,-23.116359914
8144.190544198,-230.415792023,-90.850477200,-23.130986114
8145.190643707,-229.439899968,-91.068696813,-23.145612314
8146.190743217,-228.464007913,-91.286916427,-23.160238514
8147.190842726,-227.488115858,-91.505136040,-23.174864714
8148.190942235,-226.512223803,-91.723355654,-23.189490914
8149.191041744,-225.536331748,-91.941575267,-23.204117115
8150.191141254,-224.560439693,-92.159794881,-23.218743315
8151.191239570,-223.584644606,-92.378447356,-23.233292763
8152.191337134,-222.608921425,-92.597420819,-23.247785297
8153.191434697,-221.633198245,-92.816394282,-23.262277831
8154.191532261,-220.657475064,-93.035367745,-23.276770365
8155.191629823,-219.681751884,-93.254341208,-23.291262899
8156.191727387,-218.706028703,-93.473314670,-23.305755433
8157.191824951,-217.730305522,-93.692288133,-23.320247967
8158.191922513,-216.754582342,-93.911261596,-23.334740501
8159.192020077,-215.778859161,-94.130235059,-23.349233035
8160.192117399,-214.803118726,-94.349131447,-23.363711604
8161.192212261,-213.827162901,-94.567065680,-23.378016489
8162.192307178,-212.851207540,-94.785001993,-23.392325246
8163.192402095,-211.875252180,-95.002938306,-23.406634004
8164.192497012,-210.899296819,-95.220874619,-23.420942761
8165.192591929,-209.923341458,-95.438810932,-23.435251518
8166.192686846,-208.947386098,-95.656747245,-23.449560275
8167.192781763,-207.971430737,-95.874683558,-23.463869033
8168.192876680,-206.995475376,-96.092619871,-23.478177790
8169.192971597,-206.019520016,-96.310556184,-23.492486547
8170.193064674,-205.043615968,-96.528722065,-23.506667550
8171.193156432,-204.067749993,-96.747058276,-23.520753765
8172.193248189,-203.091884018,-96.965394487,-23.534839979
8173.193339948,-202.116018042,-97.183730698,-23.548926194
8174.193431706,-201.140152067,-97.402066909,-23.563012408
8175.193523463,-200.164286092,-97.620403120,-23.577098623
8176.193615221,-199.188420117,-97.838739332,-23.591184838
8177.193706979,-198.212554142,-98.057075543,-23.605271052
8178.193798737,-197.236688166,-98.275411754,-23.619357267
8179.193890230,-196.260826256,-98.493766124,-23.633424787
8180.193978460,-195.285015218,-98.712347731,-23.647258363
8181.194066692,-194.309204179,-98.930929339,-23.661091940
8182.194154923,-193.333393140,-99.149510946,-23.674925516
8183.194243155,-192.357582101,-99.368092554,-23.688759093
8184.194331386,-191.381771062,-99.586674161,-23.702592669
8185.194419617,-190.405960024,-99.805255769,-23.716426246
8186.194507848,-189.430148985,-100.023837376,-23.730259822
8187.194596080,-188.454337946,-100.242418984,-23.744093399
8188.194684312,-187.478526907,-100.461000592,-23.757926975
8189.194769976,-186.502528783,-100.678744055,-23.771593818
8190.194854231,-185.526391768,-100.895865291,-23.785136879
8191.194938486,-184.550254753,-101.112986526,-23.798679941
8192.195022741,-183.574117738,-101.330107761,-23.812223002
8193.195106997,-182.597980723,-101.547228996,-23.825766063
8194.195191252,-181.621843708,-101.764350231,-23.839309125
8195.195275507,-180.645706693,-101.981471466,-23.852852186
8196.195359762,-179.669569678,-102.198592702,-23.866395248
8197.195444017,-178.693432663,-102.415713937,-23.879938309
8198.195527933,-177.717300552,-102.632857203,-23.893456569
8199.195607697,-176.741229935,-102.850276734,-23.906663835
8200.195687460,-175.765159318,-103.067696264,-23.919871101
8201.195767225,-174.789088700,-103.285115795,-23.933078367
8202.195846989,-173.813018083,-103.502535326,-23.946285632
8203.195926753,-172.836947465,-103.719954856,-23.959492898
8204.196006517,-171.860876848,-103.937374387,-23.972700164
8205.196086281,-170.884806230,-104.154793917,-23.985907429
8206.196166045,-169.908735613,-104.372213448,-23.999114695
8207.196245809,-168.932664995,-104.589632978,-24.012321961
8208.196322574,-167.956536853,-104.806793981,-24.025302140
8209.196397190,-166.980365981,-105.023762945,-24.038113634
8210.196471806,-166.004195109,-105.240731909,-24.050925129
8211.196546422,-165.028024237,-105.457700873,-24.063736623
8212.196621037,-164.051853365,-105.674669836,-24.076548118
8213.196695653,-163.075682493,-105.891638800,-24.089359612
8214.196770269,-162.099511621,-106.108607764,-24.102171107
8215.196844884,-161.123340749,-106.325576728,-24.114982601
8216.196919500,-160.147169877,-106.542545691,-24.127794096
8217.196993664,-159.171001235,-106.759524687,-24.140570280
8218.197062258,-158.194860618,-106.976629727,-24.152902808
8219.197130852,-157.218720002,-107.193734768,-24.165235335
8220.197199447,-156.242579385,-107.410839808,-24.177567862
8221.197268041,-155.266438768,-107.627944849,-24.189900390
8222.197336636,-154.290298151,-107.845049889,-24.202232917
8223.197405231,-153.314157534,-108.062154930,-24.214565444
8224.197473825,-152.338016917,-108.279259970,-24.226897972
8225.197542420,-151.361876300,-108.496365010,-24.239230499
8226.197611014,-150.385735683,-108.713470051,-24.251563026
8227.197675510,-149.409596465,-108.930581379,-24.263558629
8228.197737035,-148.433458285,-109.147697380,-24.275303811
8229.197798559,-147.457320106,-109.364813381,-24.287048993
8230.197860083,-146.481181927,-109.581929382,-24.298794176
8231.197921607,-145.505043748,-109.799045383,-24.310539358
8232.197983131,-144.528905569,-110.016161384,-24.322284540
8233.198044655,-143.552767390,-110.233277385,-24.334029722
8234.198106179,-142.576629211,-110.450393386,-24.345774905
8235.198167703,-141.600491032,-110.667509387,-24.357520087
8236.198228615,-140.624349718,-110.884611288,-24.369213147
8237.198282070,-139.648168932,-111.101535644,-24.380249909
8238.198335525,-138.671988146,-111.318459999,-24.391286671
8239.198388981,-137.695807360,-111.535384355,-24.402323434
8240.198442435,-136.719626575,-111.752308710,-24.413360196
8241.198495890,-135.743445789,-111.969233065,-24.424396958
8242.198549345,-134.767265003,-112.186157421,-24.435433720
8243.198602800,-133.791084217,-112.403081776,-24.446470482
8244.198656255,-132.814903431,-112.620006132,-24.457507244
8245.198709710,-131.838722645,-112.836930487,-24.468544006
8246.198758079,-130.862542812,-113.053859130,-24.479109895
8247.198802809,-129.886363688,-113.270790961,-24.489325613
8248.198847541,-128.910184563,-113.487722793,-24.499541331
8249.198892271,-127.934005439,-113.704654624,-24.509757050
8250.198937002,-126.957826314,-113.921586455,-24.519972768
8251.198981732,-125.981647190,-114.138518286,-24.530188486
8252.199026463,-125.005468065,-114.355450117,-24.540404204
8253.199071195,-124.029288940,-114.572381949,-24.550619923
8254.199115925,-123.053109816,-114.789313780,-24.560835641
8255.199159933,-122.076948556,-115.006325787,-24.570984613
8256.199195793,-121.101012682,-115.224349350,-24.580291477
8257.199231655,-120.125076819,-115.442372956,-24.589598629
8258.199267532,-119.149141006,-115.660396791,-24.598907350
8259.199303409,-118.173205194,-115.878420627,-24.608216071
8260.199339285,-117.197269382,-116.096444462,-24.617524792
8261.199375163,-116.221333569,-116.314468297,-24.626833513
8262.199411039,-115.245397757,-116.532492133,-24.636142234
8263.199446916,-114.269461945,-116.750515968,-24.645450955
8264.199482793,-113.293526132,-116.968539803,-24.654759676
8265.199513609,-112.317571234,-117.186478175,-24.663508106
8266.199540866,-111.341602135,-117.404352955,-24.671839626
8267.199568125,-110.365633035,-117.622227735,-24.680171145
8268.199595383,-109.389663936,-117.840102514,-24.688502665
8269.199622640,-108.413694837,-118.057977294,-24.696834184
8270.199649899,-107.437725737,-118.275852073,-24.705165704
8271.199677156,-106.461756638,-118.493726853,-24.713497224
8272.199704415,-105.485787538,-118.711601632,-24.721828743
8273.199731673,-104.509818439,-118.929476412,-24.730160263
8274.199758303,-103.533850342,-119.147355684,-24.738416096
8275.199777491,-102.557894929,-119.365291759,-24.745714988
8276.199796679,-101.581939515,-119.583227834,-24.753013881
8277.199815867,-100.605984101,-119.801163909,-24.760312774
8278.199835055,-99.630028687,-120.019099984,-24.767611667
8279.199854243,-98.654073273,-120.237036058,-24.774910559
8280.199873431,-97.678117859,-120.454972133,-24.782209452
8281.199892620,-96.702162445,-120.672908208,-24.789508345
8282.199911808,-95.726207031,-120.890844283,-24.796807237
8283.199930996,-94.750251617,-121.108780358,-24.804106130
8284.199945317,-93.773964936,-121.325223599,-24.810835277
8285.199957745,-92.797431619,-121.540555400,-24.817140239
8286.199970171,-91.820898303,-121.755887200,-24.823445200
8287.199982599,-90.844364986,-121.971219000,-24.829750161
8288.199995027,-89.867831669,-122.186550800,-24.836055123
8289.200007454,-88.891298353,-122.401882601,-24.842360084
8290.200019882,-87.914765036,-122.617214401,-24.848665045
8291.200032309,-86.938231720,-122.832546201,-24.854970007
8292.200038176,-85.961060178,-123.044947192,-24.860743351
8293.200045186,-84.983413371,-123.255165704,-24.866120818
8294.200052197,-84.005766563,-123.465384216,-24.871498285
8295.200059206,-83.028119756,-123.675602728,-24.876875751
8296.200066216,-82.050472949,-123.885821240,-24.882253218
8297.200073226,-81.072826141,-124.096039752,-24.887630684
8298.200080236,-80.095179334,-124.306258264,-24.893008151
8299.200087245,-79.117532527,-124.516476776,-24.898385618
8300.200089561,-78.139397240,-124.724400713,-24.903246412
8301.200092129,-77.160898124,-124.930615608,-24.907722380
8302.200094698,-76.182399008,-125.136830504,-24.912198347
8303.200097267,-75.203899892,-125.343045399,-24.916674314
8304.200099834,-74.225400777,-125.549260294,-24.921150282
8305.200102403,-73.246901661,-125.755475189,-24.925626249
8306.200104972,-72.268402545,-125.961690085,-24.930102217
8307.200106088,-71.289814671,-126.167477494,-24.934523475
8308.200105585,-70.310100874,-126.367842104,-24.938250724
8309.200105082,-69.330387076,-126.568206715,-24.941977973
8310.200104580,-68.350673278,-126.768571325,-24.945705223
8311.200104078,-67.370959480,-126.968935935,-24.949432472
8312.200103575,-66.391245682,-127.169300545,-24.953159721
8313.200097048,-65.410834127,-127.366198918,-24.956500195
8314.200094257,-64.429902679,-127.560514632,-24.959552487
8315.200091467,-63.448971231,-127.754830347,-24.962604778
8316.200088677,-62.468039783,-127.949146062,-24.965657070
8317.200085886,-61.487108335,-128.143461777,-24.968709361
8318.200083096,-60.506176887,-128.337777491,-24.971761653
8319.200079240,-59.525173555,-128.531725377,-24.974756287
8320.200074350,-58.543257426,-128.721002469,-24.977018773
8321.200069461,-57.561341296,-128.910279561,-24.979281260
8322.200064572,-56.579425167,-129.099556654,-24.981543746
8323.200059682,-55.597509038,-129.288833746,-24.983806232
8324.200054793,-54.615592909,-129.478110838,-24.986068718
8325.200049904,-53.633676779,-129.667387930,-24.988331205
8326.200045015,-52.651760650,-129.856665023,-24.990593691
8327.200039425,-51.669788768,-130.045649678,-24.992794628
8328.200032982,-50.687108418,-130.230918216,-24.994213441
8329.200026541,-49.704428067,-130.416186755,-24.995632254
8330.200020098,-48.721747717,-130.601455293,-24.997051066
8331.200013656,-47.739067366,-130.786723831,-24.998469879
8332.200007213,-46.756387016,-130.971992370,-24.999888692
8333.200000772,-45.773706665,-131.157260908,-25.001307505
8334.199994329,-44.791026315,-131.342529447,-25.002726317
8335.199987887,-43.808345964,-131.527797985,-25.004145130
8336.199976431,-42.825028042,-131.709627145,-25.005197972
8337.199969286,-41.841234784,-131.888892111,-25.005977968
8338.199962143,-40.857441525,-132.068157077,-25.006757965
8339.199954998,-39.873648267,-132.247422042,-25.007537961
8340.199947854,-38.889855009,-132.426687008,-25.008317958
8341.199931417,-37.905195136,-132.601076669,-25.008873106
8342.199924044,-36.919889104,-132.771831249,-25.009260604
8343.199916670,-35.934583072,-132.942585828,-25.009648103
8344.199909296,-34.949277041,-133.113340408,-25.010035602
8345.199890194,-33.963042327,-133.278576115,-25.010248586
8346.199882748,-32.976115140,-133.439696658,-25.010331443
8347.199875302,-31.989187953,-133.600817202,-25.010414299
8348.199864084,-31.002140743,-133.761177312,-25.010477802
8349.199856652,-30.013565725,-133.911857555,-25.010294946
8350.199849220,-29.024990706,-134.062537798,-25.010112089
8351.199841788,-28.036415688,-134.213218040,-25.009929232
8352.199820173,-27.046943169,-134.357789147,-25.009614353
8353.199812809,-26.056801368,-134.497804562,-25.009201022
8354.199805446,-25.066659567,-134.637819976,-25.008787691
8355.199791380,-24.075937260,-134.773617224,-25.008252483
8356.199781985,-23.084668580,-134.905401978,-25.007625754
8357.199774734,-22.092763592,-135.032325563,-25.006995498
8358.199764827,-21.100779322,-135.158606904,-25.006349974
8359.199757731,-20.107785216,-135.276707741,-25.005509977
8360.199750636,-19.114791109,-135.394808578,-25.004669980
8361.199743540,-18.121797003,-135.512909416,-25.003829983
8362.199722916,-17.128120605,-135.625003383,-25.002875430
8363.199716008,-16.133935307,-135.732617026,-25.001835432
8364.199709101,-15.139750009,-135.840230669,-25.000795434
8365.199699211,-14.145494126,-135.947162189,-24.999741792
8366.199692516,-13.150338902,-136.045402625,-24.998514300
8367.199685820,-12.155183679,-136.143643062,-24.997286807
8368.199679125,-11.160028455,-136.241883498,-24.996059315
8369.199670406,-10.164819816,-136.339560434,-24.994817091
8370.199663980,-9.168930346,-136.430055004,-24.993387099
8371.199657553,-8.173040877,-136.520549575,-24.991957107
8372.199651127,-7.177151408,-136.611044145,-24.990527115
8373.199644701,-6.181261938,-136.701538715,-24.989097123
8374.199636464,-5.185325931,-136.791499308,-24.987652388
8375.199630348,-4.188796508,-136.874651049,-24.986019670
8376.199624232,-3.192267085,-136.957802790,-24.984386951
8377.199618117,-2.195737662,-137.040954530,-24.982754232
8378.199612001,-1.199208239,-137.124106271,-24.981121513
8379.199605885,-0.202678816,-137.207258012,-24.979488795
8380.199595912,0.794115475,-137.287121152,-24.977735353
8381.199590164,1.791107396,-137.364530540,-24.975891836
8382.199584414,2.788099316,-137.441939928,-24.974048318
8383.199578664,3.785091236,-137.519349317,-24.972204801
8384.199572915,4.782083157,-137.596758705,-24.970361284
8385.199567165,5.779075077,-137.674168093,-24.968517766
8386.199561416,6.776066997,-137.751577481,-24.966674249
8387.199555667,7.773058918,-137.828986869,-24.964830732
8388.199549316,8.770074413,-137.906083894,-24.962973627
8389.199543929,9.767390899,-137.979192929,-24.960943052
8390.199538542,10.764707384,-138.052301964,-24.958912476
8391.199533155,11.762023869,-138.125410999,-24.956881901
8392.199527767,12.759340354,-138.198520033,-24.954851326
8393.199522380,13.756656839,-138.271629068,-24.952820750
8394.199516994,14.753973325,-138.344738103,-24.950790175
8395.199511607,15.751289810,-138.417847138,-24.948759600
8396.199506219,16.748606295,-138.490956172,-24.946729024
8397.199498064,17.746119774,-138.561285138,-24.944634921
8398.199492909,18.743780304,-138.629538857,-24.942493395
8399.199487752,19.741440833,-138.697792576,-24.940351869
8400.199482597,20.739101363,-138.766046296,-24.938210344
8401.199477442,21.736761893,-138.834300015,-24.936068818
8402.199472285,22.734422422,-138.902553734,-24.933927292
8403.199466094,23.732109448,-138.970403630,-24.931781007
8404.199461081,24.730135213,-139.033090747,-24.929573878
8405.199456067,25.728160978,-139.095777864,-24.927366749
8406.199451054,26.726186743,-139.158464981,-24.925159620
8407.199446041,27.724212508,-139.221152098,-24.922952491
8408.199441028,28.722238273,-139.283839215,-24.920745362
8409.199436016,29.720264039,-139.346526332,-24.918538232
8410.199429935,30.718314336,-139.408804412,-24.916328052
8411.199425015,31.716678468,-139.465849665,-24.914078837
8412.199420096,32.715042601,-139.522894918,-24.911829622
8413.199415177,33.713406734,-139.579940172,-24.909580407
8414.199410258,34.711770867,-139.636985425,-24.907331192
8415.199405339,35.710135000,-139.694030678,-24.905081977
8416.199400420,36.708499133,-139.751075931,-24.902832762
8417.199390268,37.707065143,-139.804372264,-24.900570094
8418.199385401,38.705781927,-139.854868668,-24.898297378
8419.199380535,39.704498712,-139.905365073,-24.896024662
8420.199375669,40.703215496,-139.955861477,-24.893751946
8421.199370803,41.701932281,-140.006357881,-24.891479230
8422.199364329,42.700672656,-140.056353335,-24.889205724
8423.199359487,43.699715149,-140.099933128,-24.886922100
8424.199354646,44.698757643,-140.143512922,-24.884638476
8425.199349805,45.697800137,-140.187092716,-24.882354852
8426.199344963,46.696842630,-140.230672510,-24.880071227
8427.199340122,47.695885124,-140.274252304,-24.877787603
8428.199330361,48.695074412,-140.314202409,-24.875499897
8429.199325536,49.694373361,-140.351441007,-24.873209142
8430.199320711,50.693672310,-140.388679606,-24.870918387
8431.199315886,51.692971259,-140.425918205,-24.868627632
8432.199311061,52.692270208,-140.463156804,-24.866336877
8433.199306236,53.691569157,-140.500395403,-24.864046122
8434.199300524,54.690881004,-140.537262202,-24.861755465
8435.199295696,55.690358205,-140.569362453,-24.859466070
8436.199290868,56.689835407,-140.601462704,-24.857176675
8437.199286040,57.689312609,-140.633562954,-24.854887279
8438.199281212,58.688789810,-140.665663205,-24.852597884
8439.199276384,59.688267012,-140.697763456,-24.850308488
8440.199271556,60.687744214,-140.729863706,-24.848019093
8441.199266728,61.687221415,-140.761963957,-24.845729697
8442.199261900,62.686698617,-140.794064207,-24.843440302
8443.199255701,63.686233808,-140.824260082,-24.841156895
8444.199250850,64.685812338,-140.853032733,-24.838877964
8445.199245998,65.685390868,-140.881805384,-24.836599033
8446.199241145,66.684969397,-140.910578035,-24.834320102
8447.199236294,67.684547927,-140.939350686,-24.832041171
8448.199231442,68.684126457,-140.968123337,-24.829762240
8449.199226590,69.683704987,-140.996895988,-24.827483309
8450.199221738,70.683283517,-141.025668639,-24.825204378
8451.199216886,71.682862046,-141.054441290,-24.822925447
8452.199212003,72.682442405,-141.083149406,-24.820648341
8453.199207094,73.682046253,-141.111028590,-24.818394674
8454.199202185,74.681650102,-141.138907774,-24.816141006
8455.199197276,75.681253950,-141.166786958,-24.813887339
8456.199192366,76.680857798,-141.194666142,-24.811633672
8457.199187457,77.680461647,-141.222545326,-24.809380005
8458.199182548,78.680065495,-141.250424510,-24.807126338
8459.199177639,79.679669344,-141.278303694,-24.804872671
8460.199172730,80.679273192,-141.306182878,-24.802619003
8461.199167820,81.678877040,-141.334062062,-24.800365336
8462.199162764,82.678493139,-141.361495782,-24.798144191
8463.199157729,83.678118399,-141.388596397,-24.795947365
8464.199152693,84.677743658,-141.415697012,-24.793750538
8465.199147657,85.677368917,-141.442797627,-24.791553712
8466.199142622,86.676994177,-141.469898242,-24.789356885
8467.199137585,87.676619436,-141.496998857,-24.787160059
8468.199132550,88.676244696,-141.524099472,-24.784963233
8469.199127514,89.675869955,-141.551200087,-24.782766406
8470.199122479,90.675495215,-141.578300702,-24.780569580
8471.199117417,91.675121518,-141.605362429,-24.778380266
8472.199112157,92.674761256,-141.631923601,-24.776287650
8473.199106899,93.674400995,-141.658484772,-24.774195035
8474.199101639,94.674040733,-141.685045944,-24.772102419
8475.199096380,95.673680472,-141.711607116,-24.770009803
8476.199091121,96.673320210,-141.738168287,-24.767917187
8477.199085862,97.672959949,-141.764729459,-24.765824572
8478.199080602,98.672599687,-141.791290631,-24.763731956
8479.199075344,99.672239426,-141.817851802,-24.761639340
8480.199070084,100.671879164,-141.844412974,-24.759546725
8481.199064563,101.671507916,-141.871382146,-24.757551652
8482.199058962,102.671128448,-141.898656583,-24.755629561
8483.199053360,103.670748980,-141.925931021,-24.753707470
8484.199047759,104.670369512,-141.953205458,-24.751785379
8485.199042158,105.669990044,-141.980479896,-24.749863288
8486.199036555,106.669610575,-142.007754333,-24.747941198
8487.199030954,107.669231107,-142.035028770,-24.746019107
8488.199025353,108.668851639,-142.062303208,-24.744097016
8489.199019751,109.668472171,-142.089577645,-24.742174925
8490.199014109,110.668093458,-142.116824190,-24.740271388
8491.199008045,111.667724493,-142.143710941,-24.738607189
8492.199001981,112.667355527,-142.170597693,-24.736942990
8493.198995918,113.666986562,-142.197484444,-24.735278791
8494.198989854,114.666617597,-142.224371195,-24.733614593
8495.198983790,115.666248631,-142.251257946,-24.731950394
8496.198977726,116.665879666,-142.278144698,-24.730286195
8497.198971662,117.665510700,-142.305031449,-24.728621996
8498.198965598,118.665141735,-142.331918200,-24.726957797
8499.198959534,119.664772769,-142.358804952,-24.725293598
8500.198988164,120.664405023,-142.385646322,-24.716798983
8501.199073299,121.664038188,-142.412453719,-24.703190994
8502.199158436,122.663671354,-142.439261116,-24.689583004
8503.199243573,123.663304520,-142.466068513,-24.675975015
8504.199328709,124.662937686,-142.492875911,-24.662367025
8505.199413845,125.662570851,-142.519683308,-24.648759036
8506.199498981,126.662204017,-142.546490705,-24.635151047
8507.199584118,127.661837183,-142.573298102,-24.621543057
8508.199883624,128.661453994,-142.600700764,-24.646330700
8509.202049047,129.661054520,-142.628695115,-24.712290083
8510.202041960,130.660699688,-142.655051142,-24.711440088
8511.202034872,131.660344856,-142.681407168,-24.710590094
8512.202027784,132.659990024,-142.707763195,-24.709740099
8513.202020697,133.659635193,-142.734119222,-24.708890104
8514.202013610,134.659280361,-142.760475249,-24.708040109
8515.202006522,135.658925529,-142.786831276,-24.707190115
8516.201996604,136.658585044,-142.812528291,-24.706364418
8517.201989286,137.658430122,-142.829701615,-24.705852992
8518.201981969,138.658275200,-142.846874939,-24.705341567
8519.201974651,139.658120278,-142.864048264,-24.704830141
8520.201950838,140.658040752,-142.874596645,-24.704439598
8521.201943435,141.658017701,-142.880182761,-24.704139600
8522.201931564,142.657994481,-142.884938313,-24.703853087
8523.201924121,143.657969075,-142.878945553,-24.703741087
8524.201916678,144.657943669,-142.872952793,-24.703629088
8525.201890645,145.657832657,-142.859916465,-24.703629146
8526.201883199,146.657657518,-142.841603909,-24.703713146
8527.201870630,147.657460560,-142.822401586,-24.703812066
8528.201863224,148.656981234,-142.791684745,-24.704104066
8529.201855818,149.656501909,-142.760967904,-24.704396066
8530.201828683,150.655753221,-142.722989446,-24.704822231
8531.201821372,151.654802759,-142.679571450,-24.705348897
8532.201814063,152.653852298,-142.636153453,-24.705875563
8533.201788845,153.652558900,-142.585812297,-24.706550876
8534.201781706,154.651008612,-142.530285050,-24.707337539
8535.201774566,155.649458324,-142.474757803,-24.708124201
8536.201751914,156.647512682,-142.412779517,-24.709065226
8537.201745023,157.645270865,-142.345968509,-24.710121890
8538.201738133,158.643029048,-142.279157501,-24.711178554
8539.201714387,159.640297045,-142.205621244,-24.712391486
8540.201707823,160.637197813,-142.127046683,-24.713721488
8541.201701259,161.634098581,-142.048472122,-24.715051490
8542.201678635,162.630443459,-141.963328549,-24.716537753
8543.201672472,163.626371893,-141.873263813,-24.718141078
8544.201666309,164.622300328,-141.783199078,-24.719744402
8545.201645891,165.617633889,-141.686933155,-24.721515697
8546.201640241,166.612521774,-141.586021318,-24.723412834
8547.201634592,167.607409659,-141.485109480,-24.725309971
8548.201625846,168.602223905,-141.383505154,-24.727229353
8549.201620834,169.596084453,-141.272932489,-24.729436826
8550.201615821,170.589945000,-141.162359824,-24.731644300
8551.201609204,171.583723456,-141.051066208,-24.733852713
8552.201600034,172.576586682,-140.931908301,-24.736233535
8553.201595724,173.569139716,-140.810156190,-24.738739244
8554.201591415,174.561692751,-140.688404080,-24.741244953
8555.201583052,175.554144534,-140.565862827,-24.743769360
8556.201579431,176.545284492,-140.433097292,-24.746536015
8557.201575809,177.536424449,-140.300331757,-24.749302670
8558.201567432,178.527445061,-140.166714174,-24.752083749
8559.201564387,179.516919113,-140.022055258,-24.755051738
8560.201561343,180.506393166,-139.877396342,-24.758019726
8561.201537084,181.494721255,-139.725246240,-24.761088318
8562.201534577,182.482190581,-139.567482390,-24.764232300
8563.201525236,183.469490184,-139.408703122,-24.767387457
8564.201523232,184.454589636,-139.236760767,-24.770687471
8565.201521228,185.439689087,-139.064818412,-24.773987485
8566.201494381,186.423323459,-138.884823083,-24.777365231
8567.201492835,187.405859912,-138.698792923,-24.780801227
8568.201485768,188.388218298,-138.511854430,-24.784246105
8569.201484656,189.368268624,-138.313142425,-24.787806098
8570.201483544,190.348318950,-138.114430419,-24.791366091
8571.201465761,191.326996300,-137.909145361,-24.794988955
8572.201465047,192.304644723,-137.698934363,-24.798658935
8573.201464333,193.282293146,-137.488723366,-24.802328916
8574.201449361,194.258602691,-137.272446109,-24.806054158
8575.201449006,195.233908796,-137.051622414,-24.809820817
8576.201448651,196.209214901,-136.830798719,-24.813587475
8577.201435730,197.183205980,-136.604301349,-24.817392238
8578.201435628,198.156211469,-136.373551657,-24.821225560
8579.201435527,199.129216959,-136.142801966,-24.825058881
8580.201422085,200.100810258,-135.906233391,-24.828917246
8581.201422152,201.071345105,-135.665303498,-24.832794381
8582.201422220,202.041879952,-135.424373605,-24.836671516
8583.201418934,203.012237959,-135.182746354,-24.840549468
8584.201419045,203.980302318,-134.932074260,-24.844438023
8585.201419157,204.948366678,-134.681402167,-24.848326578
8586.201419269,205.916431037,-134.430730073,-24.852215133
8587.201409147,206.883167279,-134.175023560,-24.856084814
8588.201409131,207.848907992,-133.915543354,-24.859940349
8589.201409114,208.814648705,-133.656063148,-24.863795884
8590.201409099,209.780389419,-133.396582941,-24.867651418
8591.201407509,210.746002493,-133.136634042,-24.871495983
8592.201406914,211.709959098,-132.870602526,-24.875198180
8593.201406318,212.673915702,-132.604571010,-24.878900377
8594.201405722,213.637872306,-132.338539494,-24.882602574
8595.201405127,214.601828911,-132.072507978,-24.886304771
8596.201404532,215.565785515,-131.806476461,-24.890006968
8597.201403936,216.529742119,-131.540444945,-24.893709165
8598.201403341,217.493698724,-131.274413429,-24.897411361
8599.201402745,218.457655328,-131.008381913,-24.901113558
8600.201402040,219.421601544,-130.742312794,-24.904788885
8601.201400124,220.385412811,-130.475755212,-24.908115178
8602.201398207,221.349224078,-130.209197631,-24.911441470
8603.201396291,222.313035345,-129.942640050,-24.914767762
8604.201394374,223.276846612,-129.676082468,-24.918094054
8605.201392458,224.240657879,-129.409524887,-24.921420346
8606.201390541,225.204469146,-129.142967306,-24.924746638
8607.201388624,226.168280413,-128.876409724,-24.928072930
8608.201386708,227.132091680,-128.609852143,-24.931399222
8609.201384791,228.095902947,-128.343294562,-24.934725514
8610.201381539,229.059968649,-128.077659970,-24.937739036
8611.201377952,230.024225191,-127.812717666,-24.940517965
8612.201374364,230.988481733,-127.547775362,-24.943296894
8613.201370776,231.952738274,-127.282833058,-24.946075823
8614.201367189,232.916994816,-127.017890754,-24.948854752
8615.201363602,233.881251358,-126.752948450,-24.951633681
8616.201360014,234.845507899,-126.488006146,-24.954412610
8617.201356427,235.809764441,-126.223063842,-24.957191539
8618.201352840,236.774020983,-125.958121538,-24.959970468
8619.201349121,237.738277964,-125.693180833,-24.962701856
8620.201343903,238.702540660,-125.428260931,-24.964814470
8621.201338687,239.666803357,-125.163341029,-24.966927083
8622.201333470,240.631066054,-124.898421127,-24.969039697
8623.201328252,241.595328750,-124.633501225,-24.971152311
8624.201323035,242.559591447,-124.368581324,-24.973264925
8625.201317818,243.523854144,-124.103661422,-24.975377539
8626.201312601,244.488116841,-123.838741520,-24.977490153
8627.201307384,245.452379537,-123.573821618,-24.979602767
8628.201302167,246.416642234,-123.308901716,-24.981715380
8629.201296062,247.380779557,-123.043526214,-24.983405259
8630.201289555,248.344822789,-122.777808789,-24.984777880
8631.201283049,249.308866021,-122.512091364,-24.986150502
8632.201276542,250.272909253,-122.246373940,-24.987523124
8633.201270035,251.236952484,-121.980656515,-24.988895745
8634.201263528,252.200995716,-121.714939091,-24.990268367
8635.201257022,253.165038948,-121.449221666,-24.991640989
8636.201250515,254.129082180,-121.183504241,-24.993013610
8637.201244009,255.093125412,-120.917786817,-24.994386232
8638.201237382,256.057146169,-120.651988041,-24.995703991
8639.201230114,257.020873752,-120.385128062,-24.996306093
8640.201222847,257.984601335,-120.118268083,-24.996908194
8641.201215579,258.948328918,-119.851408104,-24.997510295
8642.201208312,259.912056501,-119.584548125,-24.998112396
8643.201201044,260.875784084,-119.317688146,-24.998714497
8644.201193777,261.839511667,-119.050828167,-24.999316598
8645.201186509,262.803239250,-118.783968188,-24.999918699
8646.201179242,263.766966833,-118.517108209,-25.000520800
8647.201171975,264.730694416,-118.250248230,-25.001122901
8648.201164532,265.694387154,-117.983262469,-25.001282960
8649.201157098,266.658053726,-117.716182256,-25.001111090
8650.201149664,267.621720277,-117.449101966,-25.000939270
8651.201142231,268.585386679,-117.182021137,-25.000767794
8652.201134796,269.549053080,-116.914940308,-25.000596317
8653.201127363,270.512719482,-116.647859479,-25.000424841
8654.201119928,271.476385883,-116.380778650,-25.000253364
8655.201112494,272.440052285,-116.113697822,-25.000081888
8656.201105060,273.403718686,-115.846616993,-24.999910411
8657.201097637,274.367383051,-115.579528815,-24.999685890
8658.201090609,275.331020784,-115.312344569,-24.998768002
8659.201083582,276.294658518,-115.045160324,-24.997850114
8660.201076554,277.258296251,-114.777976078,-24.996932226
8661.201069526,278.221933985,-114.510791833,-24.996014338
8662.201062499,279.185571719,-114.243607588,-24.995096450
8663.201055471,280.149209452,-113.976423342,-24.994178562
8664.201048444,281.112847186,-113.709239097,-24.993260673
8665.201041417,282.076484920,-113.442054852,-24.992342785
8666.201034389,283.040122653,-113.174870606,-24.991424897
8667.201027786,284.003697242,-112.907458804,-24.990108516
8668.201021642,284.967224389,-112.639876033,-24.988492739
8669.201015499,285.930751536,-112.372293261,-24.986876961
8670.201009356,286.894278683,-112.104710490,-24.985261184
8671.201003213,287.857805831,-111.837127719,-24.983645407
8672.200997070,288.821332978,-111.569544948,-24.982029630
8673.200990926,289.784860125,-111.301962177,-24.980413852
8674.200984783,290.748387272,-111.034379406,-24.978798075
8675.200978639,291.711914419,-110.766796634,-24.977182298
8676.200972428,292.675480849,-110.499355888,-24.975521128
8677.200967524,293.639561857,-110.233775556,-24.973265355
8678.200962619,294.603642865,-109.968195223,-24.971009583
8679.200957715,295.567723873,-109.702614891,-24.968753810
8680.200952810,296.531804880,-109.437034559,-24.966498037
8681.200947906,297.495885888,-109.171454226,-24.964242264
8682.200943001,298.459966896,-108.905873894,-24.961986491
8683.200938097,299.424047904,-108.640293561,-24.959730719
8684.200933193,300.388128912,-108.374713229,-24.957474946
8685.200928288,301.352209920,-108.109132897,-24.955219173
8686.200923868,302.316053961,-107.842694965,-24.952640118
8687.200920401,303.279719861,-107.575612327,-24.949818035
8688.200916935,304.243385762,-107.308529690,-24.946995952
8689.200913468,305.207051662,-107.041447053,-24.944173868
8690.200910001,306.170717562,-106.774364416,-24.941351785
8691.200906535,307.134383463,-106.507281779,-24.938529701
8692.200903068,308.098049363,-106.240199141,-24.935707618
8693.200899601,309.061715263,-105.973116504,-24.932885535
8694.200896135,310.025381164,-105.706033867,-24.930063451
8695.200892767,310.989048763,-105.438957359,-24.927206647
8696.200890804,311.952738660,-105.171961322,-24.923894038
8697.200888843,312.916428558,-104.904965284,-24.920581429
8698.200886880,313.880118455,-104.637969247,-24.917268820
8699.200884918,314.843808353,-104.370973210,-24.913956211
8700.200882956,315.807498250,-104.103977172,-24.910643601
8701.200880994,316.771188148,-103.836981135,-24.907330992
8702.200879032,317.734878045,-103.569985097,-24.904018383
8703.200877070,318.698567943,-103.302989060,-24.900705774
8704.200875109,319.662257841,-103.035993023,-24.897393165
8705.200873934,320.625967768,-102.769069301,-24.893849868
8706.200873394,321.589692763,-102.502199973,-24.890133053
8707.200872852,322.553417757,-102.235330645,-24.886416238
8708.200872311,323.517142751,-101.968461317,-24.882699423
8709.200871769,324.480867745,-101.701591989,-24.878982607
8710.200871228,325.444592739,-101.434722661,-24.875265792
8711.200870686,326.408317733,-101.167853333,-24.871548977
8712.200870146,327.372042728,-100.900984005,-24.867832162
8713.200869604,328.335767722,-100.634114677,-24.864115347
8714.200869135,329.299482082,-100.367206989,-24.860376370
8715.200869809,330.263056556,-100.099794692,-24.856345874
8716.200870482,331.226631029,-99.832382396,-24.852315377
8717.200871157,332.190205503,-99.564970099,-24.848284880
8718.200871831,333.153779977,-99.297557803,-24.844254383
8719.200872504,334.117354450,-99.030145506,-24.840223886
8720.200873178,335.080928924,-98.762733210,-24.836193389
8721.200873852,336.044503398,-98.495320913,-24.832162893
8722.200874525,337.008077871,-98.227908617,-24.828132396
8723.200875199,337.971652345,-97.960496320,-24.824101899
8724.200876368,338.935285598,-97.693295985,-24.819945876
8725.200877953,339.898963089,-97.426255172,-24.815695382
8726.200879537,340.862640580,-97.159214359,-24.811444889
8727.200881122,341.826318071,-96.892173546,-24.807194395
8728.200882707,342.789995563,-96.625132733,-24.802943901
8729.200884292,343.753673054,-96.358091920,-24.798693407
8730.200885877,344.717350545,-96.091051107,-24.794442913
8731.200887461,345.681028036,-95.824010294,-24.790192419
8732.200889046,346.644705527,-95.556969481,-24.785941926
8733.200890633,347.608402359,-95.289998603,-24.781682823
8734.200892743,348.572354156,-95.023949670,-24.777310225
8735.200894854,349.536305953,-94.757900736,-24.772937628
8736.200896966,350.500257751,-94.491851803,-24.768565031
8737.200899076,351.464209548,-94.225802870,-24.764192434
8738.200901188,352.428161346,-93.959753937,-24.759819837
8739.200903299,353.392113143,-93.693705004,-24.755447240
8740.200905410,354.356064941,-93.427656070,-24.751074643
8741.200907521,355.320016738,-93.161607137,-24.746702045
8742.200909632,356.283968535,-92.895558204,-24.742329448
8743.200911781,357.247837392,-92.629209077,-24.737939928
8744.200914022,358.211643788,-92.362633886,-24.733537665
8745.200916263,359.175450185,-92.096058695,-24.729135401
8746.200918504,360.139256630,-91.829483678,-24.724733385
8747.200920736,361.103063407,-91.562909864,-24.720333070
8748.200922969,362.066870184,-91.296336049,-24.715932756
8749.200925202,363.030676962,-91.029762235,-24.711532441
8750.200927434,363.994483739,-90.763188420,-24.707132126
8751.200929667,364.958290516,-90.496614606,-24.702731812
8752.200931878,365.922091966,-90.230021538,-24.698335817
8753.200933842,366.885823023,-89.963174107,-24.693996900
8754.200935807,367.849554081,-89.696326676,-24.689657983
8755.200937771,368.813285138,-89.429479246,-24.685319066
8756.200939736,369.777016196,-89.162631815,-24.680980149
8757.200941700,370.740747253,-88.895784384,-24.676641231
8758.200943665,371.704478311,-88.628936953,-24.672302314
8759.200945629,372.668209368,-88.362089522,-24.667963397
8760.200947593,373.631940426,-88.095242091,-24.663624480
8761.200949557,374.595671483,-87.828394660,-24.659285563
8762.200951184,375.559406232,-87.561560561,-24.655025289
8763.200952559,376.523143762,-87.294736507,-24.650824272
8764.200953935,377.486881292,-87.027912453,-24.646623255
8765.200955310,378.450618822,-86.761088399,-24.642422238
8766.200956686,379.414356352,-86.494264345,-24.638221221
8767.200958062,380.378093883,-86.227440291,-24.634020203
8768.200959438,381.341831413,-85.960616237,-24.629819186
8769.200960813,382.305568943,-85.693792183,-24.625618169
8770.200962189,383.269306473,-85.426968130,-24.621417152
8771.200963495,384.233053365,-85.160177923,-24.617230769
8772.200964017,385.196924222,-84.893835899,-24.613238166
8773.200964538,386.160795079,-84.627493875,-24.609245564
8774.200965059,387.124665935,-84.361151850,-24.605252961
8775.200965581,388.088536792,-84.094809826,-24.601260359
8776.200966103,389.052407649,-83.828467802,-24.597267756
8777.200966625,390.016278506,-83.562125778,-24.593275154
8778.200967147,390.980149363,-83.295783754,-24.589282551
8779.200967668,391.944020220,-83.029441730,-24.585289949
8780.200968190,392.907891077,-82.763099706,-24.581297346
8781.200967893,393.871970029,-82.497512782,-24.577454780
8782.200967399,394.836205870,-82.232495149,-24.573725331
8783.200966905,395.800441711,-81.967477516,-24.569995882
8784.200966410,396.764677552,-81.702459883,-24.566266433
8785.200965916,397.728913393,-81.437442250,-24.562536984
8786.200965422,398.693149234,-81.172424617,-24.558807535
8787.200964927,399.657385074,-80.907406985,-24.555078086
8788.200964432,400.621620915,-80.642389352,-24.551348637
8789.200963938,401.585856756,-80.377371719,-24.547619188
8790.200963361,402.550088128,-80.112337834,-24.543911503
8791.200961757,403.514260206,-79.847088317,-24.540492584
8792.200960153,404.478432285,-79.581838800,-24.537073664
8793.200958549,405.442604363,-79.316589283,-24.533654745
8794.200956945,406.406776441,-79.051339766,-24.530235826
8795.200955340,407.370948519,-78.786090249,-24.526816906
8796.200953736,408.335120597,-78.520840732,-24.523397987
8797.200952133,409.299292676,-78.255591215,-24.519979068
8798.200950528,410.263464754,-77.990341698,-24.516560149
8799.200948924,411.227636832,-77.725092181,-24.513141229
8800.200946630,412.191860679,-77.460030969,-24.509925709
8801.200943870,413.156123579,-77.195111805,-24.506863626
8802.200941109,414.120386478,-76.930192642,-24.503801542
8803.200938349,415.084649378,-76.665273479,-24.500739459
8804.200935588,416.048912277,-76.400354315,-24.497677375
8805.200932828,417.013175177,-76.135435152,-24.494615292
8806.200930068,417.977438077,-75.870515989,-24.491553208
8807.200927307,418.941700976,-75.605596825,-24.488491125
8808.200924546,419.905963876,-75.340677662,-24.485429041
8809.200921675,420.870242772,-75.075816822,-24.482395302
8810.200917755,421.834734387,-74.811731559,-24.479738479
8811.200913836,422.799226003,-74.547646296,-24.477081656
8812.200909917,423.763717619,-74.283561034,-24.474424833
8813.200905997,424.728209234,-74.019475771,-24.471768010
8814.200902078,425.692700850,-73.755390508,-24.469111186
8815.200898159,426.657192466,-73.491305245,-24.466454363
8816.200894240,427.621684081,-73.227219982,-24.463797540
8817.200890320,428.586175697,-72.963134720,-24.461140717
8818.200886401,429.550667312,-72.699049457,-24.458483894
8819.200881661,430.514981888,-72.434319094,-24.456085012
8820.200876641,431.479162836,-72.169101823,-24.453880818
8821.200871622,432.443343785,-71.903884552,-24.451676624
8822.200866603,433.407524734,-71.638667281,-24.449472429
8823.200861583,434.371705682,-71.373450010,-24.447268235
8824.200856563,435.335886631,-71.108232739,-24.445064041
8825.200851544,436.300067580,-70.843015468,-24.442859847
8826.200846524,437.264248528,-70.577798197,-24.440655653
8827.200841505,438.228429477,-70.312580926,-24.438451459
8828.200836378,439.192592173,-70.047297427,-24.436282092
8829.200830383,440.156511632,-69.781131354,-24.434576842
8830.200824389,441.120431092,-69.514965280,-24.432871593
8831.200818393,442.084350551,-69.248799207,-24.431166343
8832.200812399,443.048270010,-68.982633133,-24.429461094
8833.200806404,444.012189470,-68.716467060,-24.427755844
8834.200800410,444.976108929,-68.450300986,-24.426050595
8835.200794414,445.940028388,-68.184134913,-24.424345346
8836.200788419,446.903947847,-67.917968839,-24.422640096
8837.200782425,447.867867307,-67.651802766,-24.420934847
8838.200775950,448.831792892,-67.385658879,-24.419539368
8839.200769175,449.795723103,-67.119531748,-24.418377838
8840.200762402,450.759653315,-66.853404617,-24.417216308
8841.200755627,451.723583496,-66.587277376,-24.416054874
8842.200748852,452.687513468,-66.321149376,-24.414894105
8843.200742077,453.651443439,-66.055021376,-24.413733336
8844.200735302,454.615373411,-65.788893376,-24.412572567
8845.200728527,455.579303383,-65.522765376,-24.411411798
8846.200721752,456.543233354,-65.256637376,-24.410251029
8847.200714924,457.507155502,-64.990481062,-24.409131011
8848.200707642,458.470973166,-64.723946611,-24.408555226
8849.200700359,459.434790830,-64.457412161,-24.407979441
8850.200693076,460.398608494,-64.190877710,-24.407403656
8851.200685793,461.362426158,-63.924343259,-24.406827871
8852.200678510,462.326243822,-63.657808809,-24.406252085
8853.200671227,463.290061486,-63.391274358,-24.405676300
8854.200663945,464.253879150,-63.124739907,-24.405100515
8855.200656661,465.217696813,-62.858205457,-24.404524730
8856.200649378,466.181514477,-62.591671006,-24.403948945
8857.200641886,467.145218580,-62.324726503,-24.403726303
8858.200634438,468.108836871,-62.057472143,-24.403770513
8859.200626990,469.072455161,-61.790217783,-24.403814723
8860.200619543,470.036073452,-61.522963423,-24.403858933
8861.200612095,470.999691742,-61.255709063,-24.403903144
8862.200604647,471.963310032,-60.988454703,-24.403947354
8863.200597199,472.926928323,-60.721200343,-24.403991564
8864.200589751,473.890546613,-60.453945983,-24.404035774
8865.200582304,474.854164904,-60.186691623,-24.404079984
8866.200574846,475.817794964,-59.919479751,-24.404169054
8867.200567635,476.781582545,-59.652836542,-24.404858522
8868.200560424,477.745370126,-59.386193333,-24.405547991
8869.200553213,478.709157708,-59.119550125,-24.406237459
8870.200546002,479.672945289,-58.852906916,-24.406926927
8871.200538791,480.636732870,-58.586263707,-24.407616396
8872.200531579,481.600520451,-58.319620499,-24.408305864
8873.200524369,482.564308033,-58.052977290,-24.408995332
8874.200517158,483.528095614,-57.786334081,-24.409684800
8875.200509946,484.491883195,-57.519690873,-24.410374269
8876.200503063,485.455643206,-57.252948043,-24.411440169
8877.200496526,486.419382370,-56.986129891,-24.412790686
8878.200489989,487.383121534,-56.719311739,-24.414141203
8879.200483452,488.346860698,-56.452493587,-24.415491720
8880.200476915,489.310599862,-56.185675435,-24.416842237
8881.200470378,490.274339026,-55.918857283,-24.418192754
8882.200463841,491.238078190,-55.652039131,-24.419543272
8883.200457305,492.201817354,-55.385220979,-24.420893789
8884.200450768,493.165556518,-55.118402827,-24.422244306
8885.200444292,494.129301389,-54.851605298,-24.423640979
8886.200438875,495.093122795,-54.585084381,-24.425656754
8887.200433458,496.056944201,-54.318563463,-24.427672529
8888.200428040,497.020765607,-54.052042545,-24.429688303
8889.200422623,497.984587013,-53.785521628,-24.431704078
8890.200417207,498.948408420,-53.519000710,-24.433719853
8891.200411789,499.912229826,-53.252479793,-24.435735628
8892.200406372,500.876051232,-52.985958875,-24.437751402
8893.200400955,501.839872638,-52.719437958,-24.439767177
8894.200395539,502.803694045,-52.452917040,-24.441782952
8895.200390945,503.767487124,-52.186293721,-24.444174469
8896.200387076,504.731258774,-51.919592936,-24.446850238
8897.200383207,505.695030424,-51.652892150,-24.449526007
8898.200379338,506.658802074,-51.386191365,-24.452201776
8899.200375470,507.622573725,-51.119490579,-24.454877545
8900.200371601,508.586345375,-50.852789793,-24.457553314
8901.200367732,509.550117025,-50.586089008,-24.460229083
8902.200363863,510.513888675,-50.319388222,-24.462904852
8903.200359994,511.477660325,-50.052687437,-24.465580621
8904.200356241,512.441425857,-49.785964556,-24.468300484
8905.200354279,513.405109143,-49.518944655,-24.471613091
8906.200352317,514.368792429,-49.251924755,-24.474925697
8907.200350355,515.332475714,-48.984904854,-24.478238303
8908.200348393,516.296159000,-48.717884953,-24.481550910
8909.200346431,517.259842286,-48.450865053,-24.484863516
8910.200344469,518.223525572,-48.183845152,-24.488176123
8911.200342506,519.187208857,-47.916825252,-24.491488729
8912.200340545,520.150892143,-47.649805351,-24.494801336
8913.200338583,521.114575429,-47.382785450,-24.498113942
8914.200337790,522.078300249,-47.115915529,-24.501765052
8915.200337975,523.042056509,-46.849159135,-24.505672393
8916.200338160,524.005812769,-46.582402741,-24.509579734
8917.200338346,524.969569030,-46.315646347,-24.513487075
8918.200338530,525.933325290,-46.048889953,-24.517394416
8919.200338716,526.897081550,-45.782133558,-24.521301757
8920.200338900,527.860837810,-45.515377164,-24.525209098
8921.200339085,528.824594070,-45.248620770,-24.529116439
8922.200339270,529.788350330,-44.981864376,-24.533023780
8923.200339594,530.752115547,-44.715140373,-24.536968435
8924.200342035,531.716001430,-44.448852732,-24.541415771
8925.200344475,532.679887312,-44.182565092,-24.545863108
8926.200346916,533.643773195,-43.916277451,-24.550310444
8927.200349357,534.607659078,-43.649989810,-24.554757781
8928.200351798,535.571544961,-43.383702169,-24.559205117
8929.200354238,536.535430844,-43.117414529,-24.563652454
8930.200356678,537.499316726,-42.851126888,-24.568099790
8931.200359119,538.463202609,-42.584839247,-24.572547126
8932.200361560,539.427088492,-42.318551607,-24.576994463
8933.200365073,540.391163196,-42.052949112,-24.581717239
8934.200369783,541.355380917,-41.787865560,-24.586648648
8935.200374495,542.319598702,-41.522782241,-24.591580219
8936.200379206,543.283816486,-41.257698922,-24.596511789
8937.200383917,544.248034271,-40.992615603,-24.601443360
8938.200388629,545.212252056,-40.727532284,-24.606374930
8939.200393341,546.176469841,-40.462448965,-24.611306501
8940.200398052,547.140687626,-40.197365646,-24.616238072
8941.200402764,548.104905411,-39.932282327,-24.621169642
8942.200407606,549.069135854,-39.667245116,-24.626130828
8943.200414527,550.033537204,-39.402830406,-24.631491839
8944.200421449,550.997938554,-39.138415695,-24.636852850
8945.200428371,551.962339904,-38.874000984,-24.642213862
8946.200435292,552.926741253,-38.609586274,-24.647574873
8947.200442214,553.891142603,-38.345171563,-24.652935884
8948.200449135,554.855543953,-38.080756853,-24.658296895
8949.200456057,555.819945303,-37.816342142,-24.663657907
8950.200462978,556.784346652,-37.551927431,-24.669018918
8951.200469899,557.748748002,-37.287512721,-24.674379929
8952.200477978,558.713167935,-37.023165804,-24.679952926
8953.200486967,559.677601950,-36.758870262,-24.685686569
8954.200495956,560.642035965,-36.494574721,-24.691420211
8955.200504944,561.606469980,-36.230279179,-24.697153854
8956.200513933,562.570903995,-35.965983637,-24.702887496
8957.200522921,563.535338010,-35.701688096,-24.708621139
8958.200531910,564.499772025,-35.437392554,-24.714354781
8959.200540899,565.464206040,-35.173097012,-24.720088424
8960.200549887,566.428640055,-34.908801471,-24.725822066
8961.200558864,567.393037166,-34.644371797,-24.731576427
8962.200569623,568.356934945,-34.378127222,-24.737611116
8963.200580384,569.320832725,-34.111882647,-24.743645805
8964.200591144,570.284730504,-33.845638071,-24.749680494
8965.200601904,571.248628283,-33.579393496,-24.755715184
8966.200612663,572.212526062,-33.313148921,-24.761749873
8967.200623423,573.176423841,-33.046904345,-24.767784562
8968.200634184,574.140321621,-32.780659770,-24.773819251
8969.200644944,575.104219400,-32.514415195,-24.779853940
8970.200655704,576.068117179,-32.248170619,-24.785888630
8971.200667105,577.032107035,-31.982259791,-24.792036054
8972.200679080,577.996166709,-31.716602028,-24.798268960
8973.200691057,578.960226384,-31.450944265,-24.804501867
8974.200703032,579.924286058,-31.185286502,-24.810734773
8975.200715008,580.888345732,-30.919628739,-24.816967679
8976.200726984,581.852405407,-30.653970977,-24.823200586
8977.200738959,582.816465081,-30.388313214,-24.829433492
8978.200750935,583.780524755,-30.122655451,-24.835666399
8979.200761554,584.744703380,-29.857434978,-24.841904828
8980.200774034,585.710494561,-29.598142679,-24.848218123
8981.200786513,586.676285742,-29.338850379,-24.854531419
8982.200798994,587.642076924,-29.079558080,-24.860844715
8983.200811474,588.607868105,-28.820265780,-24.867158010
8984.200816657,589.574784203,-28.565229183,-24.873479361
8985.200829226,590.542553536,-28.313420485,-24.879806821
8986.200841796,591.510322869,-28.061611786,-24.886134281
8987.200854365,592.478092202,-27.809803088,-24.892461742
8988.200858181,593.447049243,-27.562639337,-24.898783523
8989.200870687,594.416907237,-27.318999083,-24.905100998
8990.200883193,595.386765231,-27.075358829,-24.911418472
8991.200895701,596.356623226,-26.831718575,-24.917735946
8992.200898253,597.327697320,-26.593012446,-24.924028309
8993.200910482,598.299693966,-26.358049423,-24.930301621
8994.200922710,599.271690612,-26.123086399,-24.936574933
8995.200934938,600.243687258,-25.888123376,-24.942848245
8996.200945162,601.215808354,-25.653684168,-24.949115701
8997.200956860,602.189618776,-25.426355407,-24.955303663
8998.200968556,603.163429197,-25.199026646,-24.961491626
8999.200980253,604.137239619,-24.971697884,-24.967679588
9000.200991949,605.111050040,-24.744369123,-24.973867551
9001.201002095,606.084965545,-24.517497566,-24.980046323
9002.201012972,607.060308161,-24.296835190,-24.986100287
9003.201023848,608.035650777,-24.076172814,-24.992154250
9004.201034724,609.010993393,-23.855510439,-24.998208213
9005.201045601,609.986336009,-23.634848063,-25.004262176
9006.201054612,610.961790136,-23.414687300,-25.010304212
9007.201064450,611.938759382,-23.201342053,-25.016184188
9008.201074288,612.915728628,-22.987996807,-25.022064163
9009.201084127,613.892697875,-22.774651560,-25.027944138
9010.201093965,614.869667121,-22.561306313,-25.033824114
9011.201095179,615.847594307,-22.352434006,-25.039586595
9012.201103824,616.826248483,-22.146956251,-25.045259909
9013.201112468,617.804902658,-21.941478497,-25.050933222
9014.201121113,618.783556834,-21.736000742,-25.056606536
9015.201127663,619.762320120,-21.531053065,-25.062261532
9016.201134826,620.742566715,-21.333311529,-25.067667498
9017.201141989,621.722813310,-21.135569993,-25.073073465
9018.201149153,622.703059906,-20.937828458,-25.078479431
9019.201156316,623.683306501,-20.740086922,-25.083885398
9020.201161340,624.663658830,-20.542880515,-25.089269647
9021.201166839,625.645449253,-20.352952454,-25.094358512
9022.201172338,626.627239675,-20.163024393,-25.099447378
9023.201177838,627.609030098,-19.973096332,-25.104536244
9024.201183338,628.590820521,-19.783168271,-25.109625109
9025.201177977,629.573559954,-19.598267099,-25.114528436
9026.201181870,630.557019796,-19.417181918,-25.119290917
9027.201185761,631.540479637,-19.236096738,-25.124053397
9028.201189653,632.523939479,-19.055011558,-25.128815878
9029.201181718,633.508345369,-18.879203931,-25.133382243
9030.201184027,634.493469468,-18.707402845,-25.137799723
9031.201186335,635.478593566,-18.535601758,-25.142217204
9032.201188643,636.463717664,-18.363800672,-25.146634684
9033.201179664,637.449718206,-18.197165780,-25.150852081
9034.201180453,638.436385863,-18.034463481,-25.154910996
9035.201181242,639.423053520,-17.871761182,-25.158969911
9036.201179449,640.409816757,-17.709654876,-25.163003877
9037.201178824,641.397881424,-17.555663589,-25.166698153
9038.201178199,642.385946091,-17.401672303,-25.170392429
9039.201177574,643.374010758,-17.247681017,-25.174086705
9040.201166530,644.362828456,-17.098666151,-25.177556860
9041.201164526,645.352217926,-16.953429865,-25.180856840
9042.201162522,646.341607396,-16.808193578,-25.184156821
9043.201157862,647.331083086,-16.663563520,-25.187425514
9044.201154453,648.321733297,-16.527191739,-25.190268000
9045.201151044,649.312383507,-16.390819957,-25.193110487
9046.201147635,650.303033718,-16.254448176,-25.195952974
9047.201141910,651.293759245,-16.118640909,-25.198757459
9048.201137075,652.285511056,-15.990525931,-25.201044113
9049.201132240,653.277262867,-15.862410954,-25.203330768
9050.201127407,654.269014679,-15.734295977,-25.205617422
9051.201122572,655.260766490,-15.606181000,-25.207904077
9052.201109348,656.253074905,-15.482512654,-25.209828256
9053.201103259,657.245806056,-15.362221490,-25.211477138
9054.201097169,658.238537207,-15.241930326,-25.213126019
9055.201091080,659.231268358,-15.121639161,-25.214774901
9056.201083013,660.224061010,-15.001872516,-25.216376714
9057.201076025,661.217692278,-14.889258101,-25.217336710
9058.201069037,662.211323546,-14.776643685,-25.218296706
9059.201062049,663.204954813,-14.664029269,-25.219256702
9060.201055061,664.198586081,-14.551414853,-25.220216698
9061.201040396,665.192696616,-14.443180865,-25.220780301
9062.201032982,666.187171208,-14.338274289,-25.221042799
9063.201025568,667.181645799,-14.233367712,-25.221305297
9064.201018153,668.176120390,-14.128461136,-25.221567795
9065.201001314,669.171095180,-14.028503787,-25.221435341
9066.200993959,670.166449970,-13.932306361,-25.221002843
9067.200986604,671.161804760,-13.836108936,-25.220570344
9068.200979248,672.157159550,-13.739911511,-25.220137845
9069.200962511,673.152977564,-13.648740069,-25.219256577
9070.200955809,674.149147507,-13.561387064,-25.218034360
9071.200949107,675.145317449,-13.474034059,-25.216812143
9072.200942405,676.141487392,-13.386681054,-25.215589926
9073.200933942,677.137700738,-13.299845642,-25.214303709
9074.200928826,678.134506652,-13.220076772,-25.212143724
9075.200923710,679.131312566,-13.140307902,-25.209983740
9076.200918594,680.128118480,-13.060539032,-25.207823755
9077.200913478,681.124924394,-12.980770163,-25.205663770
9078.200906941,682.121767054,-12.901481826,-25.203428380
9079.200904825,683.119111681,-12.828757697,-25.200162941
9080.200902707,684.116456307,-12.756033568,-25.196897503
9081.200900590,685.113800933,-12.683309439,-25.193632064
9082.200898474,686.111145560,-12.610585310,-25.190366625
9083.200896356,687.108490186,-12.537861181,-25.187101186
9084.200893375,688.106056042,-12.468292062,-25.183034466
9085.200896858,689.103790032,-12.401120719,-25.178358780
9086.200900340,690.101524021,-12.333949376,-25.173683095
9087.200903822,691.099258010,-12.266778033,-25.169007409
9088.200907304,692.096991999,-12.199606690,-25.164331723
9089.200910787,693.094725989,-12.132435347,-25.159656038
9090.200914269,694.092459978,-12.065264004,-25.154980352
9091.200921064,695.090365633,-12.000734326,-25.149165363
9092.200935933,696.088401775,-11.938212637,-25.142484365
9093.200950802,697.086437917,-11.875690949,-25.135803366
9094.200965671,698.084474059,-11.813169260,-25.129122368
9095.200980541,699.082510202,-11.750647571,-25.122441369
9096.200995410,700.080546344,-11.688125882,-25.115760371
9097.201010279,701.078582486,-11.625604193,-25.109079372
9098.201025148,702.076618628,-11.563082504,-25.102398374
9099.201040016,703.074654770,-11.500560815,-25.095717375
9100.201055975,704.072696185,-11.438124141,-25.088868077
9101.201090419,705.070809786,-11.376851466,-25.079714455
9102.201124865,706.068923388,-11.315578790,-25.070560834
9103.201159310,707.067036990,-11.254306115,-25.061407212
9104.201193755,708.065150591,-11.193033440,-25.052253591
9105.201228200,709.063264193,-11.131760764,-25.043099969
9106.201262645,710.061377795,-11.070488089,-25.033946347
9107.201297090,711.059491396,-11.009215414,-25.024792726
9108.201331535,712.057604998,-10.947942739,-25.015639104
9109.201365981,713.055718600,-10.886670063,-25.006485483
9110.201414936,714.053865916,-10.825951002,-24.995853277
9111.201476595,715.052038873,-10.765652999,-24.984096515
9112.201538256,716.050211831,-10.705354996,-24.972339753
9113.201599916,717.048384789,-10.645056993,-24.960582991
9114.201661577,718.046557747,-10.584758990,-24.948826230
9115.201723236,719.044730704,-10.524460987,-24.937069468
9116.201784896,720.042903662,-10.464162985,-24.925312706
9117.201846557,721.041076620,-10.403864982,-24.913555944
9118.201908216,722.039249577,-10.343566979,-24.901799183
9119.201972004,723.037419361,-10.283216762,-24.889861285
9120.202068563,724.035545593,-10.222150186,-24.875438234
9121.202165121,725.033671825,-10.161083609,-24.861015183
9122.202261680,726.031798058,-10.100017033,-24.846592131
9123.202358239,727.029924290,-10.038950456,-24.832169080
9124.202454798,728.028050523,-9.977883879,-24.817746029
9125.202551357,729.026176755,-9.916817303,-24.803322978
9126.202647916,730.024302988,-9.855750726,-24.788899926
9127.202744475,731.022429220,-9.794684150,-24.774476875
9128.202841033,732.020555452,-9.733617573,-24.760053824
9129.202960460,733.018693220,-9.672740059,-24.744122959
9130.203098836,734.016839766,-9.612006417,-24.727044675
9131.203237211,735.014986312,-9.551272775,-24.709966391
9132.203375592,736.013132874,-9.490539387,-24.692887833
9133.203514010,737.011279559,-9.429808034,-24.675807077
9134.203652427,738.009426244,-9.369076680,-24.658726321
9135.203790846,739.007572930,-9.308345327,-24.641645564
9136.203929263,740.005719615,-9.247613973,-24.624564808
9137.204067681,741.003866300,-9.186882620,-24.607484051
9138.204209071,742.002016666,-9.126212216,-24.590228612
9139.204394819,743.000217654,-9.066380026,-24.570570864
9140.204580567,743.998418642,-9.006547836,-24.550913116
9141.204766314,744.996619629,-8.946715646,-24.531255368
9142.204952062,745.994820617,-8.886883455,-24.511597619
9143.205137809,746.993021604,-8.827051265,-24.491939871
9144.205323557,747.991222592,-8.767219075,-24.472282123
9145.205509304,748.989423579,-8.707386885,-24.452624375
9146.205695052,749.987624567,-8.647554695,-24.432966627
9147.205880800,750.985825555,-8.587722504,-24.413308878
9148.206094665,751.984049100,-8.528268764,-24.392266513
9149.206331319,752.982289821,-8.469103193,-24.370169832
9150.206567974,753.980530542,-8.409937622,-24.348073152
9151.206804629,754.978771264,-8.350772051,-24.325976471
9152.207041284,755.977011985,-8.291606480,-24.303879791
9153.207277939,756.975252707,-8.232440909,-24.281783111
9154.207514594,757.973493428,-8.173275338,-24.259686430
9155.207751249,758.971734149,-8.114109768,-24.237589750
9156.207987904,759.969974871,-8.054944197,-24.215493070
9157.208227918,760.968212499,-7.995726774,-24.193244010
9158.208516872,761.966407493,-7.935794677,-24.168894705
9159.208805826,762.964602487,-7.875862580,-24.144545400
9160.209094779,763.962797481,-7.815930483,-24.120196095
9161.209383734,764.960992476,-7.755998386,-24.095846790
9162.209672688,765.959187470,-7.696066288,-24.071497485
9163.209961642,766.957382464,-7.636134191,-24.047148180
9164.210250595,767.955577458,-7.576202094,-24.022798875
9165.210539549,768.953772452,-7.516269997,-23.998449570
9166.210828503,769.951967446,-7.456337900,-23.974100265
9167.211146207,770.950173661,-7.396593203,-23.948596699
9168.211486730,771.948388424,-7.336991279,-23.922213736
9169.211827254,772.946603187,-7.277389355,-23.895830774
9170.212167777,773.944817950,-7.217787432,-23.869447812
9171.212508301,774.943032713,-7.158185508,-23.843064849
9172.212848825,775.941247477,-7.098583585,-23.816681887
9173.213189349,776.939462240,-7.038981661,-23.790298925
9174.213529872,777.937677003,-6.979379738,-23.763915963
9175.213870396,778.935891766,-6.919777814,-23.737533000
9176.214214115,779.934105391,-6.860156867,-23.711029091
9177.214603492,780.932303288,-6.800273148,-23.682854559
9178.214992870,781.930501186,-6.740389429,-23.654680026
9179.215382247,782.928699083,-6.680505710,-23.626505493
9180.215771625,783.926896981,-6.620621992,-23.598330961
9181.216161003,784.925094879,-6.560738273,-23.570156428
9182.216550380,785.923292776,-6.500854554,-23.541981895
9183.216939758,786.921490674,-6.440970835,-23.513807363
9184.217329136,787.919688572,-6.381087117,-23.485632830
9185.217718513,788.917886469,-6.321203398,-23.457458297
9186.218132724,789.916039390,-6.260578089,-23.428408133
9187.218566751,790.914158026,-6.199387465,-23.398690473
9188.219000778,791.912276661,-6.138196841,-23.368972814
9189.219434804,792.910395296,-6.077006217,-23.339255154
9190.219868831,793.908513931,-6.015815593,-23.309537495
9191.220302858,794.906632567,-5.954624969,-23.279819835
9192.220736885,795.904751202,-5.893434345,-23.250102176
9193.221170911,796.902869837,-5.832243721,-23.220384516
9194.221604939,797.900988473,-5.771053097,-23.190666857
9195.222041531,798.899111289,-5.709931246,-23.160861835
9196.222514920,799.897291988,-5.649761537,-23.129847325
9197.222988310,800.895472688,-5.589591828,-23.098832815
9198.223461698,801.893653387,-5.529422119,-23.067818305
9199.223935088,802.891834087,-5.469252409,-23.036803795
9200.224408477,803.890014786,-5.409082700,-23.005789285
9201.224881866,804.888195485,-5.348912991,-22.974774776
9202.225355255,805.886376185,-5.288743282,-22.943760266
9203.225828644,806.884556884,-5.228573572,-22.912745756
9204.226302034,807.882737584,-5.168403863,-22.881731246
9205.226794280,808.880941983,-5.108629613,-22.850112414
9206.227301258,809.879164458,-5.049157000,-22.818032635
9207.227808237,810.877386934,-4.989684387,-22.785952856
9208.228315216,811.875609410,-4.930211774,-22.753873078
9209.228822195,812.873831885,-4.870739160,-22.721793299
9210.229329174,813.872054361,-4.811266547,-22.689713520
9211.229836153,814.870276837,-4.751793934,-22.657633741
9212.230343131,815.868499312,-4.692321321,-22.625553963
9213.230850111,816.866721788,-4.632848708,-22.593474184
9214.231358884,817.864948599,-4.573449543,-22.561337297
9215.231893460,818.863235565,-4.515069436,-22.528408075
9216.232428035,819.861522530,-4.456689328,-22.495478852
9217.232962610,820.859809496,-4.398309220,-22.462549630
9218.233497185,821.858096461,-4.339929113,-22.429620408
9219.234031761,822.856383427,-4.281549005,-22.396691185
9220.234566336,823.854670393,-4.223168897,-22.363761963
9221.235100911,824.852957358,-4.164788790,-22.330832740
9222.235635487,825.851244324,-4.106408682,-22.297903518
9223.236170062,826.849531289,-4.048028574,-22.264974296
9224.236716533,827.847787542,-3.989127394,-22.231682474
9225.237272366,828.846020345,-3.929828370,-22.198113562
9226.237828297,829.844253065,-3.870527959,-22.164541709
9227.238384228,830.842485785,-3.811227547,-22.130969856
9228.238940159,831.840718505,-3.751927136,-22.097398003
9229.239496091,832.838951226,-3.692626725,-22.063826150
9230.240052023,833.837183946,-3.633326313,-22.030254297
9231.240607954,834.835416666,-3.574025902,-21.996682445
9232.241163885,835.833649386,-3.514725491,-21.963110592
9233.241720798,836.831878042,-3.455357234,-21.929508548
9234.242291930,837.830050175,-3.395045581,-21.895486692
9235.242863061,838.828222308,-3.334733928,-21.861464837
9236.243434193,839.826394441,-3.274422276,-21.827442981
9237.244005324,840.824566574,-3.214110623,-21.793421126
9238.244576456,841.822738707,-3.153798971,-21.759399270
9239.245147587,842.820910840,-3.093487318,-21.725377415
9240.245718719,843.819082973,-3.033175665,-21.691355559
9241.246289850,844.817255106,-2.972864013,-21.657333704
9242.246860982,845.815427239,-2.912552360,-21.623311848
9243.247437154,846.813561788,-2.851624259,-21.589137796
9244.248017449,847.811667638,-2.790225439,-21.554847526
9245.248597743,848.809773488,-2.728826618,-21.520557256
9246.249178038,849.807879338,-2.667427797,-21.486266986
9247.249758331,850.805985187,-2.606028976,-21.451976716
9248.250338626,851.804091037,-2.544630155,-21.417686446
9249.250918920,852.802196887,-2.483231334,-21.383396176
9250.251499214,853.800302737,-2.421832514,-21.349105906
9251.252079509,854.798408587,-2.360433693,-21.314815636
9252.252660021,855.796517441,-2.299084005,-21.280518528
9253.253243820,856.794668164,-2.238419054,-21.246126134
9254.253827619,857.792818887,-2.177754104,-21.211733740
9255.254411419,858.790969611,-2.117089153,-21.177341347
9256.254995218,859.789120334,-2.056424203,-21.142948953
9257.255579017,860.787271057,-1.995759252,-21.108556559
9258.256162816,861.785421780,-1.935094302,-21.074164165
9259.256746616,862.783572504,-1.874429351,-21.039771771
9260.257330415,863.781723227,-1.813764400,-21.005379377
9261.257914214,864.779873950,-1.753099450,-20.970986983
9262.258494929,865.778157485,-1.694694208,-20.936627426
9263.259076739,866.776542491,-1.638015442,-20.902292958
9264.259658549,867.774927497,-1.581336676,-20.867958489
9265.260240359,868.773312503,-1.524657911,-20.833624021
9266.260822169,869.771697509,-1.467979145,-20.799289552
9267.261403978,870.770082515,-1.411300380,-20.764955084
9268.261985788,871.768467521,-1.354621614,-20.730620615
9269.262567598,872.766852527,-1.297942848,-20.696286147
9270.263149408,873.765237533,-1.241264083,-20.661951678
9271.263730613,874.763611603,-1.184397361,-20.627627640
9272.264307078,875.761832922,-1.124905342,-20.593449277
9273.264883543,876.760054241,-1.065413323,-20.559270914
9274.265460008,877.758275560,-1.005921304,-20.525092551
9275.266036475,878.756496880,-0.946429285,-20.490914188
9276.266612940,879.754718199,-0.886937266,-20.456735825
9277.267189405,880.752939518,-0.827445247,-20.422557462
9278.267764883,881.751145595,-0.767705241,-20.388395381
9279.268333048,882.749138622,-0.704499063,-20.354460882
9280.268901214,883.747131649,-0.641292884,-20.320526382
9281.269469378,884.745124675,-0.578086705,-20.286591882
9282.270037543,885.743117702,-0.514880527,-20.252657383
9283.270605708,886.741110729,-0.451674348,-20.218722883
9284.271173874,887.739103756,-0.388468170,-20.184788383
9285.271742039,888.737096783,-0.325261991,-20.150853884
9286.272310204,889.735089810,-0.262055813,-20.116919384
9287.272878368,890.733082836,-0.198849634,-20.082984884
9288.273438744,891.731179234,-0.137314774,-20.049249035
9289.273995083,892.729354670,-0.077057799,-20.015665073
9290.274551420,893.727530105,-0.016800823,-19.982081111
9291.275107758,894.725705540,0.043456152,-19.948497150
9292.275664095,895.723880975,0.103713128,-19.914913188
9293.276220434,896.722056411,0.163970103,-19.881329226
9294.276776772,897.720231846,0.224227078,-19.847745264
9295.277333109,898.718407281,0.284484054,-19.814161303
9296.277889447,899.716582716,0.344741029,-19.780577341
9297.278444515,900.714772294,0.404756432,-19.747018979
9298.278988032,901.713159985,0.461387897,-19.713819221
9299.279531547,902.711547675,0.518019362,-19.680619462
9300.280075063,903.709935365,0.574650827,-19.647419704
9301.280618578,904.708323055,0.631282292,-19.614219945
9302.281162094,905.706710745,0.687913758,-19.581020187
9303.281705609,906.705098435,0.744545223,-19.547820429
9304.282249125,907.703486125,0.801176688,-19.514620670
9305.282792640,908.701873815,0.857808153,-19.481420912
9306.283336157,909.700261506,0.914439618,-19.448221153
9307.283872422,910.698709135,0.969996314,-19.415227147
9308.284403954,911.697202621,1.024730778,-19.382390547
9309.284935485,912.695696107,1.079465242,-19.349553947
9310.285467017,913.694189593,1.134199706,-19.316717348
9311.285998547,914.692683078,1.188934170,-19.283880748
9312.286530079,915.691176564,1.243668634,-19.251044148
9313.287061610,916.689670050,1.298403099,-19.218207548
9314.287593141,917.688163536,1.353137563,-19.185370949
9315.288124672,918.686657021,1.407872027,-19.152534349
9316.288655483,919.685142233,1.462754410,-19.119715013
9317.289178527,920.683511286,1.519713488,-19.087138046
9318.289701570,921.681880339,1.576672565,-19.054561080
9319.290224614,922.680249392,1.633631643,-19.021984113
9320.290747658,923.678618445,1.690590721,-18.989407147
9321.291270703,924.676987499,1.747549798,-18.956830181
9322.291793747,925.675356552,1.804508876,-18.924253214
9323.292315701,926.673706330,1.861791886,-18.891686989
9324.292833496,927.671785339,1.923625492,-18.859271651
9325.293351290,928.669864348,1.985459098,-18.826856314
9326.293869084,929.667943356,2.047292704,-18.794440977
9327.294386878,930.666022365,2.109126310,-18.762025639
9328.294904673,931.664101374,2.170959916,-18.729610302
9329.295422467,932.662180383,2.232793522,-18.697194965
9330.295940262,933.660259392,2.294627128,-18.664779627
9331.296458055,934.658338400,2.356460734,-18.632364290
9332.296975626,935.656409191,2.418424906,-18.599952154
9333.297491859,936.654364422,2.482225066,-18.567585042
9334.298008092,937.652319652,2.546025225,-18.535217930
9335.298524325,938.650274883,2.609825385,-18.502850817
9336.299040558,939.648230113,2.673625545,-18.470483705
9337.299556791,940.646185344,2.737425704,-18.438116593
9338.300073025,941.644140575,2.801225864,-18.405749481
9339.300589257,942.642095805,2.865026023,-18.373382368
9340.301105491,943.640051036,2.928826183,-18.341015256
9341.301621723,944.638006266,2.992626343,-18.308648144
9342.302140033,945.635900765,3.057364251,-18.276206508
9343.302660531,946.633748755,3.122820278,-18.243707803
9344.303181029,947.631596744,3.188276306,-18.211209097
9345.303701528,948.629444734,3.253732333,-18.178710392
9346.304222027,949.627292724,3.319188361,-18.146211687
9347.304742526,950.625140714,3.384644388,-18.113712981
9348.305263024,951.622988704,3.450100416,-18.081214276
9349.305783523,952.620836694,3.515556443,-18.048715571
9350.306304022,953.618684684,3.581012471,-18.016216865
9351.306825122,954.616539096,3.646369459,-17.983697518
9352.307355790,955.614484028,3.710330508,-17.950887226
9353.307886459,956.612428960,3.774291556,-17.918076933
9354.308417127,957.610373892,3.838252604,-17.885266641
9355.308947795,958.608318824,3.902213652,-17.852456348
9356.309478463,959.606263755,3.966174701,-17.819646056
9357.310009131,960.604208687,4.030135749,-17.786835764
9358.310539799,961.602153619,4.094096797,-17.754025471
9359.311070468,962.600098551,4.158057846,-17.721215179
9360.311601136,963.598043483,4.222018894,-17.688404886
9361.312140351,964.595965718,4.286332343,-17.655333546
9362.312686245,965.593870562,4.350915811,-17.622062184
9363.313232138,966.591775406,4.415499278,-17.588790822
9364.313778033,967.589680251,4.480082746,-17.555519460
9365.314323927,968.587585095,4.544666213,-17.522248099
9366.314869821,969.585489939,4.609249681,-17.488976737
9367.315415715,970.583394784,4.673833148,-17.455705375
9368.315961609,971.581299628,4.738416616,-17.422434014
9369.316507503,972.579204472,4.803000083,-17.389162652
9370.317054065,973.577090487,4.867865168,-17.355854327
9371.317618637,974.574710516,4.936708333,-17.322025927
9372.318183199,975.572330540,5.005551552,-17.288197814
9373.318747762,976.569950565,5.074394771,-17.254369700
9374.319312325,977.567570590,5.143237990,-17.220541587
9375.319876888,978.565190615,5.212081209,-17.186713474
9376.320441449,979.562810639,5.280924427,-17.152885360
9377.321006012,980.560430664,5.349767646,-17.119057247
9378.321570575,981.558050689,5.418610865,-17.085229134
9379.322135138,982.555670714,5.487454084,-17.051401020
9380.322710703,983.553279628,5.556457975,-17.017248736
9381.323294791,984.550880024,5.625585045,-16.982847929
9382.323878880,985.548480421,5.694712114,-16.948447121
9383.324462968,986.546080817,5.763839184,-16.914046313
9384.325047057,987.543681214,5.832966253,-16.879645506
9385.325631145,988.541281610,5.902093322,-16.845244698
9386.326215233,989.538882006,5.971220392,-16.810843891
9387.326799322,990.536482403,6.040347461,-16.776443083
9388.327383411,991.534082799,6.109474531,-16.742042275
9389.327968672,992.531685026,6.178575104,-16.707607230
9390.328570736,993.529313169,6.247300583,-16.672687496
9391.329172800,994.526941312,6.316026062,-16.637767761
9392.329774863,995.524569454,6.384751540,-16.602848026
9393.330376928,996.522197597,6.453477019,-16.567928291
9394.330978992,997.519825740,6.522202497,-16.533008557
9395.331581056,998.517453883,6.590927976,-16.498088822
9396.332183119,999.515082025,6.659653455,-16.463169087
9397.332785184,1000.512710168,6.728378933,-16.428249352
9398.333387248,1001.510338311,6.797104412,-16.393329618
9399.333997270,1002.507955488,6.865988748,-16.358182316
9400.334613449,1003.505564253,6.934994941,-16.322860451
9401.335229627,1004.503173018,7.004001134,-16.287538586
9402.335845806,1005.500781783,7.073007327,-16.252216721
9403.336461983,1006.498390547,7.142013520,-16.216894856
9404.337078162,1007.495999312,7.211019713,-16.181572991
9405.337694341,1008.493608077,7.280025906,-16.146251126
9406.338310519,1009.491216842,7.349032099,-16.110929262
9407.338926698,1010.488825607,7.418038292,-16.075607397
9408.339543410,1011.486436610,7.487012023,-16.040270217
9409.340167827,1012.484079358,7.555525162,-16.004715742
9410.340792243,1013.481722105,7.624038302,-15.969161267
9411.341416660,1014.479364853,7.692551441,-15.933606792
9412.342041077,1015.477007601,7.761064581,-15.898052317
9413.342665493,1016.474650349,7.829577720,-15.862497842
9414.343289910,1017.472293097,7.898090860,-15.826943367
9415.343914327,1018.469935845,7.966603999,-15.791388892
9416.344538744,1019.467578593,8.035117139,-15.755834418
9417.345163160,1020.465221340,8.103630278,-15.720279943
9418.345788187,1021.462908314,8.171493962,-15.684703731
9419.346413967,1022.460629242,8.238859039,-15.649110909
9420.347039726,1023.458350250,8.306222912,-15.613518673
9421.347665485,1024.456071259,8.373586785,-15.577926437
9422.348291245,1025.453792268,8.440950659,-15.542334202
9423.348917003,1026.451513276,8.508314532,-15.506741966
9424.349542763,1027.449234285,8.575678405,-15.471149730
9425.350168522,1028.446955294,8.643042279,-15.435557494
9426.350794281,1029.444676303,8.710406152,-15.399965258
9427.351419520,1030.442387473,8.777913407,-15.364383522
9428.352039607,1031.439958715,8.847459937,-15.328951124
9429.352659693,1032.437529957,8.917006467,-15.293518726
9430.353279780,1033.435101199,8.986552997,-15.258086328
9431.353899866,1034.432672441,9.056099527,-15.222653930
9432.354519953,1035.430243683,9.125646057,-15.187221532
9433.355140039,1036.427814925,9.195192587,-15.151789134
9434.355760125,1037.425386166,9.264739118,-15.116356736
9435.356380211,1038.422957408,9.334285648,-15.080924338
9436.357000298,1039.420528650,9.403832178,-15.045491940
9437.357613250,1040.418143481,9.472748394,-15.010257238
9438.358221022,1041.415791787,9.541180565,-14.975174357
9439.358828792,1042.413440092,9.609612735,-14.940091476
9440.359436563,1043.411088397,9.678044905,-14.905008595
9441.360044334,1044.408736702,9.746477076,-14.869925714
9442.360652105,1045.406385007,9.814909246,-14.834842833
9443.361259876,1046.404033312,9.883341417,-14.799759952
9444.361867646,1047.401681617,9.951773587,-14.764677071
9445.362475417,1048.399329922,10.020205757,-14.729594190
9446.363081942,1049.396975059,10.088683875,-14.694546432
9447.363671071,1050.394575039,10.157816962,-14.659999349
9448.364260199,1051.392175018,10.226950049,-14.625452266
9449.364849327,1052.389774998,10.296083135,-14.590905184
9450.365438495,1053.387375034,10.365215395,-14.556356940
9451.366027682,1054.384975097,10.434347284,-14.521808177
9452.366616868,1055.382575159,10.503479173,-14.487259413
9453.367206054,1056.380175222,10.572611061,-14.452710649
9454.367795240,1057.377775284,10.641742950,-14.418161885
9455.368384427,1058.375375347,10.710874839,-14.383613121
9456.368959371,1059.373005418,10.779571248,-14.349477186
9457.369523616,1060.370658549,10.847933034,-14.315658469
9458.370087860,1061.368311679,10.916294821,-14.281839751
9459.370652106,1062.365964810,10.984656608,-14.248021034
9460.371216350,1063.363617940,11.053018395,-14.214202316
9461.371780595,1064.361271070,11.121380182,-14.180383598
9462.372344840,1065.358924201,11.189741969,-14.146564881
9463.372909085,1066.356577331,11.258103756,-14.112746163
9464.373473330,1067.354230462,11.326465543,-14.078927446
9465.374035553,1068.351886267,11.394788129,-14.045168294
9466.374569436,1069.349580277,11.462550689,-14.012260107
9467.375103319,1070.347274287,11.530313249,-13.979351921
9468.375637202,1071.344968297,11.598075809,-13.946443734
9469.376171086,1072.342662308,11.665838369,-13.913535547
9470.376704969,1073.340356318,11.733600929,-13.880627360
9471.377238852,1074.338050328,11.801363489,-13.847719173
9472.377772735,1075.335744338,11.869126049,-13.814810987
9473.378306617,1076.333438348,11.936888609,-13.781902800
9474.378840501,1077.331132359,12.004651169,-13.748994613
9475.379354511,1078.328778546,12.073111455,-13.716690461
9476.379853824,1079.326387968,12.142108158,-13.684850697
9477.380353135,1080.323997389,12.211104862,-13.653010934
9478.380852447,1081.321606810,12.280101566,-13.621171170
9479.381351759,1082.319216232,12.349098269,-13.589331406
9480.381851071,1083.316825653,12.418094973,-13.557491643
9481.382350383,1084.314435074,12.487091677,-13.525651879
9482.382849695,1085.312044496,12.556088381,-13.493812115
9483.383349007,1086.309653917,12.625085084,-13.461972352
9484.383845816,1087.307260655,12.694120423,-13.430210994
9485.384307626,1088.304828967,12.763708960,-13.399572276
9486.384769437,1089.302397280,12.833297496,-13.368933558
9487.385231246,1090.299965592,12.902886033,-13.338294841
9488.385693057,1091.297533905,12.972474569,-13.307656123
9489.386154866,1092.295102217,13.042063106,-13.277017405
9490.386616677,1093.292670530,13.111651642,-13.246378688
9491.387078488,1094.290238843,13.181240179,-13.215739970
9492.387540297,1095.287807155,13.250828715,-13.185101252
9493.388002108,1096.285375468,13.320417252,-13.154462535
9494.388441361,1097.282936766,13.390106203,-13.124569292
9495.388863649,1098.280492670,13.459872399,-13.095249508
9496.389285935,1099.278048573,13.529638596,-13.065929725
9497.389708223,1100.275604477,13.599404792,-13.036609941
9498.390130509,1101.273160380,13.669170988,-13.007290158
9499.390552797,1102.270716284,13.738937184,-12.977970374
9500.390975083,1103.268272187,13.808703380,-12.948650590
9501.391397370,1104.265828090,13.878469577,-12.919330807
9502.391819658,1105.263383994,13.948235773,-12.890011023
9503.392239199,1106.260945797,14.017916808,-12.860783281
9504.392621072,1107.258592273,14.086375641,-12.832876485
9505.393002945,1108.256238749,14.154834474,-12.804969689
9506.393384846,1109.253885139,14.223294555,-12.777061880
9507.393766774,1110.251531450,14.291755789,-12.749153134
9508.394148701,1111.249177761,14.360217023,-12.721244388
9509.394530628,1112.246824072,14.428678257,-12.693335642
9510.394912556,1113.244470384,14.497139491,-12.665426896
9511.395294484,1114.242116695,14.565600725,-12.637518150
9512.395676411,1115.239763006,14.634061959,-12.609609404
9513.396035394,1116.237394786,14.702734363,-12.582534932
9514.396377221,1117.235015382,14.771569301,-12.556102588
9515.396719057,1118.232635969,14.840404375,-12.529669925
9516.397060963,1119.230256479,14.909240566,-12.503234617
9517.397402868,1120.227876988,14.978076757,-12.476799309
9518.397744774,1121.225497498,15.046912948,-12.450364001
9519.398086680,1122.223118008,15.115749139,-12.423928692
9520.398428585,1123.220738518,15.184585330,-12.397493384
9521.398770490,1124.218359027,15.253421522,-12.371058076
9522.399109815,1125.215978154,15.322277711,-12.344720527
9523.399413107,1126.213577387,15.391421565,-12.319789145
9524.399716400,1127.211176621,15.460565418,-12.294857762
9525.400019692,1128.208775854,15.529709271,-12.269926380
9526.400322984,1129.206375087,15.598853124,-12.244994998
9527.400626276,1130.203974320,15.667996978,-12.220063616
9528.400929569,1131.201573554,15.737140831,-12.195132234
9529.401232861,1132.199172787,15.806284684,-12.170200852
9530.401536153,1133.196772020,15.875428537,-12.145269470
9531.401839445,1134.194371253,15.944572391,-12.120338088
9532.402121786,1135.191964056,16.013808908,-12.096261810
9533.402388497,1136.189551907,16.083116790,-12.072844081
9534.402655208,1137.187139758,16.152424672,-12.049426351
9535.402921919,1138.184727609,16.221732553,-12.026008622
9536.403188630,1139.182315460,16.291040435,-12.002590893
9537.403455340,1140.179903310,16.360348317,-11.979173164
9538.403722051,1141.177491161,16.429656199,-11.955755435
9539.403988762,1142.175079012,16.498964080,-11.932337706
9540.404255473,1143.172666863,16.568271962,-11.908919977
9541.404519862,1144.170260379,16.637497548,-11.885599536
9542.404752580,1145.167935572,16.705536596,-11.863681793
9543.404985298,1146.165610765,16.773575645,-11.841764050
9544.405218015,1147.163285957,16.841614693,-11.819846307
9545.405450733,1148.160961150,16.909653742,-11.797928564
9546.405683451,1149.158636343,16.977692791,-11.776010821
9547.405916169,1150.156311536,17.045731839,-11.754093078
9548.406148887,1151.153986729,17.113770888,-11.732175335
9549.406381605,1152.151661922,17.181809936,-11.710257592
9550.406614323,1153.149337115,17.249848985,-11.688339849
9551.406829042,1154.147035006,17.317553734,-11.667257411
9552.407030446,1155.144750389,17.385000888,-11.646818622
9553.407231849,1156.142465771,17.452448041,-11.626379834
9554.407433251,1157.140181153,17.519895194,-11.605941045
9555.407634655,1158.137896536,17.587342347,-11.585502256
9556.407836058,1159.135611918,17.654789501,-11.565063468
9557.408037461,1160.133327300,17.722236654,-11.544624679
9558.408238864,1161.131042683,17.789683807,-11.524185890
9559.408440267,1162.128758065,17.857130960,-11.503747102
9560.408639610,1163.126464019,17.924715415,-11.483402667
9561.408812284,1164.124033721,17.994284022,-11.464421739
9562.408984958,1165.121603424,18.063852628,-11.445440811
9563.409157633,1166.119173127,18.133421235,-11.426459883
9564.409330306,1167.116742829,18.202989842,-11.407478955
9565.409502981,1168.114312532,18.272558449,-11.388498027
9566.409675655,1169.111882235,18.342127055,-11.369517099
9567.409848329,1170.109451937,18.411695662,-11.350536171
9568.410021004,1171.107021640,18.481264269,-11.331555243
9569.410193677,1172.104591342,18.550832875,-11.312574315
9570.410351171,1173.102185524,18.620048881,-11.294408278
9571.410497498,1174.099798578,18.688993038,-11.276870507
9572.410643825,1175.097411632,18.757937195,-11.259332737
9573.410790152,1176.095024686,18.826881352,-11.241794967
9574.410936481,1177.092637741,18.895825509,-11.224257197
9575.411082808,1178.090250795,18.964769665,-11.206719427
9576.411229135,1179.087863849,19.033713822,-11.189181657
9577.411375462,1180.085476903,19.102657979,-11.171643887
9578.411521789,1181.083089957,19.171602136,-11.154106117
9579.411666522,1182.080704794,19.240520421,-11.136659250
9580.411789161,1183.078345449,19.309064031,-11.120528848
9581.411911799,1184.075986104,19.377607641,-11.104398445
9582.412034438,1185.073626759,19.446151251,-11.088268043
9583.412157076,1186.071267413,19.514694861,-11.072137641
9584.412279715,1187.068908068,19.583238471,-11.056007239
9585.412402354,1188.066548723,19.651782081,-11.039876837
9586.412524993,1189.064189378,19.720325691,-11.023746435
9587.412647632,1190.061830033,19.788869302,-11.007616033
9588.412770270,1191.059470687,19.857412912,-10.991485631
9589.412881019,1192.057139769,19.925540534,-10.976105728
9590.412983100,1193.054830779,19.993347252,-10.961304779
9591.413085180,1194.052521789,20.061153970,-10.946503830
9592.413187260,1195.050212799,20.128960689,-10.931702881
9593.413289340,1196.047903809,20.196767407,-10.916901932
9594.413391420,1197.045594819,20.264574126,-10.902100983
9595.413493500,1198.043285829,20.332380844,-10.887300034
9596.413595580,1199.040976839,20.400187563,-10.872499085
9597.413697660,1200.038667849,20.467994281,-10.857698135
9598.413798421,1201.036348088,20.535956692,-10.842974595
9599.413883448,1202.033871982,20.606179090,-10.829374702
9600.413968474,1203.031395875,20.676401488,-10.815774808
9601.414053500,1204.028919768,20.746623886,-10.802174914
9602.414138526,1205.026443661,20.816846283,-10.788575020
9603.414223552,1206.023967554,20.887068681,-10.774975126
9604.414308578,1207.021491447,20.957291079,-10.761375233
9605.414393605,1208.019015341,21.027513477,-10.747775339
9606.414478631,1209.016539234,21.097735875,-10.734175445
9607.414563657,1210.014063127,21.167958273,-10.720575551
9608.414641000,1211.011620196,21.237706553,-10.707546261
9609.414712788,1212.009202872,21.307088877,-10.694957399
9610.414784576,1213.006785548,21.376471202,-10.682368538
9611.414856365,1214.004368224,21.445853527,-10.669779676
9612.414928153,1215.001950900,21.515235852,-10.657190815
9613.414999940,1215.999533555,21.584618486,-10.644602088
9614.415071713,1216.997116030,21.654003697,-10.632014481
9615.415143485,1217.994698505,21.723388908,-10.619426874
9616.415215258,1218.992280981,21.792774119,-10.606839267
9617.415286302,1219.989871495,21.862042208,-10.594301704
9618.415348583,1220.987578979,21.929606101,-10.582492309
9619.415410862,1221.985286462,21.997169993,-10.570682914
9620.415473143,1222.982993946,22.064733886,-10.558873519
9621.415535423,1223.980701430,22.132297779,-10.547064123
9622.415597703,1224.978408913,22.199861672,-10.535254728
9623.415659984,1225.976116397,22.267425565,-10.523445333
9624.415722264,1226.973823881,22.334989458,-10.511635938
9625.415784544,1227.971531364,22.402553351,-10.499826543
9626.415846824,1228.969238848,22.470117243,-10.488017148
9627.415905524,1229.966912208,22.538181737,-10.476506509
9628.415961692,1230.964559214,22.606632839,-10.465226596
9629.416017860,1231.962206221,22.675083940,-10.453946683
9630.416074028,1232.959853227,22.743535041,-10.442666770
9631.416130196,1233.957500233,22.811986143,-10.431386857
9632.416186364,1234.955147240,22.880437244,-10.420106943
9633.416242532,1235.952794246,22.948888345,-10.408827030
9634.416298700,1236.950441253,23.017339447,-10.397547117
9635.416354868,1237.948088259,23.085790548,-10.386267204
9636.416410804,1238.945735358,23.154240300,-10.375007825
9637.416463414,1239.943383807,23.222670372,-10.364047910
9638.416516024,1240.941032256,23.291100445,-10.353087996
9639.416568634,1241.938680705,23.359530517,-10.342128081
9640.416621243,1242.936329154,23.427960589,-10.331168167
9641.416673853,1243.933977603,23.496390661,-10.320208252
9642.416726463,1244.931626052,23.564820733,-10.309248338
9643.416779073,1245.929274501,23.633250806,-10.298288423
9644.416831683,1246.926922950,23.701680878,-10.287328508
9645.416884292,1247.924571399,23.770110950,-10.276368594
9646.416935668,1248.922238732,23.838264711,-10.265519116
9647.416986152,1249.919920659,23.906204953,-10.254754977
9648.417036635,1250.917602585,23.974145195,-10.243990838
9649.417087118,1251.915284511,24.042085437,-10.233226700
9650.417137602,1252.912966438,24.110025678,-10.222462561
9651.417188085,1253.910648364,24.177965920,-10.211698423
9652.417238569,1254.908330291,24.245906162,-10.200934284
9653.417289052,1255.906012217,24.313846404,-10.190170145
9654.417339535,1256.903694143,24.381786646,-10.179406007
9655.417389858,1257.901371278,24.449796688,-10.168653462
9656.417438409,1258.898978374,24.518827008,-10.158070388
9657.417486960,1259.896585470,24.587857328,-10.147487314
9658.417535510,1260.894192565,24.656887648,-10.136904240
9659.417584061,1261.891799661,24.725917968,-10.126321166
9660.417632613,1262.889406757,24.794948288,-10.115738092
9661.417681164,1263.887013853,24.863978608,-10.105155017
9662.417729714,1264.884620948,24.933008928,-10.094571943
9663.417778265,1265.882228044,25.002039249,-10.083988869
9664.417826816,1266.879835140,25.071069569,-10.073405795
9665.417873794,1267.877482095,25.139519501,-10.062959847
9666.417919802,1268.875159870,25.207520687,-10.052619923
9667.417965809,1269.872837644,25.275521872,-10.042279999
9668.418011816,1270.870515418,25.343523058,-10.031940074
9669.418057824,1271.868193193,25.411524244,-10.021600150
9670.418103831,1272.865870967,25.479525430,-10.011260226
9671.418149838,1273.863548741,25.547526615,-10.000920301
9672.418195845,1274.861226516,25.615527801,-9.990580377
9673.418241852,1275.858904290,25.683528987,-9.980240453
9674.418287634,1276.856578828,25.751577387,-9.969920770
9675.418330415,1277.854205956,25.820317600,-9.959897685
9676.418373197,1278.851833084,25.889057813,-9.949874599
9677.418415978,1279.849460211,25.957798026,-9.939851514
9678.418458760,1280.847087339,26.026538239,-9.929828428
9679.418501541,1281.844714466,26.095278453,-9.919805343
9680.418544323,1282.842341594,26.164018666,-9.909782257
9681.418587105,1283.839968722,26.232758879,-9.899759171
9682.418629886,1284.837595849,26.301499092,-9.889736086
9683.418672668,1285.835222977,26.370239305,-9.879713000
9684.418713462,1286.832860133,26.438833692,-9.869889332
9685.418752762,1287.830505049,26.507315264,-9.860219936
9686.418792061,1288.828149964,26.575796836,-9.850550540
9687.418831359,1289.825794879,26.644278408,-9.840881144
9688.418870658,1290.823439794,26.712759980,-9.831211748
9689.418909958,1291.821084710,26.781241552,-9.821542352
9690.418949257,1292.818729625,26.849723124,-9.811872956
9691.418988556,1293.816374540,26.918204696,-9.802203560
9692.419027855,1294.814019455,26.986686268,-9.792534164
9693.419066938,1295.811662904,27.055189153,-9.782886842
9694.419102948,1296.809284811,27.124005089,-9.773563744
9695.419138959,1297.806906718,27.192821024,-9.764240647
9696.419174970,1298.804528625,27.261636960,-9.754917549
9697.419210981,1299.802150533,27.330452896,-9.745594452
9698.419246992,1300.799772440,27.399268831,-9.736271354
9699.419283002,1301.797394347,27.468084767,-9.726948257
9700.419319013,1302.795016254,27.536900703,-9.717625159
9701.419355024,1303.792638161,27.605716638,-9.708302062
9702.419391034,1304.790260068,27.674532574,-9.698978964
9703.419425352,1305.787900905,27.743073100,-9.689835975
9704.419458435,1306.785556395,27.811400445,-9.680832400
9705.419491518,1307.783211885,27.879727790,-9.671828825
9706.419524602,1308.780867375,27.948055135,-9.662825250
9707.419557684,1309.778522865,28.016382479,-9.653821675
9708.419590768,1310.776178355,28.084709824,-9.644818100
9709.419623859,1311.773833763,28.153038369,-9.635813645
9710.419656956,1312.771489109,28.221367816,-9.626808528
9711.419690052,1313.769144455,28.289697264,-9.617803412
9712.419722982,1314.766800008,28.358023684,-9.608816838
9713.419753496,1315.764458611,28.426305550,-9.600103218
9714.419784011,1316.762117215,28.494587416,-9.591389598
9715.419814526,1317.759775819,28.562869282,-9.582675978
9716.419845040,1318.757434422,28.631151149,-9.573962358
9717.419875554,1319.755093026,28.699433015,-9.565248738
9718.419906068,1320.752751629,28.767714881,-9.556535118
9719.419936583,1321.750410233,28.835996747,-9.547821498
9720.419967098,1322.748068837,28.904278613,-9.539107878
9721.419997612,1323.745727440,28.972560479,-9.530394259
9722.420026625,1324.743336606,29.041557990,-9.521831308
9723.420054846,1325.740907482,29.111109765,-9.513385050
9724.420083067,1326.738478359,29.180661540,-9.504938792
9725.420111287,1327.736049235,29.250213315,-9.496492534
9726.420139508,1328.733620111,29.319765090,-9.488046276
9727.420167728,1329.731190987,29.389316865,-9.479600018
9728.420195949,1330.728761864,29.458868640,-9.471153760
9729.420224169,1331.726332740,29.528420414,-9.462707502
9730.420252390,1332.723903616,29.597972189,-9.454261244
9731.420280396,1333.721481674,29.667419733,-9.445830888
9732.420306532,1334.719165678,29.735329456,-9.437635159
9733.420332668,1335.716849682,29.803239178,-9.429439431
9734.420358803,1336.714533686,29.871148901,-9.421243702
9735.420384939,1337.712217690,29.939058624,-9.413047973
9736.420411075,1338.709901694,30.006968346,-9.404852244
9737.420437212,1339.707585699,30.074878069,-9.396656516
9738.420463348,1340.705269703,30.142787792,-9.388460787
9739.420489483,1341.702953707,30.210697514,-9.380265058
9740.420515619,1342.700637711,30.278607237,-9.372069330
9741.420540269,1343.698246508,30.347606267,-9.363999514
9742.420564599,1344.695797027,30.417449423,-9.356027271
9743.420588928,1345.693347545,30.487292579,-9.348055027
9744.420613258,1346.690898063,30.557135735,-9.340082784
9745.420637587,1347.688448581,30.626978891,-9.332110541
9746.420661916,1348.685999099,30.696822047,-9.324138298
9747.420686237,1349.683549540,30.766666299,-9.316167042
9748.420710551,1350.681099902,30.836511691,-9.308196814
9749.420734864,1351.678650263,30.906357083,-9.300226587
9750.420759020,1352.676207680,30.976100527,-9.292266344
9751.420782090,1353.673869449,31.044336138,-9.284453770
9752.420805159,1354.671531217,31.112571749,-9.276641196
9753.420828229,1355.669192986,31.180807360,-9.268828622
9754.420851297,1356.666854754,31.249042970,-9.261016048
9755.420874366,1357.664516522,31.317278581,-9.253203474
9756.420897436,1358.662178291,31.385514192,-9.245390900
9757.420920505,1359.659840059,31.453749803,-9.237578326
9758.420943574,1360.657501827,31.521985414,-9.229765753
9759.420966644,1361.655163596,31.590221025,-9.221953179
9760.420989384,1362.652806831,31.658726650,-9.214179142
9761.421011920,1363.650435696,31.727441639,-9.206434987
9762.421034458,1364.648064562,31.796156627,-9.198690831
9763.421056995,1365.645693427,31.864871615,-9.190946676
9764.421079531,1366.643322292,31.933586603,-9.183202521
9765.421102069,1367.640951158,32.002301591,-9.175458365
9766.421124606,1368.638580023,32.071016580,-9.167714210
9767.421147143,1369.636208889,32.139731568,-9.159970054
9768.421169680,1370.633837754,32.208446556,-9.152225899
9769.421192158,1371.631473310,32.277063290,-9.144480081
9770.421214899,1372.629208052,32.344223452,-9.136709614
9771.421237640,1373.626942794,32.411383614,-9.128939147
9772.421260382,1374.624677536,32.478543775,-9.121168680
9773.421283123,1375.622412278,32.545703937,-9.113398214
9774.421305864,1376.620147020,32.612864099,-9.105627747
9775.421328605,1377.617881762,32.680024261,-9.097857280
9776.421351346,1378.615616504,32.747184422,-9.090086813
9777.421374087,1379.613351246,32.814344584,-9.082316347
9778.421396828,1380.611085987,32.881504746,-9.074545880
9779.421419795,1381.608765143,32.949481844,-9.066713174
9780.421443400,1382.606401172,33.018092737,-9.058832181
9781.421467007,1383.604037202,33.086703630,-9.050951189
9782.421490613,1384.601673232,33.155314524,-9.043070196
9783.421514219,1385.599309262,33.223925417,-9.035189203
9784.421537825,1386.596945292,33.292536310,-9.027308211
9785.421561431,1387.594581321,33.361147203,-9.019427218
9786.421585037,1388.592217351,33.429758096,-9.011546226
9787.421608643,1389.589853381,33.498368989,-9.003665233
9788.421632333,1390.587491418,33.566950590,-8.995772692
9789.421657401,1391.585159292,33.635096885,-8.987708534
9790.421682467,1392.582827165,33.703243180,-8.979644376
9791.421707533,1393.580495038,33.771389475,-8.971580218
9792.421732599,1394.578162911,33.839535770,-8.963516060
9793.421757665,1395.575830784,33.907682065,-8.955451902
9794.421782731,1396.573498657,33.975828360,-8.947387744
9795.421807798,1397.571166530,34.043974655,-8.939323585
9796.421832865,1398.568834404,34.112120949,-8.931259427
9797.421857931,1399.566502277,34.180267244,-8.923195269
9798.421884006,1400.564163978,34.248503794,-8.915006560
9799.421910881,1401.561820888,34.316810404,-8.906721169
9800.421937755,1402.559477797,34.385117014,-8.898435778
9801.421964630,1403.557134707,34.453423624,-8.890150386
9802.421991505,1404.554791617,34.521730233,-8.881864995
9803.422018380,1405.552448527,34.590036843,-8.873579604
9804.422045253,1406.550105476,34.658342878,-8.865294456
9805.422072108,1407.547762757,34.726644059,-8.857011369
9806.422099439,1408.545320599,34.796371168,-8.848576582
9807.422128563,1409.542801234,34.867205374,-8.840024014
9808.422157687,1410.540281869,34.938039579,-8.831471447
9809.422186812,1411.537762505,35.008873785,-8.822918879
9810.422215935,1412.535243140,35.079707991,-8.814366311
9811.422245059,1413.532723775,35.150542197,-8.805813743
9812.422274184,1414.530204411,35.221376403,-8.797261176
9813.422303308,1415.527685046,35.292210609,-8.788708608
9814.422332431,1416.525165681,35.363044814,-8.780156040
9815.422361651,1417.522653767,35.433772827,-8.771582495
9816.422393685,1418.520252925,35.502917778,-8.762696241
9817.422425718,1419.517852082,35.572062728,-8.753809986
9818.422457752,1420.515451239,35.641207679,-8.744923732
9819.422489785,1421.513050396,35.710352629,-8.736037477
9820.422521818,1422.510649553,35.779497580,-8.727151223
9821.422553853,1423.508248711,35.848642531,-8.718264968
9822.422585886,1424.505847868,35.917787481,-8.709378714
9823.422617919,1425.503447025,35.986932432,-8.700492459
9824.422649953,1426.501046182,36.056077383,-8.691606205
9825.422683759,1427.498656880,36.125055466,-8.682521497
9826.422718988,1428.496276544,36.193903922,-8.673282623
9827.422754217,1429.493896207,36.262752377,-8.664043749
9828.422789446,1430.491515870,36.331600832,-8.654804876
9829.422824675,1431.489135534,36.400449288,-8.645566002
9830.422859904,1432.486755197,36.469297743,-8.636327128
9831.422895134,1433.484374861,36.538146199,-8.627088254
9832.422930362,1434.481994524,36.606994654,-8.617849381
9833.422965591,1435.479614187,36.675843109,-8.608610507
9834.423001015,1436.477231599,36.744724072,-8.599349779
9835.423039523,1437.474815360,36.814090793,-8.589762485
9836.423078032,1438.472399121,36.883457514,-8.580175190
9837.423116541,1439.469982883,36.952824235,-8.570587896
9838.423155050,1440.467566644,37.022190956,-8.561000601
9839.423193558,1441.465150405,37.091557677,-8.551413306
9840.423232067,1442.462734166,37.160924398,-8.541826012
9841.423270575,1443.460317927,37.230291119,-8.532238717
9842.423309085,1444.457901689,37.299657840,-8.522651422
9843.423347593,1445.455485450,37.369024561,-8.513064128
9844.423387854,1446.453053826,37.438611915,-8.503293822
9845.423429534,1447.450610243,37.508370769,-8.493381260
9846.423471214,1448.448166660,37.578129623,-8.483468698
9847.423512894,1449.445723077,37.647888477,-8.473556136
9848.423554573,1450.443279493,37.717647331,-8.463643574
9849.423596253,1451.440835910,37.787406185,-8.453731013
9850.423637933,1452.438392327,37.857165038,-8.443818451
9851.423679613,1453.435948744,37.926923892,-8.433905889
9852.423721293,1454.433505161,37.996682746,-8.423993327
9853.423763093,1455.431067139,38.066361336,-8.414063770
9854.423807501,1456.428712414,38.134837663,-8.403879639
9855.423851910,1457.426357690,38.203313989,-8.393695508
9856.423896319,1458.424002965,38.271790316,-8.383511376
9857.423940727,1459.421648240,38.340266643,-8.373327245
9858.423985135,1460.419293515,38.408742969,-8.363143114
9859.424029545,1461.416938791,38.477219296,-8.352958983
9860.424073953,1462.414584066,38.545695623,-8.342774852
9861.424118361,1463.412229341,38.614171950,-8.332590721
9862.424162771,1464.409874617,38.682648276,-8.322406590
9863.424208245,1465.407521716,38.751098021,-8.312118241
9864.424254557,1466.405170233,38.819527092,-8.301748836
9865.424300870,1467.402818751,38.887956163,-8.291379432
9866.424347183,1468.400467269,38.956385234,-8.281010028
9867.424393496,1469.398115787,39.024814304,-8.270640624
9868.424439807,1470.395764304,39.093243375,-8.260271219
9869.424486120,1471.393412822,39.161672446,-8.249901815
9870.424532433,1472.391061340,39.230101517,-8.239532411
9871.424578745,1473.388709857,39.298530588,-8.229163007
9872.424625100,1474.386356718,39.366983748,-8.218789067
9873.424672169,1475.383978701,39.435798586,-8.208347040
9874.424719237,1476.381600684,39.504613425,-8.197905013
9875.424766305,1477.379222667,39.573428263,-8.187462986
9876.424813373,1478.376844649,39.642243102,-8.177020959
9877.424860441,1479.374466632,39.711057940,-8.166578932
9878.424907509,1480.372088615,39.779872779,-8.156136905
9879.424954578,1481.369710598,39.848687617,-8.145694877
9880.425001646,1482.367332581,39.917502456,-8.135252850
9881.425048714,1483.364954564,39.986317294,-8.124810823
9882.425095065,1484.362516927,40.055986961,-8.114410236
9883.425141366,1485.360032896,40.126321833,-8.104041897
9884.425187668,1486.357548865,40.196656706,-8.093673557
9885.425233969,1487.355064834,40.266991578,-8.083305218
9886.425280271,1488.352580803,40.337326451,-8.072936878
9887.425326572,1489.350096772,40.407661324,-8.062568539
9888.425372874,1490.347612741,40.477996196,-8.052200200
9889.425419175,1491.345128710,40.548331069,-8.041831860
9890.425465477,1492.342644679,40.618665941,-8.031463521
9891.425511570,1493.340166688,40.688914280,-8.021109717
9892.425555480,1494.337779624,40.757860152,-8.010974696
9893.425599390,1495.335392560,40.826806024,-8.000839674
9894.425643299,1496.333005495,40.895751896,-7.990704653
9895.425687209,1497.330618431,40.964697767,-7.980569632
9896.425731119,1498.328231367,41.033643639,-7.970434611
9897.425775028,1499.325844302,41.102589511,-7.960299590
9898.425818938,1500.323457242,41.171535325,-7.950164599
9899.425862833,1501.321070355,41.240478625,-7.940030956
9900.425906730,1502.318683469,41.309421925,-7.929897313
9901.425948440,1503.316273577,41.378696686,-7.919977333
9902.425988557,1504.313845773,41.448229531,-7.910223717
9903.426028674,1505.311417969,41.517762376,-7.900470101
9904.426068791,1506.308990165,41.587295221,-7.890716486
9905.426108908,1507.306562361,41.656828067,-7.880962870
9906.426149025,1508.304134557,41.726360912,-7.871209254
9907.426189142,1509.301706753,41.795893757,-7.861455638
9908.426229258,1510.299278948,41.865426602,-7.851702022
9909.426269375,1511.296851144,41.934959447,-7.841948406
9910.426309169,1512.294419195,42.004551365,-7.832225349
9911.426344612,1513.291924700,42.075034471,-7.822963314
9912.426380055,1514.289430206,42.145517577,-7.813701278
9913.426415498,1515.286935712,42.216000683,-7.804439243
9914.426450942,1516.284441218,42.286483789,-7.795177208
9915.426486385,1517.281946724,42.356966895,-7.785915172
9916.426521829,1518.279452230,42.427450002,-7.776653137
9917.426557272,1519.276957736,42.497933108,-7.767391101
9918.426592715,1520.274463242,42.568416214,-7.758129066
9919.426628159,1521.271968748,42.638899320,-7.748867031
9920.426660759,1522.269485004,42.709229988,-7.739916214
9921.426691228,1523.267009636,42.779441897,-7.731207856
9922.426721696,1524.264534267,42.849653807,-7.722499499
9923.426752165,1525.262058899,42.919865716,-7.713791142
9924.426782633,1526.259583530,42.990077625,-7.705082784
9925.426813102,1527.257108162,43.060289535,-7.696374427
9926.426843570,1528.254632793,43.130501444,-7.687666070
9927.426874040,1529.252157425,43.200713353,-7.678957712
9928.426904508,1530.249682056,43.270925262,-7.670249355
9929.426934592,1531.247213395,43.341040805,-7.661577102
9930.426960161,1532.244846170,43.409699001,-7.653450848
9931.426985730,1533.242478946,43.478357197,-7.645324595
9932.427011298,1534.240111721,43.547015393,-7.637198341
9933.427036868,1535.237744497,43.615673589,-7.629072088
9934.427062436,1536.235377272,43.684331785,-7.620945834
9935.427088006,1537.233010048,43.752989981,-7.612819581
9936.427113574,1538.230642823,43.821648177,-7.604693328
9937.427139144,1539.228275599,43.890306373,-7.596567074
9938.427164712,1540.225908374,43.958964569,-7.588440821
9939.427187594,1541.223542896,44.027597390,-7.580652322
9940.427208460,1542.221178778,44.096210429,-7.573127109
9941.427229325,1543.218814660,44.164823468,-7.565601896
9942.427250190,1544.216450542,44.233436507,-7.558076683
9943.427271056,1545.214086425,44.302049546,-7.550551470
9944.427291922,1546.211722307,44.370662585,-7.543026257
9945.427312787,1547.209358189,44.439275624,-7.535501044
9946.427333652,1548.206994071,44.507888663,-7.527975831
9947.427354518,1549.204629953,44.576501702,-7.520450618
9948.427375088,1550.202264573,44.645133054,-7.512964406
9949.427391410,1551.199880061,44.714041990,-7.506069390
9950.427407732,1552.197495549,44.782950927,-7.499174374
9951.427424053,1553.195111036,44.851859864,-7.492279359
9952.427440376,1554.192726524,44.920768801,-7.485384343
9953.427456697,1555.190342011,44.989677738,-7.478489327
9954.427473019,1556.187957499,45.058586674,-7.471594311
9955.427489347,1557.185572941,45.127496271,-7.464698355
9956.427505686,1558.183188311,45.196406909,-7.457800915
9957.427522024,1559.180803681,45.265317548,-7.450903475
9958.427535904,1560.178371869,45.334905282,-7.444344703
9959.427548267,1561.175903259,45.405021113,-7.438050073
9960.427560629,1562.173434648,45.475136944,-7.431755443
9961.427572992,1563.170966038,45.545252776,-7.425460812
9962.427585354,1564.168497427,45.615368607,-7.419166182
9963.427597716,1565.166028816,45.685484438,-7.412871552
9964.427610079,1566.163560206,45.755600270,-7.406576922
9965.427621674,1567.161072627,45.825977993,-7.400321041
9966.427630285,1568.158296956,45.900333498,-7.394653717
9967.427638895,1569.155521284,45.974689004,-7.388986392
9968.427647506,1570.152745613,46.049044510,-7.383319067
9969.427656117,1571.149969941,46.123400016,-7.377651743
9970.427664728,1572.147194270,46.197755522,-7.371984418
9971.427673339,1573.144418599,46.272111027,-7.366317093
9972.427681949,1574.141642927,46.346466533,-7.360649769
9973.427690560,1575.138867256,46.420822039,-7.354982444
9974.427699170,1576.136091584,46.495177545,-7.349315119
9975.427705558,1577.133350885,46.569061339,-7.344038022
9976.427710472,1578.130637475,46.642577051,-7.339065425
9977.427715387,1579.127924065,46.716092762,-7.334092828
9978.427720301,1580.125210655,46.789608473,-7.329120231
9979.427725216,1581.122497245,46.863124184,-7.324147634
9980.427730131,1582.119783835,46.936639896,-7.319175037
9981.427735045,1583.117070425,47.010155607,-7.314202440
9982.427739961,1584.114357016,47.083671318,-7.309229843
9983.427744875,1585.111643606,47.157187029,-7.304257246
9984.427749566,1586.108935008,47.230636985,-7.299323185
9985.427751567,1587.106299672,47.303085788,-7.294975848
9986.427753567,1588.103664336,47.375534590,-7.290628511
9987.427755569,1589.101029001,47.447983393,-7.286281174
9988.427757570,1590.098393665,47.520432196,-7.281933837
9989.427759570,1591.095758329,47.592880999,-7.277586500
9990.427761571,1592.093122993,47.665329802,-7.273239163
9991.427763573,1593.090487658,47.737778604,-7.268891826
9992.427765573,1594.087852322,47.810227407,-7.264544489
9993.427767574,1595.085216986,47.882676210,-7.260197152
9994.427767539,1596.082468226,47.956657447,-7.256114252
9995.427767603,1597.079630911,48.031835119,-7.252237808
9996.427767668,1598.076793596,48.107012791,-7.248361365
9997.427767733,1599.073956281,48.182190463,-7.244484922
9998.427767798,1600.071118966,48.257368136,-7.240608479
9999.427767863,1601.068281651,48.332545808,-7.236732036
10000.427767927,1602.065444336,48.407723480,-7.232855593
10001.427767992,1603.062607021,48.482901152,-7.228979150
10002.427767954,1604.059764799,48.558143457,-7.225121135
10003.427766902,1605.056847699,48.634372015,-7.221544318
10004.427765850,1606.053930599,48.710600572,-7.217967501
10005.427764798,1607.051013499,48.786829130,-7.214390683
10006.427763746,1608.048096399,48.863057687,-7.210813866
10007.427762694,1609.045179299,48.939286244,-7.207237049
10008.427761642,1610.042262199,49.015514802,-7.203660232
10009.427760590,1611.039345099,49.091743359,-7.200083414
10010.427759538,1612.036427999,49.167971917,-7.196506597
10011.427758487,1613.033510900,49.244200474,-7.192929780
10012.427756895,1614.030663179,49.319511643,-7.189411700
10013.427755475,1615.027869655,49.394106201,-7.185939501
10014.427754054,1616.025076130,49.468700759,-7.182467303
10015.427752634,1617.022282606,49.543295317,-7.178995104
10016.427751213,1618.019489081,49.617889875,-7.175522906
10017.427749792,1619.016695556,49.692484433,-7.172050707
10018.427748372,1620.013902032,49.767078991,-7.168578509
10019.427746951,1621.011108507,49.841673549,-7.165106310
10020.427745530,1622.008314982,49.916268107,-7.161634112
10021.427739703,1623.005767281,49.987435444,-7.158103241
10022.427738651,1624.003411651,50.055924962,-7.154526528
10023.427737599,1625.001056021,50.124414479,-7.150949815
10024.427736546,1625.998700390,50.192903997,-7.147373102
10025.427735494,1626.996344760,50.261393514,-7.143796388
10026.427734442,1627.993989130,50.329883032,-7.140219675
10027.427733390,1628.991633500,50.398372549,-7.136642962
10028.427732338,1629.989277870,50.466862067,-7.133066249
10029.427731284,1630.986922153,50.535352851,-7.129489909
10030.427730623,1631.984520848,50.604502014,-7.125759738
10031.427730587,1632.982083953,50.674165150,-7.121909177
10032.427730552,1633.979647059,50.743828286,-7.118058615
10033.427730516,1634.977210165,50.813491421,-7.114208054
10034.427730481,1635.974773271,50.883154557,-7.110357492
10035.427730446,1636.972336377,50.952817693,-7.106506931
10036.427730411,1637.969899483,51.022480829,-7.102656369
10037.427730375,1638.967462588,51.092143965,-7.098805808
10038.427729735,1639.965004234,51.162104025,-7.094936088
10039.427730953,1640.962217007,51.236614343,-7.090772777
10040.427732170,1641.959429780,51.311124662,-7.086609466
10041.427733389,1642.956642554,51.385634980,-7.082446154
10042.427734607,1643.953855327,51.460145298,-7.078282843
10043.427735824,1644.951068100,51.534655616,-7.074119531
10044.427735655,1645.948246932,51.609599459,-7.069941270
10045.427737919,1646.944905347,51.691190549,-7.065533790
10046.427740184,1647.941563763,51.772781640,-7.061126310
10047.427742448,1648.938222178,51.854372730,-7.056718829
10048.427742211,1649.934830766,51.936539096,-7.052298801
10049.427745399,1650.930675110,52.027528897,-7.047686319
10050.427748588,1651.926519455,52.118518699,-7.043073838
10051.427751776,1652.922363799,52.209508501,-7.038461356
10052.427753940,1653.918172087,52.300879750,-7.033827289
10053.427758817,1654.913427184,52.398103175,-7.028862059
10054.427763695,1655.908682281,52.495326599,-7.023896829
10055.427768573,1656.903937378,52.592550024,-7.018931600
10056.427773451,1657.899192475,52.689773448,-7.013966370
10057.427778329,1658.894447572,52.786996873,-7.009001140
10058.427783207,1659.889702669,52.884220297,-7.004035910
10059.427788085,1660.884957766,52.981443722,-6.999070681
10060.427792964,1661.880212864,53.078667146,-6.994105451
10061.427797842,1662.875467961,53.175890571,-6.989140221
10062.427800511,1663.870434030,53.275995826,-6.983963591
10063.427807331,1664.865174044,53.378355033,-6.978621618
10064.427814150,1665.859914058,53.480714239,-6.973279646
10065.427820970,1666.854654072,53.583073446,-6.967937674
10066.427827789,1667.849394086,53.685432652,-6.962595701
10067.427833031,1668.843861075,53.790385925,-6.957054840
10068.427841807,1669.838114501,53.897368294,-6.951358407
10069.427850582,1670.832367927,54.004350663,-6.945661973
10070.427859358,1671.826621353,54.111333032,-6.939965540
10071.427868134,1672.820874779,54.218315401,-6.934269106
10072.427876910,1673.815128205,54.325297769,-6.928572673
10073.427885687,1674.809381632,54.432280138,-6.922876239
10074.427894463,1675.803635058,54.539262507,-6.917179806
10075.427900410,1676.797819123,54.646860138,-6.911462400
10076.427911201,1677.790936360,54.763921045,-6.905422421
10077.427921993,1678.784053597,54.880981951,-6.899382442
10078.427932786,1679.777170835,54.998042858,-6.893342463
10079.427934497,1680.769669057,55.120157947,-6.887129080
10080.427947203,1681.761682949,55.246227535,-6.880780022
10081.427959909,1682.753696840,55.372297124,-6.874430964
10082.427972616,1683.745710732,55.498366712,-6.868081906
10083.427985323,1684.737724624,55.624436301,-6.861732848
10084.427997516,1685.729699369,55.750807898,-6.855352298
10085.428013633,1686.721071572,55.881827963,-6.848487016
10086.428029750,1687.712443775,56.012848027,-6.841621735
10087.428045868,1688.703815979,56.143868091,-6.834756453
10088.428061985,1689.695188182,56.274888156,-6.827891171
10089.428078102,1690.686560385,56.405908220,-6.821025890
10090.428094219,1691.677932588,56.536928284,-6.814160608
10091.428110337,1692.669304792,56.667948348,-6.807295327
10092.428123561,1693.660180993,56.802628625,-6.800082431
10093.428144125,1694.650668979,56.940173720,-6.792597461
10094.428164688,1695.641156964,57.077718815,-6.785112490
10095.428185252,1696.631644950,57.215263911,-6.777627520
10096.428205815,1697.622132935,57.352809006,-6.770142550
10097.428226379,1698.612620921,57.490354101,-6.762657579
10098.428249218,1699.602953176,57.629012452,-6.754811263
10099.428274810,1700.593163530,57.768542224,-6.746682097
10100.428300403,1701.583373884,57.908071996,-6.738552930
10101.428325996,1702.573584238,58.047601769,-6.730423764
10102.428351588,1703.563794592,58.187131541,-6.722294598
10103.428377181,1704.554004946,58.326661313,-6.714165432
10104.428401440,1705.544277807,58.465735011,-6.705999231
10105.428432163,1706.535514989,58.597772702,-6.697261683
10106.428462887,1707.526752171,58.729810392,-6.688524136
10107.428493610,1708.517989353,58.861848083,-6.679786589
10108.428524338,1709.509226513,58.993885941,-6.671048485
10109.428554187,1710.500923654,59.122384613,-6.661852266
10110.428592384,1711.492980957,59.248112141,-6.652297597
10111.428630580,1712.485038259,59.373839670,-6.642742928
10112.428668776,1713.477095561,59.499567198,-6.633188259
10113.428706973,1714.469152864,59.625294727,-6.623633590
10114.428745169,1715.461210166,59.751022255,-6.614078921
10115.428783367,1716.453267469,59.876749784,-6.604524252
10116.428821563,1717.445324771,60.002477312,-6.594969583
10117.428859759,1718.437382073,60.128204841,-6.585414914
10118.428897016,1719.429383236,60.254363007,-6.575806315
10119.428944081,1720.420517105,60.387173983,-6.565364557
10120.428991146,1721.411650975,60.519984959,-6.554922800
10121.429038211,1722.402784844,60.652795935,-6.544481043
10122.429085277,1723.393918714,60.785606911,-6.534039285
10123.429132342,1724.385052583,60.918417887,-6.523597528
10124.429184358,1725.376067097,61.052114228,-6.512663332
10125.429240977,1726.366988120,61.186504062,-6.501343416
10126.429297598,1727.357909144,61.320893897,-6.490023500
10127.429354218,1728.348830168,61.455283731,-6.478703585
10128.429410837,1729.339751191,61.589673565,-6.467383669
10129.429467458,1730.330672215,61.724063400,-6.456063753
10130.429524077,1731.321593238,61.858453234,-6.444743838
10131.429580697,1732.312514262,61.992843068,-6.433423922
10132.429637318,1733.303435286,62.127232903,-6.422104006
10133.429694624,1734.294366807,62.261544955,-6.410719438
10134.429763869,1735.285460796,62.394653207,-6.398334265
10135.429833114,1736.276554786,62.527761459,-6.385949091
10136.429902359,1737.267648775,62.660869711,-6.373563918
10137.429971605,1738.258742765,62.793977963,-6.361178745
10138.430040849,1739.249836754,62.927086214,-6.348793571
10139.430110094,1740.240930743,63.060194466,-6.336408398
10140.430179340,1741.232024733,63.193302718,-6.324023225
10141.430248585,1742.223118722,63.326410970,-6.311638051
10142.430317830,1743.214212712,63.459519222,-6.299252878
10143.430392544,1744.205032054,63.594644664,-6.286307671
10144.430474659,1745.195636148,63.731351036,-6.272923549
10145.430556775,1746.186240242,63.868057408,-6.259539428
10146.430638889,1747.176844335,64.004763780,-6.246155306
10147.430721005,1748.167448429,64.141470152,-6.232771184
10148.430803121,1749.158052523,64.278176525,-6.219387063
10149.430885235,1750.148656616,64.414882897,-6.206002941
10150.430967351,1751.139260710,64.551589269,-6.192618819
10151.431049466,1752.129864804,64.688295641,-6.179234698
10152.431132108,1753.120485026,64.824884291,-6.165803128
10153.431225015,1754.111355439,64.959646771,-6.151635516
10154.431317923,1755.102225853,65.094409250,-6.137467905
10155.431410831,1756.093096267,65.229171730,-6.123300293
10156.431503738,1757.083966680,65.363934209,-6.109132682
10157.431596646,1758.074837094,65.498696689,-6.094965071
10158.431689554,1759.065707508,65.633459169,-6.080797459
10159.431778815,1760.057158544,65.763822145,-6.066345195
10160.431879046,1761.049064816,65.890735699,-6.051669749
10161.431979276,1762.040971088,66.017649253,-6.036994303
10162.432079507,1763.032877360,66.144562807,-6.022318857
10163.432180090,1764.024784553,66.271469158,-6.007619345
10164.432286239,1765.016706053,66.398263640,-5.992546036
10165.432392386,1766.008627553,66.525058121,-5.977472727
10166.432498535,1767.000549053,66.651852603,-5.962399418
10167.432604683,1767.992470553,66.778647084,-5.947326109
10168.432710125,1768.983896274,66.909218005,-5.931925803
10169.432825236,1769.974933217,67.042750327,-5.916269072
10170.432940347,1770.965970159,67.176282649,-5.900612342
10171.433055459,1771.957007102,67.309814971,-5.884955612
10172.433170570,1772.948044045,67.443347294,-5.869298881
10173.433285681,1773.939080987,67.576879616,-5.853642151
10174.433400793,1774.930117930,67.710411938,-5.837985420
10175.433515903,1775.921154872,67.843944260,-5.822328690
10176.433631015,1776.912191815,67.977476582,-5.806671960
10177.433746822,1777.903229877,68.111000594,-5.790970841
10178.433873704,1778.894285343,68.244395363,-5.774579387
10179.434000588,1779.885340810,68.377790133,-5.758187932
10180.434127471,1780.876396277,68.511184903,-5.741796477
10181.434254354,1781.867451743,68.644579673,-5.725405022
10182.434381237,1782.858507210,68.777974442,-5.709013568
10183.434508121,1783.849562677,68.911369212,-5.692622113
10184.434635003,1784.840618143,69.044763982,-5.676230658
10185.434761887,1785.831673610,69.178158751,-5.659839204
10186.434888770,1786.822729077,69.311553521,-5.643447749
10187.435021887,1787.813881229,69.444226421,-5.626667876
10188.435160371,1788.805109242,69.576332924,-5.609583240
10189.435298855,1789.796337255,69.708439428,-5.592498604
10190.435437338,1790.787565268,69.840545932,-5.575413968
10191.435575823,1791.778793282,69.972652435,-5.558329332
10192.435714307,1792.770021295,70.104758939,-5.541244696
10193.435852794,1793.761249335,70.236865240,-5.524159896
10194.435991305,1794.752477612,70.368969763,-5.507073666
10195.436129817,1795.743705890,70.501074286,-5.489987436
10196.436268833,1796.734954885,70.633021778,-5.472860220
10197.436419192,1797.726526875,70.762521164,-5.455094036
10198.436569551,1798.718098866,70.892020549,-5.437327851
10199.436719910,1799.709670856,71.021519934,-5.419561666
10200.436870268,1800.701242846,71.151019319,-5.401795482
10201.437020626,1801.692814836,71.280518704,-5.384029297
10202.437170986,1802.684386827,71.410018090,-5.366263112
10203.437321344,1803.675958817,71.539517475,-5.348496928
10204.437471703,1804.667530807,71.669016860,-5.330730743
10205.437622061,1805.659102797,71.798516245,-5.312964558
10206.437778366,1806.650476182,71.929520470,-5.294816844
10207.437941054,1807.641693649,72.061706075,-5.276369608
10208.438103742,1808.632911117,72.193891679,-5.257922373
10209.438266431,1809.624128585,72.326077284,-5.239475137
10210.438429119,1810.615346053,72.458262889,-5.221027902
10211.438591808,1811.606563521,72.590448493,-5.202580666
10212.438754496,1812.597780989,72.722634098,-5.184133430
10213.438917184,1813.588998456,72.854819702,-5.165686195
10214.439079872,1814.580215924,72.987005307,-5.147238959
10215.439243305,1815.571432903,73.119194577,-5.128751398
10216.439418586,1816.562642241,73.251441134,-5.109633629
10217.439593866,1817.553851578,73.383687690,-5.090515859
10218.439769147,1818.545060916,73.515934247,-5.071398090
10219.439944427,1819.536270253,73.648180804,-5.052280320
10220.440119708,1820.527479591,73.780427360,-5.033162551
10221.440294989,1821.518688929,73.912673917,-5.014044781
10222.440470269,1822.509898266,74.044920473,-4.994927012
10223.440645550,1823.501107604,74.177167030,-4.975809242
10224.440820829,1824.492316941,74.309413586,-4.956691473
10225.441002793,1825.483611252,74.441020442,-4.937218805
10226.441190386,1826.474972307,74.572124831,-4.917467375
10227.441377980,1827.466333363,74.703229221,-4.897715945
10228.441565573,1828.457694418,74.834333610,-4.877964515
10229.441753166,1829.449055473,74.965438000,-4.858213085
10230.441940759,1830.440416528,75.096542390,-4.838461655
10231.442128352,1831.431777583,75.227646779,-4.818710226
10232.442315946,1832.423138638,75.358751169,-4.798958796
10233.442503539,1833.414499693,75.489855558,-4.779207366
10234.442716532,1834.405840164,75.621114065,-4.758200039
10235.443536231,1835.396858169,75.754786861,-4.717518745
10236.444355931,1836.387876174,75.888459657,-4.676837451
10237.445175630,1837.378894179,76.022132453,-4.636156156
10238.445995329,1838.369912184,76.155805248,-4.595474862
10239.446577826,1839.360925073,76.289515937,-4.561120258
10240.446571442,1840.351909001,76.423441126,-4.562579892
10241.446565059,1841.342892930,76.557366316,-4.564039526
10242.446558676,1842.333876858,76.691291505,-4.565499159
10243.446552292,1843.324860786,76.825216695,-4.566958793
10244.446603176,1844.315561291,76.961210036,-4.556000128
10245.446810331,1845.306039049,77.098828758,-4.535281795
10246.447017485,1846.296516807,77.236447480,-4.514563463
10247.447224640,1847.286994566,77.374066202,-4.493845130
10248.447431794,1848.277472324,77.511684924,-4.473126797
10249.447638949,1849.267950083,77.649303646,-4.452408464
10250.447845155,1850.258372150,77.787313715,-4.431676742
10251.448056965,1851.247920140,77.931465988,-4.410734859
10252.448268775,1852.237468130,78.075618261,-4.389792977
10253.448480584,1853.227016120,78.219770534,-4.368851094
10254.448692395,1854.216564111,78.363922807,-4.347909212
10255.448902952,1855.206048934,78.508498093,-4.326958588
10256.449117830,1856.194541868,78.659715895,-4.305870702
10257.449332708,1857.183034801,78.810933697,-4.284782815
10258.449547585,1858.171527734,78.962151500,-4.263694929
10259.449762463,1859.160020667,79.113369302,-4.242607042
10260.449975758,1860.148441706,79.265045186,-4.221514099
10261.450192421,1861.135733267,79.423917705,-4.200341723
10262.450409083,1862.123024827,79.582790223,-4.179169346
10263.450625747,1863.110316388,79.741662742,-4.157996970
10264.450840294,1864.097522126,79.901054043,-4.136821883
10265.451057916,1865.083379012,80.068598971,-4.115604201
10266.451275539,1866.069235898,80.236143899,-4.094386518
10267.451493162,1867.055092784,80.403688827,-4.073168835
10268.451710784,1868.040949670,80.571233755,-4.051951152
10269.451920863,1869.026058741,80.743077434,-4.030736311
10270.452138378,1870.010579765,80.918301452,-4.009523704
10271.452355893,1870.995100789,81.093525469,-3.988311096
10272.452573408,1871.979621813,81.268749486,-3.967098489
10273.452790923,1872.964142837,81.443973503,-3.945885882
10274.453007280,1873.948598325,81.619559285,-3.924677720
10275.453223221,1874.932022869,81.800836062,-3.903539491
10276.453439162,1875.915447413,81.982112838,-3.882401262
10277.453655102,1876.898871956,82.163389615,-3.861263033
10278.453871043,1877.882296500,82.344666391,-3.840124804
10279.454086982,1878.865721043,82.525943168,-3.818986574
10280.454301904,1879.849087492,82.707530500,-3.797859428
10281.454513940,1880.831539556,82.894005819,-3.776906723
10282.454725977,1881.813991620,83.080481137,-3.755954017
10283.454938014,1882.796443684,83.266956456,-3.735001312
10284.455150050,1883.778895748,83.453431774,-3.714048607
10285.455362087,1884.761347812,83.639907093,-3.693095901
10286.455574124,1885.743799876,83.826382411,-3.672143196
10287.455784719,1886.726180242,84.013229051,-3.651205580
10288.455991491,1887.707431089,84.205925386,-3.630505674
10289.456198264,1888.688681936,84.398621721,-3.609805769
10290.456405038,1889.669932784,84.591318055,-3.589105864
10291.456611811,1890.651183631,84.784014390,-3.568405959
10292.456811087,1891.631818556,84.979797174,-3.547842912
10293.457012819,1892.611252184,85.181526872,-3.527388067
10294.457214550,1893.590685812,85.383256571,-3.506933223
10295.457416282,1894.570119440,85.584986269,-3.486478378
10296.457604731,1895.548495689,85.791733290,-3.466167796
10297.457801224,1896.526039965,86.002428071,-3.445970723
10298.457997717,1897.503584241,86.213122852,-3.425773651
10299.458190934,1898.480996162,86.424416735,-3.405591916
10300.458382266,1899.456321176,86.645156899,-3.385652019
10301.458573599,1900.431646189,86.865897064,-3.365712123
10302.458760776,1901.406813181,87.087316938,-3.345788118
10303.458946830,1902.379487883,87.319457040,-3.326114751
10304.459132885,1903.352162585,87.551597142,-3.306441384
10305.459314373,1904.324662228,87.784451226,-3.286783606
10306.459495319,1905.294401132,88.028565053,-3.267371668
10307.459676266,1906.264140036,88.272678881,-3.247959729
10308.459838001,1907.232268923,88.523036313,-3.228695518
10309.460013859,1908.199130851,88.778306983,-3.209547555
10310.460185631,1909.165812262,89.034245648,-3.190415809
10311.460356318,1910.129646198,89.300721248,-3.171539859
10312.460527006,1911.093480135,89.567196847,-3.152663909
10313.460677515,1912.055521699,89.840009961,-3.133953611
10314.460842661,1913.016152739,90.117810446,-3.115373675
10315.461003568,1913.976584450,90.396285270,-3.096811856
10316.461163113,1914.933871125,90.685399997,-3.078535890
10317.461322656,1915.891157799,90.974514725,-3.060259923
10318.461462367,1916.846531740,91.269832477,-3.042163000
10319.461616116,1917.800400355,91.570032024,-3.024206985
10320.461765554,1918.754053400,91.870902650,-3.006272785
10321.461912798,1919.704304975,92.182362193,-2.988682825
10322.462060042,1920.654556550,92.493821736,-2.971092864
10323.462203289,1921.604595211,92.805918703,-2.953527536
10324.462343348,1922.551273927,93.128074738,-2.936350940
10325.462483407,1923.497952643,93.450230774,-2.919174344
10326.462619644,1924.444418379,93.773001637,-2.902025804
10327.462751727,1925.387522385,94.105477106,-2.885320125
10328.462883810,1926.330626391,94.437952574,-2.868614445
10329.463015892,1927.273730396,94.770428043,-2.851908765
10330.463130164,1928.214894150,95.108318338,-2.835492467
10331.463253742,1929.154530771,95.450470530,-2.819303935
10332.463377320,1930.094167392,95.792622723,-2.803115403
10333.463497993,1931.033614713,96.135287456,-2.786960741
10334.463612529,1931.970073232,96.486044559,-2.771340835
10335.463727065,1932.906531751,96.836801663,-2.755720929
10336.463841600,1933.842990269,97.187558767,-2.740101023
10337.463953247,1934.779256754,97.538821560,-2.724518179
10338.464058254,1935.712489966,97.898071994,-2.709520745
10339.464163261,1936.645723178,98.257322428,-2.694523312
10340.464268269,1937.578956391,98.616572862,-2.679525878
10341.464370867,1938.512017097,98.976266137,-2.664570200
10342.464465600,1939.442352114,99.342956548,-2.650274267
10343.464560334,1940.372687132,99.709646959,-2.635978335
10344.464655068,1941.303022150,100.076337370,-2.621682403
10345.464749802,1942.233357168,100.443027781,-2.607386470
10346.464842789,1943.163563796,100.810041161,-2.593145974
10347.464924639,1944.091740950,101.182159791,-2.579781773
10348.465006487,1945.019918103,101.554278420,-2.566417572
10349.465088336,1945.948095257,101.926397049,-2.553053371
10350.465170185,1946.876272410,102.298515679,-2.539689170
10351.465252034,1947.804449564,102.670634308,-2.526324969
10352.465333883,1948.732626717,103.042752938,-2.512960767
10353.465414217,1949.660694774,103.415141767,-2.499659757
10354.465482428,1950.587036958,103.791805093,-2.487358401
10355.465550639,1951.513379142,104.168468419,-2.475057046
10356.465618850,1952.439721326,104.545131745,-2.462755690
10357.465687061,1953.366063510,104.921795071,-2.450454335
10358.465755271,1954.292405693,105.298458397,-2.438152979
10359.465823481,1955.218747877,105.675121723,-2.425851624
10360.465890087,1956.144957461,106.052108428,-2.413602279
10361.465947912,1957.069067783,106.434214715,-2.402176350
10362.466005738,1957.993178106,106.816321002,-2.390750422
10363.466063563,1958.917288428,107.198427289,-2.379324493
10364.466121389,1959.841398751,107.580533575,-2.367898564
10365.466176992,1960.765324122,107.963082097,-2.356507941
10366.466228202,1961.686319802,108.352635766,-2.345676566
10367.466279410,1962.607315481,108.742189434,-2.334845192
10368.466330620,1963.528311161,109.131743103,-2.324013818
10369.466366063,1964.447027360,109.526609312,-2.313425604
10370.466412659,1965.363947907,109.925660452,-2.303028938
10371.466459254,1966.280868454,110.324711592,-2.292632272
10372.466488289,1967.195265479,110.729473836,-2.282450056
10373.466530972,1968.107674608,111.138734980,-2.272436774
10374.466573655,1969.020083737,111.547996123,-2.262423492
10375.466597460,1969.929784484,111.963202137,-2.252619026
10376.466636475,1970.837351580,112.383091490,-2.242979064
10377.466675490,1971.744918675,112.802980844,-2.233339101
10378.466695220,1972.649659305,113.228885405,-2.223896754
10379.466730892,1973.552173153,113.659528944,-2.214610094
10380.466766563,1974.454687001,114.090172482,-2.205323435
10381.466783736,1975.354358275,114.526685022,-2.196226941
10382.466816308,1976.251790057,114.967821395,-2.187280268
10383.466848881,1977.149221839,115.408957768,-2.178333595
10384.466865933,1978.043999977,115.855420850,-2.169564080
10385.466895722,1978.936687489,116.306080488,-2.160934137
10386.466925510,1979.829375000,116.756740126,-2.152304194
10387.466940508,1980.719425450,117.212556829,-2.143858803
10388.466967503,1981.607398169,117.672436761,-2.135558822
10389.466994499,1982.495370888,118.132316694,-2.127258840
10390.467020155,1983.383165166,118.592538451,-2.118978233
10391.467043668,1984.267957057,119.058507083,-2.111005129
10392.467067986,1985.150656932,119.528428390,-2.103034497
10393.467092301,1986.033356806,119.998349696,-2.095063864
10394.467108058,1986.914033066,120.472037380,-2.087265385
10395.467129969,1987.793114752,120.948692909,-2.079602559
10396.467151879,1988.672196437,121.425348438,-2.071939733
10397.467171220,1989.551011445,121.902490347,-2.064293675
10398.467191003,1990.425594154,122.387351346,-2.056913728
10399.467210786,1991.300176862,122.872212346,-2.049533781
10400.467230569,1992.174759570,123.357073345,-2.042153834
10401.467234597,1993.046346912,123.847268322,-2.034911812
10402.467252590,1993.915573575,124.341667058,-2.027778490
10403.467270583,1994.784800238,124.836065794,-2.020645168
10404.467271462,1995.650813292,125.336039651,-2.013624439
10405.467288039,1996.514293619,125.840407401,-2.006692446
10406.467300954,1997.377431274,126.345354231,-1.999770167
10407.467316409,1998.235127372,126.859496727,-1.993002152
10408.467331863,1999.092823470,127.373639223,-1.986234137
10409.467328814,1999.947027270,127.893528949,-1.979567552
10410.467343057,2000.798478737,128.417948153,-1.972980905
10411.467357301,2001.649930204,128.942367358,-1.966394258
10412.467351616,2002.497678541,129.472715682,-1.959910146
10413.467364669,2003.342508279,130.007737006,-1.953506847
10414.467377721,2004.187338016,130.542758330,-1.947103548
10415.467371294,2005.028431310,131.083599777,-1.940799030
10416.467383231,2005.866579555,131.629028619,-1.934572370
10417.467395168,2006.704727801,132.174457460,-1.928345709
10418.467386503,2007.538949928,132.725836180,-1.922212239
10419.467397415,2008.370077466,133.281904626,-1.916152222
10420.467408329,2009.201205005,133.837973073,-1.910092204
10421.467400686,2010.028539780,134.399636904,-1.904123552
10422.467410621,2010.852885181,134.965710893,-1.898226911
10423.467420558,2011.677230583,135.531784882,-1.892330271
10424.467415273,2012.498088971,136.102877843,-1.886519377
10425.467424317,2013.316198822,136.677926862,-1.880776071
10426.467433361,2014.134308674,137.252975880,-1.875032764
10427.467429027,2014.949104728,137.832688475,-1.869373332
10428.467437221,2015.761288630,138.416077206,-1.863780016
10429.467445414,2016.573472532,138.999465937,-1.858186699
10430.467438498,2017.382072474,139.587787221,-1.852675929
10431.467445877,2018.187847199,140.179996808,-1.847230229
10432.467453256,2018.993621924,140.772206395,-1.841784530
10433.467457463,2019.799022805,141.364919040,-1.836348129
10434.467463998,2020.598480751,141.965628699,-1.831059566
10435.467470533,2021.397938697,142.566338358,-1.825771002
10436.467477070,2022.197396644,143.167048017,-1.820482438
10437.467471604,2022.993582845,143.772068305,-1.815281158
10438.467477326,2023.787189798,144.380486834,-1.810148686
10439.467483048,2024.580796751,144.988905363,-1.805016215
10440.467488772,2025.374403705,145.597323892,-1.799883744
10441.467481575,2026.164562112,146.210194019,-1.794833335
10442.467486555,2026.952001645,146.826573841,-1.789847624
10443.467491535,2027.739441178,147.442953662,-1.784861913
10444.467492806,2028.526458632,148.059866363,-1.779883047
10445.467497216,2029.306762767,148.685254690,-1.775013056
10446.467501626,2030.087066901,149.310643018,-1.770143065
10447.467502157,2030.866932680,149.936571742,-1.765278635
10448.467506114,2031.639825577,150.571096504,-1.760502667
10449.467510070,2032.412718473,151.205621266,-1.755726699
10450.467496005,2033.181315558,151.845314947,-1.750995446
10451.467499582,2033.946525438,152.489084271,-1.746299452
10452.467498577,2034.711244134,153.133429904,-1.741607952
10453.467501800,2035.468146845,153.786946076,-1.736987958
10454.467505024,2036.225049557,154.440462249,-1.732367964
10455.467488239,2036.977281938,155.099318729,-1.727783748
10456.467491169,2037.725831713,155.762386099,-1.723227744
10457.467489897,2038.473897459,156.425993195,-1.718676038
10458.467492499,2039.214260914,157.098188894,-1.714192714
10459.467495101,2039.954624368,157.770384594,-1.709709390
10460.467493901,2040.694521560,158.443087862,-1.705230655
10461.467496157,2041.426998343,159.123868932,-1.700824958
10462.467498414,2042.159475126,159.804650002,-1.696419260
10463.467500670,2042.891951908,160.485431072,-1.692013562
10464.467489603,2043.620474543,161.170422725,-1.687646476
10465.467491556,2044.345879068,161.858734701,-1.683309837
10466.467493511,2045.071283594,162.547046677,-1.678973197
10467.467479648,2045.792321796,163.239908606,-1.674668218
10468.467481359,2046.509916596,163.936358752,-1.670388205
10469.467483069,2047.227511396,164.632808898,-1.666108193
10470.467466143,2047.940303906,165.334146844,-1.661857265
10471.467467632,2048.649309330,166.039339308,-1.657629273
10472.467465236,2049.357819775,166.745023585,-1.653403408
10473.467466573,2050.058448794,167.458538883,-1.649211428
10474.467467911,2050.759077813,168.172054181,-1.645019448
10475.467452766,2051.455079499,168.890061116,-1.640847599
10476.467453953,2052.147431826,169.611610391,-1.636691626
10477.467451025,2052.839263051,170.333653635,-1.632537777
10478.467452064,2053.522792683,171.063566195,-1.628417769
10479.467453102,2054.206322315,171.793478754,-1.624297761
10480.467450139,2054.889332227,172.523872194,-1.620179723
10481.467451041,2055.564063443,173.261925640,-1.616093057
10482.467451943,2056.238794659,173.999979086,-1.612006392
10483.467449972,2056.913081152,174.738434973,-1.607921599
10484.467450744,2057.580283474,175.483301514,-1.603866628
10485.467451517,2058.247485797,176.228168054,-1.599811657
10486.467452289,2058.914688119,176.973034595,-1.595756686
10487.467451839,2059.581598614,177.718160801,-1.591703536
10488.467452487,2060.243858054,178.467425465,-1.587679398
10489.467453135,2060.906117494,179.216690129,-1.583655259
10490.467453783,2061.568376934,179.965954793,-1.579631121
10493.318177153,2063.263502220,182.257934821,-1.578387011
10496.168900525,2064.958627507,184.549914850,-1.577142901
10499.019623895,2066.653752793,186.841894878,-1.575898791
10501.870347265,2068.348878079,189.133874906,-1.574654681
10504.721070635,2070.044003366,191.425854934,-1.573410571
10507.571794006,2071.739128652,193.717834963,-1.572166461
10510.422517376,2073.434253938,196.009814991,-1.570922351
10513.273240746,2075.129379224,198.301795019,-1.569678241
10516.123964116,2076.824504511,200.593775047,-1.568434131
10518.974687487,2078.519629797,202.885755076,-1.567190021
10521.825410857,2080.214755083,205.177735104,-1.565945911
10524.676134227,2081.909880370,207.469715132,-1.564701801
10527.526857598,2083.605005656,209.761695161,-1.563457691
10530.377580968,2085.300130942,212.053675189,-1.562213580
10533.228304338,2086.995256229,214.345655217,-1.560969470
10536.079027708,2088.690381515,216.637635245,-1.559725360
10538.929751079,2090.385506801,218.929615274,-1.558481250
10541.780474450,2092.080632088,221.221595302,-1.557237140
10544.631197820,2093.775757374,223.513575330,-1.555993030
10547.481921189,2095.470882660,225.805555358,-1.554748920
10550.332644560,2097.166007946,228.097535387,-1.553504810
10553.183367931,2098.861133233,230.389515415,-1.552260700
10556.034091301,2100.556258519,232.681495443,-1.551016590
10558.884814671,2102.251383805,234.973475471,-1.549772480
10558.964285879,2102.295509542,235.039570538,-1.549586807
10559.177003830,2102.413619439,235.216485014,-1.549089823
10559.632264841,2102.666050147,235.595272834,-1.541272336
10560.358557521,2103.068502562,236.199628196,-1.524310403
10561.223371899,2103.547488373,236.919423958,-1.505060425
10562.161971076,2104.067422572,237.700669137,-1.487948609
10563.226903299,2104.659383252,238.585869911,-1.497047161
10564.271415674,2105.241379910,239.452523122,-1.531662226
10565.178389635,2105.747428333,240.203905032,-1.575730184
10566.142759111,2106.284910978,241.003922668,-1.608785803
10567.229563154,2106.887908756,241.908099771,-1.609475544
10568.249549501,2107.454948448,242.755462688,-1.580940982
10569.177407534,2107.977123864,243.521866736,-1.551306534
10570.195484193,2108.551146199,244.362319921,-1.526469322
10571.283039765,2109.164314074,245.260462763,-1.514564940
10572.255785910,2109.715828206,246.061560063,-1.532181399
10573.169353368,2110.230630492,246.816005397,-1.552089825
10574.206131158,2110.804556288,247.679430907,-1.555798660
10575.288929568,2111.400196184,248.583679465,-1.555564970
10576.243770725,2111.925535532,249.381012258,-1.556354069
10577.173521885,2112.437795498,250.156912728,-1.558679520
10578.236981982,2113.025601167,251.043148025,-1.563023550
10579.302905833,2113.617026637,251.929935203,-1.567274461
10580.232844049,2114.134307352,252.702723469,-1.569285503
10581.176548114,2114.658330689,253.487565427,-1.569354399
10582.251903880,2115.252571215,254.383812150,-1.566187029
10583.304437693,2115.831079323,255.263084079,-1.560131214
10584.235018182,2116.340234787,256.041999989,-1.554584634
10585.193239975,2116.864514762,256.844063825,-1.550963048
10586.265898768,2117.453810549,257.740343222,-1.547706774
10587.306393530,2118.033184961,258.604606552,-1.545825884
10588.236054493,2118.573779948,259.360927763,-1.543637070
10589.198319389,2119.148846659,260.132436160,-1.538459974
10590.265702869,2119.783451950,260.990659557,-1.532441874
10591.300125747,2120.399290576,261.821770588,-1.527156750
10592.230125566,2120.951571988,262.570009328,-1.522289290
10593.190592039,2121.495000320,263.361949304,-1.518744026
10594.254828700,2122.057730878,264.265234823,-1.515700856
10595.291402333,2122.586841583,265.156587685,-1.511597821
10596.228087447,2123.059717465,265.965133679,-1.507039459
10597.194799137,2123.549415355,266.798626553,-1.502904824
10598.263362397,2124.101709478,267.713389767,-1.500277049
10599.304840949,2124.661851979,268.591408695,-1.499430935
10600.244276372,2125.182817777,269.373158626,-1.500202661
10601.206404247,2125.716750764,270.173535205,-1.501919108
10602.273493288,2126.308591756,271.061455443,-1.502874049
10603.325151686,2126.891159541,271.937012188,-1.502133605
10604.267553564,2127.413060871,272.721700935,-1.500166031
10605.216316712,2127.940055614,273.510636694,-1.497264313
10606.274208707,2128.549458882,274.375369647,-1.497041158
10607.329050460,2129.178855034,275.221854661,-1.500878953
10608.266507313,2129.744093192,275.969724511,-1.505554854
10609.204681724,2130.310178824,276.717850652,-1.510610472
10610.235874454,2130.926961157,277.544232648,-1.516160110
10611.240774763,2131.508322852,278.363888589,-1.518870890
10612.222280545,2132.055891548,279.178457259,-1.518798390
10613.255214893,2132.631870311,280.035896337,-1.519041566
10614.288728931,2133.207909566,280.893992948,-1.519540705
10615.280343912,2133.759867691,281.717790281,-1.520214221
10616.298242223,2134.324897702,282.564464167,-1.521392716
10617.292646265,2134.875260902,283.392677911,-1.522712314
10618.235032534,2135.395078409,284.178731852,-1.523629650
10619.198727340,2135.925334808,284.983427187,-1.524746951
10620.178203356,2136.463911896,285.801536319,-1.527078099
10621.100991164,2136.971278414,286.572319246,-1.530277140
10622.016872390,2137.475173059,287.337112666,-1.534707952
10623.008953141,2138.021902750,288.164923966,-1.540977988
10624.054758705,2138.598832475,289.037164823,-1.548544734
10625.100564269,2139.175762201,289.909405681,-1.556111481
10626.146369833,2139.752691926,290.781646539,-1.563678228
10627.192175398,2140.329621652,291.653887397,-1.571244974
10628.237980961,2140.906551377,292.526128254,-1.578811721
10629.283786525,2141.483481102,293.398369112,-1.586378468
10630.329592089,2142.060410828,294.270609970,-1.593945214
10631.375397653,2142.637340553,295.142850828,-1.601511961
10632.421203218,2143.214270279,296.015091686,-1.609078707
10633.467008781,2143.791200004,296.887332543,-1.616645454
10634.453597901,2144.335152548,297.710380904,-1.624715028
10635.364291457,2144.836838487,298.470379612,-1.633429072
10636.296213330,2145.349524438,299.248531429,-1.643976260
10637.284624582,2145.892547547,300.074315034,-1.656788111
10638.236393028,2146.415354518,300.869520696,-1.670352849
10639.170120985,2146.928881467,301.649241734,-1.683508517
10640.191677228,2147.490872015,302.502211223,-1.697177254
10641.247867727,2148.071923855,303.384103743,-1.710694312
10642.217298953,2148.605638384,304.193308512,-1.722241877
10643.147455860,2149.117628032,304.969807863,-1.732597039
10644.122187474,2149.654761417,305.783117673,-1.743395190
10645.075565587,2150.181937411,306.577410286,-1.754097612
10645.963671344,2150.675291705,307.315808359,-1.764180381
10646.872643393,2151.181885757,308.070443995,-1.775029790
10647.848130843,2151.726660432,308.879544593,-1.787380525
10648.846881511,2152.284788177,309.707693450,-1.800256324
10649.845632179,2152.842915922,310.535842308,-1.813132124
10650.844382847,2153.401043667,311.363991166,-1.826007923
10651.843133515,2153.959171412,312.192140024,-1.838883723
10652.841884183,2154.517299157,313.020288882,-1.851759522
10653.840634850,2155.075426902,313.848437739,-1.864635322
10654.839385518,2155.633554647,314.676586597,-1.877511121
10655.838136186,2156.191682392,315.504735455,-1.890386921
10656.836886854,2156.749810137,316.332884313,-1.903262720
10657.835637522,2157.307937882,317.161033171,-1.916138519
10658.834388189,2157.866065627,317.989182028,-1.929014319
10659.833138858,2158.424193372,318.817330886,-1.941890118
10660.831889526,2158.982321117,319.645479744,-1.954765918
10661.830640194,2159.540448862,320.473628602,-1.967641717
10662.829390862,2160.098576607,321.301777460,-1.980517517
10663.828141529,2160.656704352,322.129926317,-1.993393316
10664.826892197,2161.214832097,322.958075175,-2.006269116
10665.825642865,2161.772959842,323.786224033,-2.019144915
10666.824393533,2162.331087586,324.614372891,-2.032020715
10667.823144200,2162.889215331,325.442521748,-2.044896514
10668.821894868,2163.447343076,326.270670606,-2.057772314
10669.820645536,2164.005470821,327.098819464,-2.070648113
10670.819396204,2164.563598566,327.926968322,-2.083523913
10671.818146872,2165.121726311,328.755117180,-2.096399712
10672.816897539,2165.679854056,329.583266037,-2.109275512
10673.815648207,2166.237981801,330.411414895,-2.122151311
10674.814398875,2166.796109546,331.239563753,-2.135027111
10675.813149544,2167.354237291,332.067712611,-2.147902910
10676.811900212,2167.912365036,332.895861469,-2.160778710
10677.810650879,2168.470492781,333.724010326,-2.173654509
10678.809401547,2169.028620526,334.552159184,-2.186530309
10679.808152215,2169.586748271,335.380308042,-2.199406108
10680.806902883,2170.144876016,336.208456900,-2.212281908
10681.805653551,2170.703003761,337.036605758,-2.225157707
10682.804404218,2171.261131506,337.864754615,-2.238033507
10683.803154886,2171.819259251,338.692903473,-2.250909306
10684.801905554,2172.377386996,339.521052331,-2.263785106
10685.800656222,2172.935514741,340.349201189,-2.276660905
10686.799406890,2173.493642486,341.177350046,-2.289536704
10687.798157558,2174.051770231,342.005498904,-2.302412504
10688.796908225,2174.609897975,342.833647762,-2.315288303
10689.795658893,2175.168025720,343.661796620,-2.328164103
10690.794409561,2175.726153465,344.489945478,-2.341039902
10691.793160229,2176.284281210,345.318094335,-2.353915702
10692.791910897,2176.842408955,346.146243193,-2.366791501
10693.790661565,2177.400536700,346.974392051,-2.379667301
10694.789412233,2177.958664445,347.802540909,-2.392543100
10695.788162901,2178.516792190,348.630689767,-2.405418900
10696.786913568,2179.074919935,349.458838624,-2.418294699
10697.785664236,2179.633047680,350.286987482,-2.431170499
10698.784414904,2180.191175425,351.115136340,-2.444046298
10699.783165572,2180.749303170,351.943285198,-2.456922098
10700.781916240,2181.307430915,352.771434056,-2.469797897
10701.780666908,2181.865558660,353.599582913,-2.482673697
10702.779417576,2182.423686405,354.427731771,-2.495549496
10703.778168244,2182.981814150,355.255880629,-2.508425296
10704.776918912,2183.539941895,356.084029487,-2.521301095
10705.775669579,2184.098069640,356.912178344,-2.534176895
10706.774420247,2184.656197385,357.740327202,-2.547052694
10707.773170915,2185.214325130,358.568476060,-2.559928494
10708.771921583,2185.772452875,359.396624918,-2.572804293
10709.770672251,2186.330580620,360.224773776,-2.585680093
10710.769422919,2186.888708365,361.052922633,-2.598555892
10711.768173586,2187.446836109,361.881071491,-2.611431692
10712.766924254,2188.004963854,362.709220349,-2.624307491
10713.765674922,2188.563091599,363.537369207,-2.637183290
10714.764425590,2189.121219344,364.365518065,-2.650059090
10715.763176257,2189.679347089,365.193666922,-2.662934889
10716.761926926,2190.237474834,366.021815780,-2.675810689
10717.760677594,2190.795602579,366.849964638,-2.688686488
10718.759428262,2191.353730324,367.678113496,-2.701562288
10719.758178930,2191.911858069,368.506262354,-2.714438087
10720.756929597,2192.469985814,369.334411211,-2.727313887
10721.755680265,2193.028113559,370.162560069,-2.740189686
10722.754430933,2193.586241304,370.990708927,-2.753065486
10723.753181601,2194.144369049,371.818857785,-2.765941285
10724.751932268,2194.702496794,372.647006642,-2.778817085
10725.750682936,2195.260624539,373.475155500,-2.791692884
10726.749433605,2195.818752284,374.303304358,-2.804568684
10727.748184273,2196.376880029,375.131453216,-2.817444483
10728.746934941,2196.935007774,375.959602074,-2.830320283
10729.745685608,2197.493135519,376.787750931,-2.843196082
10730.744436276,2198.051263264,377.615899789,-2.856071882
10731.743186944,2198.609391009,378.444048647,-2.868947681
10732.741937612,2199.167518754,379.272197505,-2.881823481
10733.740688280,2199.725646499,380.100346363,-2.894699280
10734.739438947,2200.283774243,380.928495220,-2.907575080
10735.738189615,2200.841901988,381.756644078,-2.920450879
10736.736940283,2201.400029733,382.584792936,-2.933326679
10737.735690951,2201.958157478,383.412941794,-2.946202478
10738.734441618,2202.516285223,384.241090651,-2.959078278
10739.733192286,2203.074412968,385.069239509,-2.971954077
10740.731942954,2203.632540713,385.897388367,-2.984829876
10741.730693622,2204.190668458,386.725537225,-2.997705676
10742.729444290,2204.748796203,387.553686083,-3.010581475
10743.728194958,2205.306923948,388.381834940,-3.023457275
10744.726945626,2205.865051693,389.209983798,-3.036333074
10745.725696294,2206.423179438,390.038132656,-3.049208874
10746.724446962,2206.981307183,390.866281514,-3.062084673
10747.723197630,2207.539434928,391.694430372,-3.074960473
10748.721948297,2208.097562673,392.522579229,-3.087836272
10749.720698965,2208.655690418,393.350728087,-3.100712072
10750.719449633,2209.213818163,394.178876945,-3.113587871
10751.718200301,2209.771945908,395.007025803,-3.126463671
10752.716950969,2210.330073653,395.835174661,-3.139339470
10753.715701637,2210.888201398,396.663323518,-3.152215270
10754.714452305,2211.446329143,397.491472376,-3.165091069
10755.713202973,2212.004456888,398.319621234,-3.177966869
10756.711953640,2212.562584632,399.147770092,-3.190842668
10757.710704308,2213.120712377,399.975918949,-3.203718468
10758.709454976,2213.678840122,400.804067807,-3.216594267
10759.708205644,2214.236967867,401.632216665,-3.229470067
10760.706956312,2214.795095612,402.460365523,-3.242345866
10761.705706980,2215.353223357,403.288514381,-3.255221666
10762.704457647,2215.911351102,404.116663238,-3.268097465
10763.703208315,2216.469478847,404.944812096,-3.280973265
10764.701958983,2217.027606592,405.772960954,-3.293849064
10765.700709651,2217.585734337,406.601109812,-3.306724864
10766.699460319,2218.143862082,407.429258670,-3.319600663
10767.698210987,2218.701989827,408.257407527,-3.332476463
10768.696961655,2219.260117572,409.085556385,-3.345352262
10769.695712323,2219.818245317,409.913705243,-3.358228061
10770.694462991,2220.376373062,410.741854101,-3.371103861
10771.693213659,2220.934500807,411.570002959,-3.383979660
10772.691964326,2221.492628552,412.398151816,-3.396855460
10773.690714994,2222.050756297,413.226300674,-3.409731259
10774.689465662,2222.608884042,414.054449532,-3.422607059
10775.688216330,2223.167011787,414.882598390,-3.435482858
10776.686966997,2223.725139532,415.710747247,-3.448358658
10777.685717665,2224.283267277,416.538896105,-3.461234457
10778.684468334,2224.841395022,417.367044963,-3.474110257
10779.683219001,2225.399522766,418.195193821,-3.486986056
10780.681969669,2225.957650511,419.023342679,-3.499861856
10781.680720336,2226.515778256,419.851491536,-3.512737655
10782.679471004,2227.073906001,420.679640394,-3.525613455
10783.678221672,2227.632033746,421.507789252,-3.538489254
10784.676972341,2228.190161491,422.335938110,-3.551365054
10785.675723009,2228.748289236,423.164086968,-3.564240853
10786.674473676,2229.306416981,423.992235825,-3.577116653
10787.673224344,2229.864544726,424.820384683,-3.589992452
10788.671975012,2230.422672471,425.648533541,-3.602868252
10789.670725680,2230.980800216,426.476682399,-3.615744051
10790.669476348,2231.538927961,427.304831257,-3.628619851
10791.668227015,2232.097055706,428.132980114,-3.641495650
10792.666977683,2232.655183451,428.961128972,-3.654371450
10793.665728351,2233.213311196,429.789277830,-3.667247249
10794.664479020,2233.771438941,430.617426688,-3.680123049
10795.663229687,2234.329566686,431.445575545,-3.692998848
10796.661980355,2234.887694431,432.273724403,-3.705874647
10797.660731023,2235.445822176,433.101873261,-3.718750447
10798.659481691,2236.003949921,433.930022119,-3.731626246
10799.658232359,2236.562077666,434.758170977,-3.744502046
10800.656983026,2237.120205411,435.586319834,-3.757377845
10801.655733694,2237.678333155,436.414468692,-3.770253645
10802.654484362,2238.236460900,437.242617550,-3.783129444
10803.653235030,2238.794588645,438.070766408,-3.796005244
10804.651985698,2239.352716390,438.898915266,-3.808881043
10805.650736365,2239.910844135,439.727064123,-3.821756843
10806.649487033,2240.468971880,440.555212981,-3.834632642
10807.648237701,2241.027099625,441.383361839,-3.847508442
10808.646988369,2241.585227370,442.211510697,-3.860384241
10809.645739037,2242.143355115,443.039659555,-3.873260041
10810.644489705,2242.701482860,443.867808412,-3.886135840
10811.643240373,2243.259610605,444.695957270,-3.899011640
10812.641991041,2243.817738350,445.524106128,-3.911887439
10813.640741709,2244.375866095,446.352254986,-3.924763239
10814.639492376,2244.933993840,447.180403843,-3.937639038
10815.638243044,2245.492121585,448.008552701,-3.950514838
10816.636993712,2246.050249330,448.836701559,-3.963390637
10817.635744380,2246.608377075,449.664850417,-3.976266437
10818.634495048,2247.166504820,450.492999275,-3.989142236
10819.633245716,2247.724632565,451.321148132,-4.002018036
10820.631996384,2248.282760310,452.149296990,-4.014893835
10821.630747052,2248.840888055,452.977445848,-4.027769635
10822.629497720,2249.399015800,453.805594706,-4.040645434
10823.628248388,2249.957143545,454.633743564,-4.053521233
10824.626999055,2250.515271289,455.461892421,-4.066397033
10825.625749723,2251.073399034,456.290041279,-4.079272832
10826.624500391,2251.631526779,457.118190137,-4.092148632
10827.623251059,2252.189654524,457.946338995,-4.105024431
10828.622001727,2252.747782269,458.774487853,-4.117900231
10829.619445762,2253.301739390,459.603818934,-4.133264820
10830.611559853,2253.837836754,460.438212622,-4.159287090
10831.608981576,2254.354191709,461.291507882,-4.148570172
10832.623009493,2254.849566856,462.172800572,-4.069961803
10833.659021875,2255.323962195,463.082090691,-3.923461980
10834.723312829,2255.781548350,464.018196018,-3.706581916
10835.824937021,2256.236014455,464.977236167,-3.411152718
10836.942684326,2256.689243161,465.945372174,-3.084571256
10838.060431632,2257.142471867,466.913508181,-2.757989793
10839.178178937,2257.595700573,467.881644187,-2.431408330
10840.295926243,2258.048929279,468.849780194,-2.104826867
10841.413673549,2258.502157985,469.817916201,-1.778245404
10842.531420855,2258.955386691,470.786052208,-1.451663942
10843.649168161,2259.408615397,471.754188215,-1.125082479
10844.743340300,2259.868984194,472.701614677,-0.829014344
10845.795955936,2260.342590608,473.610645963,-0.589517450
10846.839135389,2260.844625586,474.507573998,-0.411460294
10847.865493071,2261.368802542,475.382520013,-0.296926097
10848.857334376,2261.903299769,476.216627220,-0.248686529
10849.858034622,2262.455961287,477.050760767,-0.234995114
10850.887683788,2263.025107087,477.908792805,-0.229383938
10851.898036764,2263.583239159,478.750991007,-0.227405334
10852.896038012,2264.134195208,479.583129154,-0.227245024
10853.893567249,2264.684477418,480.415147056,-0.226715552
10854.879173746,2265.228431106,481.237055885,-0.227369986
10855.848759706,2265.763344637,482.045734707,-0.229105088
10856.821384351,2266.300346453,482.856676846,-0.229878235
10857.801428931,2266.842154663,483.673334608,-0.228720078
10858.802260136,2267.395671762,484.507162151,-0.225038816
10859.827109478,2267.959601954,485.362890643,-0.219779603
10860.847894985,2268.519624853,486.216309994,-0.212512108
10861.852626376,2269.071264508,487.056021646,-0.204562288
10862.874969146,2269.630794311,487.911638816,-0.199048829
10863.901477322,2270.190583661,488.772068751,-0.195144413
10864.908085795,2270.738434934,489.616522717,-0.191009098
10865.918406871,2271.288208290,490.464158790,-0.187689280
10866.943816741,2271.845312694,491.325027258,-0.185330072
10867.951871103,2272.392708741,492.171499051,-0.181247414
10868.939348787,2272.931160528,492.999243338,-0.176638241
10869.914596715,2273.465871092,493.814822350,-0.171738393
10870.891512866,2274.002147540,494.631358495,-0.165299295
10871.870011355,2274.537465011,495.450421433,-0.159785593
10872.849390565,2275.070826339,496.271821823,-0.156509740
10873.841880660,2275.607755632,497.106513725,-0.150769419
10874.846077543,2276.148212551,497.952834197,-0.143065027
10875.848733091,2276.686764119,498.798535545,-0.134723253
10876.850214218,2277.225676584,499.642599726,-0.125055707
10877.850370586,2277.768197362,500.482752213,-0.113752390
10878.850581990,2278.316833530,501.319030999,-0.106071258
10879.853222373,2278.870332535,502.155034907,-0.101166664
10880.864091150,2279.428122705,502.998074513,-0.097999234
10881.893291118,2279.991922887,503.859097310,-0.093343872
10882.909801758,2280.535826895,504.717846760,-0.089924243
10883.911533742,2281.049857709,505.577630503,-0.086576711
10884.908274740,2281.530130251,506.451017595,-0.081488497
10885.893679523,2281.972697376,507.331446836,-0.080358112
10886.856842818,2282.373040060,508.207444980,-0.086401252
10887.828876684,2282.744861535,509.105527354,-0.093233289
10888.811743699,2283.090628997,510.025527113,-0.101769958
10889.792997284,2283.409938527,510.953263725,-0.116080826
10890.769800437,2283.668133980,511.894320077,-0.159583119
10891.746860499,2283.868519754,512.847965652,-0.230660707
10892.725361462,2284.021545337,513.809074068,-0.332237869
10893.707796868,2284.131972901,514.776398876,-0.463644850
10894.696014921,2284.204345288,515.748944235,-0.623309132
10895.684232973,2284.276717675,516.721489593,-0.782973415
10896.672451027,2284.349090063,517.694034952,-0.942637697
10897.660669080,2284.421462450,518.666580311,-1.102301980
10898.648887133,2284.493834837,519.639125670,-1.261966262
10899.637105186,2284.566207224,520.611671028,-1.421630545
10900.625323239,2284.638579612,521.584216387,-1.581294827
10901.613541292,2284.710951999,522.556761746,-1.740959110
10902.601759344,2284.783324386,523.529307104,-1.900623392
10903.589977398,2284.855696773,524.501852463,-2.060287675
10904.578195451,2284.928069160,525.474397822,-2.219951957
10905.566413504,2285.000441548,526.446943181,-2.379616240
10906.554631557,2285.072813935,527.419488539,-2.539280522
10907.542849610,2285.145186322,528.392033898,-2.698944805
10908.531067663,2285.217558709,529.364579257,-2.858609087
10909.519285717,2285.289931096,530.337124616,-3.018273370
10910.507503769,2285.362303484,531.309669974,-3.177937652
10911.495721822,2285.434675871,532.282215333,-3.337601935
10912.483939875,2285.507048258,533.254760692,-3.497266217
10913.472157929,2285.579420645,534.227306051,-3.656930500
10914.449760057,2285.655456285,535.191765071,-3.797441357
10915.411664652,2285.738202601,536.143996904,-3.905460034
10916.384030701,2285.835854631,537.108503326,-3.980873394
10917.360067668,2285.937353239,538.078754694,-4.011832677
10918.334453465,2286.031662664,539.048235166,-3.986514162
10919.329429652,2286.151647903,540.035286376,-3.950305527
10920.351505850,2286.299547995,541.046071395,-3.917457977
10921.379627464,2286.474298841,542.058838609,-3.889195525
10922.413006072,2286.691501942,543.069034635,-3.875118965
10923.460955596,2286.964246818,544.080801031,-3.886832071
10924.505218107,2287.260001087,545.082237897,-3.898571226
10925.530680591,2287.573908085,546.058426798,-3.908107071
10926.531618442,2287.901644249,547.004171475,-3.913816220
10927.548366297,2288.255742287,547.957253062,-3.918941467
10928.572072308,2288.634738608,548.908208631,-3.923333582
10929.595201150,2289.035082475,549.849754673,-3.926243476
10930.628670936,2289.464400153,550.789825646,-3.929806673
10931.673580456,2289.921160768,551.729604473,-3.934432786
10932.697992706,2290.389710614,552.640572275,-3.938810397
10933.713104431,2290.875419852,553.531929584,-3.943337778
10934.727515356,2291.380978183,554.411370471,-3.948239332
10935.743179838,2291.903918099,555.282054519,-3.952419448
10936.759155837,2292.444811247,556.142055313,-3.958780839
10937.775389836,2293.003638353,556.990773860,-3.969764163
10938.790963103,2293.581277544,557.825972684,-3.982607453
10939.799559593,2294.172494057,558.643022199,-3.995256798
10940.790459917,2294.767702351,559.435180722,-4.005024766
10941.779750012,2295.378883002,560.213069810,-4.011479952
10942.770288007,2296.007502847,560.978576139,-4.013114414
10943.761071817,2296.649483008,561.733237610,-4.013423458
10944.757266990,2297.305062304,562.483317658,-4.014151401
10945.768014539,2297.978056177,563.237420978,-4.018398511
10946.779814299,2298.656780601,563.987771927,-4.025133727
10947.801273169,2299.345719551,564.741883717,-4.032667363
10948.842473160,2300.049005790,565.509635506,-4.039230673
10949.886917341,2300.756322067,566.278100782,-4.044564658
10950.924918441,2301.461200107,567.040054858,-4.048948468
10951.942633791,2302.152964262,567.786511935,-4.051901361
10952.956863818,2302.842132750,568.530624504,-4.054315537
10953.961446175,2303.525248676,569.267191331,-4.057081810
10954.945185241,2304.201312790,569.981801498,-4.060570919
10955.941544566,2304.898862178,570.693231267,-4.065514491
10956.971708569,2305.635370548,571.413480308,-4.071397739
10957.979050702,2306.375126299,572.097200653,-4.076505705
10958.980333368,2307.131226963,572.753578783,-4.083325901
10960.018754176,2307.929512752,573.417615823,-4.093926953
10961.035195026,2308.717290287,574.059856007,-4.103206178
10962.034392402,2309.497205469,574.684423239,-4.109799919
10963.067436816,2310.305714529,575.327444112,-4.114044590
10964.085930385,2311.104588774,575.959208404,-4.115768263
10965.069800672,2311.877325270,576.568205089,-4.114323722
10966.087516012,2312.679840447,577.194068747,-4.117253758
10967.106817944,2313.484552616,577.819687258,-4.121282818
10968.087730096,2314.257173278,578.424038007,-4.123759481
10969.098384017,2315.050529289,579.050141439,-4.122317025
10970.138806361,2315.863325835,579.699580705,-4.114006323
10971.165695890,2316.660644293,580.346356441,-4.092407058
10972.177541146,2317.442991510,580.987561086,-4.067502058
10973.196989576,2318.230144956,581.634941468,-4.043770348
10974.222778531,2319.023224865,582.284956025,-4.016415008
10975.231417582,2319.804239272,582.922727627,-3.991583286
10976.212219585,2320.566084531,583.540222009,-3.975302654
10977.225173127,2321.358027929,584.171743718,-3.966310295
10978.254575715,2322.165893477,584.809716876,-3.962677782
10979.229962268,2322.929578716,585.416475114,-3.965545420
10980.244757788,2323.704581080,586.071566538,-3.971587806
10981.276465966,2324.455907083,586.778576063,-3.979866268
10982.325921964,2325.183119659,587.535154604,-3.990290867
10983.393621244,2325.885781743,588.338953073,-4.002771664
10984.479757092,2326.563456269,589.187622383,-4.017218721
10985.584256030,2327.215706172,590.078813448,-4.033542101
10986.706810510,2327.842094387,591.010177182,-4.051651863
10987.846908619,2328.442183847,591.979364496,-4.071458071
10989.003860757,2329.015537487,592.984026305,-4.092870786
10990.176823449,2329.561718243,594.021813521,-4.115800069
10991.364820470,2330.080289048,595.090377058,-4.140155982
10992.566761587,2330.570812836,596.187367829,-4.165848587
10993.781459168,2331.032852543,597.310436747,-4.192787945
10995.007642957,2331.465971103,598.457234725,-4.220884118
10996.243973264,2331.869731450,599.625412676,-4.250047169
10997.489052827,2332.243696519,600.812621515,-4.280187157
10998.741437564,2332.587429245,602.016512153,-4.311214145
10999.999646427,2332.900492562,603.234735504,-4.343038195
11001.262170544,2333.182449404,604.464942481,-4.375569369
11002.527481818,2333.432862706,605.704783997,-4.408717727
11003.794041160,2333.651295403,606.951910966,-4.442393332
11005.060306486,2333.837310428,608.203974301,-4.476506245
11006.324740647,2333.990470717,609.458624915,-4.510966528
11007.585819427,2334.110339204,610.713513721,-4.545684243
11008.842039752,2334.196478824,611.966291632,-4.580569450
11010.091928272,2334.248452511,613.214609562,-4.615532213
11011.334050457,2334.265823199,614.456118423,-4.650482592
11012.567020391,2334.248153823,615.688469129,-4.685330650
11013.789511429,2334.195007319,616.909312593,-4.719986447
11015.000267927,2334.105946619,618.116299729,-4.754360045
11016.198118237,2333.980534658,619.307081448,-4.788361507
11017.381989206,2333.818334372,620.479308666,-4.821900894
11018.550922422,2333.618908695,621.630632294,-4.854888266
11019.704092437,2333.381820561,622.758703246,-4.887233687
11020.840827223,2333.106632904,623.861172435,-4.918847218
11021.960631087,2332.792908660,624.935690775,-4.949638920
11023.063210195,2332.440210762,625.979909178,-4.979518855
11024.148500815,2332.048102146,626.991478558,-5.008397085
11025.216700175,2331.616145745,627.968049827,-5.036183671
11026.268299663,2331.143904495,628.907273900,-5.062788675
11027.304119743,2330.630941329,629.806801689,-5.088122159
11028.325345530,2330.076819182,630.664284107,-5.112094184
11029.333561467,2329.481100990,631.477372068,-5.134614811
11030.330782918,2328.843349686,632.243716485,-5.155594104
11031.319481929,2328.163128204,632.960968271,-5.174942123
11032.302603947,2327.439999480,633.626778339,-5.192568929
11033.283572154,2326.673526448,634.238797602,-5.208384585
11034.266276430,2325.863272042,634.794676974,-5.222299152
11035.255044966,2325.008799197,635.292067368,-5.234222692
11036.254598166,2324.109670847,635.728619696,-5.244065267
