s,x,y,z
0.000000000,2340.177674402,612.144114677,-5.217979463
0.610380528,2340.132310742,612.752788280,-5.213186454
1.417320865,2340.053252329,613.555829441,-5.207954936
2.420713175,2339.936334945,614.552377705,-5.203710953
3.414435603,2339.783011350,615.534200273,-5.204474545
4.401719556,2339.592605701,616.502937222,-5.209375226
5.386652463,2339.366677315,617.461575096,-5.217288511
6.372962835,2339.105945313,618.412769484,-5.224785918
7.361078590,2338.806076766,619.354250808,-5.232818081
8.351565083,2338.468899733,620.285551730,-5.240148547
9.345976763,2338.094620384,621.206834456,-5.242922684
10.344311530,2337.686420726,622.117902535,-5.243471947
11.344519173,2337.250016889,623.017879975,-5.246233576
12.345387140,2336.783636123,623.903438930,-5.249550928
13.350934021,2336.285442948,624.776895543,-5.250829888
14.375836789,2335.750762011,625.651271701,-5.247946418
15.398820683,2335.184398607,626.503167119,-5.246291356
16.404649799,2334.592488827,627.316388401,-5.248775389
17.410575985,2333.975087150,628.110556289,-5.248613098
18.413189474,2333.334066800,628.881482120,-5.248325867
19.396076790,2332.675748945,629.611282862,-5.257041058
20.380333357,2331.991018680,630.318278845,-5.264923574
21.381311787,2331.274843766,631.017599901,-5.266094636
22.383432566,2330.531104421,631.689237990,-5.266436884
23.385709730,2329.760751220,632.330416169,-5.263986908
24.388568656,2328.967303368,632.943687801,-5.255959543
25.387843539,2328.151525256,633.520729906,-5.247084125
26.385980987,2327.312820775,634.061834361,-5.239394759
27.384815175,2326.453194470,634.570446355,-5.234277069
28.382414805,2325.573938356,635.041735764,-5.234270504
29.379805936,2324.676065558,635.476002915,-5.239324946
30.378483775,2323.764019025,635.882783302,-5.246958127
31.374576774,2322.840538884,636.255914534,-5.259558752
32.365938958,2321.908822381,636.594195221,-5.275975640
33.354926581,2320.969399054,636.902853609,-5.293591873
34.343787631,2320.019236038,637.176592971,-5.303749689
35.333746761,2319.057974931,637.413184139,-5.308308321
36.327390199,2318.083902835,637.609418339,-5.310032501
37.325117765,2317.098079050,637.763044974,-5.306773743
38.327052788,2316.102617353,637.876507504,-5.299287025
39.328662651,2315.103970623,637.953493750,-5.298904659
40.327911131,2314.105914710,638.001822055,-5.305708661
41.321678753,2313.112713584,638.034285813,-5.314177100
42.316395419,2312.118278613,638.057828374,-5.316643399
43.325149052,2311.110253890,638.090678436,-5.296871655
44.384843430,2310.057374065,638.176075681,-5.212589032
45.252692297,2309.199793585,638.247274218,-5.100125062
45.946725635,2308.518503452,638.301831873,-4.979503794
46.709462981,2307.765876446,638.388234126,-4.890872534
47.529005550,2306.953886450,638.491720490,-4.850712339
48.376562131,2306.111813425,638.574925478,-4.899107676
49.502235001,2304.998056550,638.704408739,-4.998702446
50.887436869,2303.630509714,638.882468853,-5.128681149
52.079999782,2302.449669639,638.954252385,-5.279247223
53.034539426,2301.513895355,638.884456205,-5.454178397
53.949236588,2300.618624450,638.762843900,-5.596906640
54.828395726,2299.763856924,638.589415468,-5.707431952
55.676862347,2298.949592776,638.364170911,-5.785754333
56.652729640,2297.989125246,638.193386811,-5.811286412
57.820985743,2296.824095303,638.112366296,-5.780250460
58.989241846,2295.659065360,638.031345782,-5.749214508
60.157497949,2294.494035417,637.950325267,-5.718178556
61.325754052,2293.329005474,637.869304753,-5.687142604
62.470816995,2292.192373821,637.733898262,-5.657097453
63.590301059,2291.092244413,637.528561901,-5.628869199
64.686574219,2290.034236847,637.242418153,-5.605277098
65.764731288,2289.023660010,636.867222890,-5.585639460
66.832999965,2288.065306043,636.395534435,-5.569340948
67.902169448,2287.133938327,635.870661921,-5.555687977
68.974089832,2286.224259103,635.303759559,-5.544791544
70.048062594,2285.338837752,634.695989017,-5.536949823
71.088552364,2284.541628370,634.027374284,-5.531426900
72.083580088,2283.880188045,633.284028153,-5.527766685
73.048421408,2283.351355108,632.477027465,-5.525671963
74.002174264,2282.952323360,631.610761904,-5.524205638
74.959093068,2282.674903824,630.694947318,-5.520250283
75.922897924,2282.449833519,629.757803845,-5.515223499
76.886702780,2282.224763214,628.820660372,-5.510196715
77.850507636,2281.999692908,627.883516898,-5.505169932
78.814312492,2281.774622603,626.946373425,-5.500143148
79.778117348,2281.549552297,626.009229952,-5.495116364
80.741922204,2281.324481992,625.072086479,-5.490089580
81.705727060,2281.099411686,624.134943005,-5.485062796
82.669531916,2280.874341381,623.197799532,-5.480036012
83.633336772,2280.649271075,622.260656059,-5.475009228
84.597141628,2280.424200770,621.323512586,-5.469982444
85.560946484,2280.199130464,620.386369112,-5.464955660
86.524751340,2279.974060159,619.449225639,-5.459928876
87.488556196,2279.748989853,618.512082166,-5.454902092
88.452361052,2279.523919548,617.574938693,-5.449875308
89.416165908,2279.298849243,616.637795220,-5.444848524
90.379970764,2279.073778937,615.700651746,-5.439821741
91.343775620,2278.848708632,614.763508273,-5.434794957
92.307580476,2278.623638326,613.826364800,-5.429768173
93.271385332,2278.398568021,612.889221327,-5.424741389
94.235190188,2278.173497715,611.952077853,-5.419714605
95.198995044,2277.948427410,611.014934380,-5.414687821
96.162799900,2277.723357104,610.077790907,-5.409661037
97.126604755,2277.498286799,609.140647434,-5.404634253
98.090409611,2277.273216493,608.203503961,-5.399607469
99.054214467,2277.048146188,607.266360487,-5.394580685
100.018019323,2276.823075882,606.329217014,-5.389553901
100.981824179,2276.598005577,605.392073541,-5.384527117
101.945629035,2276.372935272,604.454930068,-5.379500333
102.909433891,2276.147864966,603.517786594,-5.374473550
103.873238747,2275.922794661,602.580643121,-5.369446766
104.837043603,2275.697724355,601.643499648,-5.364419982
105.800848459,2275.472654050,600.706356175,-5.359393198
106.764653315,2275.247583744,599.769212702,-5.354366414
107.728458171,2275.022513439,598.832069228,-5.349339630
108.692263027,2274.797443133,597.894925755,-5.344312846
109.656067883,2274.572372828,596.957782282,-5.339286062
110.619872739,2274.347302522,596.020638809,-5.334259278
111.583677595,2274.122232217,595.083495335,-5.329232494
112.547482451,2273.897161911,594.146351862,-5.324205710
113.511287307,2273.672091606,593.209208389,-5.319178926
114.475092163,2273.447021301,592.272064916,-5.314152143
115.438897019,2273.221950995,591.334921443,-5.309125359
116.402701875,2272.996880690,590.397777969,-5.304098575
117.366506731,2272.771810384,589.460634496,-5.299071791
118.330311587,2272.546740079,588.523491023,-5.294045007
119.294116442,2272.321669773,587.586347550,-5.289018223
120.257921298,2272.096599468,586.649204076,-5.283991439
121.221726154,2271.871529162,585.712060603,-5.278964655
122.185531010,2271.646458857,584.774917130,-5.273937871
123.149335866,2271.421388551,583.837773657,-5.268911087
124.113140722,2271.196318246,582.900630183,-5.263884303
125.076945578,2270.971247940,581.963486710,-5.258857519
126.040750434,2270.746177635,581.026343237,-5.253830735
127.004555290,2270.521107330,580.089199764,-5.248803952
127.968360146,2270.296037024,579.152056291,-5.243777168
128.932165002,2270.070966719,578.214912817,-5.238750384
129.895969858,2269.845896413,577.277769344,-5.233723600
130.859774714,2269.620826108,576.340625871,-5.228696816
131.823579570,2269.395755802,575.403482398,-5.223670032
132.787384426,2269.170685497,574.466338924,-5.218643248
133.751189282,2268.945615191,573.529195451,-5.213616464
134.714994138,2268.720544886,572.592051978,-5.208589680
135.678798994,2268.495474580,571.654908505,-5.203562896
136.642603850,2268.270404275,570.717765032,-5.198536112
137.606408706,2268.045333969,569.780621558,-5.193509328
138.570213562,2267.820263664,568.843478085,-5.188482544
139.534018418,2267.595193359,567.906334612,-5.183455761
140.497823274,2267.370123053,566.969191139,-5.178428977
141.461628130,2267.145052748,566.032047665,-5.173402193
142.425432985,2266.919982442,565.094904192,-5.168375409
143.389237841,2266.694912137,564.157760719,-5.163348625
144.353042697,2266.469841831,563.220617246,-5.158321841
145.316847553,2266.244771526,562.283473773,-5.153295057
146.280652409,2266.019701220,561.346330299,-5.148268273
147.244457265,2265.794630915,560.409186826,-5.143241489
148.208262121,2265.569560609,559.472043353,-5.138214705
149.172066977,2265.344490304,558.534899880,-5.133187921
150.135871833,2265.119419998,557.597756406,-5.128161137
151.099676689,2264.894349693,556.660612933,-5.123134353
152.063481545,2264.669279388,555.723469460,-5.118107570
153.027286401,2264.444209082,554.786325987,-5.113080786
153.991091257,2264.219138777,553.849182513,-5.108054002
154.954896113,2263.994068471,552.912039040,-5.103027218
155.918700969,2263.768998166,551.974895567,-5.098000434
156.882505825,2263.543927860,551.037752094,-5.092973650
157.846310681,2263.318857555,550.100608621,-5.087946866
158.810115537,2263.093787249,549.163465147,-5.082920082
159.773920393,2262.868716944,548.226321674,-5.077893298
160.737725249,2262.643646638,547.289178201,-5.072866514
161.701530105,2262.418576333,546.352034728,-5.067839730
162.665334961,2262.193506027,545.414891254,-5.062812946
163.629139817,2261.968435722,544.477747781,-5.057786162
164.592944672,2261.743365417,543.540604308,-5.052759379
165.556749528,2261.518295111,542.603460835,-5.047732595
166.520554384,2261.293224806,541.666317362,-5.042705811
167.484359240,2261.068154500,540.729173888,-5.037679027
168.448164096,2260.843084195,539.792030415,-5.032652243
169.411968952,2260.618013889,538.854886942,-5.027625459
170.375773808,2260.392943584,537.917743469,-5.022598675
171.339578664,2260.167873278,536.980599995,-5.017571891
172.303383520,2259.942802973,536.043456522,-5.012545107
173.267188376,2259.717732667,535.106313049,-5.007518323
174.230993232,2259.492662362,534.169169576,-5.002491539
175.194798088,2259.267592056,533.232026103,-4.997464755
176.158602944,2259.042521751,532.294882629,-4.992437971
177.122407800,2258.817451446,531.357739156,-4.987411188
178.086212656,2258.592381140,530.420595683,-4.982384404
179.050017512,2258.367310835,529.483452210,-4.977357620
180.013822368,2258.142240529,528.546308736,-4.972330836
180.977627224,2257.917170224,527.609165263,-4.967304052
181.941432080,2257.692099918,526.672021790,-4.962277268
182.905236936,2257.467029613,525.734878317,-4.957250484
183.869041792,2257.241959307,524.797734843,-4.952223700
184.832846648,2257.016889002,523.860591370,-4.947196916
185.796651504,2256.791818696,522.923447897,-4.942170132
186.760456359,2256.566748391,521.986304424,-4.937143348
187.724261215,2256.341678085,521.049160951,-4.932116564
188.688066071,2256.116607780,520.112017477,-4.927089780
189.651870927,2255.891537475,519.174874004,-4.922062997
190.615675783,2255.666467169,518.237730531,-4.917036213
191.579480639,2255.441396864,517.300587058,-4.912009429
192.543285495,2255.216326558,516.363443584,-4.906982645
193.507090351,2254.991256253,515.426300111,-4.901955861
194.470895207,2254.766185947,514.489156638,-4.896929077
195.434700063,2254.541115642,513.552013165,-4.891902293
196.398504919,2254.316045336,512.614869692,-4.886875509
197.362309775,2254.090975031,511.677726218,-4.881848725
198.326114631,2253.865904725,510.740582745,-4.876821941
199.289919487,2253.640834420,509.803439272,-4.871795157
200.253724343,2253.415764114,508.866295799,-4.866768373
201.217529199,2253.190693809,507.929152325,-4.861741589
202.181334055,2252.965623504,506.992008852,-4.856714806
203.145138911,2252.740553198,506.054865379,-4.851688022
204.108943767,2252.515482893,505.117721906,-4.846661238
205.072748623,2252.290412587,504.180578433,-4.841634454
206.036553479,2252.065342282,503.243434959,-4.836607670
207.000358335,2251.840271976,502.306291486,-4.831580886
207.964163191,2251.615201671,501.369148013,-4.826554102
208.927968047,2251.390131365,500.432004540,-4.821527318
209.891772902,2251.165061060,499.494861066,-4.816500534
210.855577758,2250.939990754,498.557717593,-4.811473750
211.819382614,2250.714920449,497.620574120,-4.806446966
212.783187470,2250.489850143,496.683430647,-4.801420182
213.746992326,2250.264779838,495.746287173,-4.796393398
214.710797182,2250.039709533,494.809143700,-4.791366615
215.674602038,2249.814639227,493.872000227,-4.786339831
216.638406894,2249.589568922,492.934856754,-4.781313047
217.602211750,2249.364498616,491.997713281,-4.776286263
218.566016606,2249.139428311,491.060569807,-4.771259479
219.529821462,2248.914358005,490.123426334,-4.766232695
220.493626318,2248.689287700,489.186282861,-4.761205911
221.457431174,2248.464217394,488.249139388,-4.756179127
222.421236030,2248.239147089,487.311995914,-4.751152343
223.385040886,2248.014076783,486.374852441,-4.746125559
224.348845742,2247.789006478,485.437708968,-4.741098775
225.312650598,2247.563936172,484.500565495,-4.736071991
226.276455454,2247.338865867,483.563422022,-4.731045207
227.240260310,2247.113795562,482.626278548,-4.726018424
228.204065166,2246.888725256,481.689135075,-4.720991640
229.167870022,2246.663654951,480.751991602,-4.715964856
230.131674878,2246.438584645,479.814848129,-4.710938072
231.095479734,2246.213514340,478.877704655,-4.705911288
232.059284589,2245.988444034,477.940561182,-4.700884504
233.023089445,2245.763373729,477.003417709,-4.695857720
233.986894301,2245.538303423,476.066274236,-4.690830936
234.950699157,2245.313233118,475.129130763,-4.685804152
235.914504013,2245.088162812,474.191987289,-4.680777368
236.878308869,2244.863092507,473.254843816,-4.675750584
237.842113725,2244.638022201,472.317700343,-4.670723800
238.805918581,2244.412951896,471.380556870,-4.665697016
239.769723437,2244.187881591,470.443413396,-4.660670233
240.733528293,2243.962811285,469.506269923,-4.655643449
241.697333149,2243.737740980,468.569126450,-4.650616665
242.661138005,2243.512670674,467.631982977,-4.645589881
243.624942861,2243.287600369,466.694839503,-4.640563097
244.588747717,2243.062530063,465.757696030,-4.635536313
245.552552573,2242.837459758,464.820552557,-4.630509529
246.516357429,2242.612389452,463.883409084,-4.625482745
247.480162285,2242.387319147,462.946265611,-4.620455961
248.443967141,2242.162248841,462.009122137,-4.615429177
249.407771997,2241.937178536,461.071978664,-4.610402393
250.371576853,2241.712108230,460.134835191,-4.605375609
251.335381709,2241.487037925,459.197691718,-4.600348825
252.299186565,2241.261967620,458.260548244,-4.595322042
253.262991421,2241.036897314,457.323404771,-4.590295258
254.226796276,2240.811827009,456.386261298,-4.585268474
255.190601132,2240.586756703,455.449117825,-4.580241690
256.154405988,2240.361686398,454.511974352,-4.575214906
257.118210844,2240.136616092,453.574830878,-4.570188122
258.082015700,2239.911545787,452.637687405,-4.565161338
259.045820556,2239.686475481,451.700543932,-4.560134554
260.009625412,2239.461405176,450.763400459,-4.555107770
260.973430268,2239.236334870,449.826256985,-4.550080986
261.937235124,2239.011264565,448.889113512,-4.545054202
262.901039980,2238.786194259,447.951970039,-4.540027418
263.864844836,2238.561123954,447.014826566,-4.535000634
264.828649692,2238.336053649,446.077683093,-4.529973851
265.792454548,2238.110983343,445.140539619,-4.524947067
266.727987731,2237.873507032,444.235663167,-4.519853557
267.597424659,2237.606208645,443.408351532,-4.514599651
268.504868787,2237.254703951,442.571801449,-4.505475246
269.475820839,2236.808713371,441.709450067,-4.491677338
270.395034503,2236.332943070,440.923084754,-4.476644871
271.342369768,2235.810376593,440.133149316,-4.457399459
272.425620829,2235.216795692,439.227429303,-4.429725787
273.444279176,2234.658112219,438.376057897,-4.403186503
274.343711512,2234.162800801,437.625628592,-4.380803794
275.377466430,2233.583244946,436.769937775,-4.357193052
276.447463361,2232.977993651,435.887799715,-4.337274545
277.379219551,2232.454314800,435.117169523,-4.329582737
278.347256672,2231.914031680,434.313932998,-4.330633011
279.441688873,2231.305424528,433.404376428,-4.339907917
280.421467811,2230.770693936,432.583473404,-4.352081135
281.321524609,2230.285351897,431.825566556,-4.363151482
282.360336458,2229.721655595,430.952999245,-4.361470389
283.416704175,2229.148747057,430.065600109,-4.346933061
284.346329905,2228.644905688,429.284739627,-4.322340781
285.333088743,2228.104205905,428.459877238,-4.291701132
286.442207778,2227.486481324,427.539448626,-4.254653240
287.443802207,2226.919489225,426.714381637,-4.223415095
288.353939746,2226.398566806,425.968530591,-4.197025862
289.396101679,2225.805906977,425.111884750,-4.165186802
290.469262689,2225.201444713,424.225728866,-4.133129450
291.406581205,2224.678459753,423.448170320,-4.111788410
292.364929576,2224.145501340,422.651896890,-4.093470258
293.456295997,2223.542019531,421.742813527,-4.072073791
294.472966774,2222.980259558,420.895595987,-4.055714007
295.380968936,2222.478379492,420.138989280,-4.044285319
296.386718924,2221.923247306,419.300487759,-4.027657210
297.476300603,2221.320068462,418.393304688,-4.008102333
298.446859580,2220.784692176,417.583932052,-3.991582717
299.364638867,2220.282830412,416.815677198,-3.976153236
300.412066446,2219.714541931,415.935897980,-3.964267823
301.465542122,2219.148593343,415.047383199,-3.956873230
302.385172312,2218.658332219,414.269349203,-3.951694853
303.338722300,2218.141967880,413.467760734,-3.942673900
304.425374405,2217.540097271,412.563296132,-3.920127311
305.455838544,2216.959835810,411.712384090,-3.886935789
306.384053759,2216.429961453,410.951086280,-3.851689590
307.390770894,2215.857813681,410.123330243,-3.820928232
308.479187898,2215.245572248,409.223634581,-3.801961978
309.465091741,2214.696679832,408.404664802,-3.798497367
310.378041395,2214.191929762,407.643943048,-3.801114732
311.398129376,2213.625806059,406.795390683,-3.807620512
312.470906085,2213.024630657,405.906923186,-3.815589823
313.426772496,2212.494659003,405.111481744,-3.806449014
314.350455759,2211.991024410,404.337501376,-3.784147516
315.443870696,2211.239125634,403.545931760,-3.723964479
316.611951772,2210.325001109,402.825677701,-3.623845322
317.655076958,2209.488634642,402.211253949,-3.518561232
318.709517124,2208.637898941,401.595455992,-3.424297209
319.888076467,2207.706559440,400.877839765,-3.342836736
320.967544938,2206.967255073,400.092373155,-3.301322445
321.891631214,2206.454535432,399.323586092,-3.296798208
322.854127759,2205.919972540,398.523195079,-3.292756026
323.926404421,2205.323397059,397.632211584,-3.287923998
324.950183264,2204.752749986,396.782238841,-3.282322787
325.870841965,2204.238435653,396.018659329,-3.276034814
326.844622558,2203.694139719,395.211236414,-3.268365642
327.913091619,2203.097413104,394.324969189,-3.259769847
328.925105197,2202.533033817,393.484979593,-3.251708805
329.852073616,2202.017265882,392.714785347,-3.244312131
330.841644872,2201.468184710,391.891553683,-3.237187301
331.911486540,2200.875805891,391.000711154,-3.230250580
332.915470264,2200.320533332,390.164281485,-3.223838771
333.843680458,2199.807222294,389.390943255,-3.218014064
334.823233040,2199.315306820,388.543866235,-3.219731333
335.851924364,2198.899266293,387.603200477,-3.235980997
336.873358849,2198.598162995,386.627644347,-3.266891297
337.935126513,2198.367722388,385.592059145,-3.309447012
338.996862662,2198.137778438,384.556416440,-3.352500669
340.016943699,2197.871092143,383.572437979,-3.387573885
341.041091802,2197.486959045,382.623184540,-3.403033784
342.056368694,2197.000912681,381.731818686,-3.399426424
342.989697712,2196.480513272,380.957242024,-3.381579683
343.951332326,2195.943633935,380.159716187,-3.360266601
345.018517444,2195.348857178,379.273965991,-3.336365239
346.055799396,2194.772386302,378.411877307,-3.315430132
346.986629565,2194.256544654,377.637210521,-3.299823407
347.948070736,2193.725079428,376.836121933,-3.286750133
349.014892702,2193.136209617,375.946640677,-3.273922439
350.048598605,2192.565333983,375.084957778,-3.261614427
350.977855114,2192.051236461,374.310970693,-3.248754110
351.943123684,2191.516341840,373.507630541,-3.232148117
353.011267400,2190.924251726,372.618842781,-3.211737061
354.040620572,2190.353319813,371.762582428,-3.191172244
354.970207037,2189.837077229,370.989720139,-3.173608847
355.942197963,2189.297986549,370.181046400,-3.159666751
357.010032348,2188.707277964,369.291525619,-3.150370502
358.029544430,2188.143898502,368.441827591,-3.145708894
358.953537382,2187.633611091,367.671527515,-3.142965534
359.928348813,2187.095806332,366.858505223,-3.138708829
360.994091273,2186.507741732,365.969718321,-3.132011036
362.003238797,2185.950271661,365.128567621,-3.123564532
362.926626935,2185.440103096,364.358946429,-3.116020687
363.916365210,2184.892834054,363.534373621,-3.103445559
364.992243146,2184.296789383,362.639049470,-3.078172124
366.001319984,2183.737365423,361.799866150,-3.045733655
366.936779870,2183.218720737,361.022202180,-3.009242029
367.948113768,2182.658064093,360.181396951,-2.970422599
369.026329915,2182.061219650,359.283974578,-2.939441103
370.020156958,2181.512201783,358.455700831,-2.924138351
370.947391065,2181.000237207,357.682633428,-2.919431633
371.958522753,2180.438264783,356.842057209,-2.917001815
373.029375076,2179.837523989,355.955603633,-2.911064297
374.012073705,2179.287250449,355.141453848,-2.903597382
374.939171085,2178.773937524,354.369456915,-2.897262752
375.956104701,2178.208433865,353.524283234,-2.890856528
377.021093530,2177.612779268,352.641455000,-2.887522264
377.992524866,2177.072112658,351.834388161,-2.888776829
378.919540894,2176.553809777,351.065804897,-2.889555147
379.942254071,2175.975388358,350.222387711,-2.885270827
381.009422390,2175.373761836,349.341017383,-2.876321343
381.985977937,2174.827736344,348.531473379,-2.863855182
382.922834437,2174.304143575,347.754734397,-2.848779838
383.951572000,2173.729545388,346.901618626,-2.830576045
385.021280181,2173.133858580,346.013334519,-2.810975928
386.001702572,2172.589254672,345.198271534,-2.793455128
386.939047098,2172.070205620,344.417894989,-2.778782306
387.959937465,2171.506523934,343.566838373,-2.765264344
389.022448707,2170.919686755,342.681175086,-2.752902874
390.003275355,2170.377462465,341.863921661,-2.742387502
390.939856761,2169.859662062,341.083571661,-2.731371663
391.954004084,2169.298299056,340.239044796,-2.719508172
393.016844283,2168.709015610,339.354588551,-2.708950719
394.008368958,2168.158649259,338.529875387,-2.700810785
394.947514396,2167.636702031,337.749150158,-2.695034759
395.951522362,2167.078677810,336.914507181,-2.691561298
397.011479241,2166.490838608,336.032492573,-2.689589296
398.012333792,2165.937062489,335.198803534,-2.687484791
398.951807187,2165.417876583,334.415833288,-2.683763620
399.942639777,2164.869950811,333.590303442,-2.678563211
401.001146221,2164.282591214,332.709731836,-2.672379200
402.017078768,2163.716530982,331.866137319,-2.665818372
402.957631181,2163.190908804,331.086175259,-2.661419199
403.930248582,2162.646871543,330.279945909,-2.659901472
404.984416278,2162.058224538,329.405438030,-2.659450232
406.014890498,2161.484424671,328.549499493,-2.659222158
406.955220941,2160.962476977,327.767330150,-2.657470891
407.910296849,2160.433673364,326.972023929,-2.652496711
408.966359737,2159.849907668,326.092016980,-2.643882367
410.019759812,2159.268006275,325.213992354,-2.633147278
410.963726338,2158.746164492,324.427438570,-2.623814465
411.907149166,2158.223587024,323.642001478,-2.616886603
412.963640538,2157.636564072,322.763629342,-2.610525524
414.019855338,2157.047997108,321.886615276,-2.605529431
414.965617415,2156.518273770,321.103240261,-2.592013589
415.916209286,2155.984376189,320.317193966,-2.565377183
416.974220841,2155.392869917,319.440387760,-2.538550695
418.034977878,2154.803292188,318.558849551,-2.516325092
418.993643194,2154.272782139,317.760584399,-2.497063151
419.932802323,2153.755929847,316.976470991,-2.490010179
420.962341915,2153.192448196,316.114848537,-2.496861927
422.016364642,2152.615398075,315.232854587,-2.504845486
422.980061095,2152.086756919,314.427113036,-2.510316814
423.911271942,2151.575151918,313.649041609,-2.514654970
424.932342719,2151.012931378,312.796697597,-2.516466635
425.991705869,2150.428181983,311.913343598,-2.514431807
426.962880466,2149.890580260,311.104554213,-2.509510950
427.894871551,2149.373676854,310.329069636,-2.503036151
428.919262670,2148.806037628,309.476376751,-2.494220458
429.986695259,2148.215703717,308.587094278,-2.484479255
430.959170271,2147.677906475,307.776899617,-2.476331518
431.886929740,2147.164521323,307.004161519,-2.469320797
432.913515787,2146.596366635,306.149171780,-2.460852708
433.982700900,2146.003567200,305.259421503,-2.451361673
434.945655261,2145.468804384,304.458635566,-2.444170334
435.870517081,2144.955821598,303.689100329,-2.438376630
436.909994199,2144.378573612,302.824642675,-2.435150804
437.980824352,2143.782681551,301.934930890,-2.436825784
438.924074647,2143.257358882,301.151505918,-2.438415158
439.847352575,2142.742246289,300.385282286,-2.436835510
440.904484748,2142.150810826,299.509096165,-2.431321507
441.960892875,2141.559821754,298.633532475,-2.420446088
442.887676434,2141.042171248,297.864923825,-2.406077347
443.846525642,2140.507093889,297.069350768,-2.393930952
444.930670762,2139.903175920,296.169038596,-2.384353820
445.956251872,2139.333508562,295.316251265,-2.377319501
446.867829367,2138.828706329,294.557223579,-2.372298924
447.855079437,2138.281291346,293.735652907,-2.367697958
448.936803967,2137.679873320,292.836536780,-2.363888974
449.968382313,2137.103572541,291.980949467,-2.362606431
450.989882276,2136.529863142,291.135777309,-2.364535620
452.056415077,2135.928534366,290.254941484,-2.369451997
453.046568457,2135.368936441,289.438112421,-2.376097172
453.941819720,2134.863524603,288.699201151,-2.382717963
454.826195933,2134.367670722,287.966918934,-2.386318955
455.716507005,2133.872331239,287.227126664,-2.386307154
456.634225548,2133.365199973,286.462264277,-2.383031408
457.622834637,2132.821324330,285.636726149,-2.377199051
458.644722492,2132.260201686,284.782708168,-2.370166678
459.666610346,2131.699079043,283.928690186,-2.363134305
460.688498201,2131.137956400,283.074672205,-2.356101933
461.710386056,2130.576833756,282.220654224,-2.349069560
462.732273911,2130.015711113,281.366636243,-2.342037187
463.754161765,2129.454588469,280.512618261,-2.335004814
464.776049620,2128.893465826,279.658600280,-2.327972441
465.797937475,2128.332343182,278.804582299,-2.320940068
466.819825329,2127.771220539,277.950564317,-2.313907695
467.841713184,2127.210097896,277.096546336,-2.306875323
468.863601039,2126.648975252,276.242528355,-2.299842950
469.885488894,2126.087852609,275.388510373,-2.292810577
470.907376748,2125.526729965,274.534492392,-2.285778204
471.929264603,2124.965607322,273.680474411,-2.278745831
472.951152458,2124.404484678,272.826456429,-2.271713458
473.973040313,2123.843362035,271.972438448,-2.264681085
474.994928167,2123.282239392,271.118420467,-2.257648713
476.016816022,2122.721116748,270.264402486,-2.250616340
477.038703877,2122.159994105,269.410384504,-2.243583967
478.060591731,2121.598871461,268.556366523,-2.236551594
479.069515174,2121.044718902,267.713281995,-2.229485319
480.008729271,2120.528044792,266.928987125,-2.222236752
480.899281216,2120.032378621,266.189178420,-2.213242697
481.754414584,2119.547448283,265.484935268,-2.201528242
482.574291723,2119.073253778,264.816257670,-2.187093387
483.372032883,2118.602825023,264.172212173,-2.169972034
484.204387729,2118.105653652,263.504942570,-2.150312573
485.050057797,2117.598210175,262.828752357,-2.129678200
485.895727865,2117.090766698,262.152562143,-2.109043828
486.741397933,2116.583323221,261.476371930,-2.088409455
487.587068001,2116.075879744,260.800181717,-2.067775082
488.432738070,2115.568436267,260.123991504,-2.047140710
489.278408138,2115.060992790,259.447801290,-2.026506337
490.124078206,2114.553549313,258.771611077,-2.005871964
490.969748274,2114.046105836,258.095420864,-1.985237592
491.815418342,2113.538662360,257.419230651,-1.964603219
492.661088410,2113.031218883,256.743040437,-1.943968846
493.506758478,2112.523775406,256.066850224,-1.923334474
494.352428546,2112.016331929,255.390660011,-1.902700101
495.198098614,2111.508888452,254.714469798,-1.882065728
496.043768682,2111.001444975,254.038279584,-1.861431356
496.889438750,2110.494001498,253.362089371,-1.840796983
497.735108819,2109.986558021,252.685899158,-1.820162610
498.583720547,2109.477017097,252.007626155,-1.798816756
499.468788334,2108.941521800,251.303580164,-1.768666841
500.387328086,2108.390294658,250.569571336,-1.735576742
501.334373856,2107.841539085,249.798138743,-1.709988359
502.394984645,2107.242129037,248.923444619,-1.687338201
503.606892207,2106.568737757,247.916064181,-1.666153828
504.937270565,2105.845222171,246.799687629,-1.654527819
506.388404838,2105.061359751,245.578504810,-1.646596297
507.963996024,2104.198947081,244.259976653,-1.631917363
509.579896745,2103.311110208,242.909940923,-1.615054507
511.159176325,2102.442906041,241.590771999,-1.603270348
512.616671436,2101.640051555,240.374346724,-1.608391209
513.918625974,2100.923440899,239.287359148,-1.604814117
515.056572351,2100.298406817,238.336622302,-1.586004513
516.110639044,2099.712907147,237.460145530,-1.580071778
517.104168988,2099.155352793,236.637810969,-1.580945027
518.054103380,2098.621563967,235.852133410,-1.568470613
519.031160126,2098.070139601,235.045553676,-1.568904896
520.087078187,2097.472051779,234.175594937,-1.589537404
521.051576672,2096.944263511,233.374431125,-1.688700991
521.946710576,2096.478694107,232.623786355,-1.833760520
522.955027884,2095.962170849,231.758917457,-1.790064920
524.071335482,2095.415915216,230.812610524,-1.561480965
525.149118170,2094.892745799,229.898821987,-1.331481413
526.299396030,2094.328555466,228.947833402,-1.014544299
527.506719200,2093.725717393,227.968506188,-0.646938934
528.586496122,2093.153790220,227.069987241,-0.469509478
529.570650723,2092.610464139,226.249430321,-0.476096481
530.515609117,2092.199169180,225.433573561,-0.717261508
531.463389269,2091.872640681,224.630726207,-1.100800924
532.388553049,2091.557970744,223.851094869,-1.486917261
533.325004821,2091.226464154,223.055496770,-1.853071556
534.279986131,2090.873759756,222.236682385,-2.195316954
535.212606427,2090.405598259,221.437441759,-2.304036088
536.186077201,2089.858128983,220.633275875,-2.268822849
537.190108197,2089.295418355,219.802859116,-2.225892722
538.193543000,2088.733283892,218.971936248,-2.204598665
539.177130919,2088.185211021,218.155207804,-2.208594972
540.186053056,2087.625504150,217.315772685,-2.209477101
541.192378793,2087.067039025,216.478630893,-2.210823484
542.183600132,2086.517407958,215.653765849,-2.215629034
543.147926457,2085.992209983,214.845050607,-2.224114588
544.091268472,2085.481480211,214.052346786,-2.249997217
545.037291819,2084.947658354,213.272014719,-2.282803650
546.068087896,2084.248788657,212.518349747,-2.204631984
547.158187209,2083.459360094,211.773751873,-2.101224719
548.266283566,2082.635284774,211.036500660,-2.028850321
549.377765153,2081.805945500,210.302039577,-1.938547481
550.484060259,2080.992595011,209.558016935,-1.844845019
551.510339710,2080.329999276,208.774550916,-1.864779977
552.529809032,2079.730133608,207.951524613,-1.910677495
553.483127370,2079.184373721,207.169943568,-1.920324774
554.247382254,2078.746636166,206.543530466,-1.929155675
554.816284293,2078.420629933,206.077356948,-1.936347268
555.182004350,2078.210970681,205.777734431,-1.940875455
556.407577271,2077.448733068,204.818124588,-1.927769903
557.492437747,2076.767358946,203.974068249,-1.912922130
558.577298223,2076.085984825,203.130011911,-1.898074357
559.662158698,2075.404610704,202.285955573,-1.883226584
560.747019174,2074.723236582,201.441899235,-1.868378811
561.831879650,2074.041862461,200.597842897,-1.853531038
562.916740125,2073.360488340,199.753786558,-1.838683265
564.001600601,2072.679114218,198.909730220,-1.823835491
565.086461077,2071.997740097,198.065673882,-1.808987718
566.171321552,2071.316365976,197.221617544,-1.794139945
567.256182028,2070.634991854,196.377561206,-1.779292172
568.341042503,2069.953617733,195.533504867,-1.764444399
569.425902979,2069.272243612,194.689448529,-1.749596626
570.510763455,2068.590869490,193.845392191,-1.734748853
571.595623930,2067.909495369,193.001335853,-1.719901079
572.680484406,2067.228121248,192.157279515,-1.705053306
573.765344882,2066.546747126,191.313223176,-1.690205533
574.850205357,2065.865373005,190.469166838,-1.675357760
575.935065833,2065.183998884,189.625110500,-1.660509987
577.019926309,2064.502624762,188.781054162,-1.645662214
578.104786784,2063.821250641,187.936997824,-1.630814440
579.189647260,2063.139876520,187.092941485,-1.615966667
580.274507736,2062.458502398,186.248885147,-1.601118894
581.359368211,2061.777128277,185.404828809,-1.586271121
582.359239729,2061.125790412,184.646224416,-1.590898506
583.359111247,2060.474452547,183.887620023,-1.595525892
584.358977218,2059.814331883,183.136653028,-1.600134764
585.358848644,2059.153503145,182.386301764,-1.604742144
586.358701581,2058.488777206,181.639425476,-1.609339044
587.358572894,2057.818779829,180.897249516,-1.613921770
588.358444206,2057.148782451,180.155073557,-1.618504496
589.358299179,2056.475163873,179.416204782,-1.623077314
590.358170384,2055.796639206,178.681816659,-1.627636709
591.358041591,2055.118114538,177.947428535,-1.632196103
592.357898283,2054.436215359,177.216192448,-1.636745798
593.357769384,2053.749736850,176.489233786,-1.641282328
594.357640486,2053.063258341,175.762275124,-1.645818859
595.357511588,2052.376779832,175.035316461,-1.650355389
596.357378276,2051.682911988,174.315413382,-1.654868178
597.357249261,2050.988434541,173.596092372,-1.659379008
598.357120247,2050.293957093,172.876771362,-1.663889839
599.356977868,2049.596313156,172.160539614,-1.668393403
600.356848777,2048.894355666,171.448516213,-1.672887070
601.356719685,2048.192398177,170.736492812,-1.677380737
602.356590593,2047.490440688,170.024469411,-1.681874404
603.356458141,2046.782162596,169.318737780,-1.686360175
604.356329010,2046.073356053,168.613532190,-1.690845286
605.356199881,2045.364549510,167.908326599,-1.695330397
606.356059325,2044.652876217,167.206030402,-1.699811885
607.355930157,2043.937282414,166.507713031,-1.704288418
608.355800988,2043.221688611,165.809395661,-1.708764952
609.355671820,2042.506094808,165.111078291,-1.713241485
610.355539006,2041.784045401,164.419443286,-1.717720663
611.355409850,2041.061449067,163.728374420,-1.722200066
612.355280693,2040.338852733,163.037305554,-1.726679468
613.355147252,2039.609340728,162.353547374,-1.731164998
614.355018125,2038.879239561,161.670412010,-1.735651051
615.354889000,2038.149138394,160.987276645,-1.740137104
616.354755133,2037.411853619,160.311907701,-1.744635444
617.354626068,2036.673953379,159.637204154,-1.749134837
618.354479916,2035.932710368,158.966200271,-1.753640964
619.354350922,2035.186865293,158.300289793,-1.758156360
620.354221929,2034.441020218,157.634379315,-1.762671756
621.354086829,2033.687265419,156.977444793,-1.767205577
622.353957925,2032.932826680,156.321286406,-1.771740991
623.353807414,2032.174740088,155.669379171,-1.776288159
624.353678638,2031.411617859,155.023340393,-1.780851550
625.353549863,2030.648495629,154.377301614,-1.785414942
626.353415141,2029.877803698,153.740321686,-1.790007750
627.353286512,2029.106451360,153.104132083,-1.794603124
628.353140460,2028.331923117,152.471840500,-1.799215275
629.353012014,2027.552998588,151.844944801,-1.803850648
630.352883570,2026.774074058,151.218049102,-1.808486022
631.352749944,2025.988277318,150.599798032,-1.813161850
632.352621704,2025.201875509,149.982308085,-1.817841240
633.352493464,2024.415473699,149.364818139,-1.822520631
634.352360427,2023.622510177,148.755785832,-1.827258174
635.352232485,2022.828965886,148.147502100,-1.832000864
636.352104544,2022.035421595,147.539218368,-1.836743555
637.351972861,2021.236093400,146.938562125,-1.841556637
638.351845286,2020.436250490,146.338584659,-1.846375983
639.351717711,2019.636407581,145.738607192,-1.851195329
640.351579444,2018.834205143,145.141806498,-1.856060160
641.351452400,2018.028714815,144.549432485,-1.860988372
642.351325356,2017.223224487,143.957058471,-1.865916583
643.351198312,2016.417734159,143.364684457,-1.870844795
644.351071267,2015.612243831,142.772310444,-1.875773007
645.350942939,2014.802755280,142.185415418,-1.880859674
646.350816761,2013.992905733,141.599015084,-1.885960648
647.350690583,2013.183056186,141.012614751,-1.891061622
648.350564405,2012.373206639,140.426214417,-1.896162596
649.350438227,2011.563357092,139.839814083,-1.901263571
650.350312050,2010.753507545,139.253413749,-1.906364545
651.350184426,2009.939447729,138.672876496,-1.911644958
652.350059266,2009.125003693,138.092874296,-1.916941747
653.349934107,2008.310559656,137.512872096,-1.922238536
654.349808946,2007.496115620,136.932869897,-1.927535325
655.349679369,2006.675541745,136.361582120,-1.932980894
656.349555083,2005.854404551,135.791095180,-1.938440135
657.349430798,2005.033267356,135.220608241,-1.943899376
658.349299910,2004.205034626,134.660485390,-1.949483131
659.349176376,2003.376146301,134.101320132,-1.955078390
660.349029371,2002.544043565,133.546992486,-1.960727200
661.348906568,2001.707411322,132.999481636,-1.966451469
662.348761422,2000.867711726,132.456728444,-1.972221374
663.348639254,2000.023685298,131.920686441,-1.978055653
664.348489754,1999.176341921,131.389955361,-1.983950024
665.348368442,1998.324314863,130.866723546,-1.989929250
666.348247130,1997.472287806,130.343491730,-1.995908476
667.348118071,1996.613228651,129.831904342,-2.002041230
668.347997777,1995.753510039,129.321408947,-2.008188381
669.347856434,1994.891005885,128.815676692,-2.014417757
670.347737382,1994.024557564,128.316688769,-2.020763558
671.347618330,1993.158109243,127.817700845,-2.027109358
672.347482329,1992.289198577,127.323048816,-2.033562278
673.347364954,1991.416795482,126.834546534,-2.040167127
674.347247579,1990.544392387,126.346044251,-2.046771977
675.347130204,1989.671989292,125.857541969,-2.053376826
676.347010529,1988.795078369,125.377187291,-2.060252919
677.346895161,1987.917738161,124.897608518,-2.067154844
678.346779793,1987.040397953,124.418029744,-2.074056768
679.346653846,1986.161145018,123.941991022,-2.081094757
680.346540808,1985.279168755,123.470992603,-2.088326473
681.346427789,1984.397191949,122.999995199,-2.095560755
682.346314772,1983.515215114,122.528997850,-2.102795177
683.346199683,1982.628830912,122.066357512,-2.110331726
684.346089116,1981.742021939,121.604522600,-2.117897394
685.345978550,1980.855212966,121.142687689,-2.125463063
686.345865908,1979.964058982,120.689303224,-2.133326497
687.345757867,1979.072484168,120.236737215,-2.141218771
688.345649825,1978.180909355,119.784171207,-2.149111045
689.345539701,1977.284860213,119.340540894,-2.157347806
690.345434715,1976.388375547,118.897780366,-2.165618100
691.345329728,1975.491890882,118.455019839,-2.173888393
692.345211587,1974.593434118,118.016308093,-2.182325160
693.345110033,1973.692149005,117.583403041,-2.191000682
694.345008481,1972.790863891,117.150497988,-2.199676203
695.344895102,1971.887741082,116.721470741,-2.208511763
696.344797008,1970.981978365,116.298014084,-2.217577223
697.344698915,1970.076215648,115.874557427,-2.226642683
698.344588754,1969.168622129,115.455071872,-2.235892811
699.344494846,1968.258394261,115.041300354,-2.245408659
700.344400938,1967.348166393,114.627528836,-2.254924506
701.344307028,1966.437938526,114.213757318,-2.264440354
702.344213188,1965.523867421,113.808557517,-2.274413499
703.344124191,1964.609414097,113.404210191,-2.284432124
704.344035193,1963.694960774,112.999862866,-2.294450748
705.343937639,1962.778965215,112.599048307,-2.304684402
706.343854047,1961.860741727,112.203337218,-2.315228689
707.343770454,1960.942518239,111.807626129,-2.325772976
708.343686862,1960.024294751,111.411915039,-2.336317263
709.343605314,1959.102716686,111.024090179,-2.347392361
710.343528053,1958.180801128,110.637058728,-2.358520862
711.343450791,1957.258885570,110.250027277,-2.369649363
712.343373530,1956.336970012,109.862995826,-2.380777863
713.343299936,1955.411902729,109.483568228,-2.392526756
714.343230512,1954.486516303,109.104910596,-2.404338470
715.343161088,1953.561129876,108.726252965,-2.416150183
716.343091664,1952.635743450,108.347595333,-2.427961897
717.343020527,1951.709263166,107.971638454,-2.440145468
718.342962300,1950.781191989,107.599609516,-2.452869863
719.342904074,1949.853120812,107.227580578,-2.465594258
720.342845848,1948.925049635,106.855551639,-2.478318653
721.342787620,1947.996978459,106.483522701,-2.491043048
722.342729394,1947.068907282,106.111493762,-2.503767443
723.342671168,1946.140836105,105.739464824,-2.516491838
724.342626201,1945.211180460,105.371415737,-2.530287477
725.342583709,1944.281361455,105.003776978,-2.544193563
726.342541218,1943.351542450,104.636138218,-2.558099649
727.342498728,1942.421723444,104.268499458,-2.572005736
728.342456236,1941.491904439,103.900860699,-2.585911822
729.342413745,1940.562085434,103.533221939,-2.599817908
730.342371254,1939.632266428,103.165583180,-2.613723994
731.342331999,1938.701700958,102.799846355,-2.628075780
732.342305397,1937.770041115,102.436897905,-2.643080995
733.342278796,1936.838381271,102.073949456,-2.658086211
734.342252194,1935.906721428,101.711001007,-2.673091426
735.342225592,1934.975061585,101.348052557,-2.688096642
736.342198990,1934.043401742,100.985104108,-2.703101857
737.342180911,1933.109284912,100.628533681,-2.718821927
738.342166477,1932.174909412,100.272634727,-2.734617256
739.342152044,1931.240533912,99.916735772,-2.750412585
740.342137609,1930.306158413,99.560836818,-2.766207914
741.342128437,1929.368893565,99.212628411,-2.782553124
742.342123794,1928.431322587,98.865234827,-2.798956594
743.342119151,1927.493751610,98.517841243,-2.815360064
744.342105604,1926.554782774,98.174279615,-2.831968457
745.342109416,1925.613749354,97.836377642,-2.848879512
746.342113227,1924.672715935,97.498475669,-2.865790568
747.342105147,1923.730183192,97.164823723,-2.882885808
748.342116786,1922.785432285,96.837459456,-2.900253539
749.342128425,1921.840681378,96.510095189,-2.917621270
750.342125935,1920.894379158,96.187296022,-2.935166251
751.342145310,1919.945778118,95.871261679,-2.952973891
752.342164686,1918.997177078,95.555227335,-2.970781530
753.342169767,1918.047077712,95.243781922,-2.988756832
754.342196648,1917.094754368,94.939147895,-3.006980996
755.342223527,1916.142431025,94.634513869,-3.025205159
756.342236985,1915.188715105,94.334321654,-3.043576192
757.342270588,1914.232928628,94.040733761,-3.062165596
758.342304190,1913.277142152,93.747145868,-3.080755001
759.342336821,1912.318272422,93.463812157,-3.099625934
760.342376275,1911.359066816,93.181595493,-3.118527536
761.342398013,1910.398431341,92.904357103,-3.137549518
762.342443181,1909.435663959,92.634541224,-3.156750985
763.342488348,1908.472896577,92.364725344,-3.175952453
764.342530614,1907.506992113,92.106394836,-3.195406177
765.342581195,1906.540743411,91.849324640,-3.214887583
766.342613417,1905.573184719,91.597310694,-3.234473122
767.342669093,1904.603667462,91.352856347,-3.254214351
768.342724770,1903.634150204,91.108401999,-3.273955580
769.342777548,1902.661914552,90.875024422,-3.293913081
770.342837994,1901.689378315,90.642871657,-3.313894496
771.342881033,1900.715692985,90.415671834,-3.333974319
772.342946424,1899.740284818,90.195897981,-3.354201687
773.343011815,1898.764876650,89.976124129,-3.374429054
774.343063713,1897.788493018,89.760797605,-3.394758563
775.343134305,1896.810644487,89.552149838,-3.415241461
776.343204897,1895.832795956,89.343502072,-3.435724360
777.343275489,1894.854947425,89.134854305,-3.456207259
778.343347748,1893.875523625,88.933747339,-3.476932417
779.343423850,1892.895922580,88.733488926,-3.497682614
780.343499948,1891.916321454,88.533230906,-3.518432582
781.343576046,1890.936720328,88.332972886,-3.539182549
782.343648097,1889.956558971,88.135506111,-3.560031846
783.343729396,1888.975552426,87.942250324,-3.581030993
784.343810695,1887.994545881,87.748994538,-3.602030140
785.343891993,1887.013539337,87.555738751,-3.623029287
786.343973292,1886.032532792,87.362482965,-3.644028434
787.344050426,1885.051002940,87.171932974,-3.665102727
788.344135709,1884.068681364,86.985476643,-3.686290710
789.344220991,1883.086359789,86.799020313,-3.707478693
790.344306272,1882.104038214,86.612563983,-3.728666676
791.344391554,1881.121716639,86.426107653,-3.749854659
792.344476835,1880.139395064,86.239651323,-3.771042642
793.344562624,1879.156092747,86.058447229,-3.792331498
794.344650294,1878.172678039,85.877845038,-3.813631913
795.344737965,1877.189263330,85.697242847,-3.834932328
796.344825634,1876.205848622,85.516640657,-3.856232743
797.344913305,1875.222433913,85.336038466,-3.877533159
798.345000974,1874.239019205,85.155436275,-3.898833574
799.345087168,1873.254594424,84.980434138,-3.920152503
800.345175277,1872.270052858,84.806079488,-3.941473572
801.345263388,1871.285511291,84.631724838,-3.962794642
802.345351498,1870.300969725,84.457370188,-3.984115711
803.345439609,1869.316428158,84.283015538,-4.005436780
804.345523662,1868.330645514,84.115838874,-4.026712490
805.345610694,1867.344718311,83.949498284,-4.047982916
806.345697726,1866.358791109,83.783157694,-4.069253342
807.345784757,1865.372863907,83.616817104,-4.090523768
808.345864026,1864.386451521,83.453419982,-4.111749420
809.345948653,1863.399296192,83.294530098,-4.132906513
810.346033281,1862.412140862,83.135640213,-4.154063605
811.346117908,1861.424985533,82.976750329,-4.175220698
812.346202537,1860.437830203,82.817860444,-4.196377791
813.346287165,1859.450674873,82.658970560,-4.217534883
814.346366042,1858.462545309,82.506271630,-4.238529236
815.346446836,1857.474300602,82.354304404,-4.259504355
816.346527631,1856.486055894,82.202337177,-4.280479473
817.346608426,1855.497811186,82.050369950,-4.301454592
818.346689220,1854.509566479,81.898402724,-4.322429710
819.346762897,1853.520326753,81.753071915,-4.343192187
820.346838729,1852.530968572,81.608531162,-4.363929349
821.346914562,1851.541610390,81.463990409,-4.384666511
822.346990394,1850.552252209,81.319449656,-4.405403673
823.347066226,1849.562894028,81.174908903,-4.426140835
824.347134398,1848.573168488,81.032942186,-4.446760155
825.347204055,1847.582875229,80.894953415,-4.467197360
826.347273712,1846.592581970,80.756964645,-4.487634566
827.347343370,1845.602288710,80.618975874,-4.508071772
828.347413027,1844.611995451,80.480987104,-4.528508978
829.347482684,1843.621702192,80.342998334,-4.548946183
830.347341735,1842.630552986,80.211316925,-4.550120680
831.347203213,1841.639300266,80.080398304,-4.548965622
832.347064691,1840.648047546,79.949479682,-4.547810563
833.346926167,1839.656794827,79.818561061,-4.546655505
834.346862064,1838.665597070,79.687230085,-4.558942855
835.349623643,1837.674660715,79.553938001,-4.635160597
836.350940395,1836.683469080,79.422580250,-4.689193197
837.350991512,1835.691880187,79.294232642,-4.708702047
838.351042627,1834.700291295,79.165885034,-4.728210896
839.351093744,1833.708702402,79.037537426,-4.747719745
840.351144860,1832.717113510,78.909189818,-4.767228595
841.351195977,1831.725524617,78.780842210,-4.786737444
842.351247093,1830.733935725,78.652494602,-4.806246293
843.351298210,1829.742346832,78.524146994,-4.825755143
844.351349326,1828.750757940,78.395799386,-4.845263992
845.351400443,1827.759169047,78.267451778,-4.864772841
846.351439724,1826.767875562,78.136844645,-4.883682299
847.351477928,1825.776618631,78.005957907,-4.902517585
848.351516131,1824.785361701,77.875071170,-4.921352871
849.351554335,1823.794104770,77.744184433,-4.940188157
850.351592538,1822.802847840,77.613297695,-4.959023443
851.351630742,1821.811590909,77.482410958,-4.977858729
852.351668945,1820.820333979,77.351524220,-4.996694015
853.351707148,1819.829077048,77.220637483,-5.015529301
854.351745351,1818.837820118,77.089750746,-5.034364587
855.351777180,1817.846756116,76.957423646,-5.052947951
856.351803383,1816.855995700,76.822830041,-5.071134898
857.351829585,1815.865235284,76.688236436,-5.089321846
858.351855787,1814.874474868,76.553642831,-5.107508793
859.351881989,1813.883714453,76.419049226,-5.125695741
860.351908191,1812.892954037,76.284455622,-5.143882689
861.351934394,1811.902193621,76.149862017,-5.162069636
862.351960596,1810.911433205,76.015268412,-5.180256584
863.351986798,1809.920672789,75.880674807,-5.198443532
864.352013001,1808.929912373,75.746081202,-5.216630479
865.352031353,1807.938912279,75.613265373,-5.234392083
866.352048952,1806.947881726,75.480675468,-5.252099633
867.352066551,1805.956851172,75.348085563,-5.269807183
868.352084150,1804.965820619,75.215495658,-5.287514733
869.352101748,1803.974790066,75.082905752,-5.305222283
870.352119347,1802.983759513,74.950315847,-5.322929833
871.352129810,1801.992241422,74.821429353,-5.340281286
872.352140375,1801.000660860,74.693017407,-5.357587108
873.352150904,1800.009080572,74.564603341,-5.374890843
874.352161429,1799.017500327,74.436188938,-5.392194246
875.352171952,1798.025920083,74.307774535,-5.409497650
876.352182476,1797.034339838,74.179360132,-5.426801053
877.352193001,1796.042759593,74.050945729,-5.444104456
878.352203524,1795.051179349,73.922531326,-5.461407860
879.352214049,1794.059599104,73.794116923,-5.478711263
880.352221302,1793.068117555,73.664946302,-5.495851743
881.352224595,1792.076793596,73.534568207,-5.512732080
882.352227888,1791.085469636,73.404190112,-5.529612417
883.352231181,1790.094145677,73.273812016,-5.546492753
884.352234474,1789.102821718,73.143433921,-5.563373090
885.352237767,1788.111497758,73.013055826,-5.580253427
886.352241060,1787.120173799,72.882677731,-5.597133764
887.352244353,1786.128849839,72.752299636,-5.614014101
888.352240267,1785.137883415,72.619234905,-5.630480792
889.352235772,1784.146963877,72.485817854,-5.646893238
890.352231276,1783.156044339,72.352400803,-5.663305684
891.352226780,1782.165124801,72.218983752,-5.679718130
892.352222285,1781.174205263,72.085566701,-5.696130576
893.352217789,1780.183285725,71.952149649,-5.712543022
894.352213293,1779.192366187,71.818732598,-5.728955468
895.352208798,1778.201446649,71.685315547,-5.745367914
896.352204302,1777.210527111,71.551898496,-5.761780360
897.352196035,1776.219622518,71.418370568,-5.777961988
898.352181822,1775.228742028,71.284663824,-5.793771364
899.352167611,1774.237861537,71.150957080,-5.809580741
900.352153399,1773.246981046,71.017250336,-5.825390118
901.352139186,1772.256100556,70.883543593,-5.841199494
902.352124975,1771.265220065,70.749836849,-5.857008871
903.352110764,1770.274339574,70.616130105,-5.872818248
904.352096552,1769.283459083,70.482423361,-5.888627624
905.352082340,1768.292578593,70.348716617,-5.904437001
906.352068128,1767.301698102,70.215009874,-5.920246378
907.352043927,1766.311134341,70.078979234,-5.935435173
908.352018832,1765.320613192,69.942635940,-5.950540477
909.351993737,1764.330092043,69.806292647,-5.965645781
910.351968642,1763.339570894,69.669949353,-5.980751085
911.351943547,1762.349049745,69.533606060,-5.995856388
912.351918452,1761.358528596,69.397262766,-6.010961692
913.351893357,1760.368007447,69.260919473,-6.026066996
914.351868262,1759.377486298,69.124576179,-6.041172299
915.351843167,1758.386965149,68.988232886,-6.056277603
916.351812951,1757.396254043,68.853288848,-6.071149752
917.351778778,1756.405233162,68.720626673,-6.085641678
918.351744606,1755.414212280,68.587964497,-6.100133605
919.351710433,1754.423191399,68.455302322,-6.114625532
920.351676260,1753.432170518,68.322640146,-6.129117459
921.351637640,1752.440988388,68.191197569,-6.143386113
922.351595112,1751.449542501,68.061749923,-6.157289552
923.351552584,1750.458096614,67.932302277,-6.171192991
924.351510056,1749.466650727,67.802854630,-6.185096430
925.351467527,1748.475204840,67.673406984,-6.198999869
926.351424999,1747.483758953,67.543959338,-6.212903308
927.351382472,1746.492313065,67.414511691,-6.226806748
928.351339944,1745.500867178,67.285064045,-6.240710187
929.351285679,1744.510081843,67.150666845,-6.253873956
930.351231797,1743.519387967,67.015584334,-6.266935311
931.351177915,1742.528694092,66.880501823,-6.279996667
932.351124033,1741.538000216,66.745419312,-6.293058022
933.351070152,1740.547306340,66.610336800,-6.306119377
934.351016281,1739.556612476,66.475254208,-6.319181688
935.350962432,1738.565918628,66.340171490,-6.332245491
936.350908582,1737.575224781,66.205088772,-6.345309295
937.350854732,1736.584530933,66.070006054,-6.358373098
938.350795943,1735.593809998,65.935122393,-6.371055797
939.350729399,1734.603044310,65.800567601,-6.383108862
940.350662855,1733.612278622,65.666012808,-6.395161927
941.350596311,1732.621512935,65.531458015,-6.407214991
942.350529767,1731.630747247,65.396903223,-6.419268056
943.350463223,1730.639981559,65.262348430,-6.431321121
944.350396680,1729.649215871,65.127793637,-6.443374186
945.350330135,1728.658450184,64.993238845,-6.455427250
946.350263591,1727.667684496,64.858684052,-6.467480315
947.350197048,1726.676918808,64.724129259,-6.479533380
948.350119379,1725.686029298,64.590489828,-6.490630644
949.350040274,1724.695122218,64.456980281,-6.501592286
950.349961170,1723.704215138,64.323470734,-6.512553928
951.349882066,1722.713308058,64.189961187,-6.523515570
952.349802962,1721.722400978,64.056451640,-6.534477211
953.349723858,1720.731493898,63.922942093,-6.545438853
954.349644754,1719.740586818,63.789432546,-6.556400495
955.349565649,1718.749679738,63.655922999,-6.567362137
956.349486545,1717.758772658,63.522413452,-6.578323778
957.349402789,1716.767851026,63.389012031,-6.588853508
958.349311704,1715.776905081,63.255791263,-6.598661610
959.349220620,1714.785959135,63.122570495,-6.608469713
960.349129536,1713.795013189,62.989349726,-6.618277815
961.349038450,1712.804067244,62.856128958,-6.628085917
962.348947366,1711.813121298,62.722908190,-6.637894020
963.348856282,1710.822175352,62.589687422,-6.647702122
964.348765197,1709.831229407,62.456466654,-6.657510225
965.348674112,1708.840283461,62.323245886,-6.667318327
966.348583027,1707.849337516,62.190025118,-6.677126430
967.348482483,1706.858347810,62.057130315,-6.685918268
968.348380658,1705.867351745,61.924282891,-6.694562392
969.348278834,1704.876355679,61.791435467,-6.703206516
970.348177009,1703.885359613,61.658588043,-6.711850640
971.348075184,1702.894363316,61.525742345,-6.720494682
972.347973359,1701.903366983,61.392896914,-6.729138710
973.347871532,1700.912370651,61.260051484,-6.737782738
974.347769707,1699.921374318,61.127206053,-6.746426767
975.347667882,1698.930377985,60.994360623,-6.755070795
976.347562500,1697.939427934,60.861171161,-6.763305540
977.347451763,1696.948556087,60.727400375,-6.770848701
978.347341027,1695.957684240,60.593629590,-6.778391862
979.347230291,1694.966812393,60.459858804,-6.785935024
980.347119554,1693.975940546,60.326088018,-6.793478185
981.347008818,1692.985068699,60.192317232,-6.801021346
982.346898082,1691.994196852,60.058546447,-6.808564508
983.346787345,1691.003325005,59.924775661,-6.816107669
984.346676609,1690.012453158,59.791004875,-6.823650830
985.346565873,1689.021581311,59.657234090,-6.831193992
986.346448817,1688.030147794,59.527702235,-6.838048293
987.346332423,1687.038630692,59.398801200,-6.844800081
988.346216030,1686.047113590,59.269900166,-6.851551869
989.346099637,1685.055596488,59.140999131,-6.858303657
990.345983243,1684.064079386,59.012098096,-6.865055445
991.345859507,1683.072225536,58.885863122,-6.871629218
992.345739978,1682.079797557,58.764173574,-6.877899491
993.345620449,1681.087369578,58.642484027,-6.884169764
994.345500920,1680.094941598,58.520794479,-6.890440036
995.345381391,1679.102513619,58.399104931,-6.896710309
996.345255967,1678.109257362,58.284404505,-6.902625235
997.345133957,1677.115876348,58.170756799,-6.908486638
998.345011948,1676.122495334,58.057109093,-6.914348042
999.344889938,1675.129114320,57.943461387,-6.920209445
1000.344760516,1674.135432045,57.832536583,-6.925901132
1001.344635913,1673.141233420,57.726278710,-6.931301933
1002.344511309,1672.147034796,57.620020837,-6.936702734
1003.344386706,1671.152836171,57.513762964,-6.942103536
1004.344262103,1670.158637547,57.407505091,-6.947504337
1005.344137499,1669.164438923,57.301247218,-6.952905138
1006.344012896,1668.170240298,57.194989346,-6.958305939
1007.343884602,1667.175633745,57.092631649,-6.963218535
1008.343757117,1666.180964929,56.990869250,-6.968056615
1009.343629632,1665.186296113,56.889106851,-6.972894695
1010.343502148,1664.191627296,56.787344451,-6.977732774
1011.343374663,1663.196958480,56.685582052,-6.982570854
1012.343247178,1662.202289664,56.583819653,-6.987408933
1013.343119694,1661.207620847,56.482057253,-6.992247013
1014.342992209,1660.212952031,56.380294854,-6.997085093
1015.342860545,1659.217742047,56.283992789,-7.001522273
1016.342730929,1658.222448664,56.188532204,-7.005897671
1017.342601313,1657.227155282,56.093071619,-7.010273070
1018.342471697,1656.231861899,55.997611035,-7.014648468
1019.342342081,1655.236568517,55.902150450,-7.019023866
1020.342207838,1654.240670104,55.813261540,-7.023103683
1021.342076787,1653.244677895,55.725391400,-7.027137676
1022.341945735,1652.248685687,55.637521259,-7.031171670
1023.341814682,1651.252693479,55.549651119,-7.035205663
1024.341683630,1650.256701271,55.461780978,-7.039239657
1025.341548317,1649.260534923,55.375949969,-7.043117352
1026.341415629,1648.264065660,55.293666029,-7.046723167
1027.341282941,1647.267596396,55.211382089,-7.050328982
1028.341150254,1646.271127132,55.129098149,-7.053934797
1029.341017566,1645.274657869,55.046814208,-7.057540612
1030.340884878,1644.278188605,54.964530268,-7.061146428
1031.340752191,1643.281719341,54.882246328,-7.064752243
1032.340619502,1642.285250078,54.799962388,-7.068358058
1033.340486815,1641.288780814,54.717678448,-7.071963873
1034.340354127,1640.292311550,54.635394508,-7.075569688
1035.340220128,1639.295711688,54.554710260,-7.078853842
1036.340086166,1638.299091218,54.474278436,-7.082087240
1037.339952205,1637.302470747,54.393846611,-7.085320638
1038.339818243,1636.305850277,54.313414787,-7.088554036
1039.339684282,1635.309229807,54.232982962,-7.091787434
1040.339550321,1634.312609336,54.152551138,-7.095020832
1041.339409578,1633.315779221,54.074845055,-7.098186210
1042.339275021,1632.318580966,54.001925370,-7.101230025
1043.339140463,1631.321382724,53.929005507,-7.104273320
1044.339005905,1630.324184482,53.856085644,-7.107316615
1045.338871347,1629.326986240,53.783165781,-7.110359910
1046.338736297,1628.329741812,53.710885307,-7.113360339
1047.338601386,1627.332416031,53.639731053,-7.116285264
1048.338466474,1626.335090251,53.568576800,-7.119210189
1049.338331563,1625.337764470,53.497422546,-7.122135114
1050.338196652,1624.340438690,53.426268293,-7.125060040
1051.338061741,1623.343112909,53.355114039,-7.127984965
1052.337926829,1622.345787129,53.283959786,-7.130909890
1053.337791918,1621.348461348,53.212805532,-7.133834815
1054.337655349,1620.351467922,53.137158503,-7.136753130
1055.337520416,1619.354528110,53.060786694,-7.139670378
1056.337385482,1618.357588299,52.984414886,-7.142587626
1057.337250548,1617.360648488,52.908043078,-7.145504875
1058.337115614,1616.363708677,52.831671269,-7.148422123
1059.336980680,1615.366768866,52.755299461,-7.151339371
1060.336845746,1614.369829055,52.678927652,-7.154256619
1061.336710813,1613.372889243,52.602555844,-7.157173868
1062.336575741,1612.375994566,52.525601089,-7.160147486
1063.336441276,1611.379180152,52.447609654,-7.163221349
1064.336306811,1610.382365738,52.369618220,-7.166295212
1065.336172347,1609.385551323,52.291626785,-7.169369075
1066.336037883,1608.388736909,52.213635350,-7.172442939
1067.335903418,1607.391922495,52.135643916,-7.175516802
1068.335768953,1606.395108081,52.057652481,-7.178590665
1069.335623212,1605.398031095,51.983248020,-7.181752714
1070.335489533,1604.400485209,51.915249150,-7.185072246
1071.335355854,1603.402939323,51.847250280,-7.188391779
1072.335222174,1602.405393438,51.779251410,-7.191711311
1073.335088495,1601.407847552,51.711252540,-7.195030843
1074.334954471,1600.410235451,51.644245324,-7.198509121
1075.334822361,1599.412504741,51.579014430,-7.202271758
1076.334690251,1598.414774030,51.513783536,-7.206034395
1077.334558141,1597.417043320,51.448552642,-7.209797032
1078.334426032,1596.419312609,51.383321749,-7.213559669
1079.334293921,1595.421581899,51.318090855,-7.217322306
1080.334161812,1594.423851188,51.252859961,-7.221084943
1081.334029701,1593.426120478,51.187629067,-7.224847580
1082.333897592,1592.428389767,51.122398173,-7.228610217
1083.333765481,1591.430659057,51.057167279,-7.232372854
1084.333634661,1590.433148512,50.988665031,-7.236677485
1085.333505131,1589.435674720,50.919616672,-7.241072596
1086.333375601,1588.438200929,50.850568313,-7.245467706
1087.333246071,1587.440727138,50.781519955,-7.249862817
1088.333116542,1586.443253346,50.712471596,-7.254257927
1089.332987012,1585.445779555,50.643423237,-7.258653037
1090.332857482,1584.448305764,50.574374878,-7.263048148
1091.332730145,1583.451038181,50.502419482,-7.268061339
1092.332604051,1582.453805292,50.429974981,-7.273178521
1093.332477956,1581.456572403,50.357530481,-7.278295704
1094.332351861,1580.459339514,50.285085981,-7.283412886
1095.332225766,1579.462106625,50.212641480,-7.288530068
1096.332099671,1578.464873736,50.140196980,-7.293647251
1097.331973575,1577.467640848,50.067752479,-7.298764433
1098.331847480,1576.470407959,49.995307979,-7.303881615
1099.331721385,1575.473175070,49.922863478,-7.308998797
1100.331596607,1574.475903225,49.850960967,-7.314416838
1101.331475213,1573.478560497,49.780044661,-7.320382322
1102.331353819,1572.481217769,49.709128355,-7.326347807
1103.331232425,1571.483875041,49.638212048,-7.332313291
1104.331111032,1570.486532312,49.567295742,-7.338278775
1105.330989638,1569.489189584,49.496379436,-7.344244259
1106.330868244,1568.491846856,49.425463130,-7.350209743
1107.330746850,1567.494504127,49.354546824,-7.356175228
1108.330625456,1566.497161399,49.283630517,-7.362140712
1109.330504062,1565.499818671,49.212714211,-7.368106196
1110.330386849,1564.502541164,49.140887538,-7.374746175
1111.330270484,1563.505274866,49.068904399,-7.381502081
1112.330154118,1562.508008569,48.996921259,-7.388257987
1113.330037753,1561.510742271,48.924938120,-7.395013893
1114.329921387,1560.513475974,48.852954980,-7.401769799
1115.329805021,1559.516209677,48.780971841,-7.408525705
1116.329688656,1558.518943379,48.708988701,-7.415281611
1117.329572290,1557.521677082,48.637005562,-7.422037516
1118.329455925,1556.524410785,48.565022422,-7.428793422
1119.329341247,1555.527135433,48.493165038,-7.435796711
1120.329229877,1554.529843414,48.421539139,-7.443255371
1121.329118506,1553.532551395,48.349913240,-7.450714030
1122.329007136,1552.535259376,48.278287340,-7.458172690
1123.328895765,1551.537967358,48.206661441,-7.465631350
1124.328784386,1550.540675323,48.135035761,-7.473088714
1125.328673005,1549.543383287,48.063410099,-7.480545971
1126.328561625,1548.546091251,47.991784436,-7.488003228
1127.328450243,1547.548799216,47.920158774,-7.495460485
1128.328338862,1546.551507180,47.848533112,-7.502917742
1129.328231362,1545.554101972,47.778504251,-7.510906498
1130.328124837,1544.556676901,47.708755636,-7.518988535
1131.328018310,1543.559251831,47.639007021,-7.527070571
1132.327911784,1542.561826761,47.569258406,-7.535152608
1133.327805259,1541.564401690,47.499509792,-7.543234644
1134.327698733,1540.566976620,47.429761177,-7.551316681
1135.327592206,1539.569551550,47.360012562,-7.559398717
1136.327485681,1538.572126479,47.290263947,-7.567480754
1137.327379155,1537.574701409,47.220515332,-7.575562790
1138.327274127,1536.577253029,47.151102374,-7.583840818
1139.327172292,1535.579761242,47.082314481,-7.592483824
1140.327070459,1534.582269454,47.013526587,-7.601126829
1141.326968624,1533.584777667,46.944738694,-7.609769834
1142.326866790,1532.587285879,46.875950800,-7.618412839
1143.326764956,1531.589794092,46.807162907,-7.627055844
1144.326663121,1530.592302305,46.738375013,-7.635698849
1145.326561287,1529.594810517,46.669587120,-7.644341854
1146.326459452,1528.597318730,46.600799226,-7.652984859
1147.326357619,1527.599826942,46.532011333,-7.661627864
1148.326259389,1526.602436544,46.461771361,-7.670699308
1149.326162050,1525.605064311,46.391271224,-7.679847515
1150.326064710,1524.607692078,46.320771087,-7.688995723
1151.325967370,1523.610319845,46.250270950,-7.698143930
1152.325870030,1522.612947613,46.179770812,-7.707292137
1153.325772690,1521.615575380,46.109270675,-7.716440344
1154.325675350,1520.618203147,46.038770538,-7.725588551
1155.325578011,1519.620830914,45.968270400,-7.734736758
1156.325480671,1518.623458681,45.897770263,-7.743884965
1157.325384635,1517.626062809,45.827606883,-7.753186080
1158.325291426,1516.628622401,45.758077954,-7.762775273
1159.325198219,1515.631181992,45.688549025,-7.772364467
1160.325105011,1514.633741584,45.619020097,-7.781953660
1161.325011802,1513.636301176,45.549491168,-7.791542853
1162.324918595,1512.638860767,45.479962239,-7.801132047
1163.324825387,1511.641420359,45.410433310,-7.810721240
1164.324732179,1510.643979950,45.340904382,-7.820310433
1165.324638971,1509.646539542,45.271375453,-7.829899627
1166.324545763,1508.649099134,45.201846524,-7.839488820
1167.324455451,1507.651665327,45.132222969,-7.849375458
1168.324365676,1506.654232562,45.062584481,-7.859316206
1169.324275901,1505.656799753,44.992946613,-7.869256882
1170.324186126,1504.659366944,44.923308746,-7.879197558
1171.324096350,1503.661934136,44.853670878,-7.889138234
1172.324006575,1502.664501327,44.784033010,-7.899078910
1173.323916799,1501.667068519,44.714395143,-7.909019586
1174.323827024,1500.669635710,44.644757275,-7.918960262
1175.323737248,1499.672202902,44.575119408,-7.928900938
1176.323648232,1498.674753495,44.505720478,-7.938923113
1177.323560839,1497.677272448,44.436777013,-7.949100643
1178.323473447,1496.679791401,44.367833548,-7.959278173
1179.323386054,1495.682310354,44.298890083,-7.969455703
1180.323298662,1494.684829307,44.229946618,-7.979633234
1181.323211269,1493.687348260,44.161003153,-7.989810764
1182.323123877,1492.689867213,44.092059688,-7.999988294
1183.323036483,1491.692386167,44.023116223,-8.010165824
1184.322949091,1490.694905120,43.954172758,-8.020343354
1185.322861698,1489.697424073,43.885229293,-8.030520884
1186.322775076,1488.699995965,43.815524909,-8.040779132
1187.322688663,1487.702577734,43.745678562,-8.051052440
1188.322602250,1486.705159502,43.675832215,-8.061325747
1189.322515837,1485.707741271,43.605985868,-8.071599055
1190.322429423,1484.710323040,43.536139521,-8.081872363
1191.322343010,1483.712904809,43.466293175,-8.092145670
1192.322256597,1482.715486577,43.396446828,-8.102418978
1193.322170184,1481.718068346,43.326600481,-8.112692285
1194.322083770,1480.720650115,43.256754134,-8.122965593
1195.321997209,1479.723234424,43.186871536,-8.133224527
1196.321910364,1478.725823633,43.116919019,-8.143455738
1197.321823518,1477.728412843,43.046966501,-8.153686949
1198.321736674,1476.731002052,42.977013984,-8.163918160
1199.321649829,1475.733591261,42.907061467,-8.174149371
1200.321562985,1474.736180470,42.837108950,-8.184380582
1201.321476140,1473.738769679,42.767156432,-8.194611793
1202.321389294,1472.741358889,42.697203915,-8.204843004
1203.321302450,1471.743948098,42.627251398,-8.215074215
1204.321215605,1470.746537307,42.557298881,-8.225305426
1205.321127261,1469.749044792,42.488523471,-8.235402232
1206.321038793,1468.751536724,42.419972060,-8.245473462
1207.320950324,1467.754028657,42.351420650,-8.255544692
1208.320861855,1466.756520590,42.282869239,-8.265615922
1209.320773385,1465.759012523,42.214317829,-8.275687152
1210.320684917,1464.761504455,42.145766418,-8.285758382
1211.320596448,1463.763996388,42.077215008,-8.295829611
1212.320507978,1462.766488321,42.008663597,-8.305900841
1213.320419510,1461.768980253,41.940112186,-8.315972071
1214.320330162,1460.771483804,41.871392328,-8.325958435
1215.320239202,1459.774010029,41.802343735,-8.335779176
1216.320148241,1458.776536254,41.733295142,-8.345599918
1217.320057280,1457.779062479,41.664246549,-8.355420660
1218.319966320,1456.781588704,41.595197956,-8.365241402
1219.319875359,1455.784114929,41.526149364,-8.375062143
1220.319784398,1454.786641154,41.457100771,-8.384882885
1221.319693438,1453.789167379,41.388052178,-8.394703627
1222.319602477,1452.791693604,41.319003585,-8.404524369
1223.319511517,1451.794219828,41.249954992,-8.414345111
1224.319417927,1450.796828106,41.179733033,-8.423908469
1225.319323995,1449.799452306,41.109283382,-8.433421881
1226.319230064,1448.802076505,41.038833731,-8.442935294
1227.319136132,1447.804700705,40.968384080,-8.452448706
1228.319042200,1446.807324905,40.897934429,-8.461962119
1229.318948268,1445.809949105,40.827484778,-8.471475531
1230.318854336,1444.812573305,40.757035127,-8.480988944
1231.318760405,1443.815197504,40.686585476,-8.490502356
1232.318666473,1442.817821704,40.616135825,-8.500015769
1233.318570740,1441.820386265,40.546546186,-8.509416318
1234.318473670,1440.822833055,40.478654851,-8.518593992
1235.318376600,1439.825279845,40.410763516,-8.527771666
1236.318279531,1438.827726635,40.342872181,-8.536949340
1237.318182461,1437.830173425,40.274980846,-8.546127014
1238.318085391,1436.832620215,40.207089510,-8.555304688
1239.317988321,1435.835067005,40.139198175,-8.564482362
1240.317891252,1434.837513795,40.071306840,-8.573660036
1241.317794182,1433.839960585,40.003415505,-8.582837710
1242.317697112,1432.842407375,39.935524170,-8.592015384
1243.317597269,1431.844942041,39.866356087,-8.600903975
1244.317497081,1430.847494091,39.796935430,-8.609735377
1245.317396893,1429.850046141,39.727514772,-8.618566779
1246.317296704,1428.852598192,39.658094114,-8.627398181
1247.317196516,1427.855150242,39.588673457,-8.636229583
1248.317096328,1426.857702292,39.519252799,-8.645060984
1249.316996141,1425.860254342,39.449832141,-8.653892386
1250.316895953,1424.862806392,39.380411484,-8.662723788
1251.316795764,1423.865358443,39.310990826,-8.671555190
1252.316694484,1422.867887527,39.241902549,-8.680274858
1253.316591394,1421.870370717,39.173478469,-8.688771248
1254.316488303,1420.872853907,39.105054388,-8.697267638
1255.316385212,1419.875337098,39.036630308,-8.705764028
1256.316282121,1418.877820288,38.968206227,-8.714260418
1257.316179030,1417.880303479,38.899782146,-8.722756808
1258.316075939,1416.882786669,38.831358066,-8.731253197
1259.315972848,1415.885269860,38.762933985,-8.739749587
1260.315869731,1414.887753100,38.694509170,-8.748242858
1261.315766613,1413.890236343,38.626084327,-8.756736015
1262.315661173,1412.892623653,38.559075718,-8.764976106
1263.315555519,1411.894991619,38.492352658,-8.773165172
1264.315449864,1410.897359586,38.425629599,-8.781354238
1265.315344208,1409.899727553,38.358906539,-8.789543304
1266.315238553,1408.902095520,38.292183480,-8.797732371
1267.315132888,1407.904463535,38.225459697,-8.805920218
1268.315027221,1406.906831564,38.158735704,-8.814107713
1269.314921552,1405.909199594,38.092011712,-8.822295208
1270.314815884,1404.911567623,38.025287719,-8.830482702
1271.314709242,1403.913970376,37.958050540,-8.838583413
1272.314601461,1402.916443349,37.889775572,-8.846508625
1273.314493679,1401.918916323,37.821500603,-8.854433838
1274.314385899,1400.921389296,37.753225635,-8.862359050
1275.314278117,1399.923862270,37.684950667,-8.870284262
1276.314170336,1398.926335243,37.616675698,-8.878209475
1277.314062555,1397.928808216,37.548400730,-8.886134687
1278.313954773,1396.931281190,37.480125762,-8.894059899
1279.313846992,1395.933754163,37.411850793,-8.901985112
1280.313739211,1394.936227136,37.343575825,-8.909910324
1281.313630128,1393.938693550,37.275396772,-8.917669648
1282.313520781,1392.941158617,37.207237427,-8.925394888
1283.313411436,1391.943623683,37.139078081,-8.933120128
1284.313302090,1390.946088749,37.070918736,-8.940845368
1285.313192743,1389.948553816,37.002759390,-8.948570608
1286.313083397,1388.951018882,36.934600045,-8.956295848
1287.312974051,1387.953483948,36.866440699,-8.964021088
1288.312864704,1386.955949015,36.798281354,-8.971746328
1289.312755358,1385.958414081,36.730122008,-8.979471568
1290.312645697,1384.960867968,36.662126882,-8.987159499
1291.312535479,1383.963298975,36.594467849,-8.994771074
1292.312425260,1382.965729983,36.526808815,-9.002382648
1293.312315043,1381.968160990,36.459149782,-9.009994223
1294.312204825,1380.970591997,36.391490749,-9.017605798
1295.312094607,1379.973023004,36.323831715,-9.025217372
1296.311984389,1378.975454011,36.256172682,-9.032828947
1297.311874172,1377.977885018,36.188513648,-9.040440522
1298.311763953,1376.980316026,36.120854615,-9.048052097
1299.311653735,1375.982747033,36.053195582,-9.055663671
1300.311543378,1374.985248903,35.984501360,-9.063271765
1301.311433128,1373.987765606,35.915590458,-9.070879130
1302.311322878,1372.990282309,35.846679556,-9.078486495
1303.311212628,1371.992799012,35.777768655,-9.086093860
1304.311102378,1370.995315715,35.708857753,-9.093701225
1305.310992128,1369.997832418,35.639946852,-9.101308590
1306.310881878,1369.000349121,35.571035950,-9.108915955
1307.310771629,1368.002865824,35.502125048,-9.116523321
1308.310661378,1367.005382527,35.433214147,-9.124130686
1309.310551343,1366.007916226,35.364058570,-9.131774372
1310.310441949,1365.010485128,35.294396200,-9.139493292
1311.310332553,1364.013054031,35.224733830,-9.147212211
1312.310223158,1363.015622933,35.155071460,-9.154931131
1313.310113764,1362.018191835,35.085409090,-9.162650051
1314.310004368,1361.020760738,35.015746720,-9.170368970
1315.309894974,1360.023329640,34.946084350,-9.178087890
1316.309785578,1359.025898543,34.876421980,-9.185806809
1317.309676183,1358.028467445,34.806759610,-9.193525729
1318.309566788,1357.031036348,34.737097241,-9.201244648
1319.309458705,1356.033539250,34.668387814,-9.209144025
1320.309351025,1355.036028080,34.599881555,-9.217081876
1321.309243344,1354.038516911,34.531375296,-9.225019726
1322.309135662,1353.041005742,34.462869037,-9.232957577
1323.309027981,1352.043494573,34.394362778,-9.240895428
1324.308920300,1351.045983404,34.325856519,-9.248833278
1325.308812620,1350.048472234,34.257350260,-9.256771129
1326.308704939,1349.050961065,34.188844001,-9.264708979
1327.308597258,1348.053449896,34.120337742,-9.272646830
1328.308490147,1347.055964466,34.051459836,-9.280674330
1329.308384708,1346.058532996,33.981802803,-9.288889772
1330.308279270,1345.061101525,33.912145771,-9.297105214
1331.308173831,1344.063670055,33.842488738,-9.305320656
1332.308068392,1343.066238584,33.772831706,-9.313536098
1333.307962953,1342.068807114,33.703174673,-9.321751541
1334.307857512,1341.071375719,33.633516561,-9.329966703
1335.307752063,1340.073944627,33.563854107,-9.338180743
1336.307647214,1339.076546890,33.493719094,-9.346496260
1337.307544404,1338.079219431,33.422588366,-9.355025599
1338.307441594,1337.081891972,33.351457638,-9.363554938
1339.307338783,1336.084564514,33.280326910,-9.372084277
1340.307235973,1335.087237055,33.209196183,-9.380613616
1341.307133163,1334.089909596,33.138065455,-9.389142955
1342.307030352,1333.092582138,33.066934727,-9.397672294
1343.306927542,1332.095254679,32.995803999,-9.406201633
1344.306824731,1331.097927221,32.924673271,-9.414730973
1345.306721921,1330.100599762,32.853542543,-9.423260312
1346.306621081,1329.103133248,32.784395392,-9.432066863
1347.306521209,1328.105636318,32.715682114,-9.440934049
1348.306421339,1327.108139387,32.646968836,-9.449801236
1349.306321467,1326.110642457,32.578255558,-9.458668423
1350.306221596,1325.113145527,32.509542280,-9.467535609
1351.306121724,1324.115648597,32.440829002,-9.476402796
1352.306021853,1323.118151667,32.372115724,-9.485269983
1353.305921981,1322.120654737,32.303402447,-9.494137169
1354.305822110,1321.123157807,32.234689169,-9.503004356
1355.305723075,1320.125643795,32.166225279,-9.511972793
1356.305626067,1319.128093353,32.098293289,-9.521157179
1357.305529059,1318.130542911,32.030361298,-9.530341565
1358.305432051,1317.132992468,31.962429308,-9.539525951
1359.305335043,1316.135442026,31.894497318,-9.548710337
1360.305238034,1315.137891584,31.826565327,-9.557894723
1361.305141026,1314.140341142,31.758633337,-9.567079109
1362.305044008,1313.142790763,31.690700415,-9.576262444
1363.304946989,1312.145240395,31.622767328,-9.585445593
1364.304849970,1311.147690027,31.554834241,-9.594628742
1365.304755086,1310.150224623,31.485667295,-9.604059628
1366.304660894,1309.152778137,31.416225612,-9.613545677
1367.304566702,1308.155331651,31.346783929,-9.623031725
1368.304472511,1307.157885164,31.277342247,-9.632517774
1369.304378319,1306.160438678,31.207900564,-9.642003822
1370.304284127,1305.162992192,31.138458882,-9.651489870
1371.304189935,1304.165545706,31.069017199,-9.660975919
1372.304095744,1303.168099219,30.999575516,-9.670461967
1373.304001552,1302.170652733,30.930133834,-9.679948015
1374.303908180,1301.173186500,30.860977647,-9.689529351
1375.303816889,1300.175677637,30.792437822,-9.699316405
1376.303725598,1299.178168774,30.723897998,-9.709103459
1377.303634307,1298.180659910,30.655358173,-9.718890513
1378.303543016,1297.183151047,30.586818348,-9.728677566
1379.303451726,1296.185642183,30.518278524,-9.738464620
1380.303360435,1295.188133320,30.449738699,-9.748251674
1381.303269144,1294.190624456,30.381198875,-9.758038728
1382.303177853,1293.193115593,30.312659050,-9.767825781
1383.303086563,1292.195606729,30.244119225,-9.777612835
1384.302997697,1291.198113503,30.175352290,-9.787645292
1385.302909399,1290.200623820,30.106533882,-9.797733365
1386.302821100,1289.203134137,30.037715475,-9.807821439
1387.302732800,1288.205644455,29.968897067,-9.817909513
1388.302644501,1287.208154772,29.900078660,-9.827997587
1389.302556201,1286.210665090,29.831260252,-9.838085661
1390.302467902,1285.213175407,29.762441845,-9.848173734
1391.302379604,1284.215685724,29.693623438,-9.858261808
1392.302291304,1283.218196042,29.624805030,-9.868349882
1393.302203887,1282.220699273,29.556089581,-9.878526168
1394.302118463,1281.223187016,29.487599151,-9.888895248
1395.302033038,1280.225674760,29.419108722,-9.899264327
1396.301947613,1279.228162504,29.350618292,-9.909633406
1397.301862189,1278.230650248,29.282127862,-9.920002485
1398.301776764,1277.233137992,29.213637433,-9.930371565
1399.301691340,1276.235625735,29.145147003,-9.940740644
1400.301605915,1275.238113479,29.076656573,-9.951109723
1401.301520490,1274.240601223,29.008166144,-9.961478802
1402.301435065,1273.243088967,28.939675714,-9.971847882
1403.301351602,1272.245544421,28.871657575,-9.982406834
1404.301268628,1271.247992428,28.803748360,-9.993009576
1405.301185653,1270.250440435,28.735839145,-10.003612318
1406.301102679,1269.252888442,28.667929929,-10.014215060
1407.301019705,1268.255336449,28.600020714,-10.024817802
1408.300936731,1267.257784456,28.532111499,-10.035420544
1409.300853756,1266.260232463,28.464202284,-10.046023286
1410.300770782,1265.262680470,28.396293069,-10.056626028
1411.300687808,1264.265128477,28.328383853,-10.067228770
1412.300605351,1263.267588314,28.260301570,-10.077883272
1413.300524153,1262.270074327,28.191836363,-10.088652297
1414.300442956,1261.272560339,28.123371155,-10.099421321
1415.300361759,1260.275046351,28.054905947,-10.110190346
1416.300280561,1259.277532364,27.986440740,-10.120959370
1417.300199364,1258.280018376,27.917975532,-10.131728395
1418.300118167,1257.282504388,27.849510324,-10.142497419
1419.300036969,1256.284990401,27.781045117,-10.153266444
1420.299955773,1255.287476413,27.712579909,-10.164035468
1421.299874576,1254.289962425,27.644114702,-10.174804492
1422.299794467,1253.292448554,27.575647795,-10.185674107
1423.299714614,1252.294934711,27.507180489,-10.196567323
1424.299634763,1251.297420867,27.438713184,-10.207460540
1425.299554911,1250.299907023,27.370245878,-10.218353757
1426.299475058,1249.302393180,27.301778573,-10.229246973
1427.299395207,1248.304879336,27.233311267,-10.240140190
1428.299315355,1247.307365492,27.164843962,-10.251033406
1429.299235502,1246.309851649,27.096376656,-10.261926623
1430.299155651,1245.312337805,27.027909350,-10.272819840
1431.299076366,1244.314825410,26.959420944,-10.283765032
1432.298998363,1243.317316262,26.890885267,-10.294826658
1433.298920359,1242.319807114,26.822349590,-10.305888285
1434.298842356,1241.322297965,26.753813914,-10.316949911
1435.298764353,1240.324788817,26.685278237,-10.328011537
1436.298686350,1239.327279668,26.616742560,-10.339073164
1437.298608347,1238.329770520,26.548206884,-10.350134790
1438.298530344,1237.332261371,26.479671207,-10.361196416
1439.298452340,1236.334752223,26.411135530,-10.372258042
1440.298374338,1235.337243074,26.342599853,-10.383319669
1441.298299114,1234.339684404,26.274789723,-10.394635346
1442.298224641,1233.342113915,26.207152766,-10.406011661
1443.298150169,1232.344543425,26.139515809,-10.417387975
1444.298075696,1231.346972935,26.071878852,-10.428764289
1445.298001224,1230.349402445,26.004241895,-10.440140604
1446.297926752,1229.351831955,25.936604938,-10.451516918
1447.297852279,1228.354261465,25.868967982,-10.462893232
1448.297777807,1227.356690975,25.801331025,-10.474269547
1449.297703335,1226.359120485,25.733694068,-10.485645861
1450.297630393,1225.361592701,25.665436598,-10.497194012
1451.297562467,1224.364161776,25.595771764,-10.509131901
1452.297494542,1223.366730850,25.526106930,-10.521069790
1453.297426616,1222.369299925,25.456442096,-10.533007678
1454.297358691,1221.371868999,25.386777262,-10.544945567
1455.297290765,1220.374438074,25.317112428,-10.556883456
1456.297222840,1219.377007148,25.247447595,-10.568821344
1457.297154913,1218.379576223,25.177782761,-10.580759233
1458.297087008,1217.382145213,25.108119136,-10.592698842
1459.297019108,1216.384714182,25.038455814,-10.604638881
1460.296959509,1215.387236302,24.969467344,-10.617259300
1461.296902063,1214.389747050,24.900642692,-10.630044877
1462.296844618,1213.392257798,24.831818039,-10.642830454
1463.296787171,1212.394768547,24.762993386,-10.655616031
1464.296729725,1211.397279295,24.694168733,-10.668401608
1465.296672279,1210.399790043,24.625344081,-10.681187185
1466.296614833,1209.402300791,24.556519428,-10.693972762
1467.296557386,1208.404811540,24.487694775,-10.706758339
1468.296499941,1207.407322288,24.418870123,-10.719543916
1469.296446702,1206.409806946,24.350427108,-10.732667275
1470.296404115,1205.412231683,24.282860577,-10.746566397
1471.296361527,1204.414656421,24.215294046,-10.760465519
1472.296318938,1203.417081159,24.147727514,-10.774364640
1473.296276351,1202.419505896,24.080160983,-10.788263762
1474.296233762,1201.421930634,24.012594452,-10.802162884
1475.296191175,1200.424355371,23.945027920,-10.816062005
1476.296148587,1199.426780109,23.877461389,-10.829961127
1477.296105998,1198.429204847,23.809894858,-10.843860249
1478.296063411,1197.431629584,23.742328327,-10.857759370
1479.296036083,1196.434032972,23.675077943,-10.872717006
1480.296012711,1195.436431089,23.607905601,-10.887935939
1481.295989339,1194.438829206,23.540733259,-10.903154872
1482.295965967,1193.441227323,23.473560917,-10.918373804
1483.295942595,1192.443625440,23.406388575,-10.933592737
1484.295919222,1191.446023558,23.339216233,-10.948811669
1485.295895850,1190.448421675,23.272043891,-10.964030602
1486.295872478,1189.450819792,23.204871549,-10.979249535
1487.295849106,1188.453217909,23.137699207,-10.994468467
1488.295832233,1187.455647673,23.070062235,-11.010124778
1489.295832056,1186.458151035,23.001344713,-11.026798260
1490.295831879,1185.460654397,22.932627192,-11.043471743
1491.295831702,1184.463157759,22.863909670,-11.060145226
1492.295831524,1183.465661122,22.795192149,-11.076818708
1493.295831347,1182.468164484,22.726474627,-11.093492191
1494.295831169,1181.470667846,22.657757106,-11.110165674
1495.295830992,1180.473171208,22.589039584,-11.126839156
1496.295830815,1179.475674570,22.520322063,-11.143512639
1497.295830637,1178.478177933,22.451604541,-11.160186122
1498.295851573,1177.480729640,22.382189691,-11.178084573
1499.295878119,1176.483293481,22.312599834,-11.196290450
1500.295904667,1175.485857321,22.243009977,-11.214496326
1501.295931213,1174.488421162,22.173420121,-11.232702203
1502.295957759,1173.490985003,22.103830264,-11.250908080
1503.295984307,1172.493548843,22.034240407,-11.269113957
1504.296010853,1171.496112684,21.964650551,-11.287319834
1505.296037400,1170.498676524,21.895060694,-11.305525710
1506.296063947,1169.501240365,21.825470837,-11.323731587
1507.296099069,1168.503801325,21.755922317,-11.342402685
1508.296155250,1167.506355499,21.686471146,-11.362169420
1509.296211430,1166.508909673,21.617019975,-11.381936155
1510.296267610,1165.511463848,21.547568804,-11.401702890
1511.296323791,1164.514018022,21.478117634,-11.421469625
1512.296379972,1163.516572196,21.408666463,-11.441236360
1513.296436152,1162.519126371,21.339215292,-11.461003096
1514.296492332,1161.521680545,21.269764122,-11.480769831
1515.296548513,1160.524234719,21.200312951,-11.500536566
1516.296604693,1159.526788894,21.130861780,-11.520303301
1517.296686273,1158.529327297,21.061637572,-11.541316122
1518.296774589,1157.531861678,20.992471266,-11.562646841
1519.296862905,1156.534396058,20.923304959,-11.583977560
1520.296951220,1155.536930439,20.854138653,-11.605308279
1521.297039537,1154.539464819,20.784972346,-11.626638998
1522.297127853,1153.541999199,20.715806040,-11.647969717
1523.297216169,1152.544533580,20.646639734,-11.669300436
1524.297304485,1151.547067960,20.577473427,-11.690631155
1525.297392800,1150.549602341,20.508307121,-11.711961874
1526.297490831,1149.552110105,20.439528338,-11.733751513
1527.297613486,1148.554554391,20.371673812,-11.756635696
1528.297736142,1147.556998676,20.303819286,-11.779519879
1529.297858797,1146.559442962,20.235964760,-11.802404062
1530.297981453,1145.561887247,20.168110234,-11.825288245
1531.298104108,1144.564331533,20.100255708,-11.848172428
1532.298226764,1143.566775818,20.032401182,-11.871056611
1533.298349419,1142.569220104,19.964546656,-11.893940794
1534.298472075,1141.571664389,19.896692131,-11.916824977
1535.298594730,1140.574108675,19.828837605,-11.939709160
1536.298745928,1139.576607238,19.760190973,-11.963811900
1537.298904872,1138.579119875,19.691338954,-11.988230605
1538.299063816,1137.581632512,19.622486934,-12.012649309
1539.299222759,1136.584145149,19.553634914,-12.037068014
1540.299381703,1135.586657786,19.484782894,-12.061486719
1541.299540648,1134.589170422,19.415930874,-12.085905424
1542.299699592,1133.591683059,19.347078854,-12.110324128
1543.299858536,1132.594195696,19.278226834,-12.134742833
1544.300017480,1131.596708333,19.209374814,-12.159161538
1545.300187282,1130.599219184,19.140548684,-12.184021036
1546.300384117,1129.601725721,19.071785095,-12.209945325
1547.300580952,1128.604232258,19.003021506,-12.235869615
1548.300777787,1127.606738795,18.934257917,-12.261793904
1549.300974623,1126.609245331,18.865494328,-12.287718193
1550.301171458,1125.611751868,18.796730738,-12.313642483
1551.301368293,1124.614258405,18.727967149,-12.339566772
1552.301565093,1123.616764965,18.659203231,-12.365489726
1553.301761885,1122.619271530,18.590439224,-12.391412318
1554.301958676,1121.621778096,18.521675217,-12.417334909
1555.302186182,1120.624304311,18.452626922,-12.444417112
1556.302422019,1119.626835704,18.383503715,-12.471804881
1557.302657857,1118.629367096,18.314380509,-12.499192649
1558.302893694,1117.631898489,18.245257302,-12.526580418
1559.303129531,1116.634429882,18.176134095,-12.553968187
1560.303365368,1115.636961275,18.107010888,-12.581355955
1561.303601206,1114.639492667,18.037887682,-12.608743724
1562.303837043,1113.642024060,17.968764475,-12.636131493
1563.304072880,1112.644555453,17.899641268,-12.663519261
1564.304319904,1111.647074203,17.830701342,-12.691314062
1565.304595138,1110.649562019,17.762209864,-12.720104780
1566.304870374,1109.652049834,17.693718385,-12.748895497
1567.305145609,1108.654537650,17.625226906,-12.777686215
1568.305420844,1107.657025466,17.556735428,-12.806476932
1569.305696078,1106.659513282,17.488243949,-12.835267650
1570.305971313,1105.662001098,17.419752471,-12.864058367
1571.306246548,1104.664488914,17.351260992,-12.892849085
1572.306521784,1103.666976729,17.282769513,-12.921639803
1573.306797018,1102.669464545,17.214278035,-12.950430520
1574.307102732,1101.671983231,17.145338831,-12.980262315
1575.307416826,1100.674510182,17.076279750,-13.010372857
1576.307730919,1099.677037133,17.007220668,-13.040483399
1577.308045012,1098.679564084,16.938161587,-13.070593940
1578.308359105,1097.682091035,16.869102505,-13.100704482
1579.308673198,1096.684617986,16.800043423,-13.130815024
1580.308987291,1095.687144937,16.730984342,-13.160925566
1581.309301385,1094.689671888,16.661925260,-13.191036108
1582.309615478,1093.692198839,16.592866179,-13.221146649
1583.309939976,1092.694701471,16.524161534,-13.251606051
1584.310291333,1091.697143827,16.456335379,-13.282930119
1585.310642691,1090.699586183,16.388509223,-13.314254187
1586.310994048,1089.702028539,16.320683067,-13.345578255
1587.311345405,1088.704470895,16.252856912,-13.376902322
1588.311696761,1087.706913252,16.185030756,-13.408226390
1589.312048118,1086.709355608,16.117204600,-13.439550458
1590.312399475,1085.711797964,16.049378445,-13.470874526
1591.312750832,1084.714240320,15.981552289,-13.502198594
1592.313102189,1083.716682676,15.913726133,-13.533522661
1593.313480559,1082.719160660,15.845378542,-13.565698983
1594.313866448,1081.721648335,15.776889113,-13.598107127
1595.314252338,1080.724136010,15.708399685,-13.630515272
1596.314638227,1079.726623685,15.639910256,-13.662923416
1597.315024117,1078.729111360,15.571420828,-13.695331560
1598.315410007,1077.731599035,15.502931399,-13.727739705
1599.315795896,1076.734086710,15.434441971,-13.760147849
1600.316181786,1075.736574385,15.365952542,-13.792555994
1601.316567675,1074.739062061,15.297463114,-13.824964138
1602.316962278,1073.741553543,15.228918317,-13.857640281
1603.317379090,1072.744054583,15.160234504,-13.890989298
1604.317795902,1071.746555624,15.091550691,-13.924338314
1605.318212714,1070.749056664,15.022866878,-13.957687331
1606.318629525,1069.751557705,14.954183066,-13.991036347
1607.319046337,1068.754058745,14.885499253,-14.024385363
1608.319463149,1067.756559786,14.816815440,-14.057734380
1609.319879960,1066.759060827,14.748131628,-14.091083396
1610.320296772,1065.761561867,14.679447815,-14.124432413
1611.320713583,1064.764062908,14.610764002,-14.157781429
1612.321150959,1063.766512877,14.542827114,-14.191744001
1613.321594181,1062.768948734,14.475096607,-14.225876102
1614.322037403,1061.771384591,14.407366099,-14.260008204
1615.322480625,1060.773820449,14.339635592,-14.294140305
1616.322923847,1059.776256306,14.271905084,-14.328272406
1617.323367069,1058.778692164,14.204174576,-14.362404508
1618.323810291,1057.781128021,14.136444069,-14.396536609
1619.324253514,1056.783563878,14.068713561,-14.430668710
1620.324696735,1055.785999736,14.000983054,-14.464800812
1621.325145860,1054.788449177,13.933053521,-14.499106954
1622.325610313,1053.790933171,13.864617731,-14.533855802
1623.326074767,1052.793417164,13.796181942,-14.568604650
1624.326539220,1051.795901158,13.727746152,-14.603353498
1625.327003673,1050.798385152,13.659310362,-14.638102346
1626.327468127,1049.800869145,13.590874572,-14.672851195
1627.327932581,1048.803353139,13.522438782,-14.707600043
1628.328397034,1047.805837133,13.454002992,-14.742348891
1629.328861488,1046.808321126,13.385567202,-14.777097739
1630.329325941,1045.810805120,13.317131412,-14.811846587
1631.329802151,1044.813384015,13.247329888,-14.846939789
1632.330282018,1043.815989541,13.177145107,-14.882129625
1633.330761885,1042.818595067,13.106960325,-14.917319460
1634.331241753,1041.821200593,13.036775543,-14.952509296
1635.331721620,1040.823806119,12.966590762,-14.987699131
1636.332201487,1039.826411645,12.896405980,-15.022888967
1637.332681355,1038.829017171,12.826221198,-15.058078803
1638.333161222,1037.831622697,12.756036417,-15.093268638
1639.333641089,1036.834228223,12.685851635,-15.128458474
1640.334123412,1035.836809610,12.616012966,-15.163722462
1641.334612644,1034.839328784,12.547066306,-15.199177557
1642.335101877,1033.841847958,12.478119646,-15.234632652
1643.335591109,1032.844367132,12.409172986,-15.270087746
1644.336080341,1031.846886306,12.340226327,-15.305542841
1645.336569573,1030.849405480,12.271279667,-15.340997936
1646.337058806,1029.851924654,12.202333007,-15.376453031
1647.337548039,1028.854443827,12.133386347,-15.411908126
1648.338037271,1027.856963001,12.064439687,-15.447363221
1649.338526503,1026.859482175,11.995493028,-15.482818316
1650.339018106,1025.861953822,11.927238451,-15.518342170
1651.339510473,1024.864411925,11.859181092,-15.553885618
1652.340002840,1023.866870028,11.791123734,-15.589429066
1653.340495208,1022.869328131,11.723066375,-15.624972514
1654.340987575,1021.871786234,11.655009017,-15.660515962
1655.341479942,1020.874244337,11.586951658,-15.696059410
1656.341972310,1019.876702440,11.518894300,-15.731602858
1657.342464677,1018.879160543,11.450836941,-15.767146306
1658.342957044,1017.881618646,11.382779583,-15.802689754
1659.343448217,1016.884110627,11.314232075,-15.838208447
1660.343937412,1015.886691074,11.244404606,-15.873662493
1661.344426607,1014.889271521,11.174577137,-15.909116539
1662.344915802,1013.891851968,11.104749668,-15.944570586
1663.345404997,1012.894432415,11.034922199,-15.980024632
1664.345894192,1011.897012862,10.965094730,-16.015478678
1665.346383387,1010.899593309,10.895267261,-16.050932725
1666.346872582,1009.902173756,10.825439792,-16.086386771
1667.347361778,1008.904754203,10.755612323,-16.121840817
1668.347850973,1007.907334650,10.685784854,-16.157294864
1669.348332928,1006.909914123,10.615971289,-16.192543985
1670.348812795,1005.912493315,10.546161747,-16.227733813
1671.349292662,1004.915072507,10.476352206,-16.262923641
1672.349772529,1003.917651699,10.406542664,-16.298113468
1673.350252395,1002.920230892,10.336733122,-16.333303296
1674.350732262,1001.922810084,10.266923580,-16.368493124
1675.351212129,1000.925389276,10.197114038,-16.403682952
1676.351691996,999.927968468,10.127304497,-16.438872780
1677.352171863,998.930547660,10.057494955,-16.474062607
1678.352647490,997.933102425,9.988037679,-16.509136399
1679.353112566,996.935592552,9.919512539,-16.543903144
1680.353577641,995.938082680,9.850987399,-16.578669889
1681.354042716,994.940572808,9.782462260,-16.613436634
1682.354507792,993.943062935,9.713937120,-16.648203380
1683.354972867,992.945553063,9.645411980,-16.682970125
1684.355437941,991.948043191,9.576886841,-16.717736870
1685.355903017,990.950533318,9.508361701,-16.752503615
1686.356368092,989.953023446,9.439836561,-16.787270361
1687.356833168,988.955513573,9.371311421,-16.822037106
1688.357284035,987.958025982,9.302462940,-16.856393022
1689.357730781,986.960544935,9.233519475,-16.890628254
1690.358177527,985.963063888,9.164576010,-16.924863487
1691.358624273,984.965582841,9.095632545,-16.959098719
1692.359071019,983.968101794,9.026689080,-16.993333952
1693.359517765,982.970620747,8.957745615,-17.027569185
1694.359964511,981.973139700,8.888802150,-17.061804417
1695.360411256,980.975658654,8.819858685,-17.096039650
1696.360858002,979.978177607,8.750915220,-17.130274882
1697.361299462,978.980689181,8.682078815,-17.164355743
1698.361726921,977.983180970,8.613529503,-17.198022640
1699.362154380,976.985672758,8.544980190,-17.231689536
1700.362581838,975.988164547,8.476430877,-17.265356432
1701.363009297,974.990656335,8.407881564,-17.299023329
1702.363436756,973.993148124,8.339332252,-17.332690225
1703.363864214,972.995639913,8.270782939,-17.366357122
1704.364291673,971.998131701,8.202233626,-17.400024018
1705.364719131,971.000623490,8.133684314,-17.433690915
1706.365146591,970.003115278,8.065135001,-17.467357811
1707.365559576,969.005427585,7.999265771,-17.500624209
1708.365969673,968.007686371,7.934195732,-17.533771180
1709.366379770,967.009945157,7.869125693,-17.566918150
1710.366789866,966.012203943,7.804055654,-17.600065121
1711.367199963,965.014462729,7.738985616,-17.633212092
1712.367610060,964.016721515,7.673915577,-17.666359062
1713.368020158,963.018980300,7.608845538,-17.699506033
1714.368430255,962.021239086,7.543775499,-17.732653004
1715.368840351,961.023497872,7.478705461,-17.765799974
1716.369246838,960.025744683,7.413820026,-17.798839238
1717.369643748,959.027958946,7.349436303,-17.831585780
1718.370040657,958.030173209,7.285052581,-17.864332322
1719.370437567,957.032387472,7.220668858,-17.897078864
1720.370834475,956.034601736,7.156285135,-17.929825406
1721.371231385,955.036815999,7.091901412,-17.962571947
1722.371628295,954.039030262,7.027517690,-17.995318489
1723.372025204,953.041244525,6.963133967,-18.028065031
1724.372422172,952.043458765,6.898750615,-18.060813376
1725.372819158,951.045672997,6.834367373,-18.093562256
1726.373210190,950.047841549,6.770697231,-18.126131141
1727.373599528,949.049996275,6.707242916,-18.158645548
1728.373988866,948.052151002,6.643788600,-18.191159956
1729.374378204,947.054305728,6.580334285,-18.223674363
1730.374767542,946.056460454,6.516879970,-18.256188770
1731.375156879,945.058615181,6.453425655,-18.288703178
1732.375546217,944.060769907,6.389971340,-18.321217585
1733.375935555,943.062924633,6.326517025,-18.353731992
1734.376324892,942.065079360,6.263062709,-18.386246400
1735.376713263,941.067197453,6.200194675,-18.418745674
1736.377100756,940.069214633,6.138941659,-18.451203260
1737.377488247,939.071231814,6.077688643,-18.483660847
1738.377875740,938.073248994,6.016435627,-18.516118434
1739.378263232,937.075266175,5.955182611,-18.548576021
1740.378650725,936.077283355,5.893929595,-18.581033607
1741.379038218,935.079300535,5.832676580,-18.613491194
1742.379425710,934.081317716,5.771423564,-18.645948781
1743.379813203,933.083334896,5.710170548,-18.678406368
1744.380200696,932.085352076,5.648917532,-18.710863954
1745.380590688,931.087353456,5.587922671,-18.743398843
1746.380981464,930.089349982,5.527007107,-18.775957476
1747.381372240,929.091346508,5.466091544,-18.808516109
1748.381763016,928.093343034,5.405175980,-18.841074741
1749.382153793,927.095339559,5.344260416,-18.873633374
1750.382544569,926.097336085,5.283344852,-18.906192007
1751.382935345,925.099332611,5.222429289,-18.938750640
1752.383326121,924.101329137,5.161513725,-18.971309273
1753.383716897,923.103325663,5.100598161,-19.003867906
1754.384109532,922.105305116,5.039964805,-19.036487041
1755.384507802,921.107236894,4.980119461,-19.069275117
1756.384906072,920.109168672,4.920274116,-19.102063193
1757.385304341,919.111100451,4.860428772,-19.134851270
1758.385702611,918.113032229,4.800583428,-19.167639346
1759.386100881,917.114964008,4.740738084,-19.200427422
1760.386499151,916.116895786,4.680892739,-19.233215498
1761.386897421,915.118827564,4.621047395,-19.266003574
1762.387295690,914.120759343,4.561202051,-19.298791650
1763.387693960,913.122691121,4.501356707,-19.331579727
1764.388100062,912.124572715,4.442356165,-19.364609300
1765.388508765,911.126438666,4.383618945,-19.397714148
1766.388917467,910.128304617,4.324881725,-19.430818995
1767.389326168,909.130170569,4.266144505,-19.463923843
1768.389734871,908.132036520,4.207407286,-19.497028691
1769.390143573,907.133902471,4.148670066,-19.530133538
1770.390552275,906.135768422,4.089932846,-19.563238386
1771.390960977,905.137634374,4.031195626,-19.596343234
1772.391369679,904.139500325,3.972458407,-19.629448081
1773.391781420,903.141352050,3.913964884,-19.662647178
1774.392202134,902.143163503,3.856161214,-19.696113074
1775.392622850,901.144974955,3.798357544,-19.729578970
1776.393043564,900.146786408,3.740553874,-19.763044865
1777.393464278,899.148597861,3.682750204,-19.796510761
1778.393884994,898.150409313,3.624946534,-19.829976657
1779.394305708,897.152220766,3.567142864,-19.863442552
1780.394726423,896.154032219,3.509339194,-19.896908448
1781.395147138,895.155843671,3.451535524,-19.930374344
1782.395567852,894.157655124,3.393731854,-19.963840240
1783.395997567,893.159444838,3.336305215,-19.997574783
1784.396430173,892.161227676,3.278997815,-20.031394290
1785.396862779,891.163010514,3.221690415,-20.065213796
1786.397295385,890.164793352,3.164383016,-20.099033302
1787.397727992,889.166576190,3.107075616,-20.132852808
1788.398160598,888.168359028,3.049768217,-20.166672314
1789.398593203,887.170141867,2.992460817,-20.200491820
1790.399025809,886.171924705,2.935153418,-20.234311326
1791.399458415,885.173707543,2.877846018,-20.268130832
1792.399893505,884.175505090,2.820284603,-20.302026485
1793.400336117,883.177344847,2.761994201,-20.336140669
1794.400778728,882.179184605,2.703703798,-20.370254852
1795.401221338,881.181024363,2.645413396,-20.404369035
1796.401663949,880.182864121,2.587122993,-20.438483219
1797.402106561,879.184703878,2.528832591,-20.472597402
1798.402549171,878.186543636,2.470542189,-20.506711586
1799.402991782,877.188383394,2.412251786,-20.540825769
1800.403434393,876.190223152,2.353961384,-20.574939952
1801.403877004,875.192062909,2.295670981,-20.609054136
1802.404324513,874.193868088,2.237976752,-20.643313343
1803.404773675,873.195662171,2.180473812,-20.677619083
1804.405222835,872.197456255,2.122970871,-20.711924823
1805.405671996,871.199250338,2.065467931,-20.746230563
1806.406121158,870.201044421,2.007964991,-20.780536303
1807.406570319,869.202838504,1.950462051,-20.814842043
1808.407019480,868.204632588,1.892959111,-20.849147783
1809.407468641,867.206426671,1.835456171,-20.883453523
1810.407917803,866.208220754,1.777953231,-20.917759263
1811.408367320,865.210031101,1.720170640,-20.952078736
1812.408818324,864.211888774,1.661574271,-20.986438173
1813.409269328,863.213746446,1.602977902,-21.020797611
1814.409720332,862.215604119,1.544381532,-21.055157048
1815.410171335,861.217461792,1.485785163,-21.089516485
1816.410622340,860.219319464,1.427188793,-21.123875922
1817.411073343,859.221177137,1.368592424,-21.158235360
1818.411524348,858.223034809,1.309996055,-21.192594797
1819.411975351,857.224892482,1.251399685,-21.226954234
1820.412426355,856.226750155,1.192803316,-21.261313671
1821.412874405,855.228652629,1.133450284,-21.295589724
1822.413321619,854.230569686,1.073850963,-21.329838635
1823.413768833,853.232486743,1.014251642,-21.364087546
1824.414216047,852.234403800,0.954652321,-21.398336457
1825.414663261,851.236320857,0.895053000,-21.432585368
1826.415110475,850.238237914,0.835453679,-21.466834279
1827.415557689,849.240154971,0.775854357,-21.501083190
1828.416004904,848.242072028,0.716255036,-21.535332101
1829.416452118,847.243989085,0.656655715,-21.569581012
1830.416896844,846.245914411,0.596918546,-21.603758004
1831.417334372,845.247864138,0.536774611,-21.637722777
1832.417771899,844.249813865,0.476630676,-21.671687550
1833.418209426,843.251763592,0.416486742,-21.705652322
1834.418646954,842.253713319,0.356342807,-21.739617095
1835.419084481,841.255663046,0.296198872,-21.773581867
1836.419522008,840.257612773,0.236054937,-21.807546640
1837.419959536,839.259562500,0.175911002,-21.841511412
1838.420397063,838.261512227,0.115767067,-21.875476185
1839.420834590,837.263461954,0.055623133,-21.909440957
1840.421260216,836.265434502,-0.004897907,-21.943054067
1841.421681984,835.267414787,-0.065546809,-21.976551431
1842.422103756,834.269395142,-0.126196857,-22.010048916
1843.422525528,833.271375497,-0.186846904,-22.043546400
1844.422947299,832.273355852,-0.247496952,-22.077043884
1845.423369071,831.275336207,-0.308146999,-22.110541369
1846.423790843,830.277316562,-0.368797047,-22.144038853
1847.424212616,829.279296916,-0.429447095,-22.177536338
1848.424634388,828.281277271,-0.490097142,-22.211033822
1849.425050419,827.283234257,-0.550357619,-22.244366274
1850.425450346,826.285121309,-0.609452322,-22.277204870
1851.425850273,825.287008361,-0.668547025,-22.310043467
1852.426250199,824.288895414,-0.727641728,-22.342882063
1853.426650127,823.290782466,-0.786736431,-22.375720660
1854.427050054,822.292669518,-0.845831134,-22.408559256
1855.427449980,821.294556571,-0.904925837,-22.441397852
1856.427849907,820.296443623,-0.964020540,-22.474236449
1857.428249834,819.298330675,-1.023115243,-22.507075045
1858.428649760,818.300217728,-1.082209946,-22.539913642
1859.429028776,817.302174465,-1.142466335,-22.572115932
1860.429401182,816.304154536,-1.203111707,-22.604105161
1861.429773589,815.306134606,-1.263757078,-22.636094389
1862.430145995,814.308114677,-1.324402449,-22.668083618
1863.430518401,813.310094748,-1.385047820,-22.700072846
1864.430890806,812.312074819,-1.445693191,-22.732062075
1865.431263213,811.314054889,-1.506338562,-22.764051303
1866.431635619,810.316034960,-1.566983933,-22.796040532
1867.432008025,809.318015031,-1.627629304,-22.828029760
1868.432372140,808.319996401,-1.688296039,-22.859758673
1869.432711509,807.321981713,-1.749027612,-22.890697519
1870.433050878,806.323967026,-1.809759186,-22.921636364
1871.433390246,805.325952339,-1.870490759,-22.952575210
1872.433729615,804.327937651,-1.931222332,-22.983514056
1873.434068983,803.329922964,-1.991953906,-23.014452901
1874.434408351,802.331908277,-2.052685479,-23.045391747
1875.434747721,801.333893589,-2.113417052,-23.076330592
1876.435087089,800.335878902,-2.174148626,-23.107269438
1877.435426458,799.337864214,-2.234880199,-23.138208283
1878.435736822,798.339803406,-2.294847382,-23.168198027
1879.436037676,797.341726935,-2.354554997,-23.197865478
1880.436338530,796.343650465,-2.414262613,-23.227532929
1881.436639384,795.345573994,-2.473970228,-23.257200381
1882.436940237,794.347497524,-2.533677843,-23.286867832
1883.437241091,793.349421053,-2.593385458,-23.316535283
1884.437541944,792.351344583,-2.653093073,-23.346202735
1885.437842799,791.353268112,-2.712800689,-23.375870186
1886.438143652,790.355191642,-2.772508304,-23.405537638
1887.438433560,789.357110542,-2.832138332,-23.434834010
1888.438690670,788.359015191,-2.891529500,-23.462987988
1889.438947780,787.360919841,-2.950920669,-23.491141965
1890.439204890,786.362824490,-3.010311837,-23.519295943
1891.439462001,785.364729139,-3.069703005,-23.547449921
1892.439719111,784.366633788,-3.129094174,-23.575603898
1893.439976221,783.368538437,-3.188485342,-23.603757876
1894.440233331,782.370443087,-3.247876511,-23.631911854
1895.440490441,781.372347736,-3.307267679,-23.660065831
1896.440747552,780.374252385,-3.366658848,-23.688219809
1897.440968615,779.376175292,-3.426355783,-23.715063200
1898.441177686,778.378104485,-3.486158004,-23.741455309
1899.441386755,777.380033679,-3.545960226,-23.767847418
1900.441595825,776.381962873,-3.605762447,-23.794239527
1901.441804895,775.383892066,-3.665564669,-23.820631636
1902.442013965,774.385821260,-3.725366890,-23.847023745
1903.442223035,773.387750454,-3.785169112,-23.873415854
1904.442432105,772.389679647,-3.844971333,-23.899807963
1905.442641175,771.391608841,-3.904773555,-23.926200072
1906.442837538,770.393538829,-3.964589036,-23.952106155
1907.442995738,769.395471300,-4.024445929,-23.976494335
1908.443153937,768.397403771,-4.084302822,-24.000882515
1909.443312136,767.399336242,-4.144159715,-24.025270695
1910.443470335,766.401268713,-4.204016608,-24.049658875
1911.443628534,765.403201184,-4.263873501,-24.074047056
1912.443786734,764.405133655,-4.323730394,-24.098435236
1913.443944933,763.407066126,-4.383587287,-24.122823416
1914.444103132,762.408998597,-4.443444180,-24.147211596
1915.444261331,761.410931068,-4.503301073,-24.171599776
1916.444380747,760.412844959,-4.562847063,-24.194342704
1917.444487284,759.414752362,-4.622284505,-24.216511208
1918.444593819,758.416659766,-4.681721947,-24.238679711
1919.444700355,757.418567170,-4.741159389,-24.260848215
1920.444806891,756.420474573,-4.800596830,-24.283016719
1921.444913427,755.422381977,-4.860034272,-24.305185223
1922.445019962,754.424289381,-4.919471714,-24.327353727
1923.445126498,753.426196785,-4.978909156,-24.349522231
1924.445233034,752.428104188,-5.038346598,-24.371690735
1925.445326958,751.430016623,-5.097868274,-24.393283316
1926.445383159,750.431944999,-5.157656847,-24.413051096
1927.445439360,749.433873375,-5.217445420,-24.432818876
1928.445495561,748.435801751,-5.277233993,-24.452586655
1929.445551762,747.437730127,-5.337022566,-24.472354435
1930.445607963,746.439658503,-5.396811139,-24.492122215
1931.445664164,745.441586879,-5.456599712,-24.511889994
1932.445720365,744.443515255,-5.516388285,-24.531657774
1933.445776566,743.445443631,-5.576176858,-24.551425553
1934.445832767,742.447372007,-5.635965430,-24.571193333
1935.445853693,741.449291426,-5.695604229,-24.589087990
1936.445862977,740.451207675,-5.755190014,-24.606319639
1937.445872263,739.453123923,-5.814775799,-24.623551288
1938.445881560,738.455040297,-5.874363672,-24.640783661
1939.445890862,737.456956716,-5.933952308,-24.658016298
1940.445900164,736.458873135,-5.993540943,-24.675248935
1941.445909466,735.460789554,-6.053129579,-24.692481572
1942.445918768,734.462705973,-6.112718214,-24.709714208
1943.445928069,733.464622392,-6.172306850,-24.726946845
1944.445926845,732.466548955,-6.232064385,-24.743560163
1945.445894568,731.468508133,-6.292364943,-24.758182341
1946.445862293,730.470467310,-6.352665500,-24.772804520
1947.445830016,729.472426488,-6.412966058,-24.787426698
1948.445797739,728.474385666,-6.473266615,-24.802048876
1949.445765464,727.476344843,-6.533567173,-24.816671054
1950.445733187,726.478304021,-6.593867730,-24.831293233
1951.445700910,725.480263199,-6.654168288,-24.845915411
1952.445668635,724.482222376,-6.714468846,-24.860537589
1953.445636358,723.484181554,-6.774769403,-24.875159768
1954.445577796,722.486125024,-6.834809216,-24.887858733
1955.445510720,721.488062858,-6.894755465,-24.899867584
1956.445443644,720.490000692,-6.954701714,-24.911876435
1957.445376568,719.491938526,-7.014647963,-24.923885286
1958.445309492,718.493876360,-7.074594212,-24.935894137
1959.445242416,717.495814194,-7.134540461,-24.947902988
1960.445175340,716.497752028,-7.194486710,-24.959911839
1961.445108264,715.499689862,-7.254432959,-24.971920691
1962.445041189,714.501627695,-7.314379208,-24.983929542
1963.444966943,713.503585583,-7.374655457,-24.995341360
1964.444872542,712.505608899,-7.436008359,-25.004805309
1965.444778140,711.507632216,-7.497361260,-25.014269258
1966.444683739,710.509655532,-7.558714162,-25.023733207
1967.444589337,709.511678848,-7.620067063,-25.033197157
1968.444494936,708.513702164,-7.681419965,-25.042661106
1969.444400535,707.515725480,-7.742772866,-25.052125055
1970.444306134,706.517748796,-7.804125768,-25.061589004
1971.444211733,705.519772112,-7.865478669,-25.071052954
1972.444117332,704.521795428,-7.926831571,-25.080516903
1973.444007239,703.523916088,-7.989740852,-25.088202703
1974.443892827,702.526072154,-8.053216243,-25.095241729
1975.443778415,701.528228221,-8.116691633,-25.102280755
1976.443664002,700.530384288,-8.180167023,-25.109319781
1977.443549589,699.532540355,-8.243642413,-25.116358807
1978.443435177,698.534696421,-8.307117803,-25.123397833
1979.443320765,697.536852488,-8.370593194,-25.130436859
1980.443206352,696.539008555,-8.434068584,-25.137475884
1981.443091939,695.541164622,-8.497543974,-25.144514910
1982.442973268,694.543374746,-8.561845856,-25.151095370
1983.442846893,693.545763851,-8.628884230,-25.156157528
1984.442720518,692.548152957,-8.695922605,-25.161219686
1985.442594142,691.550542063,-8.762960979,-25.166281844
1986.442467768,690.552931168,-8.829999354,-25.171344002
1987.442341392,689.555320274,-8.897037728,-25.176406160
1988.442215017,688.557709380,-8.964076103,-25.181468318
1989.442084780,687.560178992,-9.032269257,-25.186197293
1990.441952117,686.562917617,-9.104320554,-25.189809936
1991.441819453,685.565656257,-9.176372061,-25.193422471
1992.441686790,684.568394897,-9.248423567,-25.197035006
1993.441554127,683.571133536,-9.320475074,-25.200647541
1994.441421463,682.573872176,-9.392526580,-25.204260076
1995.441284318,681.576720574,-9.466033052,-25.207608177
1996.441148164,680.579936073,-9.544405879,-25.210071840
1997.441012010,679.583151573,-9.622778706,-25.212535503
1998.440875855,678.586367073,-9.701151533,-25.214999165
1999.440739701,677.589582572,-9.779524360,-25.217462828
2000.440597609,676.592946436,-9.859693809,-25.219723081
2001.440459663,675.596808450,-9.945895618,-25.221300362
2002.440321718,674.600670463,-10.032097427,-25.222877644
2003.440183773,673.604532476,-10.118299236,-25.224454925
2004.440039105,672.608571818,-10.206452906,-25.225862823
2005.439900266,671.613208431,-10.301180769,-25.226700211
2006.439761427,670.617845044,-10.395908633,-25.227537599
2007.439622588,669.622481657,-10.490636497,-25.228374987
2008.439476477,668.627322396,-10.587411431,-25.229051379
2009.439337296,667.632852758,-10.691102211,-25.229183861
2010.439198115,666.638383119,-10.794792991,-25.229316343
2011.439058935,665.643913480,-10.898483771,-25.229448825
2012.438912917,664.649660797,-11.004170040,-25.229421517
2013.438773889,663.656143340,-11.116618708,-25.228852707
2014.438634862,662.662625883,-11.229067376,-25.228283896
2015.438495834,661.669108426,-11.341516044,-25.227715086
2016.438356806,660.675590969,-11.453964713,-25.227146275
2017.438211228,659.682784288,-11.572466203,-25.226071703
2018.438072837,658.690244204,-11.693237978,-25.224807431
2019.437934447,657.697704120,-11.814009753,-25.223543158
2020.437796057,656.705164035,-11.934781529,-25.222278886
2021.437652126,655.712852541,-12.057370637,-25.220876270
2022.437514693,654.721321158,-12.186161767,-25.219001526
2023.437377261,653.729789774,-12.314952897,-25.217126783
2024.437239830,652.738258390,-12.443744027,-25.215252040
2025.437096552,651.746977569,-12.574403178,-25.213255800
2026.436960272,650.756554524,-12.711457298,-25.210843630
2027.436823992,649.766131479,-12.848511418,-25.208431461
2028.436687712,648.775708434,-12.985565539,-25.206019291
2029.436545559,647.785552711,-13.124493511,-25.203493810
2030.436410618,646.796315010,-13.269856543,-25.200579205
2031.436275676,645.807077309,-13.415219576,-25.197664599
2032.436140735,644.817839608,-13.560582609,-25.194749994
2033.436002577,643.828814371,-13.707360230,-25.191731196
2034.435869093,642.840521027,-13.859010841,-25.188353472
2035.435735608,641.852227684,-14.010661452,-25.184975749
2036.435601988,640.864547430,-14.166254171,-25.181599586
2037.435465878,639.877084391,-14.323201577,-25.178127319
2038.435333927,638.890337202,-14.484606738,-25.174322835
2039.435201975,637.903590013,-14.646011899,-25.170518350
2040.435070023,636.916842825,-14.807417060,-25.166713865
2041.434932519,635.930400750,-14.970640493,-25.162820963
2042.434802148,634.945016418,-15.140167358,-25.158621543
2043.434671778,633.959632085,-15.309694222,-25.154422123
2044.434541407,632.974247753,-15.479221087,-25.150222704
2045.434404505,631.989209104,-15.650705090,-25.145943452
2046.434275700,631.005372662,-15.828995572,-25.141386561
2047.434146894,630.021536220,-16.007286054,-25.136829669
2048.434018088,629.037699779,-16.185576536,-25.132272778
2049.433882851,628.054222962,-16.365802698,-25.127644051
2050.433755567,627.072000703,-16.552781505,-25.122764720
2051.433628283,626.089778444,-16.739760311,-25.117885389
2052.433500999,625.107556185,-16.926739118,-25.113006058
2053.433367646,624.125699753,-17.115595626,-25.108058581
2054.433241904,623.145123569,-17.311023326,-25.102872619
2055.433116164,622.164547384,-17.506451027,-25.097686656
2056.432990423,621.183971199,-17.701878728,-25.092500694
2057.432864683,620.203395014,-17.897306428,-25.087314732
2058.432732819,619.224037539,-18.098716941,-25.081926747
2059.432608569,618.245150180,-18.302435322,-25.076460833
2060.432484320,617.266262821,-18.506153702,-25.070994918
2061.432360070,616.287375462,-18.709872082,-25.065529003
2062.432230956,615.308843093,-18.915263737,-25.060010051
2063.432108046,614.331561941,-19.126553085,-25.054304157
2064.431985138,613.354280788,-19.337842434,-25.048598264
2065.431862229,612.376999635,-19.549131782,-25.042892370
2066.431739320,611.399718482,-19.760421130,-25.037186477
2067.431611313,610.423629347,-19.977123042,-25.031331250
2068.431489609,609.448002850,-20.195925644,-25.025418064
2069.431367904,608.472376353,-20.414728245,-25.019504879
2070.431246199,607.496749856,-20.633530846,-25.013591693
2071.431124495,606.521123359,-20.852333448,-25.007678508
2072.430997294,605.546753240,-21.076637062,-25.001647461
2073.430876572,604.572872407,-21.303083003,-24.995570515
2074.430755849,603.598991574,-21.529528943,-24.989493569
2075.430635127,602.625110741,-21.755974884,-24.983416622
2076.430509025,601.651635947,-21.984135778,-24.977313873
2077.430389025,600.679608341,-22.218409066,-24.971119159
2078.430269025,599.707580735,-22.452682354,-24.964924444
2079.430149026,598.735553129,-22.686955642,-24.958729730
2080.430029026,597.763525523,-22.921228930,-24.952535016
2081.429902359,596.792924118,-23.161313342,-24.946284439
2082.429782844,595.822881519,-23.403674636,-24.940011974
2083.429663329,594.852838920,-23.646035930,-24.933739509
2084.429543813,593.882796322,-23.888397224,-24.927467044
2085.429418814,592.913186583,-24.132461778,-24.921184894
2086.429299580,591.945130821,-24.382641080,-24.914867973
2087.429180344,590.977075060,-24.632820383,-24.908551052
2088.429061109,590.009019299,-24.882999685,-24.902234131
2089.428941874,589.040963537,-25.133178987,-24.895917210
2090.428816667,588.074311976,-25.388706572,-24.889591530
2091.428697508,587.108213962,-25.646342491,-24.883262397
2092.428578350,586.142115948,-25.903978411,-24.876933263
2093.428459192,585.176017934,-26.161614330,-24.870604130
2094.428340035,584.209919919,-26.419250250,-24.864274996
2095.428215442,583.245172597,-26.681878627,-24.857968555
2096.428096085,582.280959527,-26.946481719,-24.851671090
2097.427976726,581.316746458,-27.211084811,-24.845373625
2098.427857368,580.352533388,-27.475687903,-24.839076160
2099.427738011,579.388320318,-27.740290996,-24.832778695
2100.427618652,578.424107249,-28.004894088,-24.826481230
2101.427497556,577.460556117,-28.271892970,-24.820265440
2102.427377486,576.497267876,-28.539843347,-24.814082087
2103.427257416,575.533979634,-28.807793723,-24.807898735
2104.427137345,574.570691393,-29.075744099,-24.801715383
2105.427017276,573.607403151,-29.343694476,-24.795532030
2106.426897205,572.644114910,-29.611644852,-24.789348678
2107.426777135,571.680826669,-29.879595229,-24.783165326
2108.426657065,570.717538427,-30.147545605,-24.776981973
2109.426536995,569.754250186,-30.415495982,-24.770798621
2110.426416083,568.790818072,-30.682926601,-24.764665370
2111.426294595,567.826858854,-30.948452995,-24.758715675
2112.426173107,566.862899636,-31.213979390,-24.752765979
2113.426051619,565.898940418,-31.479505784,-24.746816284
2114.425930131,564.934981200,-31.745032178,-24.740866588
2115.425808644,563.971021981,-32.010558573,-24.734916893
2116.425687156,563.007062763,-32.276084967,-24.728967197
2117.425565669,562.043103545,-32.541611362,-24.723017502
2118.425444181,561.079144327,-32.807137756,-24.717067806
2119.425322693,560.115185109,-33.072664150,-24.711118111
2120.425199896,559.151215802,-33.338153915,-24.705392572
2121.425076587,558.187242436,-33.603628942,-24.699757219
2122.424953278,557.223269070,-33.869103969,-24.694121867
2123.424829970,556.259295704,-34.134578996,-24.688486514
2124.424706661,555.295322338,-34.400054023,-24.682851161
2125.424583351,554.331348973,-34.665529050,-24.677215809
2126.424460042,553.367375607,-34.931004077,-24.671580456
2127.424336730,552.403401865,-35.196477739,-24.665945691
2128.424213413,551.439427530,-35.461949248,-24.660311854
2129.424089642,550.475456713,-35.727433528,-24.654758900
2130.423964246,549.511498986,-35.992965337,-24.649506998
2131.423838849,548.547541260,-36.258497146,-24.644255096
2132.423713453,547.583583533,-36.524028955,-24.639003194
2133.423588057,546.619625806,-36.789560764,-24.633751292
2134.423462660,545.655668080,-37.055092573,-24.628499390
2135.423337264,544.691710353,-37.320624383,-24.623247487
2136.423211867,543.727752627,-37.586156192,-24.617995585
2137.423086471,542.763794900,-37.851688001,-24.612743683
2138.422961074,541.799837174,-38.117219810,-24.607491781
2139.422834050,540.835804946,-38.382480948,-24.602556177
2140.422706414,539.871742355,-38.647631775,-24.597749480
2141.422578778,538.907679764,-38.912782601,-24.592942783
2142.422451142,537.943617173,-39.177933428,-24.588136086
2143.422323506,536.979554582,-39.443084254,-24.583329389
2144.422195870,536.015491991,-39.708235081,-24.578522692
2145.422068235,535.051429400,-39.973385908,-24.573715995
2146.421940599,534.087366809,-40.238536734,-24.568909298
2147.421812963,533.123304218,-40.503687561,-24.564102601
2148.421684803,532.159267045,-40.768930722,-24.559402435
2149.421554849,531.195325996,-41.034523071,-24.555105139
2150.421424894,530.231384948,-41.300115420,-24.550807844
2151.421294938,529.267443900,-41.565707768,-24.546510548
2152.421164983,528.303502852,-41.831300117,-24.542213253
2153.421035029,527.339561803,-42.096892465,-24.537915957
2154.420905074,526.375620755,-42.362484814,-24.533618662
2155.420775118,525.411679707,-42.628077162,-24.529321366
2156.420645164,524.447738658,-42.893669511,-24.525024071
2157.420515209,523.483797610,-43.159261859,-24.520726775
2158.420383577,522.519945618,-43.425177130,-24.516833243
2159.420251333,521.556130390,-43.691225709,-24.513106392
2160.420119089,520.592315162,-43.957274289,-24.509379541
2161.419986845,519.628499934,-44.223322868,-24.505652691
2162.419854601,518.664684706,-44.489371447,-24.501925840
2163.419722357,517.700869478,-44.755420026,-24.498198989
2164.419590113,516.737054250,-45.021468606,-24.494472138
2165.419457869,515.773239022,-45.287517185,-24.490745288
2166.419325625,514.809423794,-45.553565764,-24.487018437
2167.419192911,513.845607669,-45.819611092,-24.483420023
2168.419058542,512.881788094,-46.085643923,-24.480315192
2169.418924173,511.917968519,-46.351676754,-24.477210361
2170.418789804,510.954148944,-46.617709585,-24.474105530
2171.418655435,509.990329369,-46.883742416,-24.471000699
2172.418521066,509.026509794,-47.149775247,-24.467895868
2173.418386697,508.062690219,-47.415808078,-24.464791037
2174.418252328,507.098870644,-47.681840909,-24.461686206
2175.418117960,506.135051069,-47.947873740,-24.458581374
2176.417983591,505.171231494,-48.213906571,-24.455476543
2177.417847873,504.207469807,-48.480149000,-24.452837795
2178.417711670,503.243732324,-48.746479064,-24.450393924
2179.417575467,502.279994840,-49.012809129,-24.447950052
2180.417439264,501.316257357,-49.279139193,-24.445506180
2181.417303062,500.352519873,-49.545469258,-24.443062308
2182.417166858,499.388782390,-49.811799322,-24.440618436
2183.417030655,498.425044907,-50.078129387,-24.438174564
2184.416894453,497.461307423,-50.344459451,-24.435730692
2185.416758249,496.497569940,-50.610789516,-24.433286820
2186.416621715,495.533833094,-50.877121887,-24.430982617
2187.416484072,494.570098738,-51.143463269,-24.429223915
2188.416346429,493.606364382,-51.409804650,-24.427465213
2189.416208787,492.642630026,-51.676146032,-24.425706510
2190.416071144,491.678895670,-51.942487413,-24.423947808
2191.415933501,490.715161314,-52.208828794,-24.422189106
2192.415795858,489.751426958,-52.475170175,-24.420430404
2193.415658216,488.787692602,-52.741511557,-24.418671701
2194.415520573,487.823958246,-53.007852938,-24.416912999
2195.415382930,486.860223890,-53.274194320,-24.415154297
2196.415244548,485.896484232,-53.540516514,-24.413882855
2197.415105926,484.932742329,-53.806830584,-24.412817741
2198.414967304,483.969000425,-54.073144654,-24.411752627
2199.414828681,483.005258522,-54.339458723,-24.410687512
2200.414690060,482.041516618,-54.605772793,-24.409622398
2201.414551437,481.077774715,-54.872086863,-24.408557284
2202.414412814,480.114032812,-55.138400933,-24.407492170
2203.414274193,479.150290908,-55.404715003,-24.406427055
2204.414135570,478.186549005,-55.671029073,-24.405361941
2205.413996807,477.222795137,-55.937299827,-24.404434678
2206.413857689,476.258993766,-56.203398602,-24.404054731
2207.413718572,475.295192396,-56.469497378,-24.403674784
2208.413579455,474.331391025,-56.735596154,-24.403294837
2209.413440337,473.367589655,-57.001694930,-24.402914889
2210.413301220,472.403788284,-57.267793705,-24.402534942
2211.413162102,471.439986914,-57.533892481,-24.402154995
2212.413022985,470.476185543,-57.799991257,-24.401775048
2213.412883867,469.512384173,-58.066090032,-24.401395101
2214.412744750,468.548582802,-58.332188808,-24.401015153
2215.412605536,467.584877044,-58.598633540,-24.401101368
2216.412466388,466.621212286,-58.865226628,-24.401387488
2217.412327239,465.657547528,-59.131819717,-24.401673607
2218.412188091,464.693882770,-59.398412805,-24.401959726
2219.412048942,463.730218168,-59.665006457,-24.402244789
2220.411909792,462.766553640,-59.931600374,-24.402529356
2221.411770643,461.802889111,-60.198194290,-24.402813922
2222.411631495,460.839224582,-60.464788207,-24.403098489
2223.411492346,459.875560053,-60.731382123,-24.403383056
2224.411353231,458.911913733,-60.998041815,-24.403792928
2225.411214460,457.948340912,-61.264967007,-24.404708590
2226.411075689,456.984768091,-61.531892199,-24.405624253
2227.410936920,456.021195269,-61.798817391,-24.406539915
2228.410798149,455.057622448,-62.065742583,-24.407455577
2229.410659379,454.094049626,-62.332667775,-24.408371239
2230.410520609,453.130476805,-62.599592967,-24.409286901
2231.410381838,452.166903984,-62.866518158,-24.410202564
2232.410243068,451.203331162,-63.133443350,-24.411118226
2233.410104297,450.239758341,-63.400368542,-24.412033888
2234.409965981,449.276147332,-63.667155828,-24.413358292
2235.409827919,448.312519741,-63.933883228,-24.414860188
2236.409689858,447.348892150,-64.200610629,-24.416362084
2237.409551796,446.385264559,-64.467338029,-24.417863980
2238.409413735,445.421636968,-64.734065430,-24.419365876
2239.409275672,444.458009378,-65.000792830,-24.420867772
2240.409137611,443.494381787,-65.267520231,-24.422369668
2241.408999549,442.530754196,-65.534247631,-24.423871564
2242.408861488,441.567126605,-65.800975032,-24.425373460
2243.408723583,440.603485173,-66.067652402,-24.426979895
2244.408586466,439.639786932,-66.334124429,-24.429015400
2245.408449349,438.676088691,-66.600596456,-24.431050904
2246.408312230,437.712390451,-66.867068482,-24.433086409
2247.408175113,436.748692210,-67.133540509,-24.435121914
2248.408037995,435.784993969,-67.400012535,-24.437157419
2249.407900878,434.821295728,-67.666484562,-24.439192924
2250.407763760,433.857597487,-67.932956588,-24.441228429
2251.407626642,432.893899247,-68.199428615,-24.443263934
2252.407489525,431.930201006,-68.465900642,-24.445299438
2253.407353128,430.966462427,-68.732226724,-24.447664641
2254.407217088,430.002706112,-68.998488633,-24.450174818
2255.407081050,429.038949796,-69.264750542,-24.452684995
2256.406945012,428.075193480,-69.531012451,-24.455195172
2257.406808972,427.111437165,-69.797274360,-24.457705349
2258.406672934,426.147680849,-70.063536269,-24.460215525
2259.406536896,425.183924533,-70.329798178,-24.462725702
2260.406400857,424.220168217,-70.596060087,-24.465235879
2261.406264818,423.256411902,-70.862321996,-24.467746056
2262.406128925,422.292609759,-71.128417743,-24.470337187
2263.405994025,421.328616316,-71.393819855,-24.473266254
2264.405859125,420.364622873,-71.659221968,-24.476195321
2265.405724226,419.400629429,-71.924624080,-24.479124388
2266.405589327,418.436635986,-72.190026193,-24.482053455
2267.405454428,417.472642542,-72.455428305,-24.484982522
2268.405319529,416.508649099,-72.720830418,-24.487911590
2269.405184629,415.544655656,-72.986232530,-24.490840657
2270.405049730,414.580662212,-73.251634643,-24.493769724
2271.404914830,413.616668769,-73.517036755,-24.496698791
2272.404780681,412.652739128,-73.782670454,-24.499877649
2273.404646904,411.688837893,-74.048407257,-24.503167718
2274.404513129,410.724936657,-74.314144061,-24.506457787
2275.404379352,409.761035422,-74.579880864,-24.509747856
2276.404245575,408.797134187,-74.845617668,-24.513037924
2277.404111799,407.833232951,-75.111354472,-24.516327993
2278.403978022,406.869331716,-75.377091275,-24.519618062
2279.403844245,405.905430481,-75.642828079,-24.522908131
2280.403710469,404.941529245,-75.908564882,-24.526198200
2281.403576858,403.977659276,-76.174414960,-24.529547051
2282.403444144,403.013922064,-76.440746008,-24.533145499
2283.403311430,402.050184853,-76.707077057,-24.536743947
2284.403178716,401.086447641,-76.973408105,-24.540342395
2285.403046001,400.122710430,-77.239739153,-24.543940842
2286.402913287,399.158973218,-77.506070202,-24.547539290
2287.402780572,398.195236007,-77.772401250,-24.551137738
2288.402647858,397.231498795,-78.038732298,-24.554736186
2289.402515144,396.267761584,-78.305063347,-24.558334634
2290.402382430,395.304024372,-78.571394395,-24.561933081
2291.402250324,394.340401649,-78.838139225,-24.565707819
2292.402118562,393.376830531,-79.105070565,-24.569562018
2293.401986801,392.413259413,-79.372001906,-24.573416217
2294.401855040,391.449688295,-79.638933247,-24.577270416
2295.401723279,390.486117177,-79.905864588,-24.581124616
2296.401591518,389.522546059,-80.172795929,-24.584978815
2297.401459757,388.558974941,-80.439727270,-24.588833014
2298.401327995,387.595403823,-80.706658610,-24.592687213
2299.401196234,386.631832705,-80.973589951,-24.596541413
2300.401064540,385.668209624,-81.240333339,-24.600433993
2301.400933587,384.704362072,-81.506264790,-24.604492378
2302.400802634,383.740514520,-81.772196242,-24.608550762
2303.400671681,382.776666968,-82.038127693,-24.612609146
2304.400540728,381.812819416,-82.304059145,-24.616667530
2305.400409773,380.848971865,-82.569990596,-24.620725914
2306.400278820,379.885124313,-82.835922048,-24.624784298
2307.400147867,378.921276761,-83.101853500,-24.628842683
2308.400016914,377.957429209,-83.367784951,-24.632901067
2309.399885961,376.993581657,-83.633716403,-24.636959451
2310.399755428,376.029736478,-83.899656454,-24.641120005
2311.399625089,375.065892382,-84.165600429,-24.645327183
2312.399494751,374.102048285,-84.431544405,-24.649534360
2313.399364413,373.138204189,-84.697488380,-24.653741538
2314.399234078,372.174360022,-84.963432099,-24.657949473
2315.399103745,371.210515819,-85.229375691,-24.662157786
2316.398973411,370.246671617,-85.495319283,-24.666366100
2317.398843077,369.282827415,-85.761262874,-24.670574413
2318.398712745,368.318983212,-86.027206466,-24.674782726
2319.398582449,367.355109267,-86.293042135,-24.679006555
2320.398452471,366.391104577,-86.558403393,-24.683298590
2321.398322493,365.427099887,-86.823764651,-24.687590625
2322.398192516,364.463095196,-87.089125909,-24.691882660
2323.398062539,363.499090506,-87.354487167,-24.696174695
2324.397932561,362.535085816,-87.619848425,-24.700466729
2325.397802583,361.571081126,-87.885209684,-24.704758764
2326.397672606,360.607076435,-88.150570942,-24.709050799
2327.397542628,359.643071745,-88.415932200,-24.713342834
2328.397412650,358.679067055,-88.681293458,-24.717634869
2329.397282649,357.715180484,-88.947083276,-24.721931942
2330.397152703,356.751348481,-89.213071077,-24.726231343
2331.397022757,355.787516478,-89.479058877,-24.730530744
2332.396892811,354.823684475,-89.745046678,-24.734830145
2333.396762865,353.859852472,-90.011034479,-24.739129546
2334.396632919,352.896020469,-90.277022280,-24.743428947
2335.396502973,351.932188466,-90.543010080,-24.747728348
2336.396373027,350.968356463,-90.808997881,-24.752027748
2337.396243082,350.004524459,-91.074985682,-24.756327149
2338.396113070,349.040683180,-91.340939857,-24.760611746
2339.395982778,348.076800401,-91.606743595,-24.764830106
2340.395852487,347.112917621,-91.872547333,-24.769048466
2341.395722196,346.149034841,-92.138351071,-24.773266827
2342.395591906,345.185152061,-92.404154809,-24.777485187
2343.395461614,344.221269282,-92.669958547,-24.781703548
2344.395331323,343.257386502,-92.935762285,-24.785921908
2345.395201032,342.293503722,-93.201566023,-24.790140269
2346.395070741,341.329620942,-93.467369761,-24.794358629
2347.394940449,340.365738163,-93.733173499,-24.798576990
2348.394809666,339.401848910,-93.998953763,-24.802677026
2349.394678657,338.437956631,-94.264723050,-24.806721727
2350.394547649,337.474064351,-94.530492337,-24.810766429
2351.394416640,336.510172072,-94.796261624,-24.814811130
2352.394285632,335.546279792,-95.062030911,-24.818855832
2353.394154623,334.582387513,-95.327800197,-24.822900533
2354.394023615,333.618495233,-95.593569484,-24.826945235
2355.393892606,332.654602954,-95.859338771,-24.830989937
2356.393761597,331.690710674,-96.125108058,-24.835034638
2357.393630392,330.726830861,-96.390922535,-24.839031588
2358.393498344,329.763007823,-96.656942816,-24.842811062
2359.393366298,328.799184784,-96.922963098,-24.846590536
2360.393234252,327.835361745,-97.188983380,-24.850370010
2361.393102205,326.871538707,-97.455003661,-24.854149484
2362.392970159,325.907715668,-97.721023943,-24.857928958
2363.392838113,324.943892629,-97.987044225,-24.861708432
2364.392706067,323.980069590,-98.253064507,-24.865487907
2365.392574020,323.016246552,-98.519084788,-24.869267381
2366.392441974,322.052423513,-98.785105070,-24.873046855
2367.392309053,321.088567757,-99.051006772,-24.876588452
2368.392175743,320.124696515,-99.316852343,-24.880017449
2369.392042433,319.160825272,-99.582697915,-24.883446445
2370.391909124,318.196954029,-99.848543486,-24.886875442
2371.391775813,317.233082787,-100.114389057,-24.890304438
2372.391642504,316.269211544,-100.380234628,-24.893733435
2373.391509195,315.305340301,-100.646080200,-24.897162431
2374.391375884,314.341469059,-100.911925771,-24.900591428
2375.391242575,313.377597816,-101.177771342,-24.904020424
2376.391109005,312.413724466,-101.443609274,-24.907372682
2377.390974305,311.449841347,-101.709411781,-24.910369105
2378.390839605,310.485958228,-101.975214287,-24.913365528
2379.390704905,309.522075109,-102.241016794,-24.916361951
2380.390570206,308.558191989,-102.506819301,-24.919358374
2381.390435506,307.594308870,-102.772621808,-24.922354797
2382.390300806,306.630425751,-103.038424315,-24.925351220
2383.390166107,305.666542631,-103.304226821,-24.928347643
2384.390031407,304.702659512,-103.570029328,-24.931344066
2385.389896707,303.738776393,-103.835831835,-24.934340489
2386.389761036,302.774887494,-104.101613380,-24.936993234
2387.389624943,301.810995825,-104.367384883,-24.939481311
2388.389488849,300.847104156,-104.633156385,-24.941969388
2389.389352755,299.883212488,-104.898927887,-24.944457465
2390.389216661,298.919320819,-105.164699389,-24.946945542
2391.389080568,297.955429150,-105.430470891,-24.949433619
2392.388944473,296.991537482,-105.696242393,-24.951921695
2393.388808380,296.027645813,-105.962013895,-24.954409772
2394.388672286,295.063754144,-106.227785397,-24.956897849
2395.388535938,294.099877045,-106.493609706,-24.959284582
2396.388398569,293.136068745,-106.759683384,-24.961192738
2397.388261200,292.172260446,-107.025757061,-24.963100894
2398.388123832,291.208452146,-107.291830739,-24.965009049
2399.387986462,290.244643847,-107.557904416,-24.966917205
2400.387849094,289.280835547,-107.823978094,-24.968825361
2401.387711725,288.317027248,-108.090051772,-24.970733517
2402.387574356,287.353218948,-108.356125449,-24.972641673
2403.387436987,286.389410649,-108.622199127,-24.974549829
2404.387299618,285.425602349,-108.888272804,-24.976457985
2405.387161278,284.462059474,-109.155305176,-24.977933816
2406.387022892,283.498645525,-109.422803220,-24.979201511
2407.386884507,282.535231690,-109.690301675,-24.980470002
2408.386746123,281.571817855,-109.957800130,-24.981738494
2409.386607737,280.608404021,-110.225298584,-24.983006985
2410.386469352,279.644990186,-110.492797039,-24.984275477
2411.386330968,278.681576351,-110.760295494,-24.985543968
2412.386192583,277.718162516,-111.027793948,-24.986812460
2413.386054197,276.754748682,-111.295292403,-24.988080951
2414.385915666,275.791345494,-111.562829188,-24.989231113
2415.385776645,274.827993523,-111.830550349,-24.989812084
2416.385637624,273.864641552,-112.098271510,-24.990393056
2417.385498603,272.901289581,-112.365992671,-24.990974028
2418.385359583,271.937937610,-112.633713832,-24.991554999
2419.385220562,270.974585639,-112.901434993,-24.992135971
2420.385081541,270.011233668,-113.169156155,-24.992716943
2421.384942520,269.047881697,-113.436877316,-24.993297915
2422.384803499,268.084529726,-113.704598477,-24.993878886
2423.384664479,267.121177755,-113.972319638,-24.994459858
2424.384525275,266.157750787,-114.239770717,-24.994561460
2425.384386094,265.194287012,-114.507089243,-24.994427794
2426.384246914,264.230823237,-114.774407769,-24.994294129
2427.384107733,263.267359462,-115.041726295,-24.994160463
2428.383968552,262.303895687,-115.309044821,-24.994026797
2429.383829372,261.340431912,-115.576363348,-24.993893132
2430.383690191,260.376968137,-115.843681874,-24.993759466
2431.383551010,259.413504362,-116.111000400,-24.993625800
2432.383411830,258.450040587,-116.378318926,-24.993492135
2433.383272611,257.486534392,-116.645484284,-24.993235399
2434.383133791,256.522820302,-116.911898985,-24.992375519
2435.382994972,255.559106212,-117.178313687,-24.991515638
2436.382856151,254.595392123,-117.444728389,-24.990655758
2437.382717332,253.631678033,-117.711143091,-24.989795877
2438.382578512,252.667963943,-117.977557793,-24.988935997
2439.382439692,251.704249853,-118.243972494,-24.988076116
2440.382300873,250.740535763,-118.510387196,-24.987216236
2441.382162053,249.776821673,-118.776801898,-24.986356355
2442.382023232,248.813107584,-119.043216600,-24.985496475
2443.381884901,247.849302144,-119.309300526,-24.984164738
2444.381746938,246.885451333,-119.575220165,-24.982598641
2445.381608974,245.921600522,-119.841139804,-24.981032545
2446.381471011,244.957749711,-120.107059443,-24.979466448
2447.381333048,243.993898900,-120.372979081,-24.977900352
2448.381195085,243.030048089,-120.638898720,-24.976334255
2449.381057122,242.066197278,-120.904818359,-24.974768159
2450.380919159,241.102346467,-121.170737998,-24.973202062
2451.380781196,240.138495656,-121.436657636,-24.971635966
2452.380643394,239.174623696,-121.702500550,-24.969961189
2453.380506663,238.210646110,-121.967960251,-24.967743602
2454.380369933,237.246668523,-122.233419953,-24.965526014
2455.380233202,236.282690937,-122.498879654,-24.963308427
2456.380096471,235.318713351,-122.764339356,-24.961090840
2457.379959742,234.354735764,-123.029799057,-24.958873252
2458.379823011,233.390758178,-123.295258759,-24.956655665
2459.379686281,232.426780591,-123.560718460,-24.954438077
2460.379549550,231.462803005,-123.826178162,-24.952220490
2461.379412819,230.498825419,-124.091637863,-24.950002902
2462.379276802,229.535070740,-124.357905036,-24.947415489
2463.379141458,228.571428102,-124.624578067,-24.944642191
2464.379006115,227.607785463,-124.891251098,-24.941868893
2465.378870771,226.644142825,-125.157924129,-24.939095594
2466.378735428,225.680500186,-125.424597160,-24.936322296
2467.378600084,224.716857548,-125.691270191,-24.933548998
2468.378464741,223.753214909,-125.957943222,-24.930775700
2469.378329397,222.789572271,-126.224616253,-24.928002402
2470.378194054,221.825929632,-126.491289284,-24.925229103
2471.378058783,220.862233464,-126.757768419,-24.922393046
2472.377924573,219.898264779,-127.023260442,-24.919237483
2473.377790364,218.934296093,-127.288752465,-24.916081921
2474.377656154,217.970327408,-127.554244488,-24.912926359
2475.377521943,217.006358723,-127.819736511,-24.909770797
2476.377387733,216.042390038,-128.085228534,-24.906615235
2477.377253523,215.078421353,-128.350720557,-24.903459672
2478.377119313,214.114452668,-128.616212580,-24.900304110
2479.376980439,213.149313851,-128.877399476,-24.897026543
2480.376846826,212.183580630,-129.136399446,-24.893686999
2481.376713214,211.217847408,-129.395399416,-24.890347455
2482.376579601,210.252114186,-129.654399386,-24.887007912
2483.376441569,209.286045191,-129.912126784,-24.883655367
2484.376308227,208.318245969,-130.163296660,-24.880235827
2485.376174885,207.350446747,-130.414466535,-24.876816287
2486.376041543,206.382647525,-130.665636410,-24.873396747
2487.375903668,205.414520423,-130.915521294,-24.869971946
2488.375770438,204.444697059,-131.158758387,-24.866519925
2489.375637207,203.474873696,-131.401995480,-24.863067904
2490.375503977,202.505050332,-131.645232573,-24.859615883
2491.375365728,201.534894757,-131.887120508,-24.856164956
2492.375232474,200.563013465,-132.122000039,-24.852719710
2493.375099220,199.591132173,-132.356879570,-24.849274463
2494.374965966,198.619250881,-132.591759101,-24.845829216
2495.374823250,197.645976620,-132.820757165,-24.842410406
2496.374689859,196.671987817,-133.046738253,-24.839005158
2497.374556468,195.697999014,-133.272719341,-24.835599909
2498.374416567,194.723662202,-133.497166379,-24.832205662
2499.374282945,193.747504797,-133.713588099,-24.828868968
2500.374149323,192.771347392,-133.930009818,-24.825532274
2501.374015700,191.795189987,-134.146431537,-24.822195581
2502.373868645,190.817520799,-134.355855013,-24.818927825
2503.373734681,189.839072830,-134.561673411,-24.815695582
2504.373600716,188.860624861,-134.767491808,-24.812463338
2505.373457999,187.881814296,-134.971536335,-24.809254479
2506.373323656,186.901089138,-135.166215057,-24.806141571
2507.373189312,185.920363980,-135.360893779,-24.803028662
2508.373045188,184.939276837,-135.553689609,-24.799936967
2509.372910439,183.956276952,-135.736536179,-24.796957369
2510.372775689,182.973277068,-135.919382748,-24.793977771
2511.372629887,181.989917716,-136.100225377,-24.791020391
2512.372494729,181.004653164,-136.270447001,-24.788180766
2513.372359572,180.019388611,-136.440668625,-24.785341140
2514.372204817,179.032710036,-136.602373159,-24.782593677
2515.372069273,178.045297816,-136.759658722,-24.779894030
2516.371921033,177.057557888,-136.914791639,-24.777219040
2517.371785078,176.068072507,-137.058459033,-24.774675377
2518.371649125,175.078587125,-137.202126426,-24.772131713
2519.371491669,174.087865055,-137.336844454,-24.769693272
2520.371355322,173.096499465,-137.466905627,-24.767309582
2521.371207291,172.104876570,-137.594899547,-24.764953596
2522.371070539,171.111876404,-137.711828211,-24.762745894
2523.370933787,170.118876239,-137.828756875,-24.760538192
2524.370779684,169.124979084,-137.937641661,-24.758448745
2525.370642550,168.130613798,-138.042328421,-24.756421014
2526.370495546,167.136060168,-138.145115120,-24.754424837
2527.370358024,166.140493300,-138.237679965,-24.752598413
2528.370220502,165.144926432,-138.330244811,-24.750771989
2529.370073211,164.149195451,-138.420920322,-24.748981520
2530.369935297,163.152578921,-138.501400957,-24.747385070
2531.369797381,162.155962392,-138.581881592,-24.745788620
2532.369650243,161.159208567,-138.660527147,-24.744228030
2533.369511987,160.161711607,-138.729239990,-24.742861546
2534.369373732,159.164214646,-138.797952832,-24.741495062
2535.369225873,158.166600054,-138.864793366,-24.740163310
2536.369087338,157.168346811,-138.921468786,-24.739020127
2537.368948802,156.170093568,-138.978144207,-24.737876944
2538.368800556,155.171744937,-139.032937582,-24.736768923
2539.368661786,154.172876869,-139.077482184,-24.735852379
2540.368523017,153.174008800,-139.122026786,-24.734935834
2541.368374877,152.175069389,-139.164723580,-24.734053330
2542.368235929,151.175740293,-139.197327223,-24.733356757
2543.368096982,150.176411197,-139.229930866,-24.732660184
2544.367949289,149.177034225,-139.260750681,-24.731995504
2545.367810219,148.177394936,-139.281796628,-24.731505570
2546.367671149,147.177755647,-139.302842575,-24.731015636
2547.367524367,146.178090227,-139.322215095,-24.730557511
2548.367385217,145.178281192,-139.332390209,-24.730274217
2549.367246067,144.178472157,-139.342565323,-24.729990922
2550.367099728,143.178655181,-139.351126505,-24.729738840
2551.366960542,142.178794427,-139.350789478,-24.729658851
2552.366821355,141.178933674,-139.350452451,-24.729578862
2553.366682169,140.179072920,-139.350115423,-24.729498872
2554.368098635,139.179249807,-139.342983991,-24.673482582
2555.368312932,138.179444072,-139.332492716,-24.646891904
2556.368800943,137.179635591,-139.322263196,-24.682312516
2557.369288954,136.179827111,-139.312033676,-24.717733129
2558.369219387,135.180104973,-139.295940940,-24.730284695
2559.369080267,134.180428814,-139.276725910,-24.730657976
2560.368941148,133.180752655,-139.257510879,-24.731031258
2561.368802028,132.181076496,-139.238295849,-24.731404540
2562.368659517,131.181425586,-139.217976299,-24.731820955
2563.368520543,130.181915653,-139.191489844,-24.732478198
2564.368381569,129.182405719,-139.165003388,-24.733135441
2565.368242596,128.182895785,-139.138516933,-24.733792683
2566.368103622,127.183385851,-139.112030477,-24.734449926
2567.367964649,126.183875917,-139.085544021,-24.735107168
2568.367825676,125.184365983,-139.059057566,-24.735764411
2569.367686702,124.184856049,-139.032571110,-24.736421653
2570.367547407,123.185383109,-139.004741063,-24.737292988
2571.367408704,122.185930011,-138.976190285,-24.738279167
2572.367270001,121.186476914,-138.947639506,-24.739265345
2573.367131298,120.187023817,-138.919088728,-24.740251524
2574.366992594,119.187570720,-138.890537949,-24.741237702
2575.366853891,118.188117623,-138.861987171,-24.742223881
2576.366715188,117.188664526,-138.833436393,-24.743210059
2577.366576485,116.189211429,-138.804885614,-24.744196238
2578.366437781,115.189758332,-138.776334836,-24.745182416
2579.366299116,114.190306293,-138.747747187,-24.746210460
2580.366160729,113.190860269,-138.718949850,-24.747476601
2581.366022340,112.191414246,-138.690152514,-24.748742742
2582.365883953,111.191968222,-138.661355177,-24.750008882
2583.365745565,110.192522199,-138.632557840,-24.751275023
2584.365607177,109.193076176,-138.603760504,-24.752541164
2585.365468789,108.193630152,-138.574963167,-24.753807304
2586.365330401,107.194184129,-138.546165830,-24.755073445
2587.365192013,106.194738106,-138.517368494,-24.756339586
2588.365053626,105.195292082,-138.488571157,-24.757605726
2589.364915305,104.195827748,-138.460420550,-24.759008315
2590.364777206,103.196353476,-138.432620905,-24.760484951
2591.364639107,102.196879204,-138.404821259,-24.761961587
2592.364501008,101.197404932,-138.377021613,-24.763438223
2593.364362909,100.197930661,-138.349221968,-24.764914859
2594.364224810,99.198456389,-138.321422322,-24.766391495
2595.364086711,98.198982117,-138.293622677,-24.767868131
2596.363948612,97.199507845,-138.265823031,-24.769344766
2597.363810513,96.200033573,-138.238023386,-24.770821402
2598.363672400,95.200555799,-138.210351684,-24.772321119
2599.363534545,94.201057682,-138.183423001,-24.773954875
2600.363396691,93.201559564,-138.156494318,-24.775588631
2601.363258836,92.202061447,-138.129565635,-24.777222387
2602.363120982,91.202563352,-138.102636127,-24.778856861
2603.362983129,90.203065272,-138.075706061,-24.780491820
2604.362845276,89.203567192,-138.048775995,-24.782126780
2605.362707423,88.204069113,-138.021845930,-24.783761739
2606.362569570,87.204571033,-137.994915864,-24.785396699
2607.362431717,86.205072953,-137.967985798,-24.787031658
2608.362293989,85.205572415,-137.941147205,-24.788742427
2609.362156335,84.206070527,-137.914358830,-24.790494814
2610.362018681,83.206568640,-137.887570455,-24.792247202
2611.361881027,82.207066752,-137.860782080,-24.793999589
2612.361743373,81.207564865,-137.833993705,-24.795751977
2613.361605719,80.208062977,-137.807205330,-24.797504364
2614.361468066,79.208561089,-137.780416955,-24.799256752
2615.361330412,78.209059202,-137.753628580,-24.801009140
2616.361192758,77.209557314,-137.726840205,-24.802761527
2617.361054553,76.210067863,-137.699612792,-24.804526516
2618.360917057,75.210652182,-137.669780966,-24.806366261
2619.360779559,74.211236502,-137.639949141,-24.808206006
2620.360642063,73.211820821,-137.610117315,-24.810045750
2621.360504565,72.212405141,-137.580285490,-24.811885495
2622.360367069,71.212989460,-137.550453664,-24.813725239
2623.360229571,70.213573780,-137.520621839,-24.815564984
2624.360092075,69.214158099,-137.490790013,-24.817404728
2625.359954577,68.214742419,-137.460958188,-24.819244473
2626.359817081,67.215326738,-137.431126362,-24.821084218
2627.359679384,66.215941614,-137.400296819,-24.822965240
2628.359542007,65.216573460,-137.368913182,-24.824869186
2629.359404630,64.217205306,-137.337529545,-24.826773131
2630.359267253,63.217837152,-137.306145908,-24.828677077
2631.359129876,62.218468998,-137.274762271,-24.830581023
2632.358992499,61.219100844,-137.243378634,-24.832484969
2633.358855123,60.219732689,-137.211994998,-24.834388915
2634.358717746,59.220364535,-137.180611361,-24.836292861
2635.358580369,58.220996381,-137.149227724,-24.838196807
2636.358442391,57.221643062,-137.117394466,-24.840107142
2637.358305101,56.222379659,-137.082835921,-24.842056207
2638.358167811,55.223116257,-137.048277376,-24.844005273
2639.358030521,54.223852855,-137.013718831,-24.845954338
2640.357893232,53.224589452,-136.979160286,-24.847903403
2641.357755942,52.225326050,-136.944601740,-24.849852469
2642.357618651,51.226062648,-136.910043195,-24.851801534
2643.357481362,50.226799245,-136.875484650,-24.853750600
2644.357340839,49.227662912,-136.837515053,-24.855718239
2645.357203606,48.228597874,-136.797631613,-24.857696299
2646.357066373,47.229532835,-136.757748172,-24.859674359
2647.356929141,46.230467796,-136.717864732,-24.861652419
2648.356791907,45.231402758,-136.677981292,-24.863630480
2649.356654674,44.232337719,-136.638097852,-24.865608540
2650.356512735,43.233449316,-136.594119037,-24.867599179
2651.356375541,42.234660374,-136.547834149,-24.869596901
2652.356238347,41.235871433,-136.501549261,-24.871594623
2653.356101153,40.237082492,-136.455264373,-24.873592345
2654.355963960,39.238293550,-136.408979485,-24.875590067
2655.355821067,38.239728625,-136.358202480,-24.877595461
2656.355683897,37.241290222,-136.304888357,-24.879605188
2657.355546728,36.242851819,-136.251574234,-24.881614915
2658.355409558,35.244413416,-136.198260111,-24.883624642
2659.355272388,34.245975013,-136.144945988,-24.885634369
2660.355129166,33.247800035,-136.087013010,-24.887649317
2661.354992013,32.249774277,-136.026463642,-24.889667221
2662.354854859,31.251748519,-135.965914274,-24.891685126
2663.354717706,30.253722760,-135.905364906,-24.893703030
2664.354580553,29.255697002,-135.844815538,-24.895720935
2665.354440899,28.257728237,-135.783374635,-24.897738666
2666.354303742,27.260116597,-135.716347367,-24.899755311
2667.354166587,26.262504956,-135.649320098,-24.901771956
2668.354029430,25.264893316,-135.582292829,-24.903788601
2669.353892275,24.267281675,-135.515265561,-24.905805247
2670.353755119,23.269670034,-135.448238292,-24.907821892
2671.353617963,22.272058394,-135.381211023,-24.909838537
2672.353478921,21.274622190,-135.311648292,-24.911833684
2673.353341698,20.277286076,-135.240639024,-24.913816567
2674.353204474,19.279949962,-135.169629756,-24.915799449
2675.353067251,18.282613848,-135.098620488,-24.917782332
2676.352930028,17.285277734,-135.027611220,-24.919765215
2677.352792804,16.287941620,-134.956601952,-24.921748097
2678.352655581,15.290605506,-134.885592684,-24.923730980
2679.352518358,14.293269392,-134.814583416,-24.925713862
2680.352381134,13.295933278,-134.743574149,-24.927696745
2681.352243620,12.298617896,-134.672278003,-24.929665946
2682.352106201,11.301434883,-134.599150182,-24.931547790
2683.351968782,10.304251870,-134.526022361,-24.933429634
2684.351831364,9.307068856,-134.452894540,-24.935311479
2685.351693945,8.309885843,-134.379766720,-24.937193323
2686.351556526,7.312702830,-134.306638899,-24.939075167
2687.351419108,6.315519816,-134.233511078,-24.940957011
2688.351281689,5.318336803,-134.160383257,-24.942838856
2689.351144270,4.321153790,-134.087255436,-24.944720700
2690.351006852,3.323970776,-134.014127616,-24.946602544
2691.350866824,2.327006771,-133.938104288,-24.948388441
2692.350729132,1.330169144,-133.860410102,-24.950118972
2693.350591439,0.333331518,-133.782715917,-24.951849502
2694.350453748,-0.663506109,-133.705021731,-24.953580033
2695.350316055,-1.660343735,-133.627327546,-24.955310564
2696.350178364,-2.657181362,-133.549633361,-24.957041094
2697.350037988,-3.653945863,-133.471040248,-24.958750241
2698.349900031,-4.650234487,-133.386597271,-24.960320234
2699.349762074,-5.646523112,-133.302154293,-24.961890226
2700.349624117,-6.642811737,-133.217711316,-24.963460218
2701.349486166,-7.639100258,-133.133267115,-24.965033796
2702.349343789,-8.635285783,-133.047667767,-24.966588928
2703.349205604,-9.630797526,-132.954511931,-24.968006235
2704.349067419,-10.626309269,-132.861356094,-24.969423543
2705.348929234,-11.621821012,-132.768200258,-24.970840850
2706.348785659,-12.617207655,-132.673773843,-24.972238507
2707.348647274,-13.611771432,-132.570989925,-24.973506905
2708.348508889,-14.606335209,-132.468206006,-24.974775304
2709.348370504,-15.600898986,-132.365422088,-24.976043702
2710.348218689,-16.594732625,-132.255924488,-24.977212883
2711.348080117,-17.588140185,-132.142509057,-24.978324165
2712.347941545,-18.581547745,-132.029093625,-24.979435447
2713.347795677,-19.574779034,-131.914208004,-24.980523895
2714.347656926,-20.566841290,-131.789572053,-24.981460911
2715.347518175,-21.558903546,-131.664936103,-24.982397926
2716.347379425,-22.550965802,-131.540300153,-24.983334942
2717.347226330,-23.542120965,-131.408753140,-24.984147665
2718.347087414,-24.532744648,-131.273156832,-24.984887565
2719.346948498,-25.523368331,-131.137560524,-24.985627464
2720.346802601,-26.513788421,-131.000535838,-24.986339866
2721.346663551,-27.502846903,-130.853958356,-24.986868368
2722.346524501,-28.491905386,-130.707380875,-24.987396870
2723.346385451,-29.480963869,-130.560803394,-24.987925372
2724.346232117,-30.468965213,-130.407354541,-24.988309980
2725.346092972,-31.456344674,-130.249863459,-24.988609939
2726.345953827,-32.443724134,-130.092372376,-24.988909898
2727.345808801,-33.430889083,-129.933579240,-24.989177393
2728.345669613,-34.416607445,-129.766005517,-24.989225958
2729.345530425,-35.402325806,-129.598431794,-24.989274522
2730.345391236,-36.388044167,-129.430858071,-24.989323087
2731.345241847,-37.372750201,-129.257493560,-24.989190262
2732.345102687,-38.356858279,-129.080708572,-24.988950295
2733.344963526,-39.340966356,-128.903923584,-24.988710327
2734.344824366,-40.325074434,-128.727138595,-24.988470360
2735.344677150,-41.308233559,-128.545194962,-24.987980320
2736.344538165,-42.290830861,-128.360197170,-24.987342226
2737.344399178,-43.273428162,-128.175199377,-24.986704132
2738.344260193,-44.256025464,-127.990201585,-24.986066037
2739.344121206,-45.238622765,-127.805203793,-24.985427943
2740.343981096,-46.221109884,-127.619628117,-24.984701143
2741.343842796,-47.202842100,-127.430093173,-24.983366592
2742.343704497,-48.184574317,-127.240558229,-24.982032040
2743.343566199,-49.166306534,-127.051023285,-24.980697489
2744.343427899,-50.148038750,-126.861488341,-24.979362937
2745.343289601,-51.129770967,-126.671953397,-24.978028386
2746.343151302,-52.111503184,-126.482418453,-24.976693834
2747.343013002,-53.093235400,-126.292883509,-24.975359283
2748.342874704,-54.074967617,-126.103348566,-24.974024731
2749.342736405,-55.056699834,-125.913813622,-24.972690180
2750.342596514,-56.037881185,-125.721460118,-24.970813172
2751.342459746,-57.018733491,-125.527423027,-24.968612143
2752.342322980,-57.999585798,-125.333385935,-24.966411113
2753.342186212,-58.980438104,-125.139348843,-24.964210084
2754.342049446,-59.961290411,-124.945311751,-24.962009055
2755.341912678,-60.942142717,-124.751274660,-24.959808026
2756.341775912,-61.922995024,-124.557237568,-24.957606997
2757.341638075,-62.903728225,-124.362605978,-24.955309408
2758.341503306,-63.883627772,-124.163813330,-24.952335975
2759.341368539,-64.863527320,-123.965020682,-24.949362542
2760.341233771,-65.843426868,-123.766228034,-24.946389109
2761.341099002,-66.823326415,-123.567435386,-24.943415676
2762.340964234,-67.803225963,-123.368642738,-24.940442243
2763.340829465,-68.783125510,-123.169850090,-24.937468810
2764.340691812,-69.762265775,-122.967371811,-24.934062659
2765.340559346,-70.740948734,-122.762673726,-24.930395887
2766.340426880,-71.719631693,-122.557975641,-24.926729115
2767.340294414,-72.698314652,-122.353277557,-24.923062343
2768.340161948,-73.676997611,-122.148579472,-24.919395571
2769.340027786,-74.655523812,-121.943143186,-24.915640514
2770.339898201,-75.632935999,-121.732460827,-24.911258045
2771.339768615,-76.610348186,-121.521778467,-24.906875576
2772.339639030,-77.587760373,-121.311096107,-24.902493108
2773.339509445,-78.565172560,-121.100413747,-24.898110639
2774.339379859,-79.542584747,-120.889731387,-24.893728170
2775.339250274,-80.519996934,-120.679049027,-24.889345702
2776.339120437,-81.496727604,-120.465243877,-24.884355879
2777.338995604,-82.473044905,-120.249544622,-24.878997670
2778.338870772,-83.449362206,-120.033845367,-24.873639462
2779.338745939,-84.425679506,-119.818146112,-24.868281253
2780.338621107,-85.401996807,-119.602446858,-24.862923044
2781.338496275,-86.378314108,-119.386747603,-24.857564836
2782.338371441,-87.354631408,-119.171048348,-24.852206627
2783.338246609,-88.330948709,-118.955349093,-24.846848418
2784.338121777,-89.307266010,-118.739649838,-24.841490210
2785.337997629,-90.283551850,-118.523808588,-24.835991748
2786.337879671,-91.259609458,-118.306937230,-24.829475814
2787.337761713,-92.235667066,-118.090065872,-24.822959880
2788.337643755,-93.211724674,-117.873194514,-24.816443946
2789.337525796,-94.187782282,-117.656323156,-24.809928012
2790.337407838,-95.163839890,-117.439451798,-24.803412078
2791.337289881,-96.139897499,-117.222580440,-24.796896143
2792.337171923,-97.115955107,-117.005709082,-24.790380209
2793.337053964,-98.092012715,-116.788837724,-24.783864275
2794.336936006,-99.068070323,-116.571966366,-24.777348341
2795.336822747,-100.044008196,-116.354557256,-24.770134392
2796.336712761,-101.019872628,-116.136818306,-24.762492304
2797.336602777,-101.995737061,-115.919079356,-24.754850215
2798.336492792,-102.971601493,-115.701340406,-24.747208126
2799.336382807,-103.947465925,-115.483601456,-24.739566037
2800.336272821,-104.923330357,-115.265862506,-24.731923949
2801.336162836,-105.899194789,-115.048123556,-24.724281860
2802.336052851,-106.875059221,-114.830384606,-24.716639771
2803.335942865,-107.850923653,-114.612645656,-24.708997682
2804.335833845,-108.826774857,-114.394847491,-24.701228637
2805.335732623,-109.802527650,-114.176608798,-24.692515109
2806.335631400,-110.778280443,-113.958370105,-24.683801582
2807.335530178,-111.754033236,-113.740131412,-24.675088055
2808.335428956,-112.729786029,-113.521892720,-24.666374528
2809.335327733,-113.705538822,-113.303654027,-24.657661000
2810.335226512,-114.681291616,-113.085415334,-24.648947473
2811.335125290,-115.657044409,-112.867176642,-24.640233946
2812.335024067,-116.632797202,-112.648937949,-24.631520419
2813.334922845,-117.608549995,-112.430699256,-24.622806891
2814.334826999,-118.584470880,-112.213214325,-24.613476929
2815.334734980,-119.560496032,-111.996196944,-24.603764599
2816.334642961,-120.536521184,-111.779179563,-24.594052268
2817.334550941,-121.512546335,-111.562162183,-24.584339938
2818.334458922,-122.488571487,-111.345144802,-24.574627607
2819.334366903,-123.464596639,-111.128127421,-24.564915277
2820.334274882,-124.440621790,-110.911110041,-24.555202946
2821.334182863,-125.416646942,-110.694092660,-24.545490616
2822.334090844,-126.392672094,-110.477075279,-24.535778285
2823.333999797,-127.368723398,-110.260175807,-24.525960728
2824.333917012,-128.344974294,-110.044176205,-24.515340095
2825.333834228,-129.321225190,-109.828176603,-24.504719461
2826.333751444,-130.297476086,-109.612177000,-24.494098828
2827.333668659,-131.273726982,-109.396177398,-24.483478194
2828.333585875,-132.249977878,-109.180177795,-24.472857561
2829.333503090,-133.226228774,-108.964178193,-24.462236928
2830.333420306,-134.202479670,-108.748178590,-24.451616294
2831.333337522,-135.178730566,-108.532178988,-24.440995661
2832.333254737,-136.154981462,-108.316179385,-24.430375027
2833.333176733,-137.130953294,-108.098924730,-24.419266717
2834.333102693,-138.106750084,-107.880882839,-24.407852511
2835.333028652,-139.082546873,-107.662840949,-24.396438304
2836.332954611,-140.058343663,-107.444799059,-24.385024098
2837.332880571,-141.034140452,-107.226757168,-24.373609892
2838.332806530,-142.009937241,-107.008715278,-24.362195686
2839.332732490,-142.985734031,-106.790673387,-24.350781479
2840.332658449,-143.961530820,-106.572631497,-24.339367273
2841.332584409,-144.937327610,-106.354589606,-24.327953067
2842.332511174,-145.913151106,-106.136667543,-24.316463316
2843.332444973,-146.889183792,-105.919684050,-24.304381843
2844.332378771,-147.865216478,-105.702700558,-24.292300370
2845.332312570,-148.841249164,-105.485717066,-24.280218898
2846.332246370,-149.817281851,-105.268733574,-24.268137425
2847.332180169,-150.793314537,-105.051750081,-24.256055952
2848.332113968,-151.769347223,-104.834766589,-24.243974480
2849.332047766,-152.745379909,-104.617783097,-24.231893007
2850.331981565,-153.721412595,-104.400799605,-24.219811534
2851.331915364,-154.697445281,-104.183816112,-24.207730062
2852.331853240,-155.673400106,-103.966482872,-24.195312414
2853.331793829,-156.649305547,-103.748927794,-24.182681536
2854.331734417,-157.625210987,-103.531372715,-24.170050658
2855.331675004,-158.601116427,-103.313817636,-24.157419780
2856.331615592,-159.577021867,-103.096262558,-24.144788902
2857.331556180,-160.552927307,-102.878707479,-24.132158024
2858.331496768,-161.528832747,-102.661152401,-24.119527146
2859.331437356,-162.504738187,-102.443597322,-24.106896268
2860.331377943,-163.480643627,-102.226042244,-24.094265390
2861.331319168,-164.456544816,-102.008468102,-24.081584122
2862.331265616,-165.432411805,-101.790740614,-24.068497522
2863.331212064,-166.408278795,-101.573013126,-24.055410923
2864.331158512,-167.384145784,-101.355285638,-24.042324323
2865.331104961,-168.360012774,-101.137558150,-24.029237723
2866.331051408,-169.335879763,-100.919830662,-24.016151123
2867.330997857,-170.311746753,-100.702103174,-24.003064523
2868.330944305,-171.287613742,-100.484375687,-23.989977923
2869.330890753,-172.263480732,-100.266648199,-23.976891323
2870.330837202,-173.239347722,-100.048920711,-23.963804724
2871.330786752,-174.215290845,-99.831534921,-23.950480229
2872.330738387,-175.191282798,-99.614368284,-23.937003157
2873.330690022,-176.167274751,-99.397201647,-23.923526086
2874.330641656,-177.143266703,-99.180035010,-23.910049014
2875.330593291,-178.119258656,-98.962868373,-23.896571942
2876.330544926,-179.095250609,-98.745701736,-23.883094870
2877.330496560,-180.071242562,-98.528535099,-23.869617799
2878.330448195,-181.047234515,-98.311368462,-23.856140727
2879.330399830,-182.023226468,-98.094201825,-23.842663655
2880.330351885,-182.999187849,-97.876898214,-23.829149405
2881.330308222,-183.974896541,-97.658462436,-23.815327852
2882.330264559,-184.950605233,-97.440026659,-23.801506299
2883.330220895,-185.926313924,-97.221590881,-23.787684746
2884.330177232,-186.902022616,-97.003155103,-23.773863194
2885.330133569,-187.877731308,-96.784719326,-23.760041641
2886.330089906,-188.853440000,-96.566283548,-23.746220088
2887.330046242,-189.829148691,-96.347847770,-23.732398536
2888.330002579,-190.804857383,-96.129411992,-23.718576983
2889.329958892,-191.780565209,-95.910972347,-23.704757180
2890.329917741,-192.756373303,-95.692981373,-23.690750039
2891.329878384,-193.732246907,-95.475283533,-23.676620428
2892.329839026,-194.708120511,-95.257585692,-23.662490816
2893.329799668,-195.683994114,-95.039887852,-23.648361205
2894.329760310,-196.659867718,-94.822190012,-23.634231593
2895.329720953,-197.635741322,-94.604492172,-23.620101982
2896.329681595,-198.611614926,-94.386794331,-23.605972370
2897.329642238,-199.587488530,-94.169096491,-23.591842758
2898.329602879,-200.563362133,-93.951398651,-23.577713147
2899.329563922,-201.539245716,-93.733745588,-23.563554614
2900.329528484,-202.515214100,-93.516473055,-23.549150298
2901.329493046,-203.491182484,-93.299200522,-23.534745983
2902.329457607,-204.467150868,-93.081927988,-23.520341667
2903.329422169,-205.443119252,-92.864655455,-23.505937351
2904.329386731,-206.419087636,-92.647382922,-23.491533036
2905.329351292,-207.395056020,-92.430110389,-23.477128720
2906.329315854,-208.371024404,-92.212837856,-23.462724404
2907.329280415,-209.346992788,-91.995565323,-23.448320089
2908.329244977,-210.322961172,-91.778292790,-23.433915773
2909.329211413,-211.298749603,-91.560214521,-23.419366539
2910.329179460,-212.274420033,-91.341607905,-23.404722276
2911.329147507,-213.250090463,-91.123001290,-23.390078014
2912.329115553,-214.225760892,-90.904394674,-23.375433752
2913.329083600,-215.201431322,-90.685788058,-23.360789489
2914.329051647,-216.177101752,-90.467181442,-23.346145227
2915.329019694,-217.152772182,-90.248574826,-23.331500965
2916.328987741,-218.128442612,-90.029968210,-23.316856703
2917.328955788,-219.104113042,-89.811361594,-23.302212440
2918.328924137,-220.079783999,-89.592757331,-23.287547545
2919.328895148,-221.055459563,-89.374173633,-23.272702236
2920.328866159,-222.031135128,-89.155589936,-23.257856927
2921.328837171,-223.006810693,-88.937006238,-23.243011618
2922.328808182,-223.982486257,-88.718422541,-23.228166309
2923.328779193,-224.958161822,-88.499838844,-23.213321000
2924.328750205,-225.933837387,-88.281255146,-23.198475691
2925.328721216,-226.909512951,-88.062671449,-23.183630382
2926.328692227,-227.885188516,-87.844087752,-23.168785073
2927.328663238,-228.860864080,-87.625504054,-23.153939764
2928.328635547,-229.836472288,-87.406620062,-23.139005224
2929.328608772,-230.812035837,-87.187536966,-23.124011520
2930.328581997,-231.787599385,-86.968453869,-23.109017816
2931.328555223,-232.763162934,-86.749370773,-23.094024113
2932.328528448,-233.738726482,-86.530287676,-23.079030409
2933.328501674,-234.714290031,-86.311204580,-23.064036705
2934.328474899,-235.689853579,-86.092121484,-23.049043002
2935.328448125,-236.665417128,-85.873038387,-23.034049298
2936.328421349,-237.640980676,-85.653955291,-23.019055594
2937.328394657,-238.616565281,-85.434966167,-23.004053683
2938.328369116,-239.592339408,-85.216822883,-22.988977891
2939.328343576,-240.568113536,-84.998679600,-22.973902100
2940.328318035,-241.543887663,-84.780536316,-22.958826308
2941.328292494,-242.519661791,-84.562393033,-22.943750517
2942.328266953,-243.495435918,-84.344249749,-22.928674725
2943.328241413,-244.471210046,-84.126106466,-22.913598934
2944.328215873,-245.446984174,-83.907963182,-22.898523142
2945.328190332,-246.422758301,-83.689819898,-22.883447351
2946.328164792,-247.398532429,-83.471676615,-22.868371559
2947.328275466,-248.374130303,-83.252747418,-22.846007418
2948.328507544,-249.349610020,-83.033291358,-22.818757294
2949.328739622,-250.325089737,-82.813835298,-22.791507170
2950.328971699,-251.300569453,-82.594379238,-22.764257046
2951.329203777,-252.276049170,-82.374923178,-22.737006922
2952.329435855,-253.251528887,-82.155467118,-22.709756798
2953.329667933,-254.227008604,-81.936011058,-22.682506674
2954.329900011,-255.202488321,-81.716554998,-22.655256550
2955.330132089,-256.177968038,-81.497098938,-22.628006426
2956.333989551,-257.154405979,-81.281977485,-22.717569327
2957.333963155,-258.130102911,-81.063489189,-22.702550368
2958.333936759,-259.105799844,-80.845000894,-22.687531408
2959.333910364,-260.081496777,-80.626512598,-22.672512449
2960.333883968,-261.057193710,-80.408024303,-22.657493490
2961.333857573,-262.032890643,-80.189536007,-22.642474531
2962.333831177,-263.008587576,-79.971047712,-22.627455572
2963.333804781,-263.984284509,-79.752559416,-22.612436613
2964.333778386,-264.959981442,-79.534071120,-22.597417654
2965.333751990,-265.935678375,-79.315582825,-22.582398695
2966.333724541,-266.911369057,-79.097066620,-22.567449982
2967.333696383,-267.887055503,-78.878531496,-22.552548885
2968.333668223,-268.862741948,-78.659996372,-22.537647788
2969.333640065,-269.838428394,-78.441461248,-22.522746691
2970.333611905,-270.814114839,-78.222926125,-22.507845594
2971.333583747,-271.789801285,-78.004391001,-22.492944497
2972.333555588,-272.765487730,-77.785855877,-22.478043399
2973.333527429,-273.741174176,-77.567320754,-22.463142302
2974.333499270,-274.716860621,-77.348785630,-22.448241205
2975.333470869,-275.692546348,-77.130247298,-22.433356353
2976.333440168,-276.668225205,-76.911678298,-22.418626810
2977.333409468,-277.643904063,-76.693109298,-22.403897267
2978.333378767,-278.619582920,-76.474540298,-22.389167725
2979.333348067,-279.595261777,-76.255971297,-22.374438182
2980.333317366,-280.570940634,-76.037402297,-22.359708639
2981.333286665,-281.546619491,-75.818833297,-22.344979097
2982.333255964,-282.522298348,-75.600264297,-22.330249554
2983.333225264,-283.497977206,-75.381695296,-22.315520011
2984.333194563,-284.473656063,-75.163126296,-22.300790469
2985.333160361,-285.448863430,-74.942470242,-22.286192718
2986.333126413,-286.423747701,-74.720384003,-22.271685279
2987.333092466,-287.398631973,-74.498297765,-22.257177840
2988.333058519,-288.373516245,-74.276211526,-22.242670401
2989.333024571,-289.348400516,-74.054125288,-22.228162962
2990.332990624,-290.323284788,-73.832039049,-22.213655524
2991.332956676,-291.298169059,-73.609952811,-22.199148085
2992.332922729,-292.273053331,-73.387866572,-22.184640646
2993.332888781,-293.247937602,-73.165780334,-22.170133207
2994.332853718,-294.222912043,-72.944094017,-22.155645529
2995.332816679,-295.198775920,-72.726352579,-22.141352769
2996.332779640,-296.174639797,-72.508611142,-22.127060010
2997.332742601,-297.150503674,-72.290869704,-22.112767251
2998.332705562,-298.126367551,-72.073128266,-22.098474492
2999.332668523,-299.102231428,-71.855386828,-22.084181733
3000.332631484,-300.078095305,-71.637645390,-22.069888973
3001.332594444,-301.053959182,-71.419903952,-22.055596214
3002.332557405,-302.029823059,-71.202162515,-22.041303455
3003.332520366,-303.005686936,-70.984421077,-22.027010696
3004.332482030,-303.981711304,-70.767401043,-22.012795655
3005.332443119,-304.957846862,-70.550880810,-21.998634459
3006.332404208,-305.933982421,-70.334360577,-21.984473263
3007.332365297,-306.910117980,-70.117840344,-21.970312067
3008.332326386,-307.886253538,-69.901320111,-21.956150871
3009.332287475,-308.862389097,-69.684799878,-21.941989675
3010.332248565,-309.838524656,-69.468279645,-21.927828479
3011.332209653,-310.814660214,-69.251759412,-21.913667283
3012.332170742,-311.790795773,-69.035239179,-21.899506087
3013.332131638,-312.766901105,-68.818583176,-21.885351574
3014.332091672,-313.742698618,-68.600544524,-21.871265110
3015.332051705,-314.718496131,-68.382505871,-21.857178647
3016.332011739,-315.694293644,-68.164467219,-21.843092183
3017.331971773,-316.670091157,-67.946428566,-21.829005720
3018.331931806,-317.645888670,-67.728389914,-21.814919256
3019.331891840,-318.621686183,-67.510351262,-21.800832793
3020.331851873,-319.597483696,-67.292312609,-21.786746329
3021.331811907,-320.573281209,-67.074273957,-21.772659865
3022.331771940,-321.549078722,-66.856235305,-21.758573402
3023.331731263,-322.524676241,-66.637304870,-21.744516651
3024.331690586,-323.500133684,-66.417749826,-21.730480711
3025.331649909,-324.475591127,-66.198194783,-21.716444771
3026.331609232,-325.451048570,-65.978639739,-21.702408830
3027.331568555,-326.426506013,-65.759084696,-21.688372890
3028.331527878,-327.401963456,-65.539529652,-21.674336950
3029.331487201,-328.377420899,-65.319974609,-21.660301010
3030.331446525,-329.352878342,-65.100419565,-21.646265070
3031.331405848,-330.328335785,-64.880864521,-21.632229129
3032.331364959,-331.303830463,-64.661475669,-21.618197390
3033.331323604,-332.279717015,-64.443835881,-21.604209855
3034.331282249,-333.255603567,-64.226196093,-21.590222320
3035.331240893,-334.231490119,-64.008556304,-21.576234785
3036.331199539,-335.207376672,-63.790916516,-21.562247250
3037.331158183,-336.183263224,-63.573276728,-21.548259716
3038.331116828,-337.159149776,-63.355636939,-21.534272181
3039.331075473,-338.135036328,-63.137997151,-21.520284646
3040.331034117,-339.110922880,-62.920357363,-21.506297111
3041.330992763,-340.086809433,-62.702717575,-21.492309577
3042.330950778,-341.062539706,-62.484379050,-21.478354090
3043.330908659,-342.038159322,-62.265545770,-21.464421295
3044.330866539,-343.013778938,-62.046712489,-21.450488501
3045.330824420,-343.989398555,-61.827879209,-21.436555706
3046.330782301,-344.965018171,-61.609045929,-21.422622911
3047.330740181,-345.940637787,-61.390212649,-21.408690117
3048.330698062,-346.916257404,-61.171379369,-21.394757322
3049.330655943,-347.891877020,-60.952546088,-21.380824527
3050.330613823,-348.867496636,-60.733712808,-21.366891733
3051.330571622,-349.843110556,-60.514854152,-21.352964516
3052.330528582,-350.818662470,-60.295719251,-21.339098027
3053.330485540,-351.794214383,-60.076584350,-21.325231538
3054.330442499,-352.769766296,-59.857449449,-21.311365049
3055.330399458,-353.745318209,-59.638314547,-21.297498559
3056.330356417,-354.720870122,-59.419179646,-21.283632070
3057.330313375,-355.696422035,-59.200044745,-21.269765581
3058.330270335,-356.671973949,-58.980909844,-21.255899092
3059.330227294,-357.647525862,-58.761774943,-21.242032602
3060.330184253,-358.623077775,-58.542640041,-21.228166113
3061.330140581,-359.598666769,-58.323670331,-21.214344396
3062.330096478,-360.574282307,-58.104818869,-21.200554728
3063.330052375,-361.549897845,-57.885967407,-21.186765061
3064.330008271,-362.525513383,-57.667115945,-21.172975393
3065.329964168,-363.501128921,-57.448264484,-21.159185726
3066.329920065,-364.476744459,-57.229413022,-21.145396058
3067.329875961,-365.452359997,-57.010561560,-21.131606391
3068.329831858,-366.427975535,-56.791710098,-21.117816723
3069.329787755,-367.403591073,-56.572858636,-21.104027055
3070.329743548,-368.379196531,-56.353962298,-21.090244011
3071.329698327,-369.354688373,-56.134560141,-21.076535621
3072.329653106,-370.330180215,-55.915157985,-21.062827231
3073.329607885,-371.305672057,-55.695755828,-21.049118841
3074.329562664,-372.281163899,-55.476353672,-21.035410451
3075.329517443,-373.256655741,-55.256951515,-21.021702061
3076.329472226,-374.232147728,-55.037550003,-21.007993388
3077.329427012,-375.207639853,-54.818149107,-20.994284443
3078.329381800,-376.183131979,-54.598748210,-20.980575498
3079.329336586,-377.158624104,-54.379347314,-20.966866553
3080.329290644,-378.134172006,-54.160194664,-20.953209090
3081.329244219,-379.109760271,-53.941221655,-20.939588881
3082.329197793,-380.085348535,-53.722248645,-20.925968672
3083.329151367,-381.060936799,-53.503275635,-20.912348463
3084.329104941,-382.036525063,-53.284302626,-20.898728254
3085.329058516,-383.012113328,-53.065329616,-20.885108045
3086.329012090,-383.987701592,-52.846356606,-20.871487836
3087.328965663,-384.963289856,-52.627383597,-20.857867627
3088.328919237,-385.938878120,-52.408410587,-20.844247419
3089.328872690,-386.914478223,-52.189490408,-20.830634845
3090.328824950,-387.890216639,-51.971187443,-20.817111475
3091.328777210,-388.865955055,-51.752884478,-20.803588105
3092.328729469,-389.841693470,-51.534581514,-20.790064734
3093.328681729,-390.817431886,-51.316278549,-20.776541364
3094.328633989,-391.793170301,-51.097975584,-20.763017994
3095.328586249,-392.768908717,-50.879672619,-20.749494623
3096.328538509,-393.744647133,-50.661369654,-20.735971253
3097.328490768,-394.720385548,-50.443066689,-20.722447883
3098.328443028,-395.696123964,-50.224763724,-20.708924513
3099.328394396,-396.671818411,-50.006264395,-20.695466170
3100.328345139,-397.647480692,-49.787621414,-20.682055397
3101.328295883,-398.623142974,-49.568978434,-20.668644625
3102.328246626,-399.598805255,-49.350335453,-20.655233853
3103.328197369,-400.574467536,-49.131692472,-20.641823081
3104.328148112,-401.550129818,-48.913049492,-20.628412308
3105.328098855,-402.525792099,-48.694406511,-20.615001536
3106.328049598,-403.501454380,-48.475763531,-20.601590764
3107.328000342,-404.477116662,-48.257120550,-20.588179991
3108.327950946,-405.452778658,-48.038476298,-20.574779566
3109.327899878,-406.428437199,-47.819816627,-20.561504577
3110.327848809,-407.404095740,-47.601156957,-20.548229589
3111.327797741,-408.379754281,-47.382497286,-20.534954600
3112.327746672,-409.355412822,-47.163837615,-20.521679612
3113.327695604,-410.331071363,-46.945177944,-20.508404624
3114.327644535,-411.306729904,-46.726518274,-20.495129635
3115.327593467,-412.282388445,-46.507858603,-20.481854647
3116.327542398,-413.258046986,-46.289198932,-20.468579658
3117.327491330,-414.233705527,-46.070539261,-20.455304670
3118.327438986,-415.209383124,-45.851964650,-20.442125878
3119.327385710,-416.185074814,-45.633452940,-20.429018224
3120.327332434,-417.160766503,-45.414941230,-20.415910570
3121.327279158,-418.136458193,-45.196429521,-20.402802917
3122.327225882,-419.112149882,-44.977917811,-20.389695263
3123.327172606,-420.087841572,-44.759406101,-20.376587609
3124.327119330,-421.063533261,-44.540894392,-20.363479955
3125.327066054,-422.039224951,-44.322382682,-20.350372302
3126.327012778,-423.014916640,-44.103870972,-20.337264648
3127.326959236,-423.990585067,-43.885255741,-20.324171858
3128.326903331,-424.965960493,-43.665336624,-20.311266285
3129.326847427,-425.941335920,-43.445417507,-20.298360712
3130.326791523,-426.916711346,-43.225498390,-20.285455139
3131.326735618,-427.892086772,-43.005579272,-20.272549567
3132.326679713,-428.867462198,-42.785660155,-20.259643994
3133.326623808,-429.842837624,-42.565741038,-20.246738421
3134.326567905,-430.818213051,-42.345821920,-20.233832848
3135.326512000,-431.793588477,-42.125902803,-20.220927275
3136.326456095,-432.768963903,-41.905983686,-20.208021702
3137.326398041,-433.744121473,-41.685102209,-20.195255249
3138.326339028,-434.719116185,-41.463501328,-20.182592793
3139.326280015,-435.694110898,-41.241900448,-20.169930338
3140.326221003,-436.669105611,-41.020299567,-20.157267882
3141.326161990,-437.644100324,-40.798698686,-20.144605426
3142.326102978,-438.619095037,-40.577097806,-20.131942971
3143.326043964,-439.594089749,-40.355496925,-20.119280515
3144.325984952,-440.569084462,-40.133896045,-20.106618059
3145.325925939,-441.544079175,-39.912295164,-20.093955604
3146.325866648,-442.519085984,-39.690747598,-20.081313600
3147.325804024,-443.494251263,-39.469898515,-20.068939546
3148.325741402,-444.469416543,-39.249049431,-20.056565491
3149.325678778,-445.444581822,-39.028200347,-20.044191437
3150.325616155,-446.419747102,-38.807351264,-20.031817382
3151.325553531,-447.394912381,-38.586502180,-20.019443328
3152.325490909,-448.370077661,-38.365653096,-20.007069274
3153.325428285,-449.345242940,-38.144804012,-19.994695219
3154.325365662,-450.320408220,-37.923954929,-19.982321165
3155.325303039,-451.295573500,-37.703105845,-19.969947110
3156.325238038,-452.270819561,-37.482613991,-19.957762480
3157.325171356,-453.246126668,-37.262392083,-19.945720991
3158.325104672,-454.221433774,-37.042170175,-19.933679503
3159.325037988,-455.196740880,-36.821948267,-19.921638014
3160.324971305,-456.172047986,-36.601726360,-19.909596526
3161.324904622,-457.147355093,-36.381504452,-19.897555037
3162.324837938,-458.122662199,-36.161282544,-19.885513548
3163.324771255,-459.097969305,-35.941060636,-19.873472060
3164.324704572,-460.073276412,-35.720838728,-19.861430571
3165.324637502,-461.048558001,-35.500504258,-19.849413545
3166.324566568,-462.023491336,-35.278633501,-19.837730387
3167.324495634,-462.998424671,-35.056762744,-19.826047229
3168.324424700,-463.973358006,-34.834891987,-19.814364072
3169.324353766,-464.948291341,-34.613021230,-19.802680914
3170.324282832,-465.923224676,-34.391150473,-19.790997756
3171.324211904,-466.898158299,-34.169280985,-19.779314013
3172.324140983,-467.873092214,-33.947412776,-19.767629679
3173.324070063,-468.848026129,-33.725544567,-19.755945345
3174.323999142,-469.822960043,-33.503676358,-19.744261010
3175.323925335,-470.797622638,-33.280621801,-19.732776972
3176.323850349,-471.772077993,-33.056661088,-19.721445924
3177.323775362,-472.746533348,-32.832700374,-19.710114876
3178.323700376,-473.720988703,-32.608739661,-19.698783827
3179.323625389,-474.695444058,-32.384778947,-19.687452779
3180.323550404,-475.669899414,-32.160818234,-19.676121731
3181.323475418,-476.644354769,-31.936857520,-19.664790682
3182.323400431,-477.618810124,-31.712896807,-19.653459634
3183.323325445,-478.593265479,-31.488936093,-19.642128586
3184.323249906,-479.567673065,-31.264769062,-19.630818119
3185.323171415,-480.541400496,-31.037664393,-19.619800691
3186.323092924,-481.515127927,-30.810559725,-19.608783264
3187.323014433,-482.488855358,-30.583455056,-19.597765836
3188.322935941,-483.462582788,-30.356350387,-19.586748408
3189.322857450,-484.436310219,-30.129245719,-19.575730981
3190.322778959,-485.410037650,-29.902141050,-19.564713553
3191.322700468,-486.383765081,-29.675036381,-19.553696126
3192.322621977,-487.357492512,-29.447931712,-19.542678698
3193.322543486,-488.331219943,-29.220827044,-19.531661271
3194.322463394,-489.304782572,-28.993017818,-19.520771550
3195.322382434,-490.278217963,-28.764664628,-19.509980428
3196.322301475,-491.251653354,-28.536311438,-19.499189306
3197.322220517,-492.225088746,-28.307958248,-19.488398184
3198.322139558,-493.198524137,-28.079605058,-19.477607062
3199.322058598,-494.171959528,-27.851251869,-19.466815940
3200.321977639,-495.145394919,-27.622898679,-19.456024817
3201.321896680,-496.118830310,-27.394545489,-19.445233695
3202.321815722,-497.092265702,-27.166192299,-19.434442573
3203.321734485,-498.065662146,-26.937674083,-19.423657373
3204.321652515,-499.038479174,-26.706700772,-19.412960281
3205.321570546,-500.011296202,-26.475727462,-19.402263188
3206.321488576,-500.984113230,-26.244754152,-19.391566096
3207.321406607,-501.956930258,-26.013780842,-19.380869004
3208.321324637,-502.929747286,-25.782807532,-19.370171911
3209.321242668,-503.902564314,-25.551834221,-19.359474819
3210.321159111,-504.875272969,-25.320411907,-19.348775419
3211.321077540,-505.846342491,-25.082198509,-19.338041125
3212.320995969,-506.817412013,-24.843985111,-19.327306830
3213.320914399,-507.788481536,-24.605771713,-19.316572536
3214.320832828,-508.759551058,-24.367558315,-19.305838241
3215.320751257,-509.730620580,-24.129344917,-19.295103946
3216.320669686,-510.701690103,-23.891131519,-19.284369652
3217.320588115,-511.672759625,-23.652918121,-19.273635357
3218.320506544,-512.643829147,-23.414704723,-19.262901063
3219.320424974,-513.614898670,-23.176491326,-19.252166768
3220.320344664,-514.585959116,-22.938240933,-19.241315622
3221.320265352,-515.557012450,-22.699961556,-19.230372921
3222.320186041,-516.528065785,-22.461682178,-19.219430220
3223.320106729,-517.499119119,-22.223402800,-19.208487520
3224.320027418,-518.470172454,-21.985123423,-19.197544819
3225.319948106,-519.441225788,-21.746844045,-19.186602118
3226.319868794,-520.412279123,-21.508564668,-19.175659418
3227.319789482,-521.383332457,-21.270285290,-19.164716717
3228.319710171,-522.354385792,-21.032005912,-19.153774016
3229.319631042,-523.325418965,-20.793644624,-19.142809442
3230.319555830,-524.296132785,-20.553985866,-19.131498380
3231.319480617,-525.266846605,-20.314327109,-19.120187318
3232.319405405,-526.237560425,-20.074668351,-19.108876256
3233.319330191,-527.208274244,-19.835009593,-19.097565194
3234.319254978,-528.178988064,-19.595350836,-19.086254132
3235.319179766,-529.149701884,-19.355692078,-19.074943071
3236.319104553,-530.120415704,-19.116033321,-19.063632009
3237.319029341,-531.091129524,-18.876374563,-19.052320947
3238.318954128,-532.061843344,-18.636715805,-19.041009885
3239.318881889,-533.032460167,-18.396664783,-19.029433343
3240.318812171,-534.003000178,-18.156303123,-19.017646564
3241.318742453,-534.973540189,-17.915941463,-19.005859785
3242.318672735,-535.944080200,-17.675579803,-18.994073007
3243.318603016,-536.914620210,-17.435218143,-18.982286228
3244.318533298,-537.885160221,-17.194856482,-18.970499449
3245.318463580,-538.855700232,-16.954494822,-18.958712670
3246.318393862,-539.826240243,-16.714133162,-18.946925892
3247.318324143,-540.796780253,-16.473771502,-18.935139113
3248.318254771,-541.767314541,-16.233386751,-18.923322653
3249.318191355,-542.737753676,-15.992618140,-18.911012772
3250.318127940,-543.708192812,-15.751849528,-18.898702892
3251.318064524,-544.678631947,-15.511080916,-18.886393011
3252.318001109,-545.649071083,-15.270312305,-18.874083130
3253.317937694,-546.619510218,-15.029543693,-18.861773250
3254.317874279,-547.589949354,-14.788775081,-18.849463369
3255.317810864,-548.560388490,-14.548006470,-18.837153488
3256.317747448,-549.530827625,-14.307237858,-18.824843607
3257.317684033,-550.501266761,-14.066469246,-18.812533727
3258.317623208,-551.472089496,-13.827256368,-18.799933321
3259.317566370,-552.443219269,-13.589288711,-18.787100377
3260.317509530,-553.414349041,-13.351321054,-18.774267432
3261.317452691,-554.385478813,-13.113353396,-18.761434488
3262.317395852,-555.356608585,-12.875385739,-18.748601544
3263.317339012,-556.327738357,-12.637418082,-18.735768599
3264.317282173,-557.298868129,-12.399450425,-18.722935655
3265.317225333,-558.269997901,-12.161482767,-18.710102711
3266.317168494,-559.241127673,-11.923515110,-18.697269766
3267.317111762,-560.212219636,-11.685394123,-18.684411557
3268.317061024,-561.182650564,-11.444592432,-18.671111634
3269.317010314,-562.153081404,-11.203790389,-18.657809686
3270.316959633,-563.123512152,-10.962987970,-18.644505576
3271.316908951,-564.093942899,-10.722185551,-18.631201466
3272.316858269,-565.064373646,-10.481383133,-18.617897356
3273.316807588,-566.034804394,-10.240580714,-18.604593246
3274.316756906,-567.005235141,-9.999778296,-18.591289136
3275.316706225,-567.975665888,-9.758975877,-18.577985026
3276.316655544,-568.946096636,-9.518173458,-18.564680916
3277.316607655,-569.916489035,-9.277216593,-18.551167741
3278.316562077,-570.886850410,-9.036134778,-18.537485429
3279.316516499,-571.857211786,-8.795052962,-18.523803117
3280.316470921,-572.827573161,-8.553971146,-18.510120805
3281.316425343,-573.797934536,-8.312889331,-18.496438493
3282.316379765,-574.768295911,-8.071807515,-18.482756181
3283.316334187,-575.738657286,-7.830725699,-18.469073869
3284.316288608,-576.709018661,-7.589643884,-18.455391557
3285.316243030,-577.679380036,-7.348562068,-18.441709245
3286.316197433,-578.649775609,-7.107618718,-18.428014636
3287.316155153,-579.620801439,-6.869227278,-18.414093408
3288.316112872,-580.591827268,-6.630835838,-18.400172180
3289.316070592,-581.562853098,-6.392444399,-18.386250952
3290.316028311,-582.533878927,-6.154052959,-18.372329724
3291.315986031,-583.504904757,-5.915661519,-18.358408495
3292.315943750,-584.475930586,-5.677270079,-18.344487267
3293.315901470,-585.446956416,-5.438878639,-18.330566039
3294.315859189,-586.417982245,-5.200487199,-18.316644811
3295.315816909,-587.389008075,-4.962095760,-18.302723583
3296.315775005,-588.360103354,-4.723987529,-18.288772831
3297.315733473,-589.331255421,-4.486110875,-18.274797938
3298.315691942,-590.302407489,-4.248234221,-18.260823045
3299.315650409,-591.273559556,-4.010357567,-18.246848153
3300.315608877,-592.244711623,-3.772480914,-18.232873260
3301.315567345,-593.215863690,-3.534604260,-18.218898367
3302.315525814,-594.187015758,-3.296727606,-18.204923475
3303.315484281,-595.158167825,-3.058850952,-18.190948582
3304.315442749,-596.129319892,-2.820974298,-18.176973689
3305.315401116,-597.100462852,-2.583060525,-18.163005014
3306.315357813,-598.071428390,-2.344423637,-18.149157470
3307.315314509,-599.042393928,-2.105786750,-18.135309925
3308.315271206,-600.013359466,-1.867149862,-18.121462381
3309.315227902,-600.984325004,-1.628512974,-18.107614837
3310.315184598,-601.955290542,-1.389876086,-18.093767292
3311.315141295,-602.926256080,-1.151239198,-18.079919748
3312.315097991,-603.897221618,-0.912602310,-18.066072204
3313.315054688,-604.868187156,-0.673965422,-18.052224659
3314.315011384,-605.839152694,-0.435328535,-18.038377115
3315.314965864,-606.809968821,-0.196085216,-18.024678812
3316.314918823,-607.780661463,0.043659306,-18.011103854
3317.314871781,-608.751354104,0.283403827,-17.997528895
3318.314824740,-609.722046746,0.523148348,-17.983953937
3319.314777699,-610.692739388,0.762892870,-17.970378979
3320.314730658,-611.663432030,1.002637391,-17.956804021
3321.314683616,-612.634124671,1.242381912,-17.943229063
3322.314636575,-613.604817313,1.482126433,-17.929654104
3323.314589534,-614.575509955,1.721870955,-17.916079146
3324.314542256,-615.546208062,1.961593324,-17.902521249
3325.314490268,-616.517019045,2.200858190,-17.889315714
3326.314438279,-617.487830027,2.440123056,-17.876110180
3327.314386291,-618.458641010,2.679387921,-17.862904645
3328.314334303,-619.429451993,2.918652787,-17.849699110
3329.314282315,-620.400262976,3.157917653,-17.836493576
3330.314230326,-621.371073958,3.397182519,-17.823288041
3331.314178338,-622.341884941,3.636447384,-17.810082506
3332.314126350,-623.312695924,3.875712250,-17.796876972
3333.314074362,-624.283506907,4.114977116,-17.783671437
3334.314019104,-625.254511080,4.353455600,-17.770694717
3335.313961658,-626.225676630,4.591277203,-17.757909132
3336.313904212,-627.196842180,4.829098806,-17.745123547
3337.313846767,-628.168007730,5.066920409,-17.732337962
3338.313789320,-629.139173280,5.304742011,-17.719552377
3339.313731875,-630.110338830,5.542563614,-17.706766792
3340.313674429,-631.081504380,5.780385217,-17.693981207
3341.313616983,-632.052669930,6.018206820,-17.681195622
3342.313559537,-633.023835480,6.256028423,-17.668410037
3343.313501840,-633.995008063,6.493821261,-17.655643331
3344.313438943,-634.966335162,6.730982192,-17.643291370
3345.313376047,-635.937662261,6.968143123,-17.630939410
3346.313313151,-636.908989360,7.205304054,-17.618587449
3347.313250254,-637.880316459,7.442464985,-17.606235489
3348.313187358,-638.851643558,7.679625915,-17.593883528
3349.313124462,-639.822970657,7.916786846,-17.581531568
3350.313061565,-640.794297756,8.153947777,-17.569179607
3351.312998669,-641.765624855,8.391108708,-17.556827647
3352.312935773,-642.736951954,8.628269639,-17.544475686
3353.312870130,-643.708273983,8.865451330,-17.532348020
3354.312802209,-644.679591733,9.102650547,-17.520409724
3355.312734289,-645.650909483,9.339849765,-17.508471427
3356.312666368,-646.622227233,9.577048983,-17.496533131
3357.312598447,-647.593544983,9.814248200,-17.484594835
3358.312530527,-648.564862733,10.051447418,-17.472656539
3359.312462606,-649.536180483,10.288646636,-17.460718242
3360.312394685,-650.507498233,10.525845854,-17.448779946
3361.312326764,-651.478815983,10.763045071,-17.436841650
3362.312258665,-652.450128599,11.000265287,-17.424917846
3363.312186463,-653.421315882,11.237998123,-17.413343664
3364.312114262,-654.392503165,11.475730960,-17.401769481
3365.312042060,-655.363690448,11.713463796,-17.390195299
3366.311969858,-656.334877731,11.951196632,-17.378621116
3367.311897657,-657.306065014,12.188929469,-17.367046934
3368.311825455,-658.277252297,12.426662305,-17.355472751
3369.311753253,-659.248439580,12.664395141,-17.343898568
3370.311681052,-660.219626863,12.902127978,-17.332324386
3371.311608850,-661.190814146,13.139860814,-17.320750203
3372.311534840,-662.161996810,13.377612518,-17.309333326
3373.311459306,-663.133175533,13.615380322,-17.298050681
3374.311383773,-664.104354256,13.853148126,-17.286768035
3375.311308238,-665.075532978,14.090915930,-17.275485390
3376.311232705,-666.046711701,14.328683735,-17.264202744
3377.311157171,-667.017890424,14.566451539,-17.252920099
3378.311081638,-667.989069147,14.804219343,-17.241637454
3379.311006103,-668.960247869,15.041987147,-17.230354808
3380.310930570,-669.931426592,15.279754951,-17.219072163
3381.310863278,-670.902609412,15.517506004,-17.207080972
3382.311168218,-671.873895240,15.754835901,-17.177276080
3383.311473157,-672.845181068,15.992165799,-17.147471188
3384.311778097,-673.816466897,16.229495696,-17.117666295
3385.312083036,-674.787752725,16.466825594,-17.087861403
3386.312387976,-675.759038553,16.704155491,-17.058056511
3387.312248759,-676.730423732,16.941078255,-17.057903360
3388.312193993,-677.701852960,17.177820508,-17.070896930
3389.312139229,-678.673282189,17.414562761,-17.083890500
3390.312084464,-679.644711417,17.651305014,-17.096884070
3391.311944946,-680.615931437,17.888902666,-17.096998634
3392.311866189,-681.586971021,18.127238075,-17.086005417
3393.311787432,-682.558010605,18.365573484,-17.075012201
3394.311708674,-683.529050188,18.603908894,-17.064018984
3395.311629916,-684.500089772,18.842244303,-17.053025768
3396.311551158,-685.471129355,19.080579712,-17.042032551
3397.311472401,-686.442168939,19.318915121,-17.031039335
3398.311393644,-687.413208523,19.557250530,-17.020046118
3399.311314885,-688.384248106,19.795585939,-17.009052902
3400.311236098,-689.355300496,20.033869001,-16.998058861
3401.311157595,-690.326699738,20.270734265,-16.987042516
3402.311079092,-691.298098980,20.507599530,-16.976026170
3403.311000588,-692.269498221,20.744464794,-16.965009825
3404.310922086,-693.240897463,20.981330058,-16.953993479
3405.310843583,-694.212296705,21.218195322,-16.942977134
3406.310765079,-695.183695946,21.455060587,-16.931960788
3407.310686576,-696.155095188,21.691925851,-16.920944443
3408.310608074,-697.126494430,21.928791115,-16.909928097
3409.310529571,-698.097893672,22.165656380,-16.898911752
3410.310451949,-699.069334245,22.402352019,-16.887814431
3411.310375128,-700.040810848,22.638899794,-16.876646522
3412.310298306,-701.012287451,22.875447569,-16.865478614
3413.310221484,-701.983764054,23.111995344,-16.854310705
3414.310144662,-702.955240657,23.348543119,-16.843142796
3415.310067841,-703.926717261,23.585090894,-16.831974888
3416.309991019,-704.898193864,23.821638669,-16.820806979
3417.309914198,-705.869670467,24.058186445,-16.809639071
3418.309837376,-706.841147070,24.294734220,-16.798471162
3419.309760378,-707.812592193,24.531410162,-16.787296153
3420.309685986,-708.783113113,24.771848892,-16.775912684
3421.309611596,-709.753634034,25.012287623,-16.764529215
3422.309537204,-710.724154954,25.252726353,-16.753145747
3423.309462814,-711.694675875,25.493165084,-16.741762278
3424.309388422,-712.665196795,25.733603814,-16.730378809
3425.309314088,-713.635707908,25.974082025,-16.718988192
3426.309242254,-714.605923611,26.215749420,-16.707382281
3427.309170420,-715.576139314,26.457416815,-16.695776369
3428.309098586,-716.546355017,26.699084210,-16.684170458
3429.309026752,-717.516570720,26.940751605,-16.672564546
3430.308954918,-718.486786423,27.182419000,-16.660958635
3431.308883085,-719.457002127,27.424086395,-16.649352723
3432.308811251,-720.427217830,27.665753790,-16.637746811
3433.308739290,-721.397460390,27.907312525,-16.626134993
3434.308669683,-722.368541413,28.145479038,-16.614338754
3435.308600076,-723.339622435,28.383645551,-16.602542516
3436.308530470,-724.310703458,28.621812064,-16.590746277
3437.308460863,-725.281784480,28.859978577,-16.578950039
3438.308391257,-726.252865503,29.098145090,-16.567153800
3439.308321649,-727.223946525,29.336311603,-16.555357562
3440.308252043,-728.195027548,29.574478116,-16.543561323
3441.308182436,-729.166108570,29.812644629,-16.531765085
3442.308112830,-730.137189593,30.050811142,-16.519968846
3443.308043735,-731.108156591,30.289441666,-16.508120751
3444.307975288,-732.079022352,30.528484161,-16.496226614
3445.307906841,-733.049888113,30.767526655,-16.484332478
3446.307838394,-734.020753874,31.006569149,-16.472438341
3447.307769947,-734.991619635,31.245611644,-16.460544204
3448.307701500,-735.962485396,31.484654138,-16.448650068
3449.307633053,-736.933351157,31.723696633,-16.436755931
3450.307564606,-737.904216918,31.962739127,-16.424861794
3451.307496158,-738.875082679,32.201781621,-16.412967658
3452.307427720,-739.845945851,32.440834624,-16.401072634
3453.307359645,-740.816720380,32.680247350,-16.389147247
3454.307291571,-741.787494910,32.919660075,-16.377221861
3455.307223496,-742.758269439,33.159072801,-16.365296474
3456.307155421,-743.729043969,33.398485526,-16.353371087
3457.307087346,-744.699818498,33.637898252,-16.341445701
3458.307019262,-745.670593193,33.877310308,-16.329521113
3459.306951166,-746.641368083,34.116721570,-16.317597474
3460.306883071,-747.612142974,34.356132832,-16.305673835
3461.306814975,-748.582917864,34.595544094,-16.293750197
3462.306746918,-749.553632589,34.835199069,-16.281821028
3463.306678947,-750.524293327,35.075072726,-16.269886896
3464.306610977,-751.494954066,35.314946382,-16.257952765
3465.306543006,-752.465614804,35.554820038,-16.246018633
3466.306475036,-753.436275543,35.794693695,-16.234084502
3467.306407065,-754.406936281,36.034567351,-16.222150370
3468.306339095,-755.377597020,36.274441007,-16.210216239
3469.306271124,-756.348257758,36.514314664,-16.198282107
3470.306203153,-757.318918496,36.754188320,-16.186347976
3471.306135182,-758.289582789,36.994047578,-16.174413600
3472.306067325,-759.260381555,37.233362008,-16.162470005
3473.305999467,-760.231180320,37.472676438,-16.150526409
3474.305931610,-761.201979086,37.711990869,-16.138582813
3475.305863752,-762.172777852,37.951305299,-16.126639218
3476.305795895,-763.143576618,38.190619730,-16.114695622
3477.305728037,-764.114375383,38.429934160,-16.102752026
3478.305660179,-765.085174149,38.669248590,-16.090808431
3479.305592322,-766.055972915,38.908563021,-16.078864835
3480.305524465,-767.026771681,39.147877451,-16.066921239
3481.305456675,-767.997644673,39.386890390,-16.054968260
3482.305389032,-768.968584980,39.625629916,-16.043006772
3483.305321388,-769.939525286,39.864369443,-16.031045283
3484.305253745,-770.910465593,40.103108970,-16.019083795
3485.305186101,-771.881405899,40.341848496,-16.007122306
3486.305118458,-772.852346206,40.580588023,-15.995160818
3487.305050814,-773.823286512,40.819327549,-15.983199329
3488.304983170,-774.794226818,41.058067076,-15.971237841
3489.304915527,-775.765167125,41.296806603,-15.959276352
3490.304847888,-776.736110654,41.535533008,-15.947314235
3491.304780570,-777.707190477,41.773704411,-15.935325526
3492.304713252,-778.678270300,42.011875814,-15.923336818
3493.304645934,-779.649350123,42.250047217,-15.911348109
3494.304578617,-780.620429946,42.488218620,-15.899359401
3495.304511300,-781.591509770,42.726390023,-15.887370692
3496.304443982,-782.562589593,42.964561425,-15.875381984
3497.304376643,-783.533669483,43.202732554,-15.863394990
3498.304309293,-784.504749414,43.440903518,-15.851409019
3499.304241943,-785.475829345,43.679074482,-15.839423049
3500.304174893,-786.446867929,43.917413905,-15.827410863
3501.304108147,-787.417868619,44.155907724,-15.815374652
3502.304041399,-788.388869308,44.394401542,-15.803338440
3503.303974652,-789.359869997,44.632895361,-15.791302229
3504.303907906,-790.330870687,44.871389179,-15.779266017
3505.303841158,-791.301871376,45.109882997,-15.767229806
3506.303774412,-792.272872066,45.348376816,-15.755193594
3507.303707665,-793.243872755,45.586870634,-15.743157382
3508.303640917,-794.214873444,45.825364453,-15.731121171
3509.303574190,-795.185876793,46.063847430,-15.719083129
3510.303508524,-796.157007533,46.301811139,-15.706957441
3511.303442858,-797.128138272,46.539774848,-15.694831753
3512.303377192,-798.099269012,46.777738558,-15.682706065
3513.303311527,-799.070399752,47.015702267,-15.670580377
3514.303245860,-800.041530491,47.253665976,-15.658454689
3515.303180195,-801.012661231,47.491629685,-15.646329001
3516.303114528,-801.983791970,47.729593395,-15.634203313
3517.303048863,-802.954922710,47.967557104,-15.622077625
3518.302983196,-803.926053449,48.205520813,-15.609951937
3519.302918154,-804.897413706,48.442544068,-15.597739377
3520.302854532,-805.868986561,48.678696198,-15.585446348
3521.302790908,-806.840559415,48.914848328,-15.573153319
3522.302727286,-807.812132270,49.151000458,-15.560860291
3523.302663663,-808.783705124,49.387152588,-15.548567262
3524.302600041,-809.755277979,49.623304718,-15.536274233
3525.302536419,-810.726850834,49.859456848,-15.523981204
3526.302472795,-811.698423688,50.095608978,-15.511688176
3527.302409173,-812.669996543,50.331761108,-15.499395147
3528.302345612,-813.641569746,50.567911802,-15.487097074
3529.302285510,-814.613162197,50.803983295,-15.474520935
3530.302225409,-815.584754648,51.040054789,-15.461944797
3531.302165306,-816.556347098,51.276126282,-15.449368658
3532.302105204,-817.527939549,51.512197775,-15.436792519
3533.302045102,-818.499532000,51.748269269,-15.424216380
3534.301984999,-819.471124450,51.984340762,-15.411640241
3535.301924898,-820.442716901,52.220412256,-15.399064102
3536.301864796,-821.414309352,52.456483749,-15.386487964
3537.301804693,-822.385901802,52.692555243,-15.373911825
3538.301747380,-823.357463244,52.928754289,-15.361115286
3539.301692735,-824.328995656,53.165072743,-15.348112421
3540.301638092,-825.300528069,53.401391198,-15.335109556
3541.301583448,-826.272060481,53.637709653,-15.322106690
3542.301528803,-827.243592893,53.874028107,-15.309103825
3543.301474160,-828.215125306,54.110346562,-15.296100959
3544.301419517,-829.186657794,54.346664703,-15.283097926
3545.301364897,-830.158191036,54.582979747,-15.270093226
3546.301310276,-831.129724278,54.819294790,-15.257088526
3547.301255654,-832.101243120,55.055668526,-15.244074887
3548.301208870,-833.071827185,55.295852232,-15.230480995
3549.301162086,-834.042411250,55.536035939,-15.216887104
3550.301115302,-835.012995315,55.776219645,-15.203293212
3551.301068518,-835.983579380,56.016403352,-15.189699320
3552.301021734,-836.954163446,56.256587058,-15.176105429
3553.300974950,-837.924747511,56.496770765,-15.162511537
3554.300928166,-838.895331576,56.736954471,-15.148917645
3555.300881382,-839.865915641,56.977138178,-15.135323754
3556.300834598,-840.836499706,57.217321884,-15.121729862
3557.300792480,-841.807291045,57.456664959,-15.107771550
3558.300755604,-842.778278924,57.695210924,-15.093467300
3559.300718751,-843.749267350,57.933754667,-15.079161606
3560.300681897,-844.720255776,58.172298411,-15.064855912
3561.300645042,-845.691244201,58.410842154,-15.050550218
3562.300608188,-846.662232627,58.649385897,-15.036244524
3563.300571334,-847.633221053,58.887929640,-15.021938831
3564.300534480,-848.604209478,59.126473384,-15.007633137
3565.300497626,-849.575197904,59.365017127,-14.993327443
3566.300460720,-850.546169964,59.603626718,-14.979012702
3567.300434450,-851.515853126,59.847422136,-14.963985433
3568.300408179,-852.485536288,60.091217553,-14.948958164
3569.300381908,-853.455219450,60.335012971,-14.933930894
3570.300355209,-854.427151159,60.569682021,-14.918904488
3571.300328925,-855.399103979,60.804265388,-14.903878090
3572.300302641,-856.371056799,61.038848754,-14.888851692
3573.300276357,-857.343009619,61.273432120,-14.873825294
3574.300250073,-858.314962439,61.508015487,-14.858798896
3575.300223154,-859.286944169,61.742476047,-14.843768106
3576.300202828,-860.261473206,61.966115928,-14.828350335
3577.300180581,-861.236046612,62.189553711,-14.812931469
3578.300161806,-862.214634094,62.394707755,-14.797413481
3579.300081983,-863.195427335,62.588725252,-14.781851062
3580.300060917,-864.178381211,62.771799028,-14.766245301
3581.300044646,-865.165790455,62.929103272,-14.750566728
3582.299955509,-866.154997189,63.074172223,-14.734857771
3583.299889131,-867.147203598,63.197238699,-14.719099232
3584.299821324,-868.141719480,63.299967071,-14.703305765
3585.299753517,-869.138150054,63.382063350,-14.687472187
3586.299686631,-870.136069755,63.443469418,-14.671604062
3587.299621523,-871.135043233,63.484323111,-14.655705786
3588.299530910,-872.134662341,63.502392279,-14.639770716
3589.299514981,-873.134503968,63.507905777,-14.623818804
3590.299503562,-874.134094304,63.484650662,-14.607833723
3591.299396856,-875.133162326,63.447319398,-14.591831781
3592.299382846,-876.131711858,63.396189908,-14.575813414
3593.299372279,-877.128603256,63.319188725,-14.559775193
3594.299285331,-878.124368599,63.229635192,-14.543723477
3595.299272711,-879.119023998,63.127766069,-14.527658626
3596.299262783,-880.111006647,63.002498105,-14.511580532
3597.299182265,-881.101330047,62.865240323,-14.495492135
3598.299169970,-882.090016111,62.716189602,-14.479393728
3599.299160479,-883.074664424,62.542438807,-14.463288447
3600.299084095,-884.057134429,62.357126907,-14.447181714
3601.299021695,-885.035332928,62.150382856,-14.431063527
3602.298947779,-886.008801219,61.922454017,-14.414935738
3603.298859784,-886.976514748,61.671267944,-14.398808104
3604.298756595,-887.937271118,61.394717040,-14.382670350
3605.298638050,-888.889722843,61.090845547,-14.366522561
3606.298506239,-889.832446544,60.758057850,-14.350374258
3607.298365202,-890.764041146,60.395306792,-14.334215234
3608.298221179,-891.683253568,60.002243327,-14.318040895
3609.298082162,-892.589149991,59.579381978,-14.301856481
3610.297955630,-893.481259337,59.128133202,-14.285657407
3611.297847349,-894.359652296,58.650696061,-14.269439022
3612.297760129,-895.224954583,58.149882701,-14.253206394
3613.297669140,-896.077631721,57.627871608,-14.236953817
3614.297660484,-896.922127733,57.092573203,-14.220681391
3615.297654221,-897.753810835,56.537573329,-14.204377045
3616.297606377,-898.580267678,55.974895200,-14.188045360
3617.297600157,-899.401572787,55.404651505,-14.171686656
3618.297595762,-900.213515042,54.821152221,-14.155268080
3619.297590429,-901.025393134,54.237565287,-14.138848918
3620.297587591,-901.826968412,53.639904251,-14.122335823
3621.297583779,-902.628478061,53.042156846,-14.105822225
3622.297582335,-903.419038918,52.430000681,-14.089224826
3623.297533727,-904.203455082,51.810067694,-14.072576729
3624.297532463,-904.981783554,51.182434495,-14.055878566
3625.297534256,-905.745302606,50.536864749,-14.039087314
3626.297449677,-906.500060076,49.881206287,-14.022235228
3627.297451431,-907.246141220,49.215563433,-14.005322934
3628.297457405,-907.973109729,48.529095352,-13.988284471
3629.297357235,-908.689759947,47.832016149,-13.971175416
3630.297363503,-909.396194446,47.124437379,-13.953996429
3631.297374512,-910.081575418,46.396443859,-13.936665039
3632.297280020,-910.756062570,45.658490660,-13.919252886
3633.297291941,-911.419760053,44.910678174,-13.901760660
3634.297308900,-912.061696661,44.144101998,-13.884089329
3635.297225423,-912.692446531,43.368426860,-13.866320391
3636.297244120,-913.312108322,42.583737446,-13.848454698
3637.297268107,-913.909225914,41.781757259,-13.830389938
3638.297191459,-914.494638377,40.971319893,-13.812217606
3639.297217714,-915.068441220,40.152498372,-13.793938553
3640.297249744,-915.618466747,39.317517198,-13.775433937
3641.297178934,-916.156179430,38.474678809,-13.756808522
3642.297213953,-916.681673995,37.624047212,-13.738063179
3643.297255357,-917.182405104,36.758605130,-13.719058761
3644.297196607,-917.670547351,35.886118175,-13.699923368
3645.297241768,-918.146191237,35.006639887,-13.680657882
3646.297293456,-918.597373182,34.114363869,-13.661119752
3647.297419214,-919.042996841,33.219320231,-13.637287588
3648.297674060,-919.483130564,32.321543005,-13.609214192
3649.297078449,-919.898805352,31.412857223,-13.591501121
3650.297031942,-920.279271823,30.488218451,-13.577522798
3651.297032807,-920.661036409,29.564109472,-13.560785816
3652.297111214,-921.036272474,28.637330353,-13.539924837
3653.297189621,-921.411508539,27.710551234,-13.519063858
3654.297265480,-921.781301212,26.781605195,-13.497514884
3655.297373513,-922.145658579,25.850495454,-13.475278937
3656.297481546,-922.510015946,24.919385713,-13.453042990
3657.297589579,-922.874373312,23.988275972,-13.430807043
3658.297697612,-923.238730679,23.057166231,-13.408571095
3659.297805645,-923.603088045,22.126056490,-13.386335148
3660.297913678,-923.967445412,21.194946749,-13.364099201
3661.298021711,-924.331802779,20.263837008,-13.341863254
3662.298129744,-924.696160145,19.332727267,-13.319627307
3663.298237777,-925.060517512,18.401617526,-13.297391360
3664.298399141,-925.425751043,17.470851118,-13.272873691
3665.298560557,-925.790985372,16.540085022,-13.248353943
3666.298721973,-926.156219702,15.609318927,-13.223834196
3667.298883389,-926.521454031,14.678552831,-13.199314448
3668.299044806,-926.886688360,13.747786735,-13.174794700
3669.299206222,-927.251922690,12.817020639,-13.150274953
3670.299367638,-927.617157019,11.886254544,-13.125755205
3671.299529054,-927.982391348,10.955488448,-13.101235458
3672.299690471,-928.347625678,10.024722352,-13.076715710
3673.299875799,-928.711798804,9.093541240,-13.051213512
3674.300087548,-929.074901211,8.161941389,-13.024720054
3675.300299298,-929.438003619,7.230341538,-12.998226597
3676.300511047,-929.801106026,6.298741688,-12.971733139
3677.300722796,-930.164208434,5.367141837,-12.945239682
3678.300934546,-930.527310841,4.435541986,-12.918746224
3679.301146295,-930.890413249,3.503942135,-12.892252767
3680.301374559,-931.250909375,2.571334890,-12.864997507
3681.301628101,-931.608765590,1.637707250,-12.836970616
3682.301881642,-931.966621805,0.704079610,-12.808943725
3683.302135183,-932.324478021,-0.229548029,-12.780916834
3684.302388725,-932.682334236,-1.163175669,-12.752889943
3685.302642266,-933.040190451,-2.096803309,-12.724863052
3686.302895807,-933.398046666,-3.030430948,-12.696836161
3687.303197346,-933.753252723,-3.965070057,-12.667145048
3688.303499106,-934.108447857,-4.899713335,-12.637447075
3689.303800865,-934.463642992,-5.834356613,-12.607749103
3690.304102625,-934.818838126,-6.768999891,-12.578051131
3691.304404384,-935.174033261,-7.703643168,-12.548353159
3692.304706143,-935.529228395,-8.638286446,-12.518655187
3693.305007902,-935.884423529,-9.572929724,-12.488957214
3694.305309662,-936.239618664,-10.507573002,-12.459259242
3695.305611421,-936.594813798,-11.442216279,-12.429561270
3696.305939474,-936.950088355,-12.376829366,-12.398990359
3697.306295191,-937.305444078,-13.311411599,-12.367527351
3698.306650909,-937.660799801,-14.245993833,-12.336064344
3699.307006626,-938.016155523,-15.180576066,-12.304601337
3700.307362343,-938.371511246,-16.115158299,-12.273138329
3701.307718060,-938.726866969,-17.049740532,-12.241675322
3702.308073777,-939.082222691,-17.984322765,-12.210212314
3703.308429494,-939.437578414,-18.918904998,-12.178749307
3704.308785213,-939.792934137,-19.853487232,-12.147286300
3705.309140929,-940.148289859,-20.788069465,-12.115823292
3706.309545778,-940.503239273,-21.722806087,-12.082835078
3707.309950969,-940.858185929,-22.657543757,-12.049836508
3708.310356159,-941.213132584,-23.592281427,-12.016837939
3709.310761350,-941.568079239,-24.527019097,-11.983839369
3710.311166542,-941.923025895,-25.461756768,-11.950840800
3711.311571732,-942.277972550,-26.396494438,-11.917842230
3712.311976923,-942.632919205,-27.331232108,-11.884843660
3713.312382113,-942.987865860,-28.265969778,-11.851845091
3714.312787304,-943.342812516,-29.200707448,-11.818846521
3715.313214149,-943.697965436,-30.135366741,-11.785197144
3716.313663852,-944.053331383,-31.069945087,-11.750875621
3717.314113554,-944.408697330,-32.004523432,-11.716554099
3718.314563256,-944.764063277,-32.939101777,-11.682232576
3719.315012959,-945.119429225,-33.873680123,-11.647911053
3720.315462661,-945.474795172,-34.808258468,-11.613589530
3721.315912364,-945.830161119,-35.742836814,-11.579268007
3722.316362066,-946.185527066,-36.677415159,-11.544946485
3723.316811769,-946.540893014,-37.611993505,-11.510624962
3724.317261471,-946.896258961,-38.546571850,-11.476303439
3725.317750539,-947.250448696,-39.481596586,-11.440852777
3726.318239994,-947.604627281,-40.416625554,-11.405391411
3727.318729447,-947.958805865,-41.351654521,-11.369930045
3728.319218902,-948.312984450,-42.286683489,-11.334468679
3729.319708357,-948.667163035,-43.221712457,-11.299007312
3730.320197811,-949.021341619,-44.156741424,-11.263545946
3731.320687266,-949.375520204,-45.091770392,-11.228084580
3732.321176721,-949.729698789,-46.026799360,-11.192623214
3733.321666175,-950.083877373,-46.961828327,-11.157161847
3734.322172505,-950.438655240,-47.896629845,-11.121221554
3735.322697132,-950.794058641,-48.831193948,-11.084781353
3736.323221758,-951.149462042,-49.765758051,-11.048341152
3737.323746385,-951.504865444,-50.700322154,-11.011900950
3738.324271012,-951.860268845,-51.634886257,-10.975460749
3739.324795638,-952.215672246,-52.569450360,-10.939020548
3740.325320265,-952.571075648,-53.504014463,-10.902580347
3741.325844891,-952.926479049,-54.438578565,-10.866140146
3742.326369518,-953.281882450,-55.373142668,-10.829699944
3743.326894144,-953.637285851,-56.307706771,-10.793259743
3744.327449312,-953.991595183,-57.242686194,-10.755990184
3745.328004864,-954.345891184,-58.177670677,-10.718710520
3746.328560444,-954.700186084,-59.112655578,-10.681430131
3747.329116074,-955.054478946,-60.047641251,-10.644148402
3748.329671703,-955.408771807,-60.982626924,-10.606866672
3749.330227333,-955.763064668,-61.917612597,-10.569584943
3750.330782962,-956.117357529,-62.852598270,-10.532303213
3751.331338592,-956.471650391,-63.787583943,-10.495021484
3752.331894221,-956.825943252,-64.722569616,-10.457739754
3753.332462851,-957.180650307,-65.657398123,-10.420107988
3754.333045539,-957.535794283,-66.592060841,-10.382106979
3755.333628228,-957.890938260,-67.526723559,-10.344105970
3756.334210917,-958.246082236,-68.461386277,-10.306104960
3757.334793605,-958.601226212,-69.396048995,-10.268103951
3758.335376294,-958.956370189,-70.330711713,-10.230102942
3759.335958983,-959.311514165,-71.265374431,-10.192101932
3760.336541672,-959.666658141,-72.200037149,-10.154100923
3761.337124360,-960.021802118,-73.134699866,-10.116099914
3762.337707048,-960.376946094,-74.069362584,-10.078098904
3763.338312475,-960.731229791,-75.004351723,-10.039503681
3764.338918249,-961.085500672,-75.939345725,-10.000899606
3765.339524023,-961.439771553,-76.874339727,-9.962295531
3766.340129797,-961.794042434,-77.809333728,-9.923691456
3767.340735571,-962.148313315,-78.744327730,-9.885087381
3768.341341344,-962.502584196,-79.679321731,-9.846483306
3769.341947119,-962.856855077,-80.614315733,-9.807879231
3770.342552893,-963.211125958,-81.549309735,-9.769275155
3771.343158666,-963.565396839,-82.484303736,-9.730671080
3772.343773608,-963.919660645,-83.419300419,-9.691830124
3773.344398384,-964.273916908,-84.354299959,-9.652736618
3774.345023159,-964.628173170,-85.289299499,-9.613643112
3775.345647936,-964.982429433,-86.224299040,-9.574549605
3776.346272712,-965.336685696,-87.159298580,-9.535456099
3777.346897487,-965.690941959,-88.094298120,-9.496362593
3778.347522264,-966.045198222,-89.029297661,-9.457269087
3779.348147039,-966.399454484,-89.964297201,-9.418175581
3780.348771816,-966.753710747,-90.899296742,-9.379082075
3781.349396592,-967.107967010,-91.834296282,-9.339988568
3782.350035274,-967.463514426,-92.768805587,-9.300540301
3783.350674220,-967.819084610,-93.703306248,-9.261085778
3784.351313165,-968.174654794,-94.637806908,-9.221631256
3785.351952111,-968.530224979,-95.572307568,-9.182176733
3786.352591057,-968.885795163,-96.506808229,-9.142722210
3787.353230002,-969.241365347,-97.441308889,-9.103267687
3788.353868948,-969.596935532,-98.375809549,-9.063813164
3789.354507894,-969.952505716,-99.310310210,-9.024358641
3790.355146839,-970.308075901,-100.244810870,-8.984904118
3791.355789794,-970.663088842,-101.179523162,-8.945343205
3792.356437479,-971.017501366,-102.114463483,-8.905667660
3793.357085164,-971.371913890,-103.049403803,-8.865992115
3794.357732849,-971.726326414,-103.984344124,-8.826316570
3795.358380533,-972.080738938,-104.919284444,-8.786641025
3796.359028218,-972.435151462,-105.854224765,-8.746965480
3797.359675903,-972.789563986,-106.789165086,-8.707289935
3798.360323588,-973.143976510,-107.724105406,-8.667614390
3799.360971273,-973.498389034,-108.659045727,-8.627938846
3800.361618958,-973.852801558,-109.593986048,-8.588263301
3801.362269342,-974.207560624,-110.528794927,-8.548519685
3802.362919784,-974.562326751,-111.463601130,-8.508774683
3803.363570225,-974.917092878,-112.398407332,-8.469029680
3804.364220666,-975.271859005,-113.333213534,-8.429284678
3805.364871107,-975.626625132,-114.268019736,-8.389539676
3806.365521548,-975.981391259,-115.202825938,-8.349794673
3807.366171989,-976.336157385,-116.137632140,-8.310049671
3808.366822430,-976.690923512,-117.072438342,-8.270304669
3809.367472871,-977.045689639,-118.007244544,-8.230559666
3810.368121449,-977.400530991,-118.942022190,-8.190861523
3811.368768007,-977.755454259,-119.876768741,-8.151214407
3812.369414565,-978.110377526,-120.811515292,-8.111567290
3813.370061123,-978.465300794,-121.746261843,-8.071920174
3814.370707681,-978.820224061,-122.681008394,-8.032273058
3815.371354239,-979.175147328,-123.615754945,-7.992625941
3816.372000797,-979.530070596,-124.550501496,-7.952978825
3817.372647355,-979.884993863,-125.485248047,-7.913331708
3818.373293914,-980.239917131,-126.419994598,-7.873684592
3819.373940472,-980.594840398,-127.354741149,-7.834037475
3820.374576427,-980.949710624,-128.289507838,-7.794658858
3821.375212138,-981.304579622,-129.224274993,-7.755286450
3822.375847850,-981.659448621,-130.159042148,-7.715914043
3823.376483561,-982.014317619,-131.093809303,-7.676541636
3824.377119272,-982.369186618,-132.028576458,-7.637169229
3825.377754984,-982.724055617,-132.963343613,-7.597796822
3826.378390695,-983.078924615,-133.898110768,-7.558424415
3827.379026406,-983.433793614,-134.832877923,-7.519052008
3828.379662117,-983.788662613,-135.767645078,-7.479679601
3829.380289076,-984.144284597,-136.702125644,-7.440521133
3830.380907206,-984.500735275,-137.636290809,-7.401598114
3831.381525336,-984.857185952,-138.570455974,-7.362675096
3832.382143465,-985.213636630,-139.504621138,-7.323752077
3833.382761595,-985.570087307,-140.438786303,-7.284829058
3834.383379725,-985.926537985,-141.372951467,-7.245906040
3835.383997855,-986.282988662,-142.307116632,-7.206983021
3836.384615985,-986.639439340,-143.241281797,-7.168060003
3837.385234114,-986.995890017,-144.175446961,-7.129136984
3838.385852244,-987.352340695,-145.109612126,-7.090213965
3839.386447058,-987.709223654,-146.043612226,-7.051894937
3840.387041276,-988.066117812,-146.977608051,-7.013591555
3841.387635495,-988.423011969,-147.911603876,-6.975288173
3842.388229713,-988.779906127,-148.845599701,-6.936984791
3843.388823897,-989.136799819,-149.779595703,-6.898682294
3844.389418014,-989.493692599,-150.713592054,-6.860381535
3845.390012132,-989.850585379,-151.647588405,-6.822080777
3846.390606250,-990.207478160,-152.581584756,-6.783780018
3847.391200368,-990.564370940,-153.515581107,-6.745479260
3848.391780301,-990.921385125,-154.449531048,-6.707550615
3849.392344640,-991.278534344,-155.383429370,-6.670035855
3850.392908980,-991.635683563,-156.317327692,-6.632521095
3851.393473320,-991.992832782,-157.251226014,-6.595006336
3852.394037659,-992.349982001,-158.185124336,-6.557491576
3853.394601999,-992.707131220,-159.119022658,-6.519976816
3854.395166337,-993.064280439,-160.052920979,-6.482462057
3855.395730677,-993.421429658,-160.986819301,-6.444947297
3856.396295017,-993.778578877,-161.920717623,-6.407432537
3857.396859356,-994.135728096,-162.854615945,-6.369917778
3858.397389865,-994.491527182,-163.789029446,-6.333315607
3859.397919447,-994.847287519,-164.723457733,-6.296739628
3860.398449028,-995.203047855,-165.657886020,-6.260163649
3861.398978608,-995.558808191,-166.592314306,-6.223587671
3862.399508189,-995.914568528,-167.526742593,-6.187011692
3863.400037770,-996.270328864,-168.461170880,-6.150435713
3864.400567351,-996.626089201,-169.395599167,-6.113859734
3865.401096932,-996.981849537,-170.330027454,-6.077283756
3866.401626513,-997.337609873,-171.264455741,-6.040707777
3867.402137882,-997.693465996,-172.198847547,-6.004633256
3868.402629091,-998.049429795,-173.133198346,-5.969122436
3869.403120300,-998.405393594,-174.067549144,-5.933611615
3870.403611508,-998.761357392,-175.001899942,-5.898100795
3871.404102716,-999.117321191,-175.936250740,-5.862589974
3872.404593926,-999.473284990,-176.870601539,-5.827079154
3873.405085134,-999.829248788,-177.804952337,-5.791568334
3874.405576342,-1000.185212587,-178.739303135,-5.756057513
3875.406067552,-1000.541176386,-179.673653934,-5.720546693
3876.406558760,-1000.897140184,-180.608004732,-5.685035873
3877.407010334,-1001.255604574,-181.541398912,-5.650656559
3878.407460796,-1001.614147755,-182.474762950,-5.616312899
3879.407911258,-1001.972690937,-183.408126988,-5.581969238
3880.408361720,-1002.331234119,-184.341491025,-5.547625578
3881.408812182,-1002.689777301,-185.274855063,-5.513281918
3882.409262645,-1003.048320483,-186.208219101,-5.478938257
3883.409713107,-1003.406863665,-187.141583139,-5.444594597
3884.410163569,-1003.765406847,-188.074947176,-5.410250937
3885.410614031,-1004.123950029,-189.008311214,-5.375907276
3886.411044664,-1004.482088458,-189.941830519,-5.342143039
3887.411453402,-1004.839767034,-190.875526228,-5.309037102
3888.411862139,-1005.197445610,-191.809221936,-5.275931165
3889.412270878,-1005.555124186,-192.742917645,-5.242825227
3890.412679616,-1005.912802763,-193.676613353,-5.209719290
3891.413088354,-1006.270481339,-194.610309062,-5.176613353
3892.413497092,-1006.628159915,-195.544004771,-5.143507416
3893.413905830,-1006.985838492,-196.477700479,-5.110401479
3894.414314569,-1007.343517068,-197.411396188,-5.077295542
3895.414723306,-1007.701195644,-198.345091896,-5.044189604
3896.415091449,-1008.057783454,-199.279204699,-5.012333252
3897.415458250,-1008.414333829,-200.213331815,-4.980519785
3898.415825052,-1008.770884205,-201.147458932,-4.948706317
3899.416191853,-1009.127434580,-202.081586049,-4.916892850
3900.416558653,-1009.483984955,-203.015713165,-4.885079383
3901.416925455,-1009.840535330,-203.949840282,-4.853265916
3902.417292256,-1010.197085705,-204.883967399,-4.821452448
3903.417659057,-1010.553636081,-205.818094515,-4.789638981
3904.418025858,-1010.910186456,-206.752221632,-4.757825514
3905.418371577,-1011.268684355,-207.685600386,-4.726601883
3906.418698884,-1011.629418482,-208.618119839,-4.696055526
3907.419026191,-1011.990152609,-209.550639292,-4.665509170
3908.419353497,-1012.350886736,-210.483158745,-4.634962814
3909.419680803,-1012.711620863,-211.415678197,-4.604416457
3910.420008109,-1013.072354989,-212.348197650,-4.573870101
3911.420335416,-1013.433089116,-213.280717103,-4.543323745
3912.420662723,-1013.793823243,-214.213236556,-4.512777388
3913.420990029,-1014.154557370,-215.145756009,-4.482231032
3914.421279888,-1014.514482265,-216.078588085,-4.452936179
3915.421568405,-1014.874377217,-217.011431729,-4.423687634
3916.421856922,-1015.234272170,-217.944275372,-4.394439088
3917.422145440,-1015.594167123,-218.877119016,-4.365190542
3918.422433956,-1015.954062075,-219.809962659,-4.335941997
3919.422722474,-1016.313957028,-220.742806303,-4.306693451
3920.423010990,-1016.673851980,-221.675649946,-4.277444905
3921.423299508,-1017.033746933,-222.608493590,-4.248196360
3922.423588025,-1017.393641885,-223.541337234,-4.218947814
3923.423858122,-1017.753510502,-224.474191037,-4.190336143
3924.424107363,-1018.113348572,-225.407056624,-4.162463160
3925.424356604,-1018.473186643,-226.339922211,-4.134590177
3926.424605844,-1018.833024713,-227.272787798,-4.106717194
3927.424855084,-1019.192862784,-228.205653384,-4.078844211
3928.425104325,-1019.552700854,-229.138518971,-4.050971228
3929.425353565,-1019.912538924,-230.071384558,-4.023098245
3930.425602806,-1020.272376995,-231.004250145,-3.995225262
3931.425852047,-1020.632215065,-231.937115732,-3.967352279
3932.426101288,-1020.992053136,-232.869981319,-3.939479296
3933.426314774,-1021.351287164,-233.803079672,-3.912920013
3934.426526881,-1021.710497122,-234.736187301,-3.886413080
3935.426738987,-1022.069707079,-235.669294929,-3.859906148
3936.426951093,-1022.428917036,-236.602402558,-3.833399215
3937.427163200,-1022.788126994,-237.535510187,-3.806892282
3938.427375307,-1023.147336951,-238.468617816,-3.780385350
3939.427587412,-1023.506546908,-239.401725444,-3.753878417
3940.427799515,-1023.865757156,-240.334832961,-3.727371630
3941.428011610,-1024.224968008,-241.267940246,-3.700865146
3942.428207087,-1024.584727647,-242.200835865,-3.674985466
3943.428384025,-1024.945130588,-243.133483366,-3.649840542
3944.428560963,-1025.305533529,-244.066130866,-3.624695617
3945.428737901,-1025.665936470,-244.998778367,-3.599550693
3946.428914839,-1026.026339411,-245.931425867,-3.574405769
3947.429091777,-1026.386742352,-246.864073368,-3.549260845
3948.429268716,-1026.747145293,-247.796720869,-3.524115920
3949.429445653,-1027.107548233,-248.729368369,-3.498970996
3950.429622591,-1027.467951174,-249.662015870,-3.473826072
3951.429799530,-1027.828354115,-250.594663371,-3.448681148
3952.429943881,-1028.188629586,-251.527360119,-3.424867593
3953.430086881,-1028.548899612,-252.460058971,-3.401110905
3954.430229881,-1028.909169637,-253.392757823,-3.377354217
3955.430372881,-1029.269439663,-254.325456675,-3.353597529
3956.430515881,-1029.629709689,-255.258155527,-3.329840841
3957.430658882,-1029.989979715,-256.190854380,-3.306084153
3958.430801882,-1030.350249741,-257.123553232,-3.282327465
3959.430944882,-1030.710519767,-258.056252084,-3.258570777
3960.431087882,-1031.070789793,-258.988950936,-3.234814090
3961.431215467,-1031.431242147,-259.921579316,-3.211714488
3962.431325397,-1031.791910521,-260.854124202,-3.189393389
3963.431435325,-1032.152578895,-261.786669087,-3.167072290
3964.431545255,-1032.513247269,-262.719213973,-3.144751191
3965.431655185,-1032.873915643,-263.651758859,-3.122430092
3966.431765115,-1033.234584017,-264.584303745,-3.100108993
3967.431875045,-1033.595252391,-265.516848631,-3.077787894
3968.431984975,-1033.955920765,-266.449393517,-3.055466795
3969.432094905,-1034.316589139,-267.381938403,-3.033145696
3970.432204835,-1034.677257513,-268.314483289,-3.010824597
3971.432284023,-1035.038521381,-269.246797635,-2.989925791
3972.432361866,-1035.399812404,-270.179101468,-2.969091844
3973.432439710,-1035.761103427,-271.111405301,-2.948257898
3974.432517554,-1036.122394450,-272.043709134,-2.927423951
3975.432595398,-1036.483685473,-272.976012967,-2.906590004
3976.432673241,-1036.844976495,-273.908316800,-2.885756057
3977.432751084,-1037.206267518,-274.840620632,-2.864922110
3978.432828928,-1037.567558541,-275.772924465,-2.844088163
3979.432906772,-1037.928849564,-276.705228298,-2.823254216
3980.432970107,-1038.290270538,-277.637481749,-2.803128164
3981.433016755,-1038.651847125,-278.569674869,-2.783849800
3982.433063402,-1039.013423711,-279.501867989,-2.764571436
3983.433110048,-1039.375000298,-280.434061108,-2.745293071
3984.433156695,-1039.736576884,-281.366254228,-2.726014707
3985.433203341,-1040.098153471,-282.298447347,-2.706736343
3986.433249988,-1040.459730058,-283.230640467,-2.687457978
3987.433296634,-1040.821306644,-284.162833586,-2.668179614
3988.433343281,-1041.182883231,-285.095026706,-2.648901250
3989.433389928,-1041.544459818,-286.027219826,-2.629622885
3990.433407846,-1041.905265837,-286.959711447,-2.611896376
3991.433424449,-1042.266034484,-287.892217545,-2.594245133
3992.433441052,-1042.626803130,-288.824723644,-2.576593890
3993.433457655,-1042.987571777,-289.757229742,-2.558942647
3994.433474258,-1043.348340423,-290.689735841,-2.541291404
3995.433490862,-1043.709109070,-291.622241940,-2.523640161
3996.433507465,-1044.069877717,-292.554748038,-2.505988919
3997.433524068,-1044.430646363,-293.487254137,-2.488337676
3998.433540671,-1044.791415010,-294.419760235,-2.470686433
3999.433543898,-1045.152754379,-295.352045088,-2.453796603
4000.433532211,-1045.514784490,-296.284062169,-2.437828306
4001.433520524,-1045.876814601,-297.216079250,-2.421860010
4002.433508838,-1046.238844712,-298.148096331,-2.405891713
4003.433497150,-1046.600874823,-299.080113411,-2.389923416
4004.433485464,-1046.962904935,-300.012130492,-2.373955120
4005.433473778,-1047.324935046,-300.944147573,-2.357986823
4006.433462091,-1047.686965157,-301.876164654,-2.342018526
4007.433450404,-1048.048995268,-302.808181734,-2.326050229
4008.433438717,-1048.411025379,-303.740198815,-2.310081933
4009.433402421,-1048.772929517,-304.672264818,-2.295737280
4010.433364930,-1049.134827179,-305.604333336,-2.281476101
4011.433327441,-1049.496724841,-306.536401855,-2.267214922
4012.433289951,-1049.858622502,-307.468470373,-2.252953743
4013.433252461,-1050.220520164,-308.400538891,-2.238692564
4014.433214971,-1050.582417826,-309.332607409,-2.224431385
4015.433177481,-1050.944315488,-310.264675927,-2.210170205
4016.433139991,-1051.306213149,-311.196744446,-2.195909026
4017.433102501,-1051.668110811,-312.128812964,-2.181647847
4018.433054476,-1052.030201370,-313.060806534,-2.168143625
4019.432994400,-1052.392527897,-313.992708422,-2.155565381
4020.432934324,-1052.754854424,-314.924610309,-2.142987136
4021.432874249,-1053.117180951,-315.856512197,-2.130408891
4022.432814174,-1053.479507478,-316.788414085,-2.117830646
4023.432754098,-1053.841834005,-317.720315972,-2.105252401
4024.432694023,-1054.204160532,-318.652217860,-2.092674156
4025.432633947,-1054.566487059,-319.584119747,-2.080095911
4026.432573871,-1054.928813586,-320.516021635,-2.067517666
4027.432513795,-1055.291140113,-321.447923522,-2.054939421
4028.432435547,-1055.651492310,-322.380590500,-2.043889005
4029.432356506,-1056.011737217,-323.313299054,-2.032921614
4030.432277464,-1056.371982124,-324.246007608,-2.021954223
4031.432198423,-1056.732227031,-325.178716162,-2.010986832
4032.432119382,-1057.092471938,-326.111424717,-2.000019442
4033.432040341,-1057.452716845,-327.044133271,-1.989052051
4034.431961294,-1057.812961718,-327.976841838,-1.978085164
4035.431882235,-1058.173206516,-328.909550435,-1.967119396
4036.431803176,-1058.533451314,-329.842259031,-1.956153627
4037.431716959,-1058.893447540,-330.775063550,-1.945857037
4038.431622607,-1059.253136426,-331.707986668,-1.936387833
4039.431528255,-1059.612825312,-332.640909787,-1.926918630
4040.431433904,-1059.972514198,-333.573832906,-1.917449426
4041.431339553,-1060.332203084,-334.506756025,-1.907980223
4042.431245201,-1060.691891970,-335.439679143,-1.898511019
4043.431150850,-1061.051580856,-336.372602262,-1.889041815
4044.431056499,-1061.411269742,-337.305525381,-1.879572612
4045.430962147,-1061.770958628,-338.238448500,-1.870103408
4046.430867795,-1062.130647514,-339.171371618,-1.860634204
4047.430762164,-1062.491064189,-340.104013793,-1.852440172
4048.430655953,-1062.851522559,-341.036639872,-1.844319192
4049.430549743,-1063.211980928,-341.969265952,-1.836198212
4050.430443532,-1063.572439297,-342.901892031,-1.828077232
4051.430337322,-1063.932897667,-343.834518111,-1.819956252
4052.430231112,-1064.293356036,-344.767144190,-1.811835272
4053.430124901,-1064.653814405,-345.699770270,-1.803714292
4054.430018691,-1065.014272775,-346.632396349,-1.795593312
4055.429912481,-1065.374731144,-347.565022429,-1.787472332
4056.429801904,-1065.735814450,-348.497406430,-1.779871114
4057.429686880,-1066.097678755,-349.429487899,-1.772919455
4058.429571856,-1066.459543060,-350.361569368,-1.765967796
4059.429456832,-1066.821407365,-351.293650837,-1.759016136
4060.429341808,-1067.183271669,-352.225732306,-1.752064477
4061.429226785,-1067.545135974,-353.157813776,-1.745112818
4062.429111761,-1067.907000279,-354.089895245,-1.738161158
4063.428996737,-1068.268864583,-355.021976714,-1.731209499
4064.428881713,-1068.630728888,-355.954058183,-1.724257840
4065.428766690,-1068.992593193,-356.886139652,-1.717306180
4066.428645732,-1069.353603065,-357.818552362,-1.711263806
4067.428524470,-1069.714561455,-358.750985030,-1.705276219
4068.428403209,-1070.075519845,-359.683417699,-1.699288632
4069.428281948,-1070.436478236,-360.615850367,-1.693301046
4070.428160686,-1070.797436626,-361.548283035,-1.687313459
4071.428039424,-1071.158395016,-362.480715703,-1.681325872
4072.427918163,-1071.519353406,-363.413148372,-1.675338285
4073.427796901,-1071.880311796,-364.345581040,-1.669350699
4074.427675639,-1072.241270186,-365.278013708,-1.663363112
4075.427552150,-1072.602889958,-366.210189735,-1.657703357
4076.427426721,-1072.965345206,-367.142041565,-1.652457727
4077.427301291,-1073.327800454,-368.073893395,-1.647212098
4078.427175861,-1073.690255702,-369.005745225,-1.641966468
4079.427050433,-1074.052710950,-369.937597056,-1.636720839
4080.426925003,-1074.415166199,-370.869448886,-1.631475209
4081.426799574,-1074.777621447,-371.801300716,-1.626229580
4082.426674144,-1075.140076695,-372.733152546,-1.620983950
4083.426548715,-1075.502531943,-373.665004376,-1.615738321
4084.426423285,-1075.864987191,-374.596856206,-1.610492691
4085.426295123,-1076.231489941,-375.527122932,-1.605671300
4086.426167429,-1076.598248279,-376.457289563,-1.600876698
4087.426039736,-1076.965006616,-377.387456195,-1.596082096
4088.425912042,-1077.331764954,-378.317622826,-1.591287494
4089.425784347,-1077.698523291,-379.247789457,-1.586492892
4090.425656654,-1078.065281629,-380.177956089,-1.581698290
4091.425527889,-1078.432907159,-381.107779728,-1.577012474
4092.425399039,-1078.801638439,-382.037166022,-1.572465370
4093.425270189,-1079.170369719,-382.966552316,-1.567918266
4094.425141339,-1079.539100998,-383.895938610,-1.563371162
4095.425012489,-1079.907832278,-384.825324905,-1.558824059
4096.424883639,-1080.276563558,-385.754711199,-1.554276955
4097.424754789,-1080.645294838,-386.684097493,-1.549729851
4098.424624152,-1081.008723834,-387.615568848,-1.545345507
4099.424494528,-1081.371806585,-388.547176359,-1.540971791
4100.424364904,-1081.734889336,-389.478783871,-1.536598075
4101.424235281,-1082.097972087,-390.410391383,-1.532224359
4102.424105657,-1082.461054838,-391.341998895,-1.527850644
4103.423976034,-1082.824137589,-392.273606407,-1.523476928
4104.423846411,-1083.187220340,-393.205213919,-1.519103212
4105.423716253,-1083.549030919,-394.137316178,-1.514838671
4106.423586127,-1083.910757106,-395.069451257,-1.510581371
4107.423456001,-1084.272483292,-396.001586337,-1.506324072
4108.423325875,-1084.634209479,-396.933721416,-1.502066773
4109.423195749,-1084.995935665,-397.865856495,-1.497809474
4110.423065623,-1085.357661852,-398.797991575,-1.493552175
4111.422935497,-1085.719388039,-399.730126654,-1.489294876
4112.422805370,-1086.081114225,-400.662261733,-1.485037577
4113.422675245,-1086.442840412,-401.594396813,-1.480780278
4114.422544420,-1086.805469459,-402.526180372,-1.476544568
4115.422414085,-1087.169264243,-403.457510064,-1.472336733
4116.422283750,-1087.533059027,-404.388839757,-1.468128897
4117.422153415,-1087.896853811,-405.320169449,-1.463921062
4118.422023079,-1088.260648595,-406.251499141,-1.459713226
4119.421892744,-1088.624443379,-407.182828833,-1.455505391
4120.421762408,-1088.988238162,-408.114158525,-1.451297556
4121.421632072,-1089.352032946,-409.045488217,-1.447089720
4122.421501737,-1089.715827730,-409.976817909,-1.442881885
4123.421371401,-1090.079622514,-410.908147601,-1.438674050
4124.421241104,-1090.443427990,-411.839473117,-1.434457260
4125.421110809,-1090.807234208,-412.770798343,-1.430239849
4126.420980514,-1091.171040426,-413.702123568,-1.426022438
4127.420850219,-1091.534846644,-414.633448794,-1.421805027
4128.420719926,-1091.898653622,-415.564773723,-1.417587065
4129.420589639,-1092.262462401,-416.496097948,-1.413367800
4130.420459352,-1092.626271179,-417.427422174,-1.409148534
4131.420329064,-1092.990079957,-418.358746399,-1.404929269
4132.420198777,-1093.353888735,-419.290070625,-1.400710004
4133.420068561,-1093.717584492,-420.221438982,-1.396471498
4134.419938462,-1094.081132744,-421.152864937,-1.392207882
4135.419808363,-1094.444680995,-422.084290892,-1.387944265
4136.419678264,-1094.808229247,-423.015716846,-1.383680649
4137.419548165,-1095.171777498,-423.947142801,-1.379417033
4138.419418066,-1095.535325750,-424.878568756,-1.375153417
4139.419287966,-1095.898874001,-425.809994710,-1.370889800
4140.419157867,-1096.262422253,-426.741420665,-1.366626184
4141.419027768,-1096.625970504,-427.672846620,-1.362362568
4142.418897669,-1096.989518755,-428.604272575,-1.358098951
4143.418767784,-1097.352983808,-429.535730998,-1.353785282
4144.418637916,-1097.716442837,-430.467191773,-1.349467989
4145.418508046,-1098.079901866,-431.398652547,-1.345150696
4146.418378178,-1098.443360895,-432.330113322,-1.340833402
4147.418248310,-1098.806819924,-433.261574097,-1.336516109
4148.418118440,-1099.170278953,-434.193034871,-1.332198816
4149.417988572,-1099.533737982,-435.124495646,-1.327881523
4150.417858703,-1099.897197011,-436.055956420,-1.323564230
4151.417728834,-1100.260656040,-436.987417195,-1.319246937
4152.417599044,-1100.624129280,-437.918872424,-1.314911491
4153.417469358,-1100.987621268,-438.850320337,-1.310552099
4154.417339671,-1101.351113256,-439.781768250,-1.306192706
4155.417209985,-1101.714605244,-440.713216163,-1.301833313
4156.417080299,-1102.078097232,-441.644664076,-1.297473920
4157.416950613,-1102.441589220,-442.576111989,-1.293114527
4158.416820927,-1102.805081209,-443.507559902,-1.288755134
4159.416691240,-1103.168573197,-444.439007815,-1.284395741
4160.416561554,-1103.532065185,-445.370455728,-1.280036348
4161.416431868,-1103.895557173,-446.301903641,-1.275676956
4162.416302216,-1104.258622451,-447.233517954,-1.271307776
4163.416172576,-1104.621655534,-448.165144822,-1.266937858
4164.416042937,-1104.984688618,-449.096771690,-1.262567940
4165.415913296,-1105.347721701,-450.028398557,-1.258198022
4166.415783656,-1105.710754785,-450.960025425,-1.253828104
4167.415654016,-1106.073787868,-451.891652293,-1.249458186
4168.415524375,-1106.436820952,-452.823279160,-1.245088268
4169.415394735,-1106.799854035,-453.754906028,-1.240718350
4170.415265096,-1107.162887119,-454.686532896,-1.236348433
4171.415135370,-1107.526140575,-455.618073819,-1.231989338
4172.415005620,-1107.889687922,-456.549500127,-1.227644679
4173.414875870,-1108.253235268,-457.480926435,-1.223300020
4174.414746120,-1108.616782615,-458.412352743,-1.218955360
4175.414616369,-1108.980329961,-459.343779050,-1.214610701
4176.414486619,-1109.343877308,-460.275205358,-1.210266041
4177.414356868,-1109.707424654,-461.206631666,-1.205921382
4178.414227118,-1110.070972001,-462.138057974,-1.201576723
4179.414097368,-1110.434519348,-463.069484282,-1.197232063
4180.413967618,-1110.798066694,-464.000910590,-1.192887404
4181.413837552,-1111.161085036,-464.932543188,-1.188613008
4182.413707475,-1111.524061844,-465.864191983,-1.184344128
4183.413577399,-1111.887038652,-466.795840778,-1.180075248
4184.413447322,-1112.250015460,-467.727489573,-1.175806369
4185.413317245,-1112.612992268,-468.659138368,-1.171537489
4186.413187169,-1112.975969076,-469.590787163,-1.167268609
4187.413057092,-1113.338945884,-470.522435958,-1.162999730
4188.412927016,-1113.701922692,-471.454084753,-1.158730850
4189.412796939,-1114.064899500,-472.385733548,-1.154461970
4190.412666462,-1114.427422539,-473.317558835,-1.150249568
4191.412535828,-1114.789333862,-474.249622049,-1.146113301
4192.412405194,-1115.151245184,-475.181685263,-1.141977035
4193.412274560,-1115.513156507,-476.113748477,-1.137840768
4194.412143926,-1115.875067829,-477.045811691,-1.133704502
4195.412013292,-1116.236979152,-477.977874905,-1.129568235
4196.411882658,-1116.598890474,-478.909938119,-1.125431968
4197.411752024,-1116.960801797,-479.842001333,-1.121295702
4198.411621390,-1117.322713119,-480.774064547,-1.117159435
4199.411490756,-1117.684624442,-481.706127761,-1.113023169
4200.411359367,-1118.047333103,-482.637880951,-1.109065951
4201.411227951,-1118.410106826,-483.569608844,-1.105123344
4202.411096535,-1118.772880549,-484.501336737,-1.101180736
4203.410965118,-1119.135654271,-485.433064630,-1.097238129
4204.410833702,-1119.498427994,-486.364792523,-1.093295522
4205.410702286,-1119.861201717,-487.296520416,-1.089352914
4206.410570868,-1120.223975439,-488.228248308,-1.085410307
4207.410439452,-1120.586749162,-489.159976201,-1.081467699
4208.410308036,-1120.949522885,-490.091704094,-1.077525092
4209.410176172,-1121.312530085,-491.023341001,-1.073686272
4210.410043819,-1121.675855463,-491.954853916,-1.069988890
4211.409911466,-1122.039180841,-492.886366831,-1.066291509
4212.409779112,-1122.402506219,-493.817879745,-1.062594127
4213.409646759,-1122.765831596,-494.749392660,-1.058896746
4214.409514406,-1123.129156974,-495.680905575,-1.055199365
4215.409382052,-1123.492482352,-496.612418489,-1.051501983
4216.409249699,-1123.855807729,-497.543931404,-1.047804602
4217.409117346,-1124.219133107,-498.475444319,-1.044107220
4218.408984992,-1124.582458485,-499.406957233,-1.040409839
4219.408851446,-1124.943421009,-500.339388009,-1.036970476
4220.408718097,-1125.304183396,-501.271896529,-1.033552967
4221.408584748,-1125.664945784,-502.204405049,-1.030135459
4222.408451399,-1126.025708172,-503.136913569,-1.026717950
4223.408318047,-1126.386471099,-504.069421880,-1.023301074
4224.408184691,-1126.747235388,-505.001929665,-1.019885790
4225.408051334,-1127.107999677,-505.934437449,-1.016470506
4226.407917978,-1127.468763966,-506.866945234,-1.013055222
4227.407784621,-1127.829528255,-507.799453018,-1.009639938
4228.407650538,-1128.189641776,-508.732211948,-1.006341115
4229.407516274,-1128.548858826,-509.665316847,-1.003202725
4230.407382010,-1128.908075876,-510.598421745,-1.000064335
4231.407247745,-1129.267292925,-511.531526643,-0.996925945
4232.407113481,-1129.626509975,-512.464631542,-0.993787555
4233.406979217,-1129.985727025,-513.397736440,-0.990649165
4234.406844953,-1130.344944075,-514.330841338,-0.987510775
4235.406710689,-1130.704161125,-515.263946237,-0.984372385
4236.406576425,-1131.063378175,-516.197051135,-0.981233995
4237.406438538,-1131.430435520,-517.127096477,-0.978265247
4238.406303712,-1131.798179954,-518.056873693,-0.975311366
4239.406168886,-1132.165924387,-518.986650910,-0.972357485
4240.406015673,-1132.538430583,-519.914510936,-0.969441417
4241.405880584,-1132.917541067,-520.839711931,-0.966577792
4242.405745495,-1133.296651552,-521.764912925,-0.963714167
4243.405602569,-1133.687893401,-522.685041252,-0.960912995
4244.405467288,-1134.080209981,-523.604720186,-0.958117355
4245.405303774,-1134.478360707,-524.521857757,-0.955347230
4246.405168324,-1134.884624684,-525.435461184,-0.952612587
4247.405006620,-1135.296474799,-526.346531295,-0.949900929
4248.404871020,-1135.716101613,-527.254074669,-0.947221272
4249.404707523,-1136.141445396,-528.158921965,-0.944562505
4250.404571791,-1136.574756376,-529.060011991,-0.941932850
4251.404408185,-1137.013737444,-529.958322422,-0.939324069
4252.404272324,-1137.460628921,-530.852755007,-0.936744407
4253.404109039,-1137.913099705,-531.744347452,-0.934183525
4254.403973063,-1138.373362661,-532.631973304,-0.931648871
4255.403809551,-1138.839170421,-533.516670876,-0.929130885
4256.403673473,-1139.312730850,-534.397274169,-0.926636207
4257.403508673,-1139.791905677,-535.274802386,-0.924158194
4258.403372496,-1140.278938800,-536.148026513,-0.921703507
4259.403206152,-1140.771673381,-537.018011586,-0.919265480
4260.403069878,-1141.272396499,-537.883458291,-0.916850794
4261.402902270,-1141.778874533,-538.745513424,-0.914450670
4262.402765912,-1142.293424657,-539.602811395,-0.912070971
4263.402597088,-1142.813773697,-540.456564083,-0.909703753
4264.402460659,-1143.342265007,-541.305338832,-0.907354060
4265.402290669,-1143.876588964,-542.150414270,-0.905016839
4266.402154170,-1144.419111378,-542.990289898,-0.902697147
4267.401983464,-1144.967456358,-543.826334793,-0.900387838
4268.401846908,-1145.523994585,-544.656989260,-0.898093138
4269.401675929,-1146.086305255,-545.483705392,-0.895808811
4270.401539315,-1146.656747395,-546.304873709,-0.893539095
4271.401369177,-1147.232817812,-547.122062496,-0.891277675
4272.401232519,-1147.816824815,-547.933639640,-0.889027951
4273.401064751,-1148.406187964,-548.741297078,-0.886784452
4274.400928058,-1149.003111600,-549.543421640,-0.884549738
4275.400763864,-1149.605010634,-550.341785106,-0.882321247
4276.400627138,-1150.213940134,-551.134833973,-0.880101550
4277.400466741,-1150.827432568,-551.924328334,-0.877883919
4278.400330004,-1151.447379894,-552.708794365,-0.875669210
4279.400167751,-1152.072008964,-553.489505036,-0.873457400
4280.400030999,-1152.703268166,-554.264897492,-0.871249696
4281.399894247,-1153.334527369,-555.040289947,-0.869041993
4282.399748390,-1153.976475877,-555.806844281,-0.866834277
4283.399611638,-1154.619436015,-556.572562180,-0.864626560
4284.399449894,-1155.266912541,-557.334432115,-0.862415541
4285.399313159,-1155.920802351,-558.090837930,-0.860199833
4286.399176424,-1156.574692160,-558.847243745,-0.857984126
4287.399032610,-1157.237759360,-559.595608176,-0.855757464
4288.398895902,-1157.901702261,-560.343205304,-0.853529757
4289.398740430,-1158.569464066,-561.087368090,-0.851293800
4290.398603767,-1159.242663482,-561.826640831,-0.849046098
4291.398467104,-1159.915862899,-562.565913572,-0.846798396
4292.398324793,-1160.597069232,-563.297807119,-0.844525163
4293.398188194,-1161.279045926,-564.028990701,-0.842249473
4294.398033610,-1161.964674834,-564.756725967,-0.839960603
4295.397897083,-1162.655518452,-565.479537654,-0.837652916
4296.397760557,-1163.346362070,-566.202349342,-0.835345228
4297.397617375,-1164.045667973,-566.916967724,-0.833004721
4298.397480933,-1164.745794958,-567.630791124,-0.830661029
4299.397321754,-1165.449921570,-568.340637448,-0.828299244
4300.397185415,-1166.159774693,-569.044789551,-0.825911552
4301.397049077,-1166.869627816,-569.748941654,-0.823523861
4302.396904393,-1167.588669614,-570.443696024,-0.821092440
4303.396768170,-1168.308610189,-571.137531169,-0.818656741
4304.396605301,-1169.032749357,-571.826944494,-0.816202985
4305.396469187,-1169.762915637,-572.510010263,-0.813723306
4306.396333072,-1170.493081917,-573.193076031,-0.811243627
4307.396188440,-1171.232224219,-573.866405824,-0.808713014
4308.396052465,-1171.972251354,-574.538775871,-0.806177381
4309.395892793,-1172.716111643,-575.206867185,-0.803618777
4310.395756962,-1173.465490054,-575.868798932,-0.801027106
4311.395621132,-1174.214868465,-576.530730679,-0.798435436
4312.395478753,-1174.971877920,-577.183911300,-0.795784960
4313.395343093,-1175.729645880,-577.836222085,-0.793128638
4314.395207432,-1176.487413840,-578.488532869,-0.790472317
4315.395067565,-1177.251246635,-579.133724597,-0.787755415
4316.394932083,-1178.015685118,-579.778205354,-0.785032463
4317.394796602,-1178.780123602,-580.422686110,-0.782309511
4318.394656212,-1179.550990447,-581.059455951,-0.779531413
4319.394520898,-1180.322502553,-581.695451793,-0.776747781
4320.394364620,-1181.097414320,-582.327267708,-0.773942174
4321.394229456,-1181.877249761,-582.953029903,-0.771104741
4322.394094304,-1182.657084341,-583.578793172,-0.768263407
4323.393949368,-1183.445594826,-584.193572012,-0.765375127
4324.393814360,-1184.234983235,-584.807239332,-0.762483499
4325.393649901,-1185.028244879,-585.415843136,-0.759570670
4326.393515045,-1185.827130807,-586.017094260,-0.756627057
4327.393380188,-1186.626016735,-586.618345384,-0.753683444
4328.393236811,-1187.432660495,-587.209133153,-0.750696286
4329.393102098,-1188.240095124,-587.798854241,-0.747704688
4330.392947630,-1189.050579586,-588.384342882,-0.744691919
4331.392813072,-1189.865504894,-588.963668681,-0.741648322
4332.392678515,-1190.680430203,-589.542994480,-0.738604725
4333.392538155,-1191.501525767,-590.113530951,-0.735521233
4334.392403732,-1192.323255357,-590.683164273,-0.732433643
4335.392252607,-1193.147691483,-591.248843681,-0.729326542
4336.392118335,-1193.976079415,-591.808749990,-0.726190954
4337.391984061,-1194.804467347,-592.368656298,-0.723055367
4338.391843440,-1195.639053817,-592.919268812,-0.719883541
4339.391709293,-1196.474282200,-593.468918872,-0.716707963
4340.391553292,-1197.312486637,-594.013979563,-0.713516154
4341.391419273,-1198.155048320,-594.552320951,-0.710300584
4342.391285255,-1198.997610004,-595.090662339,-0.707085013
4343.391141882,-1199.847344462,-595.617591203,-0.703829587
4344.391008005,-1200.697827542,-596.143328941,-0.700570002
4345.390844143,-1201.551630963,-596.663599343,-0.697294214
4346.390710398,-1202.410308858,-597.175843341,-0.693994639
4347.390576652,-1203.268986752,-597.688087339,-0.690695065
4348.390432102,-1204.134954558,-598.187886826,-0.687355690
4349.390298503,-1205.001688910,-598.686377752,-0.684012129
4350.390135146,-1205.871552471,-599.179327457,-0.680652385
4351.390001682,-1206.746022341,-599.664120286,-0.677268821
4352.389868217,-1207.620492211,-600.148913114,-0.673885256
4353.389724504,-1208.501651374,-600.621416477,-0.670465530
4354.389591176,-1209.383519242,-601.092617819,-0.667041973
4355.389429822,-1210.268252817,-601.558355907,-0.663599034
4356.389296659,-1211.157216131,-602.016030318,-0.660127490
4357.389163496,-1212.046179444,-602.473704730,-0.656655945
4358.389020308,-1212.941365289,-602.919062584,-0.653144652
4359.388887299,-1213.837215348,-603.363105727,-0.649629116
4360.388725912,-1214.735775568,-603.801573856,-0.646095839
4361.388593059,-1215.638346892,-604.231790830,-0.642536303
4362.388460205,-1216.540918216,-604.662007804,-0.638976768
4363.388317384,-1217.449294503,-605.079804340,-0.635377500
4364.388184689,-1218.358295102,-605.496265085,-0.631773958
4365.388026507,-1219.269700688,-605.907373838,-0.628152715
4366.387893971,-1220.184675264,-606.310540263,-0.624505201
4367.387761435,-1221.099649840,-606.713706687,-0.620857688
4368.387620757,-1222.019533432,-607.105522008,-0.617170488
4369.387488381,-1222.939948905,-607.496107462,-0.613478989
4370.387334959,-1223.862412558,-607.881776010,-0.609769800
4371.387202748,-1224.787924214,-608.260127455,-0.606034286
4372.387070536,-1225.713435869,-608.638478900,-0.602298772
4373.386930492,-1226.643451596,-609.005597954,-0.598519989
4374.386798461,-1227.573959008,-609.371490831,-0.594736483
4375.386643370,-1228.506467645,-609.732188815,-0.590935324
4376.386511506,-1229.441962494,-610.085135025,-0.587107823
4377.386379643,-1230.377457343,-610.438081236,-0.583280322
4378.386238421,-1231.317504432,-610.778689651,-0.579413200
4379.386106727,-1232.258052120,-611.117941308,-0.575541721
4380.385944939,-1233.200706589,-611.451203784,-0.571652609
4381.385813416,-1234.146513461,-611.775504573,-0.567737113
4382.385681894,-1235.092320333,-612.099805362,-0.563821618
4383.385539761,-1236.042546453,-612.410884826,-0.559866518
4384.385408411,-1236.993262133,-612.720499643,-0.555907031
4385.385267765,-1237.947916808,-613.017715539,-0.551920554
4386.385136535,-1238.903009101,-613.313553928,-0.547931078
4387.384995893,-1239.861884957,-613.596855222,-0.543905606
4388.384864823,-1240.821182392,-613.878759588,-0.539876123
4389.384724763,-1241.783994078,-614.148383524,-0.535815176
4390.384593835,-1242.747198449,-614.416635236,-0.531750713
4391.384452595,-1243.713969448,-614.671693151,-0.527647587
4392.384321843,-1244.681140151,-614.925272473,-0.523540128
4393.384160357,-1245.649882607,-615.172654980,-0.519416714
4394.384029769,-1246.620993563,-615.410699413,-0.515269255
4395.383899181,-1247.592104518,-615.648743846,-0.511121797
4396.383757630,-1248.566453639,-615.873116634,-0.506931212
4397.383627243,-1249.541168281,-616.095946181,-0.502735759
4398.383467820,-1250.517218975,-616.312714429,-0.498522780
4399.383337618,-1251.495288470,-616.520323923,-0.494283319
4400.383207416,-1252.473357966,-616.727933417,-0.490043858
4401.383066302,-1253.454218134,-616.921873729,-0.485768500
4402.382936272,-1254.435395539,-617.114260167,-0.481489060
4403.382779277,-1255.417678313,-617.300775911,-0.477192124
4404.382649434,-1256.401635830,-617.478396979,-0.472868677
4405.382519592,-1257.385593348,-617.656018046,-0.468545230
4406.382381509,-1258.371621683,-617.821707434,-0.464185925
4407.382251841,-1259.357887087,-617.986030876,-0.459822516
4408.382105631,-1260.344893866,-618.145736955,-0.455442171
4409.381976150,-1261.333026994,-618.298428024,-0.451036099
4410.381846668,-1262.321160121,-618.451119093,-0.446630027
4411.381705584,-1263.309873288,-618.599929314,-0.442197766
4412.381576397,-1264.299469181,-618.742833512,-0.437725651
4413.381447208,-1265.289065073,-618.885737710,-0.433253536
4414.381318020,-1266.278660966,-619.028641908,-0.428781421
4415.381188831,-1267.268256858,-619.171546106,-0.424309307
4416.381059642,-1268.257852750,-619.314450304,-0.419837192
4417.380930828,-1269.247550445,-619.456647539,-0.415275709
4418.380802091,-1270.237259984,-619.598762525,-0.410703829
4419.380673356,-1271.226969500,-619.740877667,-0.406131551
4420.380544630,-1272.216678905,-619.882993588,-0.401557309
4421.380415903,-1273.206388309,-620.025109509,-0.396983067
4422.380287177,-1274.196097714,-620.167225430,-0.392408825
4423.380158451,-1275.185807118,-620.309341350,-0.387834583
4424.380029725,-1276.175516523,-620.451457271,-0.383260341
4425.379900552,-1277.165091706,-620.594500097,-0.378636732
4426.379772406,-1278.154460972,-620.738964959,-0.373937385
4427.379644260,-1279.143830238,-620.883429821,-0.369238038
4428.379516114,-1280.133199504,-621.027894683,-0.364538691
4429.379387967,-1281.122568769,-621.172359544,-0.359839344
4430.379259821,-1282.111938035,-621.316824406,-0.355139997
4431.379131675,-1283.101307301,-621.461289268,-0.350440650
4432.379003529,-1284.090676566,-621.605754130,-0.345741303
4433.378875383,-1285.080045832,-621.750218992,-0.341041955
4434.378747237,-1286.069415098,-621.894683853,-0.336342608
4435.378619632,-1287.058942312,-622.038062333,-0.331514461
4436.378492174,-1288.048488395,-622.181311030,-0.326670927
4437.378364716,-1289.038034479,-622.324559727,-0.321827393
4438.378237258,-1290.027580562,-622.467808424,-0.316983859
4439.378109799,-1291.017126645,-622.611057121,-0.312140325
4440.377982342,-1292.006672729,-622.754305818,-0.307296791
4441.377854883,-1292.996218812,-622.897554515,-0.302453257
4442.377727425,-1293.985764895,-623.040803212,-0.297609723
4443.377599968,-1294.975310979,-623.184051910,-0.292766189
4444.377472700,-1295.964799762,-623.327695016,-0.287858300
4445.377346050,-1296.954199655,-623.471949966,-0.282850577
4446.377219401,-1297.943599549,-623.616204916,-0.277842855
4447.377092752,-1298.932999443,-623.760459866,-0.272835132
4448.376966102,-1299.922399336,-623.904714816,-0.267827409
4449.376839453,-1300.911799230,-624.048969766,-0.262819687
4450.376712804,-1301.901199124,-624.193224716,-0.257811964
4451.376586154,-1302.890599017,-624.337479666,-0.252804242
4452.376459506,-1303.879998911,-624.481734616,-0.247796519
4453.376332857,-1304.869398805,-624.625989566,-0.242788796
4454.376207056,-1305.858782336,-624.770356690,-0.237614219
4455.376081362,-1306.848163858,-624.914737588,-0.232419152
4456.375955669,-1307.837545381,-625.059118486,-0.227224086
4457.375829976,-1308.826926903,-625.203499383,-0.222029019
4458.375704282,-1309.816308425,-625.347880281,-0.216833952
4459.375578588,-1310.805689947,-625.492261179,-0.211638886
4460.375452896,-1311.795071470,-625.636642077,-0.206443819
4461.375327202,-1312.784452992,-625.781022975,-0.201248752
4462.375201508,-1313.773834514,-625.925403873,-0.196053686
4463.375076083,-1314.763153500,-626.070211648,-0.190779537
4464.374951465,-1315.752374390,-626.215689038,-0.185381338
4465.374826848,-1316.741595280,-626.361166428,-0.179983140
4466.374702230,-1317.730816170,-626.506643817,-0.174584941
4467.374577613,-1318.720037060,-626.652121207,-0.169186742
4468.374452996,-1319.709257950,-626.797598597,-0.163788543
4469.374328378,-1320.698478840,-626.943075987,-0.158390344
4470.374203761,-1321.687699730,-627.088553377,-0.152992145
4471.374079143,-1322.676920620,-627.234030766,-0.147593946
4472.373954527,-1323.666141511,-627.379508156,-0.142195748
4473.373830899,-1324.655423561,-627.524568980,-0.136615306
4474.373707411,-1325.644713326,-627.669577262,-0.131011877
4475.373583922,-1326.634003090,-627.814585543,-0.125408449
4476.373460434,-1327.623292855,-627.959593824,-0.119805021
4477.373336946,-1328.612582620,-628.104602106,-0.114201592
4478.373213457,-1329.601872384,-628.249610387,-0.108598164
4479.373089969,-1330.591162149,-628.394618669,-0.102994735
4480.372966481,-1331.580451914,-628.539626950,-0.097391307
4481.372842991,-1332.569741678,-628.684635231,-0.091787878
4482.372719768,-1333.559096702,-628.829196474,-0.086108752
4483.372597397,-1334.548555240,-628.973048628,-0.080309556
4484.372475025,-1335.538013778,-629.116900782,-0.074510359
4485.372352653,-1336.527472316,-629.260752936,-0.068711163
4486.372230281,-1337.516930854,-629.404605090,-0.062911966
4487.372107909,-1338.506389392,-629.548457244,-0.057112770
4488.371985536,-1339.495847929,-629.692309398,-0.051313573
4489.371863165,-1340.485306467,-629.836161552,-0.045514376
4490.371740793,-1341.474765005,-629.980013706,-0.039715180
4491.371618421,-1342.464223543,-630.123865860,-0.033915983
4492.371496907,-1343.453689528,-630.267666777,-0.027970498
4493.371375508,-1344.443156478,-630.411461059,-0.022006069
4494.371254108,-1345.432623428,-630.555255340,-0.016041641
4495.371132707,-1346.422090377,-630.699049622,-0.010077212
4496.371011307,-1347.411557327,-630.842843904,-0.004112783
4497.370889907,-1348.401024277,-630.986638186,0.001851646
4498.370768507,-1349.390491227,-631.130432468,0.007816074
4499.370647107,-1350.379958176,-631.274226750,0.013780503
4500.370525707,-1351.369425126,-631.418021032,0.019744932
4501.370404594,-1352.358902684,-631.561742270,0.025757948
4502.370283956,-1353.348397257,-631.705346345,0.031848899
4503.370163319,-1354.337891830,-631.848950420,0.037939850
4504.370042682,-1355.327386403,-631.992554495,0.044030802
4505.369922045,-1356.316880976,-632.136158570,0.050121753
4506.369801407,-1357.306375549,-632.279762645,0.056212704
4507.369680770,-1358.295870122,-632.423366720,0.062303655
4508.369560133,-1359.285364695,-632.566970795,0.068394606
4509.369439495,-1360.274859267,-632.710574870,0.074485557
4510.369318851,-1361.264353508,-632.854181238,0.080575329
4511.369198641,-1362.253954725,-632.997048287,0.086742308
4512.369078538,-1363.243570398,-633.139815441,0.092920396
4513.368958435,-1364.233186071,-633.282582594,0.099098484
4514.368838333,-1365.222801744,-633.425349747,0.105276572
4515.368718230,-1366.212417417,-633.568116901,0.111454660
4516.368598127,-1367.202033090,-633.710884054,0.117632748
4517.368478025,-1368.191648763,-633.853651208,0.123810836
4518.368357922,-1369.181264436,-633.996418361,0.129988924
4519.368237820,-1370.170880109,-634.139185515,0.136167012
4520.368117776,-1371.160450159,-634.282267978,0.142367978
4521.367998045,-1372.149946207,-634.425861886,0.148606054
4522.367878315,-1373.139442256,-634.569455793,0.154844131
4523.367758585,-1374.128938304,-634.713049700,0.161082207
4524.367638855,-1375.118434353,-634.856643607,0.167320283
4525.367519124,-1376.107930401,-635.000237514,0.173558360
4526.367399394,-1377.097426450,-635.143831422,0.179796436
4527.367279664,-1378.086922498,-635.287425329,0.186034512
4528.367159934,-1379.076418547,-635.431019236,0.192272589
4529.367040203,-1380.065914595,-635.574613143,0.198510665
4530.366920687,-1381.055514313,-635.717490602,0.204788576
4531.366801240,-1382.045128159,-635.860270415,0.211071916
4532.366681793,-1383.034742006,-636.003050229,0.217355256
4533.366562346,-1384.024355852,-636.145830042,0.223638596
4534.366442900,-1385.013969699,-636.288609856,0.229921937
4535.366323452,-1386.003583545,-636.431389669,0.236205277
4536.366204005,-1386.993197391,-636.574169482,0.242488617
4537.366084559,-1387.982811238,-636.716949296,0.248771957
4538.365965111,-1388.972425084,-636.859729109,0.255055297
4539.365845685,-1389.961994195,-637.002818084,0.261354581
4540.365726503,-1390.951489925,-637.146414185,0.267680019
4541.365607323,-1391.940985656,-637.290010286,0.274005456
4542.365488141,-1392.930481386,-637.433606387,0.280330894
4543.365368960,-1393.919977116,-637.577202488,0.286656331
4544.365249778,-1394.909472846,-637.720798589,0.292981769
4545.365130597,-1395.898968576,-637.864394690,0.299307206
4546.365011416,-1396.888464307,-638.007990791,0.305632644
4547.364892234,-1397.877960037,-638.151586891,0.311958082
4548.364773053,-1398.867455767,-638.295182992,0.318283519
4549.364654122,-1399.856997139,-638.438464183,0.324649587
4550.364535235,-1400.846544887,-638.581701380,0.331021331
4551.364416347,-1401.836092635,-638.724938577,0.337393074
4552.364297460,-1402.825640383,-638.868175775,0.343764818
4553.364178573,-1403.815188131,-639.011412972,0.350136562
4554.364059685,-1404.804735879,-639.154650169,0.356508306
4555.363940798,-1405.794283627,-639.297887366,0.362880050
4556.363821911,-1406.783831375,-639.441124563,0.369251793
4557.363703023,-1407.773379123,-639.584361760,0.375623537
4558.363584223,-1408.762890038,-639.727852807,0.382017519
4559.363465714,-1409.752339851,-639.871764958,0.388448389
4560.363347205,-1410.741789664,-640.015677109,0.394879260
4561.363228696,-1411.731239477,-640.159589260,0.401310131
4562.363110188,-1412.720689291,-640.303501411,0.407741002
4563.362991679,-1413.710139104,-640.447413562,0.414171872
4564.362873169,-1414.699588917,-640.591325713,0.420602743
4565.362754660,-1415.689038730,-640.735237864,0.427033614
4566.362636152,-1416.678488544,-640.879150015,0.433464485
4567.362516009,-1417.668696014,-641.017738149,0.439962418
4568.362397996,-1418.659011804,-641.155565129,0.446469939
4569.362279983,-1419.649327594,-641.293392109,0.452977460
4570.362161970,-1420.639643384,-641.431219090,0.459484980
4571.362043957,-1421.629959174,-641.569046070,0.465992501
4572.361925944,-1422.620274964,-641.706873050,0.472500022
4573.361807932,-1423.610590754,-641.844700031,0.479007543
4574.361689919,-1424.600906544,-641.982527011,0.485515064
4575.361571906,-1425.591222334,-642.120353991,0.492022585
4576.361452313,-1426.581332954,-642.259634243,0.498564708
4577.361334906,-1427.571099578,-642.401351107,0.505164845
4578.361217500,-1428.560866202,-642.543067972,0.511764982
4579.361100095,-1429.550632827,-642.684784836,0.518365119
4580.360982689,-1430.540399451,-642.826501701,0.524965256
4581.360865283,-1431.530166075,-642.968218565,0.531565393
4582.360747877,-1432.519932699,-643.109935430,0.538165530
4583.360630472,-1433.509699324,-643.251652294,0.544765667
4584.360513065,-1434.499465948,-643.393369159,0.551365804
4585.360395659,-1435.489232572,-643.535086023,0.557965941
4586.360278832,-1436.478849158,-643.677846282,0.564665229
4587.360162182,-1437.468443775,-643.820759309,0.571379033
4588.360045533,-1438.458038392,-643.963672336,0.578092837
4589.359928884,-1439.447633010,-644.106585363,0.584806642
4590.359812235,-1440.437227627,-644.249498391,0.591520446
4591.359695586,-1441.426822245,-644.392411418,0.598234251
4592.359578937,-1442.416416862,-644.535324445,0.604948055
4593.359462288,-1443.406011480,-644.678237472,0.611661859
4594.359345639,-1444.395606097,-644.821150499,0.618375664
4595.359229255,-1445.385239910,-644.963791409,0.625138271
4596.359113498,-1446.374940184,-645.105970901,0.631983630
4597.358997740,-1447.364640458,-645.248150392,0.638828990
4598.358881983,-1448.354340732,-645.390329883,0.645674350
4599.358766226,-1449.344041006,-645.532509375,0.652519710
4600.358650469,-1450.333741280,-645.674688866,0.659365070
4601.358534712,-1451.323441554,-645.816868357,0.666210430
4602.358418954,-1452.313141828,-645.959047848,0.673055789
4603.358303197,-1453.302842102,-646.101227340,0.679901149
4604.358187440,-1454.292542376,-646.243406831,0.686746509
4605.358072631,-1455.282196958,-646.385903969,0.693730028
4606.357957969,-1456.271844689,-646.528448728,0.700733538
4607.357843276,-1457.261492416,-646.670993513,0.707732700
4608.357728585,-1458.251140144,-646.813538298,0.714731862
4609.357613892,-1459.240787871,-646.956083084,0.721731023
4610.357499199,-1460.230435598,-647.098627869,0.728730185
4611.357384508,-1461.220083326,-647.241172655,0.735729347
4612.357269815,-1462.209731053,-647.383717440,0.742728508
4613.357155123,-1463.199378781,-647.526262226,0.749727670
4614.357040863,-1464.189044693,-647.668680603,0.756790357
4615.356927393,-1465.178741793,-647.810882188,0.763961990
4616.356813923,-1466.168438893,-647.953083774,0.771133624
4617.356700452,-1467.158135992,-648.095285359,0.778305258
4618.356586982,-1468.147833092,-648.237486945,0.785476891
4619.356473512,-1469.137530192,-648.379688530,0.792648525
4620.356360042,-1470.127227292,-648.521890115,0.799820159
4621.356246571,-1471.116924391,-648.664091701,0.806991792
4622.356133101,-1472.106621491,-648.806293286,0.814163426
4623.356019632,-1473.096318591,-648.948494872,0.821335059
4624.355907317,-1474.086103315,-649.090085062,0.828670028
4625.355795215,-1475.075901480,-649.231581464,0.836030053
4626.355683115,-1476.065699646,-649.373077866,0.843390078
4627.355571013,-1477.055497811,-649.514574268,0.850750103
4628.355458912,-1478.045295977,-649.656070670,0.858110128
4629.355346811,-1479.035094143,-649.797567072,0.865470153
4630.355234710,-1480.024892308,-649.939063473,0.872830178
4631.355122609,-1481.014690474,-650.080559875,0.880190203
4632.355010507,-1482.004488639,-650.222056277,0.887550227
4633.354898898,-1482.994319093,-650.363326306,0.894982993
4634.354788281,-1483.984205558,-650.504203653,0.902541940
4635.354677664,-1484.974092023,-650.645080999,0.910100887
4636.354567047,-1485.963978488,-650.785958345,0.917659834
4637.354456430,-1486.953864953,-650.926835692,0.925218781
4638.354345813,-1487.943751418,-651.067713038,0.932777728
4639.354235196,-1488.933637883,-651.208590384,0.940336674
4640.354124579,-1489.923524348,-651.349467731,0.947895621
4641.354013961,-1490.913410813,-651.490345077,0.955454568
4642.353903344,-1491.903297278,-651.631222423,0.963013515
4643.353793996,-1492.893011718,-651.773302454,0.970753499
4644.353684985,-1493.882699162,-651.915571232,0.978521894
4645.353575973,-1494.872386605,-652.057840010,0.986290289
4646.353466961,-1495.862074048,-652.200108787,0.994058684
4647.353357949,-1496.851761491,-652.342377565,1.001827079
4648.353248937,-1497.841448934,-652.484646342,1.009595475
4649.353139925,-1498.831136377,-652.626915120,1.017363870
4650.353030913,-1499.820823820,-652.769183898,1.025132265
4651.352921902,-1500.810511264,-652.911452675,1.032900660
4652.355528594,-1501.800215616,-653.053603689,1.107052959
4653.355918982,-1502.789779821,-653.196726030,1.139604578
4654.355784851,-1503.779305640,-653.340114641,1.136423849
4655.355650720,-1504.768831458,-653.483503253,1.133243120
4656.355516590,-1505.758357277,-653.626891864,1.130062391
4657.355382460,-1506.747883096,-653.770280476,1.126881662
4658.355248329,-1507.737408915,-653.913669087,1.123700932
4659.355114199,-1508.726934734,-654.057057699,1.120520203
4660.354980069,-1509.716460553,-654.200446310,1.117339474
4661.354845938,-1510.705986372,-654.343834922,1.114158745
4662.354728721,-1511.695528203,-654.487112985,1.120787539
4663.354623181,-1512.685072603,-654.630373308,1.128990609
4664.354517640,-1513.674617003,-654.773633630,1.137193679
4665.354412101,-1514.664161404,-654.916893953,1.145396750
4666.354306560,-1515.653705804,-655.060154275,1.153599820
4667.354201019,-1516.643250204,-655.203414598,1.161802891
4668.354095480,-1517.632794605,-655.346674920,1.170005961
4669.353989939,-1518.622339005,-655.489935243,1.178209032
4670.353884398,-1519.611883405,-655.633195565,1.186412102
4671.353778681,-1520.601290784,-655.777393644,1.194690274
4672.353674872,-1521.590454978,-655.923256037,1.203101736
4673.353571063,-1522.579619172,-656.069118429,1.211513198
4674.353467254,-1523.568783366,-656.214980821,1.219924659
4675.353363445,-1524.557947560,-656.360843214,1.228336121
4676.353259636,-1525.547111754,-656.506705606,1.236747582
4677.353155827,-1526.536275948,-656.652567998,1.245159044
4678.353052018,-1527.525440142,-656.798430391,1.253570505
4679.352948209,-1528.514604336,-656.944292783,1.261981967
4680.352844400,-1529.503768530,-657.090155175,1.270393428
4681.352741719,-1530.493217278,-657.234072448,1.278974871
4682.352639594,-1531.482712708,-657.377670616,1.287584200
4683.352537469,-1532.472208138,-657.521268785,1.296193529
4684.352435344,-1533.461703568,-657.664866954,1.304802858
4685.352333219,-1534.451198998,-657.808465123,1.313412186
4686.352231094,-1535.440694428,-657.952063291,1.322021515
4687.352128969,-1536.430189858,-658.095661460,1.330630844
4688.352026844,-1537.419685288,-658.239259629,1.339240173
4689.351924719,-1538.409180718,-658.382857798,1.347849501
4690.351822536,-1539.398796562,-658.525619274,1.356526229
4691.351722051,-1540.388628582,-658.666878653,1.365323957
4692.351621566,-1541.378460602,-658.808138032,1.374121685
4693.351521081,-1542.368292622,-658.949397412,1.382919413
4694.351420597,-1543.358124643,-659.090656791,1.391717140
4695.351320112,-1544.347956663,-659.231916170,1.400514868
4696.351219627,-1545.337788683,-659.373175549,1.409312596
4697.351119142,-1546.327620703,-659.514434928,1.418110324
4698.351018657,-1547.317452723,-659.655694307,1.426908052
4699.350918171,-1548.307284743,-659.796953686,1.435705780
4700.350819043,-1549.297119107,-659.938196641,1.444656337
4701.350720144,-1550.286953864,-660.079436843,1.453632514
4702.350621245,-1551.276788620,-660.220677045,1.462608691
4703.350522346,-1552.266623377,-660.361917247,1.471584869
4704.350423451,-1553.256458089,-660.503157760,1.480561433
4705.350324579,-1554.246292500,-660.644400388,1.489540629
4706.350225707,-1555.236126910,-660.785643016,1.498519825
4707.350126836,-1556.225961321,-660.926885644,1.507499021
4708.350027963,-1557.215795731,-661.068128272,1.516478217
4709.349929600,-1558.205611988,-661.209497956,1.525515560
4710.349832213,-1559.195395278,-661.351098383,1.534658505
4711.349734825,-1560.185178567,-661.492698810,1.543801450
4712.349637437,-1561.174961856,-661.634299237,1.552944395
4713.349540049,-1562.164745145,-661.775899664,1.562087340
4714.349442661,-1563.154528434,-661.917500091,1.571230285
4715.349345273,-1564.144311723,-662.059100518,1.580373230
4716.349247885,-1565.134095012,-662.200700945,1.589516175
4717.349150498,-1566.123878301,-662.342301372,1.598659120
4718.349053110,-1567.113661590,-662.483901799,1.607802065
4719.348956775,-1568.103350434,-662.626160565,1.617063615
4720.348860667,-1569.093023104,-662.768532074,1.626345476
4721.348764559,-1570.082695774,-662.910903583,1.635627338
4722.348668451,-1571.072368444,-663.053275092,1.644909200
4723.348572343,-1572.062041114,-663.195646600,1.654191061
4724.348476235,-1573.051713784,-663.338018109,1.663472923
4725.348380127,-1574.041386454,-663.480389618,1.672754784
4726.348284019,-1575.031059124,-663.622761127,1.682036646
4727.348187911,-1576.020731794,-663.765132635,1.691318507
4728.348092120,-1577.010403553,-663.907510473,1.700634500
4729.347996916,-1578.000073640,-664.049899938,1.710013200
4730.347901711,-1578.989743726,-664.192289404,1.719391899
4731.347806507,-1579.979413813,-664.334678869,1.728770599
4732.347711303,-1580.969083900,-664.477068334,1.738149298
4733.347616098,-1581.958753986,-664.619457799,1.747527998
4734.347520894,-1582.948424073,-664.761847265,1.756906697
4735.347425690,-1583.938094160,-664.904236730,1.766285397
4736.347330485,-1584.927764246,-665.046626195,1.775664096
4737.347235280,-1585.917434333,-665.189015660,1.785042796
4738.347140436,-1586.907085151,-665.331538975,1.794460006
4739.347045657,-1587.896732599,-665.474085699,1.803883952
4740.346950879,-1588.886380048,-665.616632422,1.813307898
4741.346856100,-1589.876027496,-665.759179146,1.822731844
4742.346761320,-1590.865674944,-665.901725869,1.832155790
4743.346666541,-1591.855322392,-666.044272593,1.841579735
4744.346571763,-1592.844969841,-666.186819317,1.851003681
4745.346476984,-1593.834617289,-666.329366040,1.860427627
4746.346382204,-1594.824264737,-666.471912764,1.869851573
4747.346287363,-1595.813936669,-666.614289210,1.879271840
4748.346192485,-1596.803654108,-666.756349168,1.888685269
4749.346097607,-1597.793371546,-666.898409127,1.898098698
4750.346002729,-1598.783088985,-667.040469085,1.907512127
4751.345907851,-1599.772806424,-667.182529044,1.916925556
4752.345812973,-1600.762523862,-667.324589003,1.926338985
4753.345718095,-1601.752241301,-667.466648961,1.935752414
4754.345623217,-1602.741958740,-667.608708920,1.945165843
4755.345528339,-1603.731676178,-667.750768879,1.954579272
4756.345433461,-1604.721393617,-667.892828837,1.963992701
4757.345338078,-1605.711129192,-668.034762375,1.973352549
4758.345242607,-1606.700868005,-668.176673339,1.982702829
4759.345147136,-1607.690606818,-668.318584302,1.992053110
4760.345051667,-1608.680345632,-668.460495266,2.001403390
4761.344956196,-1609.670084445,-668.602406230,2.010753670
4762.344860725,-1610.659823258,-668.744317194,2.020103950
4763.344765255,-1611.649562072,-668.886228158,2.029454231
4764.344669784,-1612.639300885,-669.028139122,2.038804511
4765.344574313,-1613.629039698,-669.170050086,2.048154791
4766.344475438,-1614.619033232,-669.310150610,2.057477071
4767.344379217,-1615.609505740,-669.446846812,2.066746699
4768.344282996,-1616.599978248,-669.583543015,2.076016326
4769.344186773,-1617.590450755,-669.720239218,2.085285954
4770.344090552,-1618.580923263,-669.856935420,2.094555581
4771.343994331,-1619.571395771,-669.993631623,2.103825209
4772.343893900,-1620.562716374,-670.124006936,2.113038610
4773.343797064,-1621.554190866,-670.253235307,2.122241809
4774.343700229,-1622.545665358,-670.382463679,2.131445008
4775.343603394,-1623.537139850,-670.511692050,2.140648206
4776.343498288,-1624.528979507,-670.638023378,2.149829120
4777.343400862,-1625.521509981,-670.758874108,2.158967876
4778.343303436,-1626.514040455,-670.879724837,2.168106632
4779.343206009,-1627.506570928,-671.000575566,2.177245387
4780.343096953,-1628.499503882,-671.117976205,2.186363428
4781.342998981,-1629.493200080,-671.228834255,2.195442185
4782.342901007,-1630.486896277,-671.339692306,2.204520942
4783.342803034,-1631.480592474,-671.450550357,2.213599699
4784.342696752,-1632.475264772,-671.552201278,2.222630614
4785.342598267,-1633.470116415,-671.652160515,2.231652738
4786.342499782,-1634.464968058,-671.752119753,2.240674862
4787.342392007,-1635.460746932,-671.842276317,2.249657613
4788.342293102,-1636.456696694,-671.930626250,2.258633108
4789.342194197,-1637.452646457,-672.018976183,2.267608602
4790.342084912,-1638.449449481,-672.096985611,2.276536238
4791.341985500,-1639.446410231,-672.173083601,2.285455027
4792.341886087,-1640.443370980,-672.249181591,2.294373816
4793.341776512,-1641.441049611,-672.315056588,2.303244817
4794.341676596,-1642.438861354,-672.379036018,2.312106958
4795.341576680,-1643.436673096,-672.443015448,2.320969099
4796.341467729,-1644.435047234,-672.497360630,2.329789086
4797.341367371,-1645.433525971,-672.549913944,2.338601233
4798.341267013,-1646.432004709,-672.602467258,2.347413380
4799.341157822,-1647.430927758,-672.645568033,2.356170953
4800.341056895,-1648.429933696,-672.686905365,2.364918345
4801.340955969,-1649.428939635,-672.728242697,2.373665737
4802.340842799,-1650.428073705,-672.766040061,2.382391721
4803.340741327,-1651.427453965,-672.797035805,2.391076522
4804.340639851,-1652.426834209,-672.828032056,2.399760915
4805.340538375,-1653.426214453,-672.859028306,2.408445309
4806.340431159,-1654.425792897,-672.882568117,2.417070290
4807.340329072,-1655.425408578,-672.904706999,2.425684109
4808.340226986,-1656.425024259,-672.926845881,2.434297927
4809.340124900,-1657.424639940,-672.948984763,2.442911746
4810.340017933,-1658.424377752,-672.964392500,2.451455002
4811.339915128,-1659.424138604,-672.978530363,2.459984945
4812.339812322,-1660.423899455,-672.992668227,2.468514888
4813.339709517,-1661.423660307,-673.006806090,2.477044832
4814.339598591,-1662.423449561,-673.018089692,2.485547155
4815.339495098,-1663.423293783,-673.023849180,2.493996022
4816.339391604,-1664.423138005,-673.029608669,2.502444889
4817.339288110,-1665.422982227,-673.035368157,2.510893757
4818.339175069,-1666.422830178,-673.038027636,2.519315894
4819.339070915,-1667.422685361,-673.034673036,2.527686176
4820.338966760,-1668.422540544,-673.031318436,2.536056458
4821.338862606,-1669.422395727,-673.027963835,2.544426740
4822.338751316,-1670.422181733,-673.016286779,2.552734658
4823.338646542,-1671.421954529,-673.003020413,2.561030667
4824.338541769,-1672.421727325,-672.989754047,2.569326676
4825.338423538,-1673.421431079,-672.972797919,2.577599923
4826.338318210,-1674.421000316,-672.948652943,2.585828819
4827.338212882,-1675.420569554,-672.924507967,2.594057716
4828.338093256,-1676.420025631,-672.896562149,2.602264041
4829.337987381,-1677.419260838,-672.861197761,2.610426312
4830.337881508,-1678.418496046,-672.825833373,2.618588582
4831.337761704,-1679.417577819,-672.786721424,2.626729408
4832.337655315,-1680.416359593,-672.740282123,2.634828308
4833.337548925,-1681.415141367,-672.693842822,2.642927207
4834.337429596,-1682.413736205,-672.643798242,2.651004698
4835.337322697,-1683.411964876,-672.586691657,2.659040253
4836.337215796,-1684.410193546,-672.529585071,2.667075807
4837.337095902,-1685.408196453,-672.468871007,2.675089990
4838.336988496,-1686.405756317,-672.401077500,2.683062230
4839.336881088,-1687.403316180,-672.333283993,2.691034471
4840.336759922,-1688.400603425,-672.261781556,2.698986506
4841.336652039,-1689.397354692,-672.182987185,2.706898816
4842.336544156,-1690.394105959,-672.104192815,2.714811126
4843.336422297,-1691.390541089,-672.021663989,2.722705466
4844.336313993,-1692.386353602,-671.931780284,2.730564414
4845.336205688,-1693.382166114,-671.841896580,2.738423362
4846.336084239,-1694.377632860,-671.748400005,2.746263237
4847.335975491,-1695.372417404,-671.647775200,2.754065481
4848.335866741,-1696.367201947,-671.547150394,2.761867725
4849.335744738,-1697.361600257,-671.442903510,2.769652068
4850.335635576,-1698.355235093,-671.331496801,2.777401025
4851.335526413,-1699.348869928,-671.220090093,2.785149982
4852.335402977,-1700.342062391,-671.104929032,2.792883293
4853.335293454,-1701.334378828,-670.982333235,2.800585617
4854.335183931,-1702.326695265,-670.859737437,2.808287942
4855.335059585,-1703.318517423,-670.733321416,2.815976860
4856.334949755,-1704.309359036,-670.599326868,2.823639183
4857.334839924,-1705.300200648,-670.465332319,2.831301505
4858.334716724,-1706.290533000,-670.327720701,2.838949305
4859.334606561,-1707.279853287,-670.182920808,2.846568245
4860.334496400,-1708.269173575,-670.038120915,2.854187185
4861.334373533,-1709.257959496,-669.889800977,2.861794987
4862.334263117,-1710.245681466,-669.734472454,2.869380616
4863.334152702,-1711.233403436,-669.579143931,2.876966245
4864.334028612,-1712.220531633,-669.420171081,2.884541875
4865.333917970,-1713.206475415,-669.253928791,2.892097560
4866.333807328,-1714.192419197,-669.087686501,2.899653246
4867.333682672,-1715.177721380,-668.917764830,2.907198915
4868.333571804,-1716.161741503,-668.740490923,2.914724569
4869.333460936,-1717.145761626,-668.563217016,2.922250223
4870.333336428,-1718.129108680,-668.382321871,2.929768094
4871.333225384,-1719.111108345,-668.194177518,2.937270384
4872.333114340,-1720.093108010,-668.006033165,2.944772674
4873.332988366,-1721.074361421,-667.814112190,2.952266107
4874.332877124,-1722.054118129,-667.614616740,2.959741776
4875.332765880,-1723.033874836,-667.415121289,2.967217445
4876.332636855,-1724.012767538,-667.211515607,2.974685365
4877.332525437,-1724.989924243,-666.999651467,2.982137716
4878.332414020,-1725.967080948,-666.787787327,2.989590067
4879.332283673,-1726.943292540,-666.571697465,2.997034680
4880.332172081,-1727.917601778,-666.347101945,3.004463720
4881.332060491,-1728.891911017,-666.122506424,3.011892760
4882.331932001,-1729.865277919,-665.893935096,3.019312946
4883.331820212,-1730.836744735,-665.657347133,3.026715281
4884.331708424,-1731.808211552,-665.420759169,3.034117616
4885.331582323,-1732.778769083,-665.180527552,3.041511114
4886.331470337,-1733.747489822,-664.932935609,3.048886763
4887.331358351,-1734.716210561,-664.685343666,3.056262412
4888.331232974,-1735.684014307,-664.434244186,3.063625944
4889.331120718,-1736.649962225,-664.176046083,3.070964953
4890.331008462,-1737.615910142,-663.917847980,3.078303962
4891.330882873,-1738.580905636,-663.656163338,3.085630870
4892.330770349,-1739.543970062,-663.387409638,3.092933242
4893.330657826,-1740.507034489,-663.118655938,3.100235614
4894.330533064,-1741.469152457,-662.846578026,3.107523682
4895.330420224,-1742.429348026,-662.567748131,3.114782694
4896.330307384,-1743.389543594,-662.288918237,3.122041706
4897.330182227,-1744.348757169,-662.006771798,3.129280948
4898.330068954,-1745.305972477,-661.717876496,3.136479959
4899.329955680,-1746.263187784,-661.428981195,3.143678970
4900.329842408,-1747.220403092,-661.140085893,3.150877982
4901.329720937,-1748.175059500,-660.842870225,3.158023811
4902.329607200,-1749.129188157,-660.543938550,3.165158161
4903.329493403,-1750.083316977,-660.245007396,3.172284124
4904.329366904,-1751.036381275,-659.942740901,3.179385294
4905.329252572,-1751.987269993,-659.633657926,3.186435795
4906.329138240,-1752.938158711,-659.324574951,3.193486297
4907.329023909,-1753.889047430,-659.015491976,3.200536799
4908.328901004,-1754.837174022,-658.698062365,3.207509204
4909.328786012,-1755.784727186,-658.378899959,3.214465397
4910.328671020,-1756.732280350,-658.059737553,3.221421589
4911.328544375,-1757.678752687,-657.737419509,3.228344094
4912.328428673,-1758.623006700,-657.408624742,3.235197457
4913.328312971,-1759.567260713,-657.079829975,3.242050821
4914.328197268,-1760.511514726,-656.751035208,3.248904184
4915.328074541,-1761.453164262,-656.414873000,3.255663015
4916.327958062,-1762.394269488,-656.077171070,3.262402090
4917.327841582,-1763.335374714,-655.739469140,3.269141165
4918.327716027,-1764.275481319,-655.399022916,3.275837788
4919.327598681,-1765.213529444,-655.052919816,3.282446905
4920.327481335,-1766.151577569,-654.706816715,3.289056021
4921.327363987,-1767.089625693,-654.360713615,3.295665138
4922.327239731,-1768.026800601,-654.012271437,3.302202972
4923.327120964,-1768.962171146,-653.658995929,3.308593510
4924.327002196,-1769.897541690,-653.305720421,3.314984049
4925.326883429,-1770.832912235,-652.952444912,3.321374587
4926.326764661,-1771.768282779,-652.599169404,3.327765125
4927.326645894,-1772.703653324,-652.245893896,3.334155664
4928.326527126,-1773.639023868,-651.892618388,3.340546202
4929.326407524,-1774.574309836,-651.539119195,3.346814280
4930.326286421,-1775.509420263,-651.185155735,3.352828185
4931.326165317,-1776.444530689,-650.831192276,3.358842089
4932.326044214,-1777.379641116,-650.477228817,3.364855994
4933.325923109,-1778.314751542,-650.123265358,3.370869899
4934.325802006,-1779.249861969,-649.769301899,3.376883804
4935.325680902,-1780.184972395,-649.415338439,3.382897709
4936.325559799,-1781.120082822,-649.061374980,3.388911614
4937.325438695,-1782.055193248,-648.707411521,3.394925519
4938.325317591,-1782.990303675,-648.353448062,3.400939424
4939.325193998,-1783.925725682,-648.000309076,3.406538864
4940.325069995,-1784.861214317,-647.647346395,3.412049676
4941.324945992,-1785.796702952,-647.294383714,3.417560487
4942.324821989,-1786.732191587,-646.941421034,3.423071299
4943.324697985,-1787.667680221,-646.588458353,3.428582110
4944.324573982,-1788.603168856,-646.235495672,3.434092922
4945.324449979,-1789.538657491,-645.882532991,3.439603733
4946.324325976,-1790.474146126,-645.529570310,3.445114545
4947.324201973,-1791.409634761,-645.176607629,3.450625356
4948.324289294,-1792.345072795,-644.823510925,3.471910397
4949.325630076,-1793.280404530,-644.470132679,3.526332107
4950.326121965,-1794.215764968,-644.116830433,3.561862295
4951.326018401,-1795.151192208,-643.763705076,3.553421710
4952.325914838,-1796.086619449,-643.410579720,3.544981126
4953.325811275,-1797.022046690,-643.057454363,3.536540541
4954.325707711,-1797.957473931,-642.704329007,3.528099956
4955.325604148,-1798.892901172,-642.351203651,3.519659372
4956.325500584,-1799.828328412,-641.998078294,3.511218787
4957.325397020,-1800.763755653,-641.644952938,3.502778202
4958.325259865,-1801.699190866,-641.291848700,3.504795151
4959.325129897,-1802.634627815,-640.938749061,3.509089289
4960.324999928,-1803.570064764,-640.585649423,3.513383427
4961.324869960,-1804.505501713,-640.232549784,3.517677566
4962.324739991,-1805.440938662,-639.879450145,3.521971704
4963.324610023,-1806.376375611,-639.526350506,3.526265843
4964.324480054,-1807.311812559,-639.173250867,3.530559981
4965.324350085,-1808.247249508,-638.820151229,3.534854119
4966.324220117,-1809.182686457,-638.467051590,3.539148258
4967.324089142,-1810.118200891,-638.114157439,3.543213813
4968.323956359,-1811.053880087,-637.761700233,3.546793315
4969.323823577,-1811.989559284,-637.409243028,3.550372817
4970.323690795,-1812.925238480,-637.056785822,3.553952319
4971.323558012,-1813.860917676,-636.704328617,3.557531821
4972.323425231,-1814.796596873,-636.351871411,3.561111323
4973.323292448,-1815.732276069,-635.999414206,3.564690825
4974.323159665,-1816.667955265,-635.646957000,3.568270327
4975.323026883,-1817.603634462,-635.294499795,3.571849829
4976.322894101,-1818.539313658,-634.942042589,3.575429331
4977.322759263,-1819.474544185,-634.588397083,3.578439215
4978.322624231,-1820.409675245,-634.234488139,3.581322819
4979.322489200,-1821.344806305,-633.880579195,3.584206424
4980.322354168,-1822.279937365,-633.526670251,3.587090028
4981.322219137,-1823.215068425,-633.172761307,3.589973632
4982.322084106,-1824.150199486,-632.818852363,3.592857237
4983.321949075,-1825.085330546,-632.464943419,3.595740841
4984.321811554,-1826.019995791,-632.109811279,3.598390590
4985.321674670,-1826.953659753,-631.752049842,3.600537661
4986.321537786,-1827.887323716,-631.394288405,3.602684732
4987.321400902,-1828.820987678,-631.036526968,3.604831803
4988.321264017,-1829.754651640,-630.678765531,3.606978874
4989.321127133,-1830.688315602,-630.321004094,3.609125945
4990.320990249,-1831.621979565,-629.963242657,3.611273015
4991.320853364,-1832.555643527,-629.605481220,3.613420086
4992.320716480,-1833.489307489,-629.247719783,3.615567157
4993.320579595,-1834.422971451,-628.889958346,3.617714228
4994.320440444,-1835.357727576,-628.535063280,3.619195633
4995.320302141,-1836.292729660,-628.180813730,3.620527128
4996.320163838,-1837.227731744,-627.826564180,3.621858622
4997.320025534,-1838.162733827,-627.472314630,3.623190117
4998.319887232,-1839.097735911,-627.118065080,3.624521612
4999.319748929,-1840.032737990,-626.763815516,3.625853205
5000.319610629,-1840.967739947,-626.409565633,3.627187124
5001.319472329,-1841.902741904,-626.055315749,3.628521043
5002.319334030,-1842.837743862,-625.701065866,3.629854962
5003.319195197,-1843.772912653,-625.347257318,3.630949486
5004.319056172,-1844.708444470,-624.994409109,3.631523091
5005.318917146,-1845.643976287,-624.641560899,3.632096695
5006.318778121,-1846.579508104,-624.288712689,3.632670300
5007.318639097,-1847.515039922,-623.935864479,3.633243905
5008.318500072,-1848.450571739,-623.583016269,3.633817509
5009.318361046,-1849.386103556,-623.230168060,3.634391114
5010.318222021,-1850.321635373,-622.877319850,3.634964719
5011.318082997,-1851.257167191,-622.524471640,3.635538323
5012.317943972,-1852.192699008,-622.171623430,3.636111928
5013.317804781,-1853.128257644,-621.818846337,3.636121267
5014.317665599,-1854.063822426,-621.466085542,3.636001284
5015.317526416,-1854.999387208,-621.113324747,3.635881300
5016.317387234,-1855.934951991,-620.760563953,3.635761317
5017.317248052,-1856.870516773,-620.407803158,3.635641334
5018.317108869,-1857.806081555,-620.055042363,3.635521351
5019.316969687,-1858.741646338,-619.702281569,3.635401367
5020.316830504,-1859.677211120,-619.349520774,3.635281384
5021.316691322,-1860.612775902,-618.996759979,3.635161401
5022.316551914,-1861.548165978,-618.643536948,3.634843924
5023.316413008,-1862.483171197,-618.289295673,3.634091398
5024.316274102,-1863.418176416,-617.935054399,3.633338871
5025.316135195,-1864.353181635,-617.580813124,3.632586345
5026.315996289,-1865.288186854,-617.226571850,3.631833818
5027.315857382,-1866.223192073,-616.872330575,3.631081291
5028.315718476,-1867.158197292,-616.518089300,3.630328765
5029.315579570,-1868.093202511,-616.163848026,3.629576238
5030.315440663,-1869.028207730,-615.809606751,3.628823712
5031.315301757,-1869.963212949,-615.455365477,3.628071185
5032.315163308,-1870.898206375,-615.101093078,3.626853525
5033.315024998,-1871.833197051,-614.746813421,3.625527394
5034.314886688,-1872.768187728,-614.392533764,3.624201262
5035.314748378,-1873.703178404,-614.038254107,3.622875131
5036.314610068,-1874.638169081,-613.683974450,3.621549000
5037.314471758,-1875.573159757,-613.329694793,3.620222868
5038.314333447,-1876.508150433,-612.975415136,3.618896737
5039.314195138,-1877.443141110,-612.621135479,3.617570606
5040.314056827,-1878.378131786,-612.266855822,3.616244474
5041.313918657,-1879.313219358,-611.912832226,3.614759668
5042.313781157,-1880.248523029,-611.559379709,3.612920975
5043.313643658,-1881.183826701,-611.205927193,3.611082283
5044.313506159,-1882.119130373,-610.852474676,3.609243590
5045.313368661,-1883.054434045,-610.499022159,3.607404897
5046.313231162,-1883.989737717,-610.145569642,3.605566205
5047.313093663,-1884.925041389,-609.792117126,3.603727512
5048.312956164,-1885.860345061,-609.438664609,3.601888820
5049.312818664,-1886.795648732,-609.085212092,3.600050127
5050.312681166,-1887.730952404,-608.731759575,3.598211435
5051.312544393,-1888.666101619,-608.377898669,3.596002698
5052.312407841,-1889.601214192,-608.023940880,3.593706176
5053.312271289,-1890.536326765,-607.669983091,3.591409654
5054.312134737,-1891.471439338,-607.316025302,3.589113132
5055.311998184,-1892.406551910,-606.962067513,3.586816609
5056.311861632,-1893.341664483,-606.608109724,3.584520087
5057.311725080,-1894.276777056,-606.254151935,3.582223565
5058.311588528,-1895.211889629,-605.900194147,3.579927043
5059.311451976,-1896.147002202,-605.546236358,3.577630520
5060.311315143,-1897.082121584,-605.192296559,3.579801611
5061.311251103,-1898.017256340,-604.838397382,3.592060705
5062.311187065,-1898.952391097,-604.484498205,3.604319799
5063.311123025,-1899.887525853,-604.130599028,3.616578892
5064.311058986,-1900.822660610,-603.776699851,3.628837986
5065.310994946,-1901.757795366,-603.422800674,3.641097080
5066.310930907,-1902.692930123,-603.068901498,3.653356173
5067.310974458,-1903.628064638,-602.715001685,3.634239025
5068.311566372,-1904.563199008,-602.361101484,3.595995926
5069.312158284,-1905.498333377,-602.007201284,3.557752826
5070.312068033,-1906.433925036,-601.654512351,3.547839631
5071.311933579,-1907.369627034,-601.302115685,3.544762164
5072.311799126,-1908.305329033,-600.949719019,3.541684698
5073.311664672,-1909.241031031,-600.597322353,3.538607231
5074.311530219,-1910.176733030,-600.244925687,3.535529765
5075.311395765,-1911.112435028,-599.892529022,3.532452299
5076.311261312,-1912.048137027,-599.540132356,3.529374832
5077.311126859,-1912.983839026,-599.187735690,3.526297366
5078.310992405,-1913.919541024,-598.835339024,3.523219899
5079.310858269,-1914.855217086,-598.482873516,3.520038668
5080.310724924,-1915.790833849,-598.130250611,3.516620196
5081.310591578,-1916.726450612,-597.777627706,3.513201724
5082.310458232,-1917.662067375,-597.425004801,3.509783252
5083.310324886,-1918.597684138,-597.072381897,3.506364780
5084.310191540,-1919.533300901,-596.719758992,3.502946308
5085.310058196,-1920.468917665,-596.367136087,3.499527836
5086.309924849,-1921.404534428,-596.014513183,3.496109364
5087.309791504,-1922.340151191,-595.661890278,3.492690892
5088.309658158,-1923.275767954,-595.309267373,3.489272420
5089.309525445,-1924.210877666,-594.955302740,3.485604166
5090.309393210,-1925.145862959,-594.601008877,3.481874622
5091.309260977,-1926.080848253,-594.246715015,3.478145077
5092.309128743,-1927.015833547,-593.892421153,3.474415532
5093.308996509,-1927.950818840,-593.538127290,3.470685988
5094.308864275,-1928.885804134,-593.183833428,3.466956443
5095.308732041,-1929.820789428,-592.829539566,3.463226898
5096.308599807,-1930.755774721,-592.475245703,3.459497354
5097.308467574,-1931.690759910,-592.120951563,3.455767644
5098.308335673,-1932.625759194,-591.766694634,3.451948949
5099.308204529,-1933.560799862,-591.412546939,3.447937931
5100.308073385,-1934.495840530,-591.058399244,3.443926913
5101.307942240,-1935.430881197,-590.704251549,3.439915895
5102.307811096,-1936.365921865,-590.350103854,3.435904877
5103.307679952,-1937.300962533,-589.995956158,3.431893859
5104.307548808,-1938.236003201,-589.641808463,3.427882840
5105.307417663,-1939.171043868,-589.287660768,3.423871822
5106.307286519,-1940.106084536,-588.933513073,3.419860804
5107.307155375,-1941.041125204,-588.579365378,3.415849786
5108.307025010,-1941.976360047,-588.225730888,3.411639976
5109.306894893,-1942.911643337,-587.872224441,3.407380569
5110.306764776,-1943.846926627,-587.518717994,3.403121162
5111.306634659,-1944.782209917,-587.165211547,3.398861755
5112.306504541,-1945.717493206,-586.811705100,3.394602349
5113.306374424,-1946.652776496,-586.458198653,3.390342942
5114.306244307,-1947.588059786,-586.104692206,3.386083535
5115.306114190,-1948.523343076,-585.751185759,3.381824128
5116.305984074,-1949.458626366,-585.397679312,3.377564721
5117.305854110,-1950.394025848,-585.044480792,3.373239856
5118.305724949,-1951.329697740,-584.692004197,3.368761529
5119.305595789,-1952.265369633,-584.339527603,3.364283201
5120.305466629,-1953.201041526,-583.987051008,3.359804874
5121.305337468,-1954.136713418,-583.634574414,3.355326546
5122.305208307,-1955.072385311,-583.282097820,3.350848219
5123.305079147,-1956.008057203,-582.929621225,3.346369892
5124.304949986,-1956.943729096,-582.577144631,3.341891564
5125.304820826,-1957.879400989,-582.224668036,3.337413237
5126.304691665,-1958.815072881,-581.872191442,3.332934909
5127.304563193,-1959.750684577,-581.519555104,3.328304627
5128.304434904,-1960.686281006,-581.166878250,3.323635806
5129.304306615,-1961.621877435,-580.814201397,3.318966984
5130.304178326,-1962.557473863,-580.461524543,3.314298162
5131.304050037,-1963.493070292,-580.108847690,3.309629340
5132.303921747,-1964.428666720,-579.756170836,3.304960519
5133.303793458,-1965.364263149,-579.403493983,3.300291697
5134.303665170,-1966.299859578,-579.050817129,3.295622875
5135.303536880,-1967.235456006,-578.698140276,3.290954054
5136.303408775,-1968.170979369,-578.345269796,3.286235013
5137.303281292,-1969.106329255,-577.991939594,3.281396739
5138.303153808,-1970.041679140,-577.638609391,3.276558464
5139.303026325,-1970.977029026,-577.285279188,3.271720190
5140.302898842,-1971.912378911,-576.931948985,3.266881915
5141.302771357,-1972.847728796,-576.578618783,3.262043641
5142.302643874,-1973.783078682,-576.225288580,3.257205367
5143.302516391,-1974.718428567,-575.871958377,3.252367092
5144.302388907,-1975.653778452,-575.518628174,3.247528818
5145.302261424,-1976.589128338,-575.165297972,3.242690543
5146.302134465,-1977.524787023,-574.812786599,3.237725078
5147.302007768,-1978.460525317,-574.460486322,3.232726823
5148.301881071,-1979.396263611,-574.108186045,3.227728568
5149.301754374,-1980.332001905,-573.755885769,3.222730313
5150.301627678,-1981.267740199,-573.403585492,3.217732058
5151.301500982,-1982.203478494,-573.051285215,3.212733803
5152.301374285,-1983.139216788,-572.698984938,3.207735547
5153.301247588,-1984.074955082,-572.346684662,3.202737292
5154.301120891,-1985.010693376,-571.994384385,3.197739037
5155.300994398,-1985.946367438,-571.641913663,3.192692250
5156.300868542,-1986.881887049,-571.289033090,3.187528763
5157.300742685,-1987.817406659,-570.936152517,3.182365276
5158.300616828,-1988.752926270,-570.583271944,3.177201789
5159.300490970,-1989.688445880,-570.230391372,3.172038302
5160.300365114,-1990.623965491,-569.877510799,3.166874815
5161.300239257,-1991.559485101,-569.524630226,3.161711328
5162.300113400,-1992.495004712,-569.171749653,3.156547841
5163.299987543,-1993.430524322,-568.818869080,3.151384354
5164.299861686,-1994.366043933,-568.465988508,3.146220868
5165.299736598,-1995.301569773,-568.113124451,3.140910596
5166.299611714,-1996.237097245,-567.760264722,3.135561866
5167.299486831,-1997.172624718,-567.407404993,3.130213136
5168.299361947,-1998.108152190,-567.054545264,3.124864407
5169.299237065,-1999.043679663,-566.701685535,3.119515677
5170.299112181,-1999.979207135,-566.348825805,3.114166947
5171.298987298,-2000.914734608,-565.995966076,3.108818218
5172.298862415,-2001.850262080,-565.643106347,3.103469488
5173.298737532,-2002.785789553,-565.290246618,3.098120758
5174.298612921,-2003.721396304,-564.937597325,3.092709839
5175.298489203,-2004.657196148,-564.585460574,3.087147451
5176.298365487,-2005.592995993,-564.233323822,3.081585063
5177.298241769,-2006.528795837,-563.881187071,3.076022676
5178.298118051,-2007.464595681,-563.529050320,3.070460288
5179.297994334,-2008.400395525,-563.176913568,3.064897900
5180.297870617,-2009.336195370,-562.824776817,3.059335512
5181.297746899,-2010.271995214,-562.472640065,3.053773124
5182.297623181,-2011.207795058,-562.120503314,3.048210736
5183.297499464,-2012.143594902,-561.768366562,3.042648349
5184.297376772,-2013.079684195,-561.417000235,3.036888973
5185.297254472,-2014.015850543,-561.065839007,3.031077156
5186.297132174,-2014.952016892,-560.714677779,3.025265338
5187.297009876,-2015.888183241,-560.363516551,3.019453521
5188.296887576,-2016.824349589,-560.012355323,3.013641704
5189.296765278,-2017.760515938,-559.661194095,3.007829887
5190.296642980,-2018.696682287,-559.310032867,3.002018070
5191.296520680,-2019.632848635,-558.958871640,2.996206252
5192.296398382,-2020.569014984,-558.607710412,2.990394435
5193.296276562,-2021.505121488,-558.256389788,2.984494631
5194.296155984,-2022.441088105,-557.904696553,2.978393860
5195.296035408,-2023.377054723,-557.553003317,2.972293089
5196.295914830,-2024.313021340,-557.201310082,2.966192318
5197.295794252,-2025.248987957,-556.849616847,2.960091547
5198.295673675,-2026.184954574,-556.497923611,2.953990776
5199.295553097,-2027.120921191,-556.146230376,2.947890006
5200.295432520,-2028.056887808,-555.794537141,2.941789235
5201.295311943,-2028.992854426,-555.442843905,2.935688464
5202.295191365,-2029.928821043,-555.091150670,2.929587693
5203.295070365,-2030.863546674,-554.736176999,2.923286716
5204.294951373,-2031.797936649,-554.380316049,2.916931588
5205.294832379,-2032.732326623,-554.024455099,2.910576460
5206.294713386,-2033.666716598,-553.668594150,2.904221332
5207.294594392,-2034.601106572,-553.312733200,2.897866205
5208.294475578,-2035.534513073,-552.954303444,2.891324065
5209.294358125,-2036.467652478,-552.595176040,2.884731135
5210.294240672,-2037.400791882,-552.236048636,2.878138205
5211.294123218,-2038.333931286,-551.876921232,2.871545275
5212.294005765,-2039.267070691,-551.517793828,2.864952346
5213.293888311,-2040.200210095,-551.158666424,2.858359416
5214.293769114,-2041.133859636,-550.800874500,2.851644226
5215.293654576,-2042.068785752,-550.446424508,2.844623090
5216.293540037,-2043.003711869,-550.091974517,2.837601954
5217.293425500,-2043.938637986,-549.737524525,2.830580818
5218.293310961,-2044.873564102,-549.383074533,2.823559682
5219.293196423,-2045.808490219,-549.028624541,2.816538546
5220.293081885,-2046.743416336,-548.674174550,2.809517410
5221.292967346,-2047.678342452,-548.319724558,2.802496274
5222.292852808,-2048.613268569,-547.965274566,2.795475137
5223.292738269,-2049.548194685,-547.610824574,2.788454001
5224.292627423,-2050.483253511,-547.256724880,2.780922799
5225.292517664,-2051.418348856,-546.902721579,2.773251239
5226.292407904,-2052.353444200,-546.548718279,2.765579680
5227.292298145,-2053.288539545,-546.194714978,2.757908120
5228.292188385,-2054.223634889,-545.840711677,2.750236560
5229.292078626,-2055.158730234,-545.486708376,2.742565000
5230.291968866,-2056.093825578,-545.132705076,2.734893440
5231.291859107,-2057.028920923,-544.778701775,2.727221880
5232.291749347,-2057.964016267,-544.424698474,2.719550320
5233.291641287,-2058.899109067,-544.070688451,2.711660525
5234.291537744,-2059.834195414,-543.716661384,2.703217485
5235.291434200,-2060.769281760,-543.362634317,2.694774445
5236.291330658,-2061.704368107,-543.008607250,2.686331405
5237.291227115,-2062.639454454,-542.654580183,2.677888365
5238.291123572,-2063.574540801,-542.300553116,2.669445325
5239.291020030,-2064.509627148,-541.946526049,2.661002285
5240.290916487,-2065.444713495,-541.592498982,2.652559245
5241.290812945,-2066.379799842,-541.238471915,2.644116206
5242.290709401,-2067.314886188,-540.884444848,2.635673166
5243.290611440,-2068.249797153,-540.529954989,2.626589343
5244.290515156,-2069.184659100,-540.175335785,2.617326429
5245.290418873,-2070.119521047,-539.820716580,2.608063515
5246.290322589,-2071.054382994,-539.466097375,2.598800600
5247.290226305,-2071.989244941,-539.111478171,2.589537686
5248.290130022,-2072.924106888,-538.756858966,2.580274771
5249.290033738,-2073.858968835,-538.402239761,2.571011857
5250.289937454,-2074.793830782,-538.047620556,2.561748943
5251.289841171,-2075.728692729,-537.693001352,2.552486028
5252.289745122,-2076.663961799,-537.339462125,2.543015298
5253.289655983,-2077.600276554,-536.988696791,2.533010801
5254.289566845,-2078.536591309,-536.637931456,2.523006303
5255.289477706,-2079.472906064,-536.287166122,2.513001805
5256.289388567,-2080.409220819,-535.936400788,2.502997307
5257.289299428,-2081.345535574,-535.585635454,2.492992809
5258.289210289,-2082.281850329,-535.234870120,2.482988311
5259.289121150,-2083.218165084,-534.884104786,2.472983813
5260.289032011,-2084.154479839,-534.533339451,2.462979316
5261.288947855,-2085.090852411,-534.182728499,2.452488253
5262.288865160,-2086.027241379,-533.832161330,2.441859198
5263.288782466,-2086.963630348,-533.481594161,2.431230143
5264.288699770,-2087.900019316,-533.131026992,2.420601088
5265.288617076,-2088.836408285,-532.780459823,2.409972034
5266.288534381,-2089.772797253,-532.429892654,2.399342979
5267.288451686,-2090.709186222,-532.079325486,2.388713924
5268.288368991,-2091.645575190,-531.728758317,2.378084869
5269.288286296,-2092.581964159,-531.378191148,2.367455814
5270.288204208,-2093.518080239,-531.026898162,2.356696972
5271.288126589,-2094.453486677,-530.673717704,2.345600621
5272.288048971,-2095.388893115,-530.320537246,2.334504269
5273.287971353,-2096.324299553,-529.967356788,2.323407918
5274.287893734,-2097.259705991,-529.614176330,2.312311567
5275.287816116,-2098.195112429,-529.260995872,2.301215215
5276.287738497,-2099.130518867,-528.907815414,2.290118864
5277.287660879,-2100.065925305,-528.554634956,2.279022512
5278.287583260,-2101.001331743,-528.201454498,2.267926161
5279.287505642,-2101.936738181,-527.848274040,2.256829810
5280.287429829,-2102.871818963,-527.494232621,2.245561033
5281.287354701,-2103.806805969,-527.139943276,2.234242603
5282.287279571,-2104.741792974,-526.785653931,2.222924174
5283.287204441,-2105.676779979,-526.431364586,2.211605744
5284.287129313,-2106.611766985,-526.077075241,2.200287315
5285.287054183,-2107.546753990,-525.722785896,2.188968886
5286.286979054,-2108.481740996,-525.368496551,2.177650456
5287.286903925,-2109.416728001,-525.014207206,2.166332027
5288.286828795,-2110.351715006,-524.659917861,2.155013597
5289.286753561,-2111.286717733,-524.305670014,2.143704260
5290.286678058,-2112.221761883,-523.951531515,2.132418879
5290.920989716,-2112.813828379,-523.724505394,2.116057797
5291.754858396,-2113.592596688,-523.427046476,2.096690593
5292.803729529,-2114.572304932,-523.053269591,2.072333863
5293.872518109,-2115.570303140,-522.671917220,2.042686339
5294.962152874,-2116.587677759,-522.282843096,2.013120654
5296.055729163,-2117.608771074,-521.892451905,1.983586597
5297.130604248,-2118.612611402,-521.509343921,1.953765184
5298.191428243,-2119.604097579,-521.133118485,1.926249189
5299.236453253,-2120.581304938,-520.763613053,1.901575616
5300.278160857,-2121.555067602,-520.394336053,1.877585926
5301.328904370,-2122.537023763,-520.021166992,1.853734760
5302.399330307,-2123.537144825,-519.640367651,1.830040658
5303.471033557,-2124.538443789,-519.259109945,1.805734219
5304.542174127,-2125.539346738,-518.878475809,1.780179125
5305.612489774,-2126.539905721,-518.499417683,1.752389920
5306.682336261,-2127.540015264,-518.120559834,1.723769305
5307.751734189,-2128.539508567,-517.741364353,1.694858178
5308.818606197,-2129.536103629,-517.361668524,1.665785140
5309.883991932,-2130.531187327,-516.982122636,1.637498794
5310.949564366,-2131.526870605,-516.603483312,1.611198934
5312.014928950,-2132.524230997,-516.229751581,1.586733845
5313.080037273,-2133.523872146,-515.862786779,1.564147434
5314.145350885,-2134.526761969,-515.504051729,1.543794049
5315.210784809,-2135.532373292,-515.152700447,1.522637759
5316.211061367,-2136.481475354,-514.837051570,1.511490795
5317.213448534,-2137.435894573,-514.530837363,1.501649728
5318.218130654,-2138.396488934,-514.236660019,1.491435756
5319.228819416,-2139.366895170,-513.954388927,1.480186686
5320.257479946,-2140.359913233,-513.686116789,1.470823348
5321.276818779,-2141.349337908,-513.441071840,1.464232178
5322.275514043,-2142.323149495,-513.219606821,1.458193330
5323.267390590,-2143.293990427,-513.016495828,1.452457953
5324.250418296,-2144.259894835,-512.833851658,1.448817746
5325.214929205,-2145.210913379,-512.673090985,1.447803724
5326.208132121,-2146.192655643,-512.522646772,1.446967213
5327.231135319,-2147.206169402,-512.383650393,1.444641512
5328.261889594,-2148.229785025,-512.262594730,1.441331078
5329.297938045,-2149.260872878,-512.161360100,1.438926477
5330.328717593,-2150.288324172,-512.078699948,1.434729428
5331.319813869,-2151.277522611,-512.017924169,1.426693238
5332.299163242,-2152.256031099,-511.978949020,1.415411801
5333.277726946,-2153.234306354,-511.958827121,1.402780177
5334.255838637,-2154.212308907,-511.957389497,1.388239936
5335.241728600,-2155.197855914,-511.978343805,1.372844024
5336.249571880,-2156.204613852,-512.023100414,1.359302386
5337.260590540,-2157.213388256,-512.089560780,1.348534230
5338.271391638,-2158.220251181,-512.178239535,1.339479573
5339.280762804,-2159.223556176,-512.288207424,1.328695236
5340.288636194,-2160.223443948,-512.414451361,1.318913484
5341.295490607,-2161.220574136,-512.553848588,1.311456248
5342.302693529,-2162.216238109,-512.705818406,1.307437112
5343.310730269,-2163.210354617,-512.872750219,1.305385879
5344.320574401,-2164.203802226,-513.053986741,1.304802060
5345.332219206,-2165.193887972,-513.261723891,1.303961359
5346.354564171,-2166.187598271,-513.501978111,1.301319983
5347.393660568,-2167.189449100,-513.777616759,1.295029134
5348.416670110,-2168.165753738,-514.083116366,1.288117784
5349.431759583,-2169.122929412,-514.421024595,1.281841108
5350.464420204,-2170.085660037,-514.794520937,1.275661878
5351.478211752,-2171.017145026,-515.194602690,1.269058127
5352.463451499,-2171.906091896,-515.619382425,1.263313644
5353.483215237,-2172.811422676,-516.088736212,1.262181000
5354.502617151,-2173.701624983,-516.585441854,1.264083281
5355.485130980,-2174.544018902,-517.091102115,1.267772556
5356.471432024,-2175.372655431,-517.626030766,1.269382232
5357.466457547,-2176.192811799,-518.189429896,1.268520251
5358.442175795,-2176.980776561,-518.764822240,1.260691896
5359.446427005,-2177.769683185,-519.386157422,1.251235513
5360.474585235,-2178.557474908,-520.046754686,1.240998222
5361.488653900,-2179.320124014,-520.715078260,1.234275130
5362.513669450,-2180.074927452,-521.408550948,1.229347946
5363.548148250,-2180.821166209,-522.124972815,1.225631353
5364.540759386,-2181.529178139,-522.820649958,1.220219417
5365.530508396,-2182.229145442,-523.520377677,1.214742470
5366.553988407,-2182.950330938,-524.246590920,1.210602656
5367.551651803,-2183.650638547,-524.957151211,1.208240680
5368.540836555,-2184.340829067,-525.665757508,1.207444407
5369.567679398,-2185.052760557,-526.405730156,1.206935415
5370.573457233,-2185.747181199,-527.133304117,1.204664927
5371.562447887,-2186.427327290,-527.851272319,1.199618179
5372.586222962,-2187.131860905,-528.594034139,1.192360874
5373.591665149,-2187.827808805,-529.319648291,1.184970724
5374.576103309,-2188.514553139,-530.024938848,1.176850394
5375.596119239,-2189.228093246,-530.753777038,1.167474537
5376.601682499,-2189.932436061,-531.471385103,1.157608761
5377.581891317,-2190.619063846,-532.170851606,1.147697953
5378.598002922,-2191.328465546,-532.898243003,1.136131760
5379.609040494,-2192.033574855,-533.622745864,1.125481029
5380.592908389,-2192.720095959,-534.327457917,1.117373548
5381.609691596,-2193.430009003,-535.055346135,1.110281131
5382.628377062,-2194.141983097,-535.783882461,1.103368061
5383.610125705,-2194.829236713,-536.484925004,1.096141952
5384.618151798,-2195.534782556,-537.204830936,1.088584238
5385.638831489,-2196.248632860,-537.934321046,1.081587609
5386.624224727,-2196.937285159,-538.639121096,1.077749289
5387.626361187,-2197.636137717,-539.357363436,1.074504536
5388.658051950,-2198.354267005,-540.098083619,1.071378922
5389.652474222,-2199.046982005,-540.811524348,1.066489394
5390.644427696,-2199.739606502,-541.521606499,1.061357164
5391.670878103,-2200.458946214,-542.253814459,1.056632791
5392.669405846,-2201.161621812,-542.963242979,1.052653632
5393.647311061,-2201.852257898,-543.655572353,1.051988031
5394.659573668,-2202.566971438,-544.372374136,1.059427465
5395.668394541,-2203.278627180,-545.087372382,1.065997699
5396.649206617,-2203.969120751,-545.783939807,1.068184006
5397.626527103,-2204.654922456,-546.480232567,1.070967138
5398.612466347,-2205.346308485,-547.183127201,1.071794765
5399.592866751,-2206.034298643,-547.881566121,1.065665335
5400.593923065,-2206.736588990,-548.594901984,1.058319583
5401.616167772,-2207.453941791,-549.323165696,1.053719112
5402.663317337,-2208.190142312,-550.067831270,1.051672969
5403.713492737,-2208.928030465,-550.815083113,1.053704127
5404.746957517,-2209.652561865,-551.552022180,1.058655321
5405.739888707,-2210.346558587,-552.262124111,1.064667623
5406.739164698,-2211.043052879,-552.978654751,1.070328739
5407.746440418,-2211.743698568,-553.702317012,1.073924113
5408.728788850,-2212.427415692,-554.407681454,1.074507238
5409.721530739,-2213.120800574,-555.118141404,1.073784179
5410.758327437,-2213.849353270,-555.855812142,1.074278774
5411.757901350,-2214.555374684,-556.563399878,1.073110385
5412.734753409,-2215.248636544,-557.251601720,1.070627473
5413.754931059,-2215.974147785,-557.968812246,1.068405431
5414.763717087,-2216.694183911,-558.675350843,1.067742127
5415.734852645,-2217.391372441,-559.351391317,1.069046706
5416.749155566,-2218.131705679,-560.044717686,1.073003752
5417.770756275,-2218.890671324,-560.728540807,1.078013629
5418.747921392,-2219.632105795,-561.365025050,1.081808318
5419.754580942,-2220.414791318,-561.998085953,1.080963222
5420.781660644,-2221.229575392,-562.623380313,1.075806746
5421.761900828,-2222.019444665,-563.203833024,1.068595669
5422.737126242,-2222.818254993,-563.763234997,1.062587233
5423.734057920,-2223.646952657,-564.317420676,1.059242611
5424.707550227,-2224.469080645,-564.838757758,1.059942355
5425.675011766,-2225.299586376,-565.334979145,1.062471212
5426.664378900,-2226.160421000,-565.822632149,1.064842589
5427.685976861,-2227.062008275,-566.303050331,1.065914702
5428.707979759,-2227.974751851,-566.762820977,1.065710986
5429.702047672,-2228.870677818,-567.193503707,1.065459129
5430.721227705,-2229.797231870,-567.618033235,1.065004088
5431.754536246,-2230.743150048,-568.033923368,1.065865417
5432.734922633,-2231.644459657,-568.419651497,1.069367427
5433.727839030,-2232.559779605,-568.804436310,1.072974739
5434.773298657,-2233.524345503,-569.207665895,1.075063493
5435.766273274,-2234.441183716,-569.588987081,1.075721710
5436.747448069,-2235.348635850,-569.962125934,1.074307742
5437.784052463,-2236.309453564,-570.351158212,1.068661690
5438.783832266,-2237.238140125,-570.721371123,1.062079544
5439.753179987,-2238.140464580,-571.075508784,1.056413911
5440.780322181,-2239.097141796,-571.449387876,1.054360734
5441.789719614,-2240.037290386,-571.816816307,1.053965547
5442.755432739,-2240.936525787,-572.168920617,1.054263186
5443.774620101,-2241.886470726,-572.538170170,1.052759944
5444.791998911,-2242.835655336,-572.904364138,1.049566759
5445.757334151,-2243.737586549,-573.248400586,1.043986934
5446.768163386,-2244.682981454,-573.606132969,1.038351478
5447.793166511,-2245.641837837,-573.968345693,1.033080328
5448.760992955,-2246.546172258,-574.313093123,1.029019523
5449.763177905,-2247.482004580,-574.671685832,1.027067793
5450.795780869,-2248.445844095,-575.042201666,1.026533328
5451.770744304,-2249.355754691,-575.392367893,1.026386944
5452.763499713,-2250.282102583,-575.749359024,1.026853976
5453.801448588,-2251.250756155,-576.122248372,1.028141197
5454.785246407,-2252.168624351,-576.476333264,1.028024729
5455.769416887,-2253.086560218,-576.831276752,1.027393463
5456.808055450,-2254.054981522,-577.206683430,1.027130320
5457.801392198,-2254.981611639,-577.564558433,1.027182805
5458.776693197,-2255.892447053,-577.913255576,1.026092407
5459.808420779,-2256.857378054,-578.278436880,1.022545198
5460.809175168,-2257.794207132,-578.630328366,1.016799901
5461.775338393,-2258.699730571,-578.967135425,1.009074356
5462.799601804,-2259.660703044,-579.321502428,1.000620544
5463.810823606,-2260.609929249,-579.670094785,0.995875701
5464.776183199,-2261.515910650,-580.003436367,0.996360050
5465.792256984,-2262.468126284,-580.357966032,0.996164736
5466.810841334,-2263.421342454,-580.716982614,0.995838143
5467.772716519,-2264.319702104,-581.060717077,0.995184118
5468.779506598,-2265.259613897,-581.421537507,0.994345120
5469.808458499,-2266.220104879,-581.790584247,0.992449967
5470.781313728,-2267.129189008,-582.137013054,0.993100944
5471.781384570,-2268.064156319,-582.491942374,0.994831012
5472.820514601,-2269.036112701,-582.859488108,0.996296807
5473.800827830,-2269.952943455,-583.206513951,0.993388391
5474.788490685,-2270.876565565,-583.556331788,0.988135339
5475.826390949,-2271.847319492,-583.923531600,0.981965349
5476.815128408,-2272.773819603,-584.268662894,0.972816715
5477.794254295,-2273.692062812,-584.608430006,0.964143702
5478.831805274,-2274.664424759,-584.970375950,0.959737954
5479.833165817,-2275.603173183,-585.318897883,0.957130901
5480.803840089,-2276.513181416,-585.656663387,0.954298424
5481.831086391,-2277.474615595,-586.018411904,0.950139743
5482.840954878,-2278.419560197,-586.374621330,0.944763301
5483.800603986,-2279.318135629,-586.711398631,0.936417467
5484.811820853,-2280.264415059,-587.067778468,0.926015349
5485.825027414,-2281.212504372,-587.425012698,0.916121185
5486.784526880,-2282.110972619,-587.761707245,0.910569886
5487.759147616,-2283.024355360,-588.101701972,0.905972931
5488.754039819,-2283.957355449,-588.447103919,0.901634193
5489.722523785,-2284.866603031,-588.780600177,0.898429135
5490.697436065,-2285.782260285,-589.115279764,0.894514999
5491.697507711,-2286.721506124,-589.458687208,0.888868926
5492.697603102,-2287.660199900,-589.803618929,0.880689967
5493.711998232,-2288.611574819,-590.155369780,0.868256835
5494.741228019,-2289.576131999,-590.514064474,0.851478392
5495.748488701,-2290.519712700,-590.866253619,0.837609443
5496.757326722,-2291.463838183,-591.221593690,0.826901455
5497.787194874,-2292.426273187,-591.588065258,0.820129304
5498.780524544,-2293.354088811,-591.942827849,0.817783345
5499.757532485,-2294.266588287,-592.291943836,0.820476097
5500.778527332,-2295.220633529,-592.655566844,0.823018560
5501.777719738,-2296.154156588,-593.011817673,0.825365415
5502.752044586,-2297.064756209,-593.358387708,0.827905321
5503.771174678,-2298.016839996,-593.721909164,0.831747199
5504.776940650,-2298.955168130,-594.083982640,0.834628127
5505.752652941,-2299.863285035,-594.440822658,0.836462136
5506.773307081,-2300.811421438,-594.818653308,0.840491404
5507.794277435,-2301.756427899,-595.205073105,0.845286280
5508.772805069,-2302.657306701,-595.587057529,0.849935571
5509.786438859,-2303.578484037,-596.009959162,0.856258816
5510.815878052,-2304.500816930,-596.467151017,0.861022911
5511.798647773,-2305.364745713,-596.935597870,0.856448483
5512.795127227,-2306.222084976,-597.443394416,0.847318360
5513.829501898,-2307.093466679,-598.000618720,0.836094993
5514.820351997,-2307.912340840,-598.558381407,0.824701451
5515.805297135,-2308.708074134,-599.138738464,0.814159389
5516.834724202,-2309.523854231,-599.766582038,0.808212379
5517.834151683,-2310.295858838,-600.401294532,0.810267980
5518.813463699,-2311.030257161,-601.049105066,0.817523403
5519.838880674,-2311.782559567,-601.745851519,0.825612982
5520.849843162,-2312.504949081,-602.453019063,0.836224652
5521.822547106,-2313.177662183,-603.155454998,0.850145964
5522.833670077,-2313.853226882,-603.907735295,0.857652817
5523.860174981,-2314.509043604,-604.697378785,0.866591842
5524.868722548,-2315.113972468,-605.504124854,0.886341337
5525.868397197,-2315.686474074,-606.323537585,0.898754704
5526.873539642,-2316.235216548,-607.165668137,0.901782328
5527.877755724,-2316.754010605,-608.025461544,0.894169056
5528.861306306,-2317.239110779,-608.880928091,0.879117282
5529.816767352,-2317.694744552,-609.720408095,0.855096479
5530.816035729,-2318.136157608,-610.616875287,0.848901631
5531.831516949,-2318.554904853,-611.541970746,0.856060063
5532.801433912,-2318.933028686,-612.435055420,0.868750546
5533.769068758,-2319.280678319,-613.338040204,0.877434312
5534.757482878,-2319.602725308,-614.272517507,0.878050721
5535.723128764,-2319.890561036,-615.194226066,0.869338460
5536.684660543,-2320.132449395,-616.124814237,0.863090376
5537.678458317,-2320.327885389,-617.099155950,0.872939939
5538.704058980,-2320.476958909,-618.113708137,0.890763139
5539.732289053,-2320.576963630,-619.136841850,0.912059705
5540.737022715,-2320.627752039,-620.140193090,0.926079646
5541.753406954,-2320.624368734,-621.156450469,0.941777212
5542.772057648,-2320.575768012,-622.173819428,0.957512790
5543.739130432,-2320.491443727,-623.137062203,0.974321685
5544.698522802,-2320.354603019,-624.086358280,0.997673356
5545.692702412,-2320.154102643,-625.059468059,1.033029435
5546.697539101,-2319.889527525,-626.028063164,1.072020478
5547.702574092,-2319.566947461,-626.979085075,1.111954914
5548.718801548,-2319.188044539,-627.921028650,1.155464927
5549.753840085,-2318.753840601,-628.859740232,1.195368310
5550.793167120,-2318.276718673,-629.782491265,1.228321035
5551.778286053,-2317.788765725,-630.637939730,1.252178059
5552.742587656,-2317.273477122,-631.453010801,1.255970763
5553.725696837,-2316.716463086,-632.262810868,1.234456152
5554.694899302,-2316.125896082,-633.030766871,1.205687976
5555.647074335,-2315.503552640,-633.750474494,1.168988237
5556.621165831,-2314.833934060,-634.455921540,1.115981944
5557.619420596,-2314.110256159,-635.141535590,1.063672839
5558.631248970,-2313.340379036,-635.796811381,1.022447672
5559.625606522,-2312.555936163,-636.406382577,0.979794695
5560.626829571,-2311.735134373,-636.978524241,0.942566576
5561.649392229,-2310.868913492,-637.521402637,0.918507882
5562.660428677,-2309.985036098,-638.011856207,0.898241001
5563.663417253,-2309.083478242,-638.451165903,0.884584224
5564.686875121,-2308.146350028,-638.862547236,0.879881322
5565.691412640,-2307.210324803,-639.227138163,0.874795889
5566.676239965,-2306.278125534,-639.544620710,0.865089451
5567.672014268,-2305.325880543,-639.835639176,0.854882001
5568.666087892,-2304.362523003,-640.080662570,0.845492917
5569.659468873,-2303.388778715,-640.276728518,0.831855427
5570.666413569,-2302.393826146,-640.430778319,0.815252277
5571.662034194,-2301.403112295,-640.528544922,0.801534238
5572.638958197,-2300.426769516,-640.561202498,0.793241518
5573.627860273,-2299.438188293,-640.537555158,0.784564814
5574.605976085,-2298.463665068,-640.454322519,0.775218529
5575.576091677,-2297.503947594,-640.312850378,0.767989094
5576.575539126,-2296.524443041,-640.114345791,0.760117442
5577.573328172,-2295.558385839,-639.864830361,0.752467978
5578.545109408,-2294.630739005,-639.575364052,0.746192818
5579.539626337,-2293.693097940,-639.243878883,0.742916262
5580.549057584,-2292.753781325,-638.874237571,0.741895675
5581.543217843,-2291.842329790,-638.477236524,0.740953664
5582.526383084,-2290.951245396,-638.061814424,0.738312782
5583.518449413,-2290.062766594,-637.620467849,0.734541971
5584.516096487,-2289.182813429,-637.150390818,0.731427956
5585.509762392,-2288.322031002,-636.653986621,0.728526488
5586.502288992,-2287.477948353,-636.131849613,0.725981270
5587.515323295,-2286.632444887,-635.573856893,0.723429176
5588.533845138,-2285.804931450,-634.980049035,0.722734350
5589.534222893,-2285.017328421,-634.363253318,0.723140698
5590.511655852,-2284.270270262,-633.732952788,0.723874376
5591.495693455,-2283.542310298,-633.070842485,0.727647859
5592.497125518,-2282.824247571,-632.372856836,0.735902099
5593.474112131,-2282.133963667,-631.681490348,0.740734592
5594.451404503,-2281.449785218,-630.983639409,0.742807402
5595.472625650,-2280.734876372,-630.254399910,0.745586874
5596.494298834,-2280.019584873,-629.524897272,0.745848640
5597.501202124,-2279.315007306,-628.805580226,0.743078121
5598.533436057,-2278.597631705,-628.063367989,0.743446604
5599.569784150,-2277.881340390,-627.314407513,0.744971567
5600.586449489,-2277.182519179,-626.575992761,0.745961475
5601.595655146,-2276.490433768,-625.841478183,0.747437388
5602.602105815,-2275.799929205,-625.109262408,0.749978346
5603.607124461,-2275.107163957,-624.381164123,0.753395596
5604.609873437,-2274.415625516,-623.655050570,0.759656682
5605.609942393,-2273.725986279,-622.930855676,0.768454114
5606.610245576,-2273.034701238,-622.207901564,0.776748757
5607.611640593,-2272.340459398,-621.486254468,0.783510238
5608.614050253,-2271.643227076,-620.766063280,0.787617213
5609.615846642,-2270.945173313,-620.047511686,0.788363362
5610.617059890,-2270.246775404,-619.330111273,0.786132347
5611.618816751,-2269.549479755,-618.610882622,0.783738354
5612.620392874,-2268.854356954,-617.889801183,0.782976325
5613.620608271,-2268.162646864,-617.167328095,0.783768434
5614.620234395,-2267.470656376,-616.445939576,0.784167355
5615.601895382,-2266.790401592,-615.738189959,0.785651023
5616.563599266,-2266.122778300,-615.045988164,0.788841158
5617.537822592,-2265.444719043,-614.346458128,0.790952860
5618.507613708,-2264.768534921,-613.651287137,0.793624266
5619.456167185,-2264.106631387,-612.971875262,0.799699994
5620.222843756,-2263.571068843,-612.423297588,0.805016210
5620.810208329,-2263.160113507,-612.003660645,0.809221973
