s,x,y,z
0.000000000,-2113.671803403,-527.159980529,2.195298879
0.999992445,-2112.734744550,-527.509130348,2.109412887
1.999984996,-2111.799425847,-527.862915630,2.121472817
2.999977547,-2110.864107143,-528.216700912,2.133532746
3.999970098,-2109.928788440,-528.570486195,2.145592675
4.999962650,-2108.993469737,-528.924271477,2.157652605
5.999955201,-2108.058151034,-529.278056759,2.169712534
6.999947462,-2107.123107217,-529.632567101,2.181820413
7.999940013,-2106.188328999,-529.987778004,2.193974620
8.999932564,-2105.253550781,-530.342988908,2.206128828
9.999925114,-2104.318774438,-530.698204741,2.218259004
10.999917665,-2103.384215042,-531.053990965,2.227608924
11.999910217,-2102.449655645,-531.409777188,2.236958843
12.999902767,-2101.515094854,-531.765559746,2.246382761
13.999895318,-2100.580372221,-532.120916892,2.264393734
14.999887870,-2099.645649587,-532.476274038,2.282404707
15.999880421,-2098.710926954,-532.831631184,2.300415680
16.999872972,-2097.776204320,-533.186988330,2.318426653
17.999865235,-2096.841207567,-533.541622784,2.333449226
18.999857786,-2095.905945866,-533.895558731,2.345583414
19.999850337,-2094.970684166,-534.249494678,2.357717602
20.999842878,-2094.035417827,-534.603418339,2.369913723
21.999835430,-2093.099609169,-534.955905583,2.389350258
22.999827981,-2092.163800510,-535.308392828,2.408786793
23.999820521,-2091.227987077,-535.660867365,2.428195625
24.999813073,-2090.291614089,-536.011852735,2.444357756
25.999805624,-2089.355241101,-536.362838106,2.460519887
26.999798175,-2088.418868114,-536.713823476,2.476682019
27.999790727,-2087.482495126,-537.064808846,2.492844150
28.999783196,-2086.545978132,-537.415409560,2.508267439
29.999775748,-2085.609321912,-537.765638382,2.522976403
30.999768299,-2084.672665692,-538.115867203,2.537685367
31.999760850,-2083.736009471,-538.466096025,2.552394330
32.999753401,-2082.799353251,-538.816324847,2.567103294
33.999745948,-2081.862700036,-539.166561692,2.581814290
34.999738500,-2080.926402052,-539.517747096,2.596765590
35.999731051,-2079.990104068,-539.868932500,2.611716890
36.999723602,-2079.053806084,-540.220117903,2.626668190
37.999715900,-2078.117762621,-540.571980422,2.634468265
38.999708452,-2077.181965310,-540.924497791,2.635352260
39.999700996,-2076.246171834,-541.277025320,2.636339158
40.999693547,-2075.310834063,-541.630760189,2.649555037
41.999686099,-2074.375496292,-541.984495057,2.662770916
42.999678444,-2073.440389934,-542.338840636,2.671781667
43.999670995,-2072.505507412,-542.693776930,2.676724972
44.999663546,-2071.570624890,-543.048713223,2.681668277
45.999656021,-2070.635883667,-543.404021252,2.686833526
46.999648572,-2069.701280235,-543.759691784,2.692282064
47.999641123,-2068.766809627,-544.115711144,2.705938651
48.999633674,-2067.832339019,-544.471730505,2.719595237
49.999626225,-2066.897868575,-544.827750297,2.733206992
50.999618777,-2065.963417881,-545.183821922,2.741442910
51.999611328,-2065.028967186,-545.539893548,2.749678828
52.999603865,-2064.094455379,-545.895804711,2.754868794
53.999596416,-2063.159884442,-546.251560619,2.757111637
54.999588968,-2062.225313505,-546.607316527,2.759354480
55.999581517,-2061.290740620,-546.963067313,2.761576459
56.999574068,-2060.355932816,-547.318200349,2.761282175
57.999566620,-2059.421125013,-547.673333385,2.760987891
58.999559171,-2058.486317209,-548.028466420,2.760693607
59.999551681,-2057.551405420,-548.383325500,2.761234945
60.999544232,-2056.616393002,-548.737919465,2.762584934
61.999536760,-2055.681303480,-549.092309987,2.766841397
62.999529312,-2054.746139337,-549.446503620,2.773910711
63.999521863,-2053.810975195,-549.800697252,2.780980026
64.999514414,-2052.875811052,-550.154890884,2.788049341
65.999506965,-2051.940646910,-550.509084517,2.795118656
66.999499516,-2051.005481100,-550.863273743,2.802169009
67.999492067,-2050.070130766,-551.216975390,2.807098978
68.999484618,-2049.134780431,-551.570677037,2.812028947
69.999477168,-2048.199428308,-551.924373948,2.817010946
70.999469719,-2047.263857681,-552.277492491,2.828347505
71.999462270,-2046.328287055,-552.630611033,2.839684064
72.999454821,-2045.392715273,-552.983726515,2.850939631
73.999447372,-2044.457001966,-553.336466800,2.852268194
74.999439924,-2043.521288659,-553.689207085,2.853596758
75.999432475,-2042.585575351,-554.041947371,2.854925321
76.999425024,-2041.649883806,-554.394745373,2.858793259
77.999417576,-2040.714213330,-554.747599259,2.865119883
78.999410127,-2039.778542855,-555.100453144,2.871446508
79.999402634,-2038.842979175,-555.453589965,2.878236017
80.999395185,-2037.907518905,-555.807000753,2.885473741
81.999387736,-2036.972058634,-556.160411541,2.892711464
82.999380288,-2036.036598364,-556.513822329,2.899949187
83.999372837,-2035.101140290,-556.867238926,2.907150447
84.999365388,-2034.165954040,-557.221374183,2.909840428
85.999357939,-2033.230767790,-557.575509439,2.912530409
86.999350490,-2032.295582638,-557.929647593,2.915243954
87.999343041,-2031.360533677,-558.284145186,2.920880567
88.999335592,-2030.425484716,-558.638642779,2.926517180
89.999328144,-2029.490435589,-558.993139934,2.932135748
90.999320695,-2028.555365835,-559.347582678,2.935507731
91.999313246,-2027.620296082,-559.702025421,2.938879713
92.999305761,-2026.685129722,-560.056213097,2.944396769
93.999298313,-2025.749869782,-560.410153696,2.951991707
94.999290864,-2024.814609842,-560.764094295,2.959586646
95.999283415,-2023.879349902,-561.118034894,2.967181584
96.999275811,-2022.943889925,-561.471446018,3.016393335
97.999268357,-2022.008208542,-561.824270960,3.071877256
98.999260908,-2021.072472714,-562.176951500,3.060222238
99.999253459,-2020.136736886,-562.529632040,3.048567220
100.999246011,-2019.201001058,-562.882312580,3.036912201
101.999238562,-2018.265265230,-563.234993119,3.025257183
102.999231113,-2017.329529402,-563.587673659,3.013602165
103.999223662,-2016.393791410,-563.940348448,3.002093697
104.999216213,-2015.457780537,-564.292298373,3.009058634
105.999208765,-2014.521769665,-564.644248297,3.016023572
106.999201316,-2013.585758793,-564.996198222,3.022988509
107.999193867,-2012.649748288,-565.348149123,3.029909083
108.999186418,-2011.713784319,-565.700223762,3.031211575
109.999178970,-2010.777820349,-566.052298401,3.032514067
110.999171521,-2009.841856380,-566.404373039,3.033816560
111.999164072,-2008.905892760,-566.756448605,3.035165702
112.999156623,-2007.969973455,-567.108641957,3.042441205
113.999149175,-2007.034054150,-567.460835309,3.049716709
114.999141726,-2006.098134845,-567.813028661,3.056992212
115.999134277,-2005.162215540,-568.165222012,3.064267716
116.999126827,-2004.226280222,-568.517372805,3.069597311
117.999119379,-2003.290329381,-568.869482342,3.073040612
118.999111930,-2002.354378540,-569.221591878,3.076483913
119.999104480,-2001.418412430,-569.573660823,3.085043604
120.999097032,-2000.482431517,-569.925690414,3.098563504
121.999089583,-1999.546450604,-570.277720005,3.112083405
122.999077970,-1998.609445835,-570.627003325,3.121837112
123.999070521,-1997.671448377,-570.973623970,3.127939269
124.999063072,-1996.733450919,-571.320244615,3.134041425
125.999055624,-1995.795453461,-571.666865260,3.140143582
126.999048175,-1994.857456003,-572.013485905,3.146245739
127.999040297,-1993.919557903,-572.360374068,3.152340676
128.999032848,-1992.982706523,-572.710080510,3.158359552
129.999025400,-1992.045855144,-573.059786952,3.164378429
130.999017951,-1991.109003765,-573.409493394,3.170397306
131.999010502,-1990.172152385,-573.759199835,3.176416182
132.999003054,-1989.235301006,-574.108906277,3.182435059
133.998995605,-1988.298449626,-574.458612719,3.188453936
134.998988156,-1987.361598247,-574.808319161,3.194472812
135.998980707,-1986.424746867,-575.158025603,3.200491689
136.998972406,-1985.488037025,-575.508108550,3.206394242
137.998964958,-1984.552818613,-575.862158863,3.211071051
138.998957509,-1983.617600201,-576.216209177,3.215747861
139.998950060,-1982.682381789,-576.570259491,3.220424670
140.998942611,-1981.747163378,-576.924309804,3.225101480
141.998935163,-1980.811944966,-577.278360118,3.229778289
142.998927714,-1979.876726554,-577.632410431,3.234455099
143.998920265,-1978.941508142,-577.986460745,3.239131909
144.998912817,-1978.006289730,-578.340511059,3.243808718
145.998905368,-1977.071071318,-578.694561372,3.248485528
146.998897686,-1976.135565276,-579.047850322,3.253057984
147.998890237,-1975.199856538,-579.400602729,3.257556900
148.998882788,-1974.264147800,-579.753355135,3.262055817
149.998875340,-1973.328439063,-580.106107542,3.266554734
150.998867891,-1972.392730325,-580.458859949,3.271053651
151.998860442,-1971.457021587,-580.811612356,3.275552567
152.998852993,-1970.521312849,-581.164364762,3.280051484
153.998845545,-1969.585604111,-581.517117169,3.284550401
154.998838096,-1968.649895373,-581.869869576,3.289049318
155.998830647,-1967.714189025,-582.222628320,3.293537995
156.998823198,-1966.778507898,-582.575453960,3.297918593
157.998815750,-1965.842826957,-582.928280091,3.302297878
158.998808301,-1964.907146300,-583.281106976,3.306675149
159.998800852,-1963.971465643,-583.633933862,3.311052421
160.998793403,-1963.035784986,-583.986760747,3.315429692
161.998785955,-1962.100104329,-584.339587632,3.319806963
162.998778506,-1961.164423673,-584.692414517,3.324184235
163.998771057,-1960.228743016,-585.045241403,3.328561506
164.998763609,-1959.293062359,-585.398068288,3.332938778
165.998755913,-1958.357677520,-585.751677976,3.337223177
166.998748464,-1957.422501260,-586.105839615,3.341442093
167.998741015,-1956.487325001,-586.460001254,3.345661008
168.998733567,-1955.552148741,-586.814162892,3.349879924
169.998726118,-1954.616972482,-587.168324531,3.354098840
170.998718669,-1953.681796223,-587.522486170,3.358317756
171.998711221,-1952.746619963,-587.876647809,3.362536671
172.998703772,-1951.811443704,-588.230809448,3.366755587
173.998696323,-1950.876267444,-588.584971087,3.370974503
174.998688850,-1949.941115340,-588.939196433,3.375176047
175.998681401,-1949.006218640,-589.294095379,3.379193913
176.998673952,-1948.071321939,-589.648994325,3.383211779
177.998666504,-1947.136425238,-590.003893271,3.387229645
178.998659055,-1946.201528538,-590.358792216,3.391247511
179.998651606,-1945.266631837,-590.713691162,3.395265377
180.998644158,-1944.331735136,-591.068590108,3.399283243
181.998636709,-1943.396838436,-591.423489054,3.403301109
182.998629260,-1942.461941735,-591.778388000,3.407318975
183.998621811,-1941.527045035,-592.133286945,3.411336841
184.998614068,-1940.591824904,-592.487331889,3.415217177
185.998606620,-1939.656376594,-592.840774333,3.419000484
186.998599171,-1938.720928284,-593.194216778,3.422783792
187.998591722,-1937.785479974,-593.547659222,3.426567099
188.998584274,-1936.850031663,-593.901101667,3.430350407
189.998576825,-1935.914583353,-594.254544111,3.434133714
190.998569376,-1934.979135043,-594.607986556,3.437917022
191.998561927,-1934.043686733,-594.961429000,3.441700329
192.998554479,-1933.108238423,-595.314871445,3.445483637
193.998547002,-1932.172690202,-595.668049265,3.449105152
194.998539553,-1931.237071476,-596.021040346,3.452612494
195.998532104,-1930.301452751,-596.374031427,3.456119835
196.998524656,-1929.365834026,-596.727022508,3.459627177
197.998517207,-1928.430215300,-597.080013589,3.463134519
198.998509758,-1927.494596575,-597.433004670,3.466641860
199.998502309,-1926.558977849,-597.785995751,3.470149202
200.998494861,-1925.623359124,-598.138986832,3.473656544
201.998487412,-1924.687740398,-598.491977913,3.477163885
202.998479960,-1923.752112980,-598.844945944,3.480644005
203.998472511,-1922.816393417,-599.197669634,3.483835562
204.998465063,-1921.880673854,-599.550393325,3.487027119
205.998457614,-1920.944954291,-599.903117015,3.490218676
206.998450165,-1920.009234728,-600.255840706,3.493410233
207.998442716,-1919.073515165,-600.608564396,3.496601789
208.998435268,-1918.137795602,-600.961288087,3.499793346
209.998427819,-1917.202076039,-601.314011777,3.502984903
210.998420370,-1916.266356476,-601.666735468,3.506176460
211.998412922,-1915.330636912,-602.019459158,3.509368017
212.998405472,-1914.394929959,-602.372216296,3.512356585
213.998398024,-1913.459231908,-602.724997050,3.515201826
214.998390575,-1912.523533857,-603.077777804,3.518047068
215.998383126,-1911.587835806,-603.430558558,3.520892309
216.998375678,-1910.652137755,-603.783339312,3.523737550
217.998368229,-1909.716439705,-604.136120066,3.526582791
218.998360780,-1908.780741654,-604.488900820,3.529428033
219.998353331,-1907.845043603,-604.841681574,3.532273274
220.998345883,-1906.909345552,-605.194462328,3.535118515
221.998338425,-1905.973662004,-605.547281520,3.542021597
222.998330976,-1905.038132459,-605.900508886,3.592015001
223.998323528,-1904.102602913,-606.253736252,3.642008404
224.998316073,-1903.166790663,-606.606213943,3.632066676
225.998308624,-1902.230973285,-606.958678039,3.621038032
226.998301176,-1901.295155908,-607.311142134,3.610009389
227.998293727,-1900.359338530,-607.663606230,3.598980745
228.998286278,-1899.423521153,-608.016070325,3.587952102
229.998278829,-1898.487703775,-608.368534421,3.576923458
230.998271381,-1897.551886398,-608.720998516,3.565894814
231.998263900,-1896.615963688,-609.073182729,3.562563773
232.998256452,-1895.679966559,-609.425169204,3.564671127
233.998249003,-1894.743969431,-609.777155679,3.566778480
234.998241554,-1893.807972303,-610.129142153,3.568885833
235.998234105,-1892.871975174,-610.481128628,3.570993187
236.998226657,-1891.935978046,-610.833115103,3.573100540
237.998219208,-1890.999980918,-611.185101577,3.575207893
238.998211759,-1890.063983789,-611.537088052,3.577315247
239.998204311,-1889.127986661,-611.889074527,3.579422600
240.998196839,-1888.192012896,-612.241123058,3.581495583
241.998189390,-1887.256287679,-612.593831749,3.583202939
242.998181941,-1886.320562463,-612.946540440,3.584910295
243.998174492,-1885.384837246,-613.299249132,3.586617652
244.998167044,-1884.449112029,-613.651957823,3.588325008
245.998159595,-1883.513386812,-614.004666514,3.590032364
246.998152146,-1882.577661595,-614.357375206,3.591739720
247.998144697,-1881.641936378,-614.710083897,3.593447076
248.998137249,-1880.706211161,-615.062792588,3.595154432
249.998129800,-1879.770485944,-615.415501280,3.596861788
250.998122347,-1878.834719726,-615.768101166,3.598314709
251.998114898,-1877.898924526,-616.120624137,3.599587769
252.998107449,-1876.963129762,-616.473148268,3.600861144
253.998100000,-1876.027335668,-616.825674177,3.602135005
254.998092552,-1875.091541575,-617.178200087,3.603408866
255.998085103,-1874.155747481,-617.530725997,3.604682727
256.998077654,-1873.219953388,-617.883251907,3.605956587
257.998070205,-1872.284159294,-618.235777816,3.607230448
258.998062757,-1871.348365201,-618.588303726,3.608504309
259.998052305,-1870.412838832,-618.941531004,3.609749954
260.998044857,-1869.480165270,-619.302231892,3.610694950
261.998037408,-1868.547491709,-619.662932779,3.611639946
262.998029959,-1867.614818147,-620.023633667,3.612584941
263.998022478,-1866.682172792,-620.384407389,3.613510638
264.998015029,-1865.749828065,-620.745957404,3.614230634
265.998007580,-1864.817483338,-621.107507419,3.614950630
266.998000132,-1863.885138612,-621.469057434,3.615670626
267.997992683,-1862.952793885,-621.830607449,3.616390622
268.997978761,-1862.018916839,-622.188162786,3.616917711
269.997971313,-1861.083956124,-622.542893056,3.617308375
270.997963864,-1860.148995409,-622.897623326,3.617699040
271.997956415,-1859.214034695,-623.252353597,3.618089704
272.997948966,-1858.279073980,-623.607083867,3.618480368
273.997941518,-1857.344113265,-623.961814137,3.618871032
274.997934069,-1856.409152551,-624.316544407,3.619261697
275.997926400,-1855.474120006,-624.671084677,3.619607994
276.997918951,-1854.538321187,-625.023598043,3.619480995
277.997911503,-1853.602522368,-625.376111408,3.619353996
278.997904054,-1852.666723549,-625.728624774,3.619226997
279.997896605,-1851.730924730,-626.081138140,3.619099998
280.997889157,-1850.795125911,-626.433651506,3.618972999
281.997881708,-1849.859327092,-626.786164871,3.618846000
282.997874259,-1848.923528273,-627.138678237,3.618719001
283.997866810,-1847.987729454,-627.491191603,3.618592002
284.997859362,-1847.051930635,-627.843704969,3.618465003
285.997851891,-1846.116154447,-628.196278343,3.618285606
286.997844442,-1845.180619927,-628.549492535,3.617546664
287.997836994,-1844.245085408,-628.902706726,3.616807723
288.997829545,-1843.309550888,-629.255920918,3.616068781
289.997822096,-1842.374016368,-629.609135109,3.615329839
290.997814647,-1841.438481849,-629.962349301,3.614590897
291.997807199,-1840.502947329,-630.315563492,3.613851955
292.997799750,-1839.567412809,-630.668777684,3.613113013
293.997792301,-1838.631878290,-631.021991875,3.612374072
294.997784853,-1837.696343770,-631.375206067,3.611635130
295.997777194,-1836.761081727,-631.729140515,3.610531914
296.997769745,-1835.826012537,-632.083584746,3.609170871
297.997762297,-1834.890943348,-632.438028978,3.607809828
298.997754848,-1833.955874158,-632.792473210,3.606448786
299.997747399,-1833.020804968,-633.146917441,3.605087743
300.997739950,-1832.085735779,-633.501361673,3.603726701
301.997732502,-1831.150666589,-633.855805905,3.602365658
302.997725053,-1830.215597400,-634.210250137,3.601004615
303.997717604,-1829.280528210,-634.564694368,3.599643573
304.997710151,-1828.345468738,-634.919164224,3.598228540
305.997702703,-1827.410513223,-635.273908198,3.596235922
306.997695254,-1826.475557708,-635.628652172,3.594243304
307.997687805,-1825.540602192,-635.983396146,3.592250686
308.997680357,-1824.605646677,-636.338140120,3.590258068
309.997672908,-1823.670691162,-636.692884093,3.588265450
310.997665459,-1822.735735647,-637.047628067,3.586272832
311.997658010,-1821.800780131,-637.402372041,3.584280214
312.997650562,-1820.865824616,-637.757116015,3.582287596
313.997643113,-1819.930869101,-638.111859989,3.580294978
314.997635471,-1818.995651904,-638.465912966,3.577933858
315.997628022,-1818.060249390,-638.819476596,3.575311772
316.997620574,-1817.124846877,-639.173040225,3.572689686
317.997613125,-1816.189444363,-639.526603855,3.570067601
318.997605676,-1815.254041849,-639.880167484,3.567445515
319.997598227,-1814.318639336,-640.233731114,3.564823430
320.997590779,-1813.383236822,-640.587294743,3.562201344
321.997583330,-1812.447834308,-640.940858373,3.559579259
322.997575881,-1811.512431795,-641.294422002,3.556957173
323.997568379,-1810.576993951,-641.647891995,3.554281633
324.997560930,-1809.641177484,-642.000358507,3.551033235
325.997553481,-1808.705361016,-642.352825019,3.547784838
326.997546033,-1807.769544549,-642.705291531,3.544536440
327.997538584,-1806.833728082,-643.057758043,3.541288043
328.997531135,-1805.897911614,-643.410224555,3.538039646
329.997523686,-1804.962095147,-643.762691067,3.534791248
330.997516238,-1804.026278680,-644.115157579,3.531542851
331.997508789,-1803.090462212,-644.467624091,3.528294453
332.997501340,-1802.154645745,-644.820090603,3.525046056
333.997493862,-1801.218727044,-645.172285475,3.521437868
334.997486413,-1800.282735901,-645.524287867,3.517574738
335.997478964,-1799.346744759,-645.876290259,3.513711608
336.997471516,-1798.410753617,-646.228292651,3.509848478
337.997464067,-1797.474762474,-646.580295043,3.505985348
338.997456618,-1796.538771332,-646.932297435,3.502122218
339.997449169,-1795.602780189,-647.284299827,3.498259088
340.997441721,-1794.666789047,-647.636302218,3.494395958
341.997434272,-1793.730797905,-647.988304610,3.490532828
342.997426818,-1792.794817403,-648.340335282,3.486618927
343.997419370,-1791.858951137,-648.692669547,3.482159974
344.997411921,-1790.923084871,-649.045003812,3.477701022
345.997404472,-1789.987218604,-649.397338077,3.473242069
346.997397023,-1789.051352338,-649.749672343,3.468783117
347.997389575,-1788.115486072,-650.102006608,3.464324164
348.997382126,-1787.179619806,-650.454340873,3.459865212
349.997374677,-1786.243753540,-650.806675138,3.455406259
350.997367229,-1785.307887709,-651.159010559,3.450947388
351.997359780,-1784.372022496,-651.511347622,3.446488631
352.997352026,-1783.436484907,-651.864552820,3.441699641
353.997344577,-1782.501179599,-652.218373514,3.436676521
354.997337128,-1781.565874291,-652.572194208,3.431653400
355.997329680,-1780.630568983,-652.926014903,3.426630280
356.997322231,-1779.695263675,-653.279835597,3.421607159
357.997314782,-1778.759958368,-653.633656291,3.416584039
358.997307334,-1777.824653060,-653.987476986,3.411560919
359.997299885,-1776.889347752,-654.341297680,3.406537798
360.997292436,-1775.954042444,-654.695118374,3.401514678
361.997284977,-1775.018752850,-655.048980574,3.396452936
362.997277528,-1774.083632254,-655.403289159,3.390975827
363.997270079,-1773.148511658,-655.757597745,3.385498718
364.997262631,-1772.213391062,-656.111906330,3.380021608
365.997255182,-1771.278270466,-656.466214916,3.374544499
366.997247733,-1770.343149870,-656.820523501,3.369067390
367.997240285,-1769.408029274,-657.174832086,3.363590281
368.997230841,-1768.472694967,-657.528570472,3.358089333
369.997223392,-1767.535060944,-657.876173035,3.352331866
370.997215943,-1766.597426921,-658.223775598,3.346574400
371.997208495,-1765.659792898,-658.571378161,3.340816933
372.997198076,-1764.721903719,-658.918283120,3.335044194
373.997190628,-1763.781268029,-659.257679057,3.329107066
374.997183179,-1762.840632339,-659.597074994,3.323169937
375.997175730,-1761.899996650,-659.936470931,3.317232809
376.997157278,-1760.957495570,-660.270618819,3.311202090
377.997149829,-1760.013671160,-660.601043675,3.305104977
378.997142380,-1759.069846750,-660.931468532,3.299007864
379.997130865,-1758.125739376,-661.261071681,3.292897881
380.997123417,-1757.178585157,-661.581827019,3.286649317
381.997115968,-1756.231430937,-661.902582357,3.280400753
382.997108519,-1755.284276718,-662.223337696,3.274152190
383.997087908,-1754.335198726,-662.538313480,3.267818404
384.997080459,-1753.384755867,-662.849188814,3.261424155
385.997073010,-1752.434313007,-663.160064149,3.255029906
386.997061274,-1751.483597211,-663.470089957,3.252893709
387.997053825,-1750.529941622,-663.770965544,3.296620854
388.997046365,-1749.576271163,-664.071793958,3.329295126
389.997038916,-1748.622458868,-664.372172401,3.256537181
390.997016135,-1747.666707173,-664.666269556,3.222450933
391.997008686,-1746.709579372,-664.955909807,3.215804286
392.997001238,-1745.752451571,-665.245550059,3.209157639
393.996974840,-1744.793250753,-665.528182321,3.202452487
394.996967391,-1743.832578968,-665.805841867,3.195705820
395.996959942,-1742.871907182,-666.083501412,3.188959154
396.996931193,-1741.909133333,-666.353703221,3.182155943
397.996923744,-1740.944867905,-666.618613180,3.175312608
398.996916295,-1739.980602476,-666.883523139,3.168469274
399.996888459,-1739.014376309,-667.141110643,3.161571359
400.996881010,-1738.046758847,-667.393502301,3.154634716
401.996873562,-1737.079141384,-667.645893958,3.147698072
402.996847106,-1736.109720963,-667.891192012,3.140712679
403.996839657,-1735.139021149,-668.131456397,3.133692693
404.996832208,-1734.168321336,-668.371720783,3.126672706
405.996805661,-1733.195903488,-668.604852581,3.119603972
406.996798213,-1732.222266481,-668.832922926,3.112500645
407.996790764,-1731.248629475,-669.060993272,3.105397317
408.996764527,-1730.273376958,-669.281968510,3.098249141
409.996757079,-1729.296978025,-669.497908840,3.091069139
410.996749630,-1728.320579092,-669.713849170,3.083889138
411.996727196,-1727.342812107,-669.923436517,3.076666261
412.996719748,-1726.364074312,-670.128515604,3.069412960
413.996712299,-1725.385336517,-670.333594691,3.062159658
414.996692920,-1724.405437739,-670.532992854,3.054862356
415.996685472,-1723.424715049,-670.728359450,3.047533828
416.996678023,-1722.443992358,-670.923726046,3.040205300
417.996666735,-1721.463108907,-671.118264164,3.032869979
418.996659286,-1720.480492422,-671.303871133,3.025461420
419.996651838,-1719.497875938,-671.489478102,3.018052861
420.996644389,-1718.515259453,-671.675085071,3.010644302
421.996624263,-1717.531563624,-671.854813377,3.003192296
422.996616814,-1716.547101735,-672.030369329,2.995709454
423.996609365,-1715.562639847,-672.205925281,2.988226612
424.996598229,-1714.578036726,-672.380666294,2.980737709
425.996590780,-1713.591910844,-672.546620647,2.973183466
426.996583331,-1712.605784962,-672.712575001,2.965629222
427.996575883,-1711.619659080,-672.878529354,2.958074978
428.996558978,-1710.632699085,-673.039390040,2.950478955
429.996551530,-1709.645147017,-673.196635123,2.942853275
430.996544081,-1708.657594949,-673.353880206,2.935227595
431.996533089,-1707.669919261,-673.510324291,2.927595853
432.996525641,-1706.680910094,-673.658128112,2.919898720
433.996518192,-1705.691900926,-673.805931932,2.912201588
434.996510743,-1704.702891759,-673.953735752,2.904504455
435.996489032,-1703.712979658,-674.095265292,2.896770570
436.996481583,-1702.722426580,-674.232340829,2.889010595
437.996474135,-1701.731873502,-674.369416366,2.881250620
438.996449165,-1700.740399190,-674.499526898,2.873451659
439.996441716,-1699.748270885,-674.624692898,2.865625020
440.996434268,-1698.756142579,-674.749858898,2.857798382
441.996407536,-1697.763137854,-674.867706910,2.849940559
442.996400087,-1696.769510922,-674.980359570,2.842060596
443.996386653,-1695.775771842,-675.091965006,2.834176218
444.996379204,-1694.780822470,-675.192268795,2.826244199
445.996371756,-1693.785873098,-675.292572585,2.818312181
446.996345948,-1692.790246400,-675.385716896,2.810347430
447.996338500,-1691.794138827,-675.473778268,2.802359440
448.996329066,-1690.797980001,-675.561235268,2.794365584
449.996316797,-1689.801080168,-675.639760325,2.786311988
450.996309348,-1688.803870282,-675.714309286,2.778264280
451.996298051,-1687.806601642,-675.788015897,2.770211011
452.996290602,-1686.808698745,-675.852629446,2.762097706
453.996283154,-1685.810795848,-675.917242994,2.753984401
454.996270785,-1684.812836633,-675.980903568,2.745865162
455.996263337,-1683.814269390,-676.034275518,2.737681855
456.996255888,-1682.815702148,-676.087647468,2.729498549
457.996242584,-1681.817085711,-676.139979142,2.721309304
458.996235135,-1680.817938091,-676.181078240,2.713055943
459.996227686,-1679.818790471,-676.222177339,2.704802581
460.996214563,-1678.819606909,-676.262251810,2.696543290
461.996207114,-1677.820035308,-676.291264155,2.688219989
462.996199666,-1676.820463706,-676.320276500,2.679896688
463.996187019,-1675.820869315,-676.348307905,2.671567371
464.996179570,-1674.821028842,-676.365747263,2.663173105
465.996172122,-1673.821188369,-676.383186621,2.654778839
466.996164673,-1672.821347896,-676.400625978,2.646384572
467.996146350,-1671.821437095,-676.412531658,2.637937284
468.996138901,-1670.821476354,-676.420507743,2.629452343
469.996131452,-1669.821515612,-676.428483827,2.620967402
470.996124004,-1668.821554871,-676.436459912,2.612482461
471.996108433,-1667.821575541,-676.439653611,2.603940649
472.996100984,-1666.821583011,-676.439450838,2.595358446
473.996093536,-1665.821590480,-676.439248064,2.586776244
474.996086087,-1664.821597949,-676.439045290,2.578194042
475.996076521,-1663.821607859,-676.438216452,2.569602713
476.996069072,-1662.821644135,-676.430623427,2.560912776
477.996061623,-1661.821680411,-676.423030402,2.552222839
478.996054175,-1660.821716688,-676.415437377,2.543532902
479.996046726,-1659.821752964,-676.407844352,2.534842965
480.996036511,-1658.821797694,-676.399536018,2.526144769
481.996029063,-1657.821933799,-676.383495645,2.517357288
482.996021614,-1656.822069903,-676.367455272,2.508569807
483.996014165,-1655.822206008,-676.351414899,2.499782326
484.996003070,-1654.822359272,-676.334553318,2.490987983
485.995995621,-1653.822698034,-676.308813997,2.482119459
486.995988172,-1652.823036797,-676.283074675,2.473250934
487.995980723,-1651.823375559,-676.257335354,2.464382410
488.995963144,-1650.823876165,-676.226258006,2.455470456
489.995955695,-1649.824491747,-676.191388408,2.446527650
490.995948246,-1648.825107330,-676.156518810,2.437584844
491.995936927,-1647.825756636,-676.120803934,2.428636231
492.995929479,-1646.826770690,-676.075946566,2.419624822
493.995922030,-1645.827784745,-676.031089198,2.410613413
494.995914581,-1644.828798799,-675.986231829,2.401602004
495.995891425,-1643.830148904,-675.934733544,2.392554398
496.995883976,-1642.831737771,-675.878516874,2.383481073
497.995876527,-1641.833326639,-675.822300205,2.374407749
498.995853220,-1640.835329229,-675.759414967,2.365299352
499.995845771,-1639.837625771,-675.691791643,2.356166036
500.995838322,-1638.839922314,-675.624168319,2.347032721
501.995814859,-1637.842711340,-675.549849095,2.337870181
502.995807410,-1636.845850289,-675.470772251,2.328686877
503.995799961,-1635.848989238,-675.391695407,2.319503573
504.995775579,-1634.852714754,-675.305739669,2.310291030
505.995768130,-1633.856857060,-675.214896096,2.301057710
506.995760681,-1632.860999365,-675.124052523,2.291824390
507.995735642,-1631.865823032,-675.026205756,2.282563801
508.995728194,-1630.871130854,-674.923382742,2.273283835
509.995720745,-1629.876438675,-674.820559728,2.264003868
510.995698649,-1628.882441764,-674.711353737,2.254702470
511.995691200,-1627.888938910,-674.597612002,2.245385841
512.995683751,-1626.895436057,-674.483870267,2.236069212
513.995664536,-1625.902615869,-674.364414648,2.226728912
514.995657087,-1624.910280808,-674.240898537,2.217371790
515.995649639,-1623.917945747,-674.117382426,2.208014668
516.995639097,-1622.925707406,-673.993116612,2.198654487
517.995631648,-1621.934516013,-673.860735632,2.189261200
518.995624200,-1620.943324619,-673.728354653,2.179867912
519.995616751,-1619.952133225,-673.595973673,2.170474625
520.995609302,-1618.960941832,-673.463592694,2.161081338
521.995595370,-1617.970331364,-673.326979972,2.151666625
522.995587921,-1616.980133773,-673.187359652,2.142236686
523.995580472,-1615.989936182,-673.047739333,2.132806746
524.995573024,-1614.999738591,-672.908119014,2.123376807
525.995565575,-1614.009541000,-672.768498694,2.113946867
526.995558126,-1613.019343409,-672.628878375,2.104516928
527.995548120,-1612.029526416,-672.486602906,2.095071301
528.995540672,-1611.039979966,-672.342440061,2.085614522
529.995533223,-1610.050433516,-672.198277217,2.076157743
530.995525774,-1609.060887066,-672.054114373,2.066700965
531.995518326,-1608.071340616,-671.909951528,2.057244186
532.995510877,-1607.081794166,-671.765788684,2.047787407
533.995503428,-1606.092247716,-671.621625839,2.038330629
534.995495979,-1605.102701266,-671.477462995,2.028873850
535.995488531,-1604.113154815,-671.333300151,2.019417071
536.995481072,-1603.123614636,-671.189094341,2.009961213
537.995473623,-1602.134142443,-671.044422705,2.000515329
538.995466174,-1601.144670250,-670.899751070,1.991069446
539.995458726,-1600.155198057,-670.755079434,1.981623563
540.995451277,-1599.165725865,-670.610407799,1.972177680
541.995443828,-1598.176253672,-670.465736163,1.962731797
542.995436379,-1597.186781479,-670.321064527,1.953285913
543.995428931,-1596.197309282,-670.176392921,1.943840893
544.995421482,-1595.207837077,-670.031721364,1.934397394
545.995414033,-1594.218364873,-669.887049808,1.924953896
546.995406116,-1593.228727688,-669.743514418,1.915533392
547.995398667,-1592.238973162,-669.600787125,1.906129243
548.995391218,-1591.249218635,-669.458059833,1.896725094
549.995383770,-1590.259464109,-669.315332540,1.887320945
550.995376321,-1589.269709583,-669.172605248,1.877916796
551.995368872,-1588.279955056,-669.029877955,1.868512647
552.995361423,-1587.290200530,-668.887150663,1.859108498
553.995353975,-1586.300446003,-668.744423370,1.849704349
554.995346526,-1585.310691477,-668.601696078,1.840300200
555.995339074,-1584.320933444,-668.458993124,1.830901465
556.995331625,-1583.331137330,-668.316554526,1.821561534
557.995324177,-1582.341341215,-668.174115927,1.812221603
558.995316728,-1581.351545101,-668.031677329,1.802881673
559.995309279,-1580.361748986,-667.889238731,1.793541742
560.995301830,-1579.371952872,-667.746800133,1.784201811
561.995294382,-1578.382156757,-667.604361534,1.774861881
562.995286933,-1577.392360643,-667.461922936,1.765521950
563.995279484,-1576.402564528,-667.319484338,1.756182019
564.995272036,-1575.412768413,-667.177045740,1.746842088
565.995264560,-1574.423011532,-667.034334965,1.737550130
566.995257111,-1573.433282571,-666.891430500,1.728292309
567.995249662,-1572.443553610,-666.748526034,1.719034489
568.995242214,-1571.453824649,-666.605621568,1.709776668
569.995234765,-1570.464095688,-666.462717103,1.700518848
570.995227316,-1569.474366727,-666.319812637,1.691261027
571.995219868,-1568.484637766,-666.176908172,1.682003207
572.995212419,-1567.494908805,-666.034003706,1.672745386
573.995204970,-1566.505179844,-665.891099241,1.663487566
574.995197511,-1565.515457067,-665.748152026,1.654237807
575.995190063,-1564.525801581,-665.604739606,1.645075772
576.995182614,-1563.536146095,-665.461327186,1.635913736
577.995175165,-1562.546490609,-665.317914766,1.626751701
578.995167716,-1561.556835124,-665.174502347,1.617589666
579.995160268,-1560.567179638,-665.031089927,1.608427631
580.995152819,-1559.577524152,-664.887677507,1.599265596
581.995145370,-1558.587868666,-664.744265087,1.590103561
582.995137922,-1557.598213181,-664.600852667,1.580941526
583.995130473,-1556.608557695,-664.457440247,1.571779490
584.995123023,-1555.618893343,-664.314089038,1.562674013
585.995115574,-1554.629222676,-664.170781415,1.553608808
586.995108125,-1553.639552010,-664.027473792,1.544543604
587.995100677,-1552.649881344,-663.884166169,1.535478399
588.995093228,-1551.660210677,-663.740858546,1.526413194
589.995085779,-1550.670540011,-663.597550923,1.517347990
590.995078330,-1549.680869344,-663.454243300,1.508282785
591.995070882,-1548.691198678,-663.310935677,1.499217581
592.995063433,-1547.701528012,-663.167628054,1.490152376
593.995055838,-1546.711881011,-663.024158115,1.481094425
594.995048389,-1545.722491994,-662.878918743,1.472115547
595.995040940,-1544.733102976,-662.733679372,1.463136669
596.995033491,-1543.743713959,-662.588440001,1.454157790
597.995026043,-1542.754324942,-662.443200630,1.445178912
598.995018594,-1541.764935924,-662.297961259,1.436200034
599.995011145,-1540.775546907,-662.152721887,1.427221155
600.995003697,-1539.786157890,-662.007482516,1.418242277
601.994996248,-1538.796768872,-661.862243145,1.409263399
602.994988799,-1537.807379855,-661.717003774,1.400284520
603.994980777,-1536.817808004,-661.573019368,1.391348668
604.994973329,-1535.828105891,-661.429929084,1.382443471
605.994965880,-1534.838403777,-661.286838801,1.373538274
606.994958431,-1533.848701664,-661.143748518,1.364633077
607.994950983,-1532.858999550,-661.000658235,1.355727880
608.994943534,-1531.869297437,-660.857567952,1.346822683
609.994936085,-1530.879595323,-660.714477669,1.337917486
610.994928636,-1529.889893210,-660.571387386,1.329012289
611.994921188,-1528.900191096,-660.428297103,1.320107091
612.994913730,-1527.910494707,-660.285167291,1.311207280
613.994906282,-1526.920860841,-660.141605764,1.302366288
614.994898833,-1525.931226974,-659.998044236,1.293525296
615.994891384,-1524.941593107,-659.854482709,1.284684304
616.994883935,-1523.951959240,-659.710921181,1.275843313
617.994876487,-1522.962325373,-659.567359654,1.267002321
618.994869038,-1521.972691506,-659.423798126,1.258161329
619.994861589,-1520.983057639,-659.280236599,1.249320337
620.994854140,-1519.993423772,-659.136675071,1.240479345
621.994846692,-1519.003789906,-658.993113544,1.231638353
622.994839234,-1518.014179260,-658.849392098,1.222837920
623.994831785,-1517.024585168,-658.705556651,1.214066399
624.994824336,-1516.034991076,-658.561721204,1.205294878
625.994816888,-1515.045396984,-658.417885757,1.196523357
626.994809439,-1514.055802892,-658.274050310,1.187751837
627.994801990,-1513.066208800,-658.130214864,1.178980316
628.994794541,-1512.076614708,-657.986379417,1.170208795
629.994787093,-1511.087020616,-657.842543970,1.161437274
630.994779644,-1510.097426524,-657.698708523,1.152665753
631.994771985,-1509.107804435,-657.555067298,1.143902026
632.994764536,-1508.117876060,-657.413550815,1.135223551
633.994757087,-1507.127947685,-657.272034332,1.126545075
634.994749638,-1506.138019310,-657.130517849,1.117866600
635.994742190,-1505.148090935,-656.989001366,1.109188125
636.994734741,-1504.158162560,-656.847484883,1.100509650
637.994727292,-1503.168234185,-656.705968400,1.091831175
638.994719844,-1502.178305810,-656.564451916,1.083152700
639.994712395,-1501.188377435,-656.422935433,1.074474225
640.994704946,-1500.198448806,-656.281420729,1.065793973
641.994697497,-1499.208519758,-656.139908947,1.057200454
642.994690049,-1498.218590734,-655.998397006,1.048671045
643.994682600,-1497.228661710,-655.856885065,1.040141635
644.994675151,-1496.238732686,-655.715373123,1.031612225
645.994667703,-1495.248803661,-655.573861182,1.023082816
646.994660254,-1494.258874637,-655.432349241,1.014553406
647.994652805,-1493.268945613,-655.290837299,1.006023996
648.994645356,-1492.279016589,-655.149325358,0.997494587
649.994637908,-1491.289087564,-655.007813417,0.988965177
650.994630459,-1490.299157349,-654.866309807,0.980454600
651.994623010,-1489.309214085,-654.724897520,0.972150449
652.994615561,-1488.319270820,-654.583485233,0.963846298
653.994608112,-1487.329327555,-654.442072946,0.955542147
654.994600664,-1486.339384290,-654.300660660,0.947237995
655.994593215,-1485.349441025,-654.159248373,0.938933844
656.994585766,-1484.359497760,-654.017836086,0.930629693
657.994578318,-1483.369554495,-653.876423799,0.922325542
658.994570869,-1482.379611230,-653.735011512,0.914021391
659.994563420,-1481.389667965,-653.593599225,0.905717239
660.994555968,-1480.399712026,-653.452275713,0.897594289
661.994548520,-1479.409747041,-653.311015560,0.889600660
662.994541071,-1478.419782056,-653.169755406,0.881607030
663.994533622,-1477.429817071,-653.028495252,0.873613401
664.994526174,-1476.439852086,-652.887235098,0.865619771
665.994518725,-1475.449887101,-652.745974944,0.857626141
666.994511276,-1474.459922116,-652.604714790,0.849632512
667.994503827,-1473.469957131,-652.463454636,0.841638882
668.994496379,-1472.479992146,-652.322194482,0.833645253
669.994488883,-1471.490014113,-652.181026134,0.825677352
670.994481434,-1470.499892815,-652.040865807,0.817991949
671.994473985,-1469.509771516,-651.900705480,0.810306546
672.994466537,-1468.519650218,-651.760545152,0.802621144
673.994459088,-1467.529528920,-651.620384825,0.794935741
674.994451639,-1466.539407622,-651.480224498,0.787250338
675.994442531,-1465.548988088,-651.342199390,0.779725189
676.994435082,-1464.558355618,-651.205698793,0.772314457
677.994427634,-1463.567723149,-651.069198195,0.764903725
678.994420185,-1462.577090679,-650.932697598,0.757492993
679.994412736,-1461.586458210,-650.796197001,0.750082261
680.994405288,-1460.595825740,-650.659696403,0.742671529
681.994396542,-1459.605260986,-650.522714740,0.735288298
682.994389093,-1458.615440412,-650.380446210,0.728207302
683.994381644,-1457.625619838,-650.238177681,0.721126305
684.994374196,-1456.635799265,-650.095909152,0.714045309
685.994366747,-1455.645978691,-649.953640622,0.706964313
686.994359298,-1454.656158117,-649.811372093,0.699883316
687.994351850,-1453.666337543,-649.669103564,0.692802320
688.994344401,-1452.676516970,-649.526835035,0.685721324
689.994336952,-1451.686696396,-649.384566505,0.678640327
690.994329503,-1450.696875822,-649.242297976,0.671559331
691.994321835,-1449.706944143,-649.100806162,0.664666833
692.994314386,-1448.716933101,-648.959869157,0.657908980
693.994306937,-1447.726922059,-648.818932153,0.651151126
694.994299489,-1446.736911017,-648.677995148,0.644393273
695.994292040,-1445.746899975,-648.537058143,0.637635420
696.994284591,-1444.756888933,-648.396121138,0.630877567
697.994277143,-1443.766877891,-648.255184133,0.624119713
698.994269694,-1442.776866849,-648.114247128,0.617361860
699.994262245,-1441.786855807,-647.973310124,0.610604007
700.994254619,-1440.796870262,-647.832195387,0.603867716
701.994247170,-1439.807165421,-647.689123970,0.597368816
702.994239721,-1438.817460580,-647.546052554,0.590869916
703.994232273,-1437.827755739,-647.402981138,0.584371015
704.994224824,-1436.838050898,-647.259909721,0.577872115
705.994217375,-1435.848346057,-647.116838305,0.571373214
706.994209927,-1434.858641216,-646.973766889,0.564874314
707.994202478,-1433.868936375,-646.830695472,0.558375414
708.994195029,-1432.879231534,-646.687624056,0.551876513
709.994187580,-1431.889526693,-646.544552640,0.545377613
710.994179777,-1430.899680186,-646.402467149,0.538992280
711.994172328,-1429.909732434,-646.261086274,0.532688110
712.994164880,-1428.919784683,-646.119705398,0.526383941
713.994157431,-1427.929836931,-645.978324523,0.520079772
714.994149982,-1426.939889180,-645.836943648,0.513775602
715.994142534,-1425.949941428,-645.695562772,0.507471433
716.994135085,-1424.959993677,-645.554181897,0.501167264
717.994127636,-1423.970045925,-645.412801022,0.494863095
718.994120187,-1422.980098174,-645.271420147,0.488558925
719.994112659,-1421.990167456,-645.129920616,0.482266045
720.994105211,-1421.000424579,-644.987112557,0.476097667
721.994097762,-1420.010681703,-644.844304497,0.469929288
722.994090313,-1419.020938827,-644.701496437,0.463760909
723.994082865,-1418.031195951,-644.558688377,0.457592530
724.994075416,-1417.041453075,-644.415880317,0.451424152
725.994067967,-1416.051710199,-644.273072257,0.445255773
726.994060518,-1415.061967323,-644.130264198,0.439087394
727.994053070,-1414.072224447,-643.987456138,0.432919015
728.994045621,-1413.082481571,-643.844648078,0.426750636
729.994038160,-1412.092764933,-643.701658377,0.420632023
730.994030711,-1411.103067056,-643.558538793,0.414548994
731.994023263,-1410.113369179,-643.415419209,0.408465965
732.994015814,-1409.123671303,-643.272299625,0.402382936
733.994008365,-1408.133973426,-643.129180041,0.396299908
734.994000917,-1407.144275549,-642.986060457,0.390216879
735.993993468,-1406.154577672,-642.842940873,0.384133850
736.993986019,-1405.164879796,-642.699821289,0.378050821
737.993978570,-1404.175181932,-642.556701616,0.371967574
738.993971113,-1403.185478393,-642.413621250,0.365887914
739.993963664,-1402.195711907,-642.270976919,0.359852167
740.993956216,-1401.205945421,-642.128332588,0.353816420
741.993948767,-1400.216178934,-641.985688258,0.347780673
742.993941318,-1399.226412448,-641.843043927,0.341744926
743.993933869,-1398.236645961,-641.700399596,0.335709179
744.993926421,-1397.246879475,-641.557755266,0.329673432
745.993918972,-1396.257112989,-641.415110935,0.323637685
746.993911523,-1395.267346502,-641.272466604,0.317601938
747.993904074,-1394.277580016,-641.129822274,0.311566191
748.993896510,-1393.287894914,-640.986615183,0.305545785
749.993889061,-1392.298268040,-640.843005458,0.299536357
750.993881613,-1391.308641166,-640.699395734,0.293526928
751.993874164,-1390.319014293,-640.555786009,0.287517499
752.993866715,-1389.329387419,-640.412176284,0.281508071
753.993859266,-1388.339760545,-640.268566559,0.275498642
754.993851818,-1387.350133671,-640.124956835,0.269489213
755.993844369,-1386.360506797,-639.981347110,0.263479785
756.993836920,-1385.370879923,-639.837737385,0.257470356
757.993829394,-1384.381236121,-639.694244904,0.252541923
758.993821945,-1383.391404951,-639.552050116,0.259578276
759.993814496,-1382.401573781,-639.409855327,0.266614628
760.993807048,-1381.411742611,-639.267660538,0.273650981
761.993799599,-1380.421911442,-639.125465749,0.280687334
762.993792150,-1379.432080272,-638.983270961,0.287723686
763.993784702,-1378.442249102,-638.841076172,0.294760039
764.993777253,-1377.452417932,-638.698881383,0.301796391
765.993769214,-1376.462714613,-638.555803569,0.281459597
766.993761765,-1375.473200888,-638.411416270,0.220529727
767.993754211,-1374.483609077,-638.267565867,0.191641024
768.993746762,-1373.493961363,-638.124099827,0.185690539
769.993739314,-1372.504313649,-637.980633787,0.179740053
770.993731865,-1371.514665935,-637.837167746,0.173789567
771.993724416,-1370.525018221,-637.693701706,0.167839081
772.993716967,-1369.535370507,-637.550235666,0.161888595
773.993709519,-1368.545722792,-637.406769626,0.155938110
774.993702070,-1367.556075078,-637.263303586,0.149987624
775.993694621,-1366.566427364,-637.119837545,0.144037138
776.993687143,-1365.576769186,-636.976443913,0.138091006
777.993679694,-1364.586994973,-636.833853209,0.132193158
778.993672245,-1363.597220759,-636.691262504,0.126295310
779.993664797,-1362.607446546,-636.548671799,0.120397462
780.993657348,-1361.617672333,-636.406081095,0.114499614
781.993649899,-1360.627898119,-636.263490390,0.108601766
782.993642451,-1359.638123906,-636.120899685,0.102703918
783.993635002,-1358.648349692,-635.978308981,0.096806070
784.993627553,-1357.658575479,-635.835718276,0.090908222
785.993620104,-1356.668801265,-635.693127571,0.085010374
786.993612240,-1355.679181688,-635.549470467,0.079157907
787.993604791,-1354.689672879,-635.405049488,0.073337946
788.993597342,-1353.700164070,-635.260628510,0.067517986
789.993589894,-1352.710655261,-635.116207531,0.061698026
790.993582445,-1351.721146451,-634.971786553,0.055878065
791.993574996,-1350.731637642,-634.827365574,0.050058105
792.993567548,-1349.742128833,-634.682944596,0.044238144
793.993560099,-1348.752620024,-634.538523617,0.038418184
794.993552650,-1347.763111214,-634.394102639,0.032598224
795.993545198,-1346.773598928,-634.249705505,0.026787565
796.993537749,-1345.784048019,-634.105573277,0.021080244
797.993530301,-1344.794497109,-633.961441048,0.015372922
798.993522852,-1343.804946199,-633.817308820,0.009665601
799.993515403,-1342.815395289,-633.673176591,0.003958279
800.993507955,-1341.825844379,-633.529044363,-0.001749042
801.993500506,-1340.836293469,-633.384912134,-0.007456364
802.993493057,-1339.846742559,-633.240779906,-0.013163685
803.993485608,-1338.857191649,-633.096647677,-0.018871006
804.993478160,-1337.867640739,-632.952515449,-0.024578328
805.993470297,-1336.878245766,-632.807319510,-0.030197361
806.993462848,-1335.888962557,-632.661361176,-0.035753115
807.993455399,-1334.899679348,-632.515402842,-0.041308870
808.993447951,-1333.910396139,-632.369444508,-0.046864624
809.993440502,-1332.921112930,-632.223486174,-0.052420378
810.993433053,-1331.931829721,-632.077527840,-0.057976132
811.993425604,-1330.942546512,-631.931569507,-0.063531886
812.993418156,-1329.953263303,-631.785611173,-0.069087641
813.993410707,-1328.963980095,-631.639652839,-0.074643395
814.993403256,-1327.974693913,-631.493714674,-0.080183354
815.993395807,-1326.985374641,-631.348000979,-0.085547525
816.993388359,-1325.996055369,-631.202287285,-0.090911695
817.993380910,-1325.006736097,-631.056573591,-0.096275865
818.993373461,-1324.017416825,-630.910859896,-0.101640035
819.993366012,-1323.028097553,-630.765146202,-0.107004205
820.993358564,-1322.038778281,-630.619432507,-0.112368375
821.993351115,-1321.049459009,-630.473718813,-0.117732545
822.993343666,-1320.060139737,-630.328005119,-0.123096716
823.993336217,-1319.070820465,-630.182291424,-0.128460886
824.993328717,-1318.081556491,-630.036203133,-0.133698161
825.993321269,-1317.092332171,-629.889846211,-0.138844438
826.993313820,-1316.103107852,-629.743489288,-0.143990714
827.993306371,-1315.113883533,-629.597132366,-0.149136991
828.993298922,-1314.124659213,-629.450775444,-0.154283268
829.993291474,-1313.135434894,-629.304418521,-0.159429544
830.993284025,-1312.146210575,-629.158061599,-0.164575821
831.993276576,-1311.156986255,-629.011704677,-0.169722097
832.993269128,-1310.167761936,-628.865347755,-0.174868374
833.993261656,-1309.178528210,-628.719054583,-0.179995730
834.993254207,-1308.189189593,-628.573472292,-0.184912103
835.993246758,-1307.199850929,-628.427890325,-0.189829130
836.993239310,-1306.210512179,-628.282308936,-0.194747320
837.993231861,-1305.221173429,-628.136727546,-0.199665510
838.993224412,-1304.231834679,-627.991146157,-0.204583701
839.993216963,-1303.242495930,-627.845564767,-0.209501891
840.993209515,-1302.253157180,-627.699983378,-0.214420081
841.993202066,-1301.263818430,-627.554401989,-0.219338271
842.993194617,-1300.274479681,-627.408820599,-0.224256461
843.993186687,-1299.284973350,-627.264385973,-0.229043916
844.993179238,-1298.295346777,-627.120774180,-0.233737564
845.993171789,-1297.305720203,-626.977162387,-0.238431211
846.993164340,-1296.316093629,-626.833550594,-0.243124859
847.993156892,-1295.326467055,-626.689938801,-0.247818507
848.993149443,-1294.336840481,-626.546327008,-0.252512155
849.993141994,-1293.347213908,-626.402715215,-0.257205803
850.993134546,-1292.357587334,-626.259103422,-0.261899451
851.993127097,-1291.367960760,-626.115491629,-0.266593099
852.993119634,-1290.378326858,-625.971930444,-0.271269536
853.993112185,-1289.388611093,-625.828934620,-0.275753713
854.993104736,-1288.398895327,-625.685938797,-0.280237890
855.993097287,-1287.409179561,-625.542942973,-0.284722067
856.993089839,-1286.419463795,-625.399947150,-0.289206244
857.993082390,-1285.429748029,-625.256951326,-0.293690420
858.993074941,-1284.440032264,-625.113955503,-0.298174597
859.993067492,-1283.450316498,-624.970959679,-0.302658774
860.993060044,-1282.460600732,-624.827963856,-0.307142951
861.993052595,-1281.470884966,-624.684968032,-0.311627128
862.993045138,-1280.481147333,-624.542123701,-0.315996726
863.993037689,-1279.491394000,-624.399388133,-0.320284062
864.993030240,-1278.501640667,-624.256652566,-0.324571398
865.993022792,-1277.511887333,-624.113916999,-0.328858734
866.993015343,-1276.522134000,-623.971181432,-0.333146070
867.993007894,-1275.532380667,-623.828445865,-0.337433406
868.993000446,-1274.542627334,-623.685710298,-0.341720742
869.992992997,-1273.552874001,-623.542974730,-0.346008078
870.992985548,-1272.563120668,-623.400239163,-0.350295414
871.992978090,-1271.573373160,-623.257463270,-0.354569024
872.992970641,-1270.583690859,-623.114236019,-0.358688996
873.992963193,-1269.594008558,-622.971008767,-0.362808969
874.992955744,-1268.604326257,-622.827781516,-0.366928941
875.992948295,-1267.614643956,-622.684554264,-0.371048913
876.992940847,-1266.624961655,-622.541327013,-0.375168886
877.992933398,-1265.635279354,-622.398099761,-0.379288858
878.992925949,-1264.645597053,-622.254872510,-0.383408831
879.992915952,-1263.656014124,-622.110977993,-0.387520199
880.992908503,-1262.667544238,-621.959609609,-0.391535196
881.992901054,-1261.679074353,-621.808241225,-0.395550192
882.992893605,-1260.690604467,-621.656872841,-0.399565188
883.992881928,-1259.702270662,-621.504646246,-0.403575675
884.992874479,-1258.715461142,-621.342806594,-0.407535652
885.992867030,-1257.728651622,-621.180966942,-0.411495628
886.992854473,-1256.742002135,-621.018185871,-0.415451674
887.992847025,-1255.757145663,-620.844857192,-0.419363679
888.992839576,-1254.772289190,-620.671528514,-0.423275684
889.992810540,-1253.788827238,-620.490574044,-0.427166736
890.992803092,-1252.806367081,-620.304141371,-0.431042736
891.992786901,-1251.824149168,-620.116483198,-0.434915785
892.992779453,-1250.844645227,-619.915095182,-0.438755776
893.992772004,-1249.865141286,-619.713707166,-0.442595766
894.992737213,-1248.887458389,-619.503786769,-0.446415404
895.992729764,-1247.911083724,-619.287736738,-0.450220421
896.992698444,-1246.936526098,-619.063739434,-0.454007977
897.992690995,-1245.963273778,-618.834033046,-0.457782988
898.992660109,-1244.991931496,-618.596478000,-0.461543440
899.992652661,-1244.021961292,-618.353284852,-0.465293432
900.992618879,-1243.054134433,-618.101802031,-0.469025964
901.992611430,-1242.087847279,-617.844364200,-0.472745954
902.992595264,-1241.121890431,-617.585723452,-0.476462669
903.992587815,-1240.159634262,-617.313605521,-0.480142677
904.992580367,-1239.197378093,-617.041487591,-0.483822686
905.992547173,-1238.237484926,-616.761239985,-0.487486397
906.992539724,-1237.279289260,-616.475152290,-0.491138402
907.992524882,-1236.321430001,-616.187966020,-0.494787128
908.992517433,-1235.367339304,-615.888473041,-0.498399138
909.992509984,-1234.413248607,-615.588980061,-0.502011148
910.992479133,-1233.461628746,-615.281802686,-0.505604526
911.992471685,-1232.511783783,-614.969105311,-0.509184521
912.992456512,-1231.562314013,-614.655295161,-0.512761237
913.992449063,-1230.617047159,-614.329019698,-0.516301233
914.992441614,-1229.671780305,-614.002744236,-0.519841230
915.992405834,-1228.729475215,-613.668095826,-0.523360284
916.992398385,-1227.789297731,-613.327432647,-0.526864295
917.992382226,-1226.849553989,-612.985600260,-0.530365108
918.992374777,-1225.914668694,-612.630671269,-0.533830109
919.992359533,-1224.980210069,-612.274642353,-0.537292653
920.992352084,-1224.050530636,-611.906292988,-0.540727673
921.992336696,-1223.121297833,-611.536839848,-0.544159822
922.992329248,-1222.197067043,-611.155025037,-0.547559818
923.992313973,-1221.273295492,-610.772120909,-0.550956535
924.992306524,-1220.354667317,-610.377016646,-0.554316533
925.992291463,-1219.436507404,-609.980844648,-0.557674072
926.992284014,-1218.523592016,-609.572714036,-0.561004067
927.992269047,-1217.611156991,-609.163529003,-0.564330784
928.992261598,-1216.704102240,-608.742534014,-0.567620789
929.992246503,-1215.797546978,-608.320482633,-0.570907106
930.992239054,-1214.896585994,-607.886599691,-0.574152111
931.992223684,-1213.996148831,-607.451648918,-0.577394248
932.992216235,-1213.101578185,-607.004739014,-0.580604261
933.992204952,-1212.207381121,-606.557090666,-0.583809102
934.992191116,-1211.318290440,-606.099389793,-0.586959307
935.992183667,-1210.432124072,-605.636038663,-0.590119884
936.992158414,-1209.549257688,-605.166468174,-0.593242885
937.992150966,-1208.668761753,-604.692430189,-0.596338893
938.992137946,-1207.788743986,-604.217516840,-0.599429217
939.992130497,-1206.914081486,-603.732799795,-0.602455871
940.992123048,-1206.039418986,-603.248082750,-0.605482524
941.992110123,-1205.165240980,-602.762503750,-0.608503715
942.992102675,-1204.296490005,-602.267269617,-0.611463707
943.992095226,-1203.427739030,-601.772035484,-0.614423699
944.992061441,-1202.563283293,-601.269393754,-0.617346460
945.992053993,-1201.701913074,-600.761430715,-0.620242475
946.992039615,-1200.841114370,-600.252513398,-0.623133570
947.992032166,-1199.986716918,-599.732907685,-0.625969564
948.992024717,-1199.132319467,-599.213301971,-0.628805558
949.991999703,-1198.281591562,-598.687743216,-0.631608963
950.991992255,-1197.433499621,-598.157908183,-0.634388958
951.991979631,-1196.585921759,-597.627260918,-0.637165019
952.991972182,-1195.744102597,-597.087515051,-0.639897019
953.991964733,-1194.902283434,-596.547769185,-0.642629019
954.991940896,-1194.064143134,-596.002358181,-0.645330751
955.991933447,-1193.228645541,-595.452877631,-0.648010741
956.991920338,-1192.393705446,-594.902560613,-0.650686634
957.991912889,-1191.565011251,-594.342872277,-0.653316634
958.991905440,-1190.736317056,-593.783183941,-0.655946633
959.991892504,-1189.908181743,-593.222678783,-0.658572535
960.991885056,-1189.086307863,-592.653022372,-0.661152529
961.991877607,-1188.264433982,-592.083365961,-0.663732524
962.991852279,-1187.446614206,-591.507935549,-0.666286913
963.991844830,-1186.631706884,-590.928357117,-0.668822907
964.991829834,-1185.817478957,-590.347837616,-0.671355953
965.991822385,-1185.010863748,-589.756773316,-0.673855958
966.991814936,-1184.204248538,-589.165709017,-0.676355962
967.991781745,-1183.402686558,-588.567852838,-0.678835597
968.991774296,-1182.604754814,-587.965117378,-0.681300598
969.991743738,-1181.811701594,-587.356015191,-0.683748144
970.991736289,-1181.022153083,-586.742339175,-0.686183150
971.991700328,-1180.238125841,-586.121670696,-0.688602448
972.991692879,-1179.458064976,-585.495978958,-0.691010464
973.991676718,-1178.678791892,-584.869320250,-0.693416510
974.991669269,-1177.908342942,-584.231830235,-0.695800497
975.991661820,-1177.137893993,-583.594340221,-0.698184484
976.991632762,-1176.372429440,-582.950907316,-0.700550629
977.991625313,-1175.610545549,-582.303205194,-0.702903957
978.991617864,-1174.848661658,-581.655503072,-0.705257284
979.991594654,-1174.091096876,-581.002778642,-0.707598971
980.991587206,-1173.336634927,-580.346446203,-0.709932296
981.991579757,-1172.582172978,-579.690113764,-0.712265621
982.991559898,-1171.831591142,-579.029366316,-0.714587311
983.991552449,-1171.083796892,-578.365446997,-0.716900644
984.991545001,-1170.336002642,-577.701527678,-0.719213976
985.991524646,-1169.592210958,-577.033146632,-0.721521490
986.991517197,-1168.851294852,-576.361560132,-0.723824824
987.991509749,-1168.110378746,-575.689973633,-0.726128158
988.991487431,-1167.373809768,-575.013644197,-0.728427212
989.991479982,-1166.640363901,-574.333907290,-0.730723191
990.991466706,-1165.907615754,-573.653426871,-0.733018846
991.991459258,-1165.182688635,-572.964612110,-0.735310853
992.991451809,-1164.457761517,-572.275797348,-0.737602860
993.991417817,-1163.738801116,-571.580795219,-0.739897192
994.991410369,-1163.024127644,-570.881347629,-0.742193194
995.991394785,-1162.310303182,-570.181045215,-0.744489933
996.991387337,-1161.605994338,-569.471162017,-0.746794932
997.991372992,-1160.902478229,-568.760502889,-0.749099930
998.991365543,-1160.207847152,-568.041147087,-0.751404924
999.991349510,-1159.514112852,-567.320938329,-0.753711146
1000.991342061,-1158.830430454,-566.591168858,-0.756031151
1001.991334613,-1158.146748056,-565.861399387,-0.758351156
1002.991295502,-1157.469968375,-565.125266897,-0.760678147
1003.991288053,-1156.798148099,-564.384562759,-0.763010156
1004.991272224,-1156.127239773,-563.643043804,-0.765343803
1005.991264775,-1155.466551358,-562.892393473,-0.767695801
1006.991257327,-1154.805862942,-562.141743141,-0.770047798
1007.991228424,-1154.151009370,-561.386025605,-0.772411436
1008.991220975,-1153.500347834,-560.626667542,-0.774783436
1009.991208206,-1152.850429996,-559.866679867,-0.777157729
1010.991200757,-1152.208846772,-559.099636147,-0.779557720
1011.991193308,-1151.567263548,-558.332592426,-0.781957711
1012.991170318,-1150.930749264,-557.561357321,-0.784376326
1013.991162869,-1150.297876896,-556.787110805,-0.786808323
1014.991150063,-1149.665765245,-556.012250013,-0.789242613
1015.991142614,-1149.042180415,-555.230503850,-0.791702609
1016.991135165,-1148.418595586,-554.448757687,-0.794162606
1017.991104191,-1147.801371842,-553.662009378,-0.796645882
1018.991096742,-1147.188718522,-552.871667040,-0.799145885
1019.991081211,-1146.577019647,-552.080595977,-0.801649165
1020.991073763,-1145.976019142,-551.281356654,-0.804189166
1021.991058167,-1145.375987591,-550.481399814,-0.806731625
1022.991050718,-1144.786816868,-549.673400457,-0.809301629
1023.991033587,-1144.198714388,-548.864635218,-0.811874500
1024.991026138,-1143.622585227,-548.047285665,-0.814479515
1025.991007714,-1143.047606842,-547.229139585,-0.817087806
1026.991000265,-1142.485524831,-546.402067088,-0.819732803
1027.990980747,-1141.924663952,-545.574180598,-0.822381078
1028.990973299,-1141.377488296,-544.737171694,-0.825066084
1029.990952622,-1140.831606519,-543.899334161,-0.827754778
1030.990945173,-1140.300224370,-543.052210726,-0.830484804
1031.990924301,-1139.770161293,-542.204277126,-0.833217698
1032.990916852,-1139.254876386,-541.347266877,-0.835982727
1033.990897008,-1138.740873404,-540.489501614,-0.838751852
1034.990889559,-1138.241228518,-539.623279881,-0.841566863
1035.990871367,-1137.742789300,-538.756376218,-0.844385562
1036.990863918,-1137.257852605,-537.881835479,-0.847245561
1037.990847516,-1136.774026440,-537.006690098,-0.850108839
1038.990840067,-1136.302637484,-536.124773120,-0.853008844
1039.990825125,-1135.832272573,-535.242318041,-0.855912947
1040.990817677,-1135.373375774,-534.353836848,-0.858862937
1041.990801787,-1134.915573963,-533.464800446,-0.861817028
1042.990794338,-1134.470035809,-532.569545814,-0.864817045
1043.990786890,-1134.024497655,-531.674291183,-0.867817062
1044.990747215,-1133.587474053,-530.774885255,-0.870851991
1045.990739766,-1133.156566152,-529.872497598,-0.873911997
1046.990722556,-1132.726854333,-528.969550571,-0.876976922
1047.990715108,-1132.310535071,-528.060340268,-0.880096933
1048.990707659,-1131.894215809,-527.151129965,-0.883216944
1049.990669788,-1131.486295013,-526.238154126,-0.886374196
1050.990662339,-1131.084406208,-525.322473782,-0.889558198
1051.990646600,-1130.683635391,-524.406312621,-0.892747119
1052.990639151,-1130.295381119,-523.484768416,-0.895991123
1053.990631702,-1129.907126847,-522.563224210,-0.899235127
1054.990600979,-1129.526313042,-521.638605694,-0.902521422
1055.990593530,-1129.150843077,-520.711779169,-0.905838090
1056.990586081,-1128.775373112,-519.784952644,-0.909154758
1057.990563000,-1128.406032168,-518.855683520,-0.912522821
1058.990555551,-1128.041093143,-517.924660098,-0.915927797
1059.990548102,-1127.676154118,-516.993636677,-0.919332772
1060.990540654,-1127.311215093,-516.062613256,-0.922737747
1061.990530776,-1126.948699533,-515.130646136,-0.926243956
1062.990523327,-1126.587924736,-514.198001161,-0.929822881
1063.990515878,-1126.227149939,-513.265356187,-0.933401805
1064.990508430,-1125.866375141,-512.332711213,-0.936980729
1065.990500981,-1125.505600344,-511.400066238,-0.940559654
1066.990493532,-1125.144825547,-510.467421264,-0.944138578
1067.990486084,-1124.784050750,-509.534776289,-0.947717503
1068.990478635,-1124.423275953,-508.602131315,-0.951296427
1069.990471186,-1124.062501155,-507.669486341,-0.954875351
1070.990463375,-1123.701489320,-506.736933483,-0.958474107
1071.990455926,-1123.337820681,-505.805413100,-0.962295133
1072.990448477,-1122.974152042,-504.873892717,-0.966116158
1073.990441029,-1122.610483403,-503.942372334,-0.969937184
1074.990433580,-1122.246814765,-503.010851951,-0.973758210
1075.990426131,-1121.883146126,-502.079331568,-0.977579236
1076.990418683,-1121.519477487,-501.147811185,-0.981400262
1077.990411234,-1121.155808848,-500.216290803,-0.985221288
1078.990403785,-1120.792140210,-499.284770420,-0.989042314
1079.990396336,-1120.428471571,-498.353250037,-0.992863340
1080.990388827,-1120.064419108,-497.421879656,-0.996813595
1081.990381378,-1119.700090803,-496.490617079,-1.000856723
1082.990373929,-1119.335762497,-495.559354501,-1.004899851
1083.990366481,-1118.971434192,-494.628091924,-1.008942979
1084.990359032,-1118.607105887,-493.696829346,-1.012986107
1085.990351583,-1118.242777581,-492.765566768,-1.017029235
1086.990344134,-1117.878449276,-491.834304191,-1.021072364
1087.990336686,-1117.514120970,-490.903041613,-1.025115492
1088.990329237,-1117.149792665,-489.971779035,-1.029158620
1089.990321788,-1116.785470643,-489.040514000,-1.033216897
1090.990314339,-1116.421219179,-488.109221364,-1.037445284
1091.990306891,-1116.056967714,-487.177928729,-1.041673670
1092.990299442,-1115.692716249,-486.246636093,-1.045902056
1093.990291993,-1115.328464785,-485.315343457,-1.050130442
1094.990284544,-1114.964213320,-484.384050822,-1.054358829
1095.990277096,-1114.599961855,-483.452758186,-1.058587215
1096.990269647,-1114.235710391,-482.521465551,-1.062815601
1097.990262198,-1113.871458926,-481.590172915,-1.067043987
1098.990254749,-1113.507207461,-480.658880279,-1.071272374
1099.990246844,-1113.144005771,-479.727178223,-1.075583424
1100.990239396,-1112.781558981,-478.795181749,-1.079953920
1101.990231947,-1112.419112191,-477.863185276,-1.084324415
1102.990224498,-1112.056665402,-476.931188802,-1.088694911
1103.990217049,-1111.694218612,-475.999192328,-1.093065406
1104.990209601,-1111.331771823,-475.067195854,-1.097435902
1105.990202152,-1110.969325033,-474.135199380,-1.101806397
1106.990194703,-1110.606878244,-473.203202906,-1.106176893
1107.990187254,-1110.244431454,-472.271206432,-1.110547388
1108.990179801,-1109.882012492,-471.339199142,-1.114924758
1109.990172352,-1109.519906604,-470.407070166,-1.119379465
1110.990164903,-1109.157800716,-469.474941189,-1.123834172
1111.990157455,-1108.795694829,-468.542812213,-1.128288879
1112.990150006,-1108.433588941,-467.610683237,-1.132743586
1113.990142557,-1108.071483053,-466.678554260,-1.137198293
1114.990135108,-1107.709377165,-465.746425284,-1.141653000
1115.990127660,-1107.347271277,-464.814296308,-1.146107707
1116.990120211,-1106.985165389,-463.882167331,-1.150562414
1117.990112762,-1106.623059501,-462.950038355,-1.155017121
1118.990105229,-1106.260502958,-462.018084661,-1.159487925
1119.990097781,-1105.897622169,-461.086257083,-1.163970311
1120.990090332,-1105.534741381,-460.154429504,-1.168452698
1121.990082883,-1105.171860592,-459.222601926,-1.172935084
1122.990075435,-1104.808979804,-458.290774347,-1.177417470
1123.990067986,-1104.446099015,-457.358946769,-1.181899856
1124.990060537,-1104.083218227,-456.427119190,-1.186382243
1125.990053088,-1103.720337438,-455.495291612,-1.190864629
1126.990045640,-1103.357456380,-454.563464139,-1.195346264
1127.990038182,-1102.994612116,-453.631622347,-1.199824386
1128.990030733,-1102.632189551,-452.699616453,-1.204282252
1129.990023284,-1102.269766987,-451.767610558,-1.208740118
1130.990015836,-1101.907344422,-450.835604664,-1.213197984
1131.990008387,-1101.544921857,-449.903598769,-1.217655849
1132.990000938,-1101.182499293,-448.971592875,-1.222113715
1133.989993490,-1100.820076728,-448.039586981,-1.226571581
1134.989986041,-1100.457654164,-447.107581086,-1.231029446
1135.989978592,-1100.095231599,-446.175575192,-1.235487312
1136.989971143,-1099.732809034,-445.243569297,-1.239945178
1137.989963694,-1099.370359045,-444.311574068,-1.244362646
1138.989956246,-1099.007889314,-443.379586516,-1.248751031
1139.989948797,-1098.645419582,-442.447598965,-1.253139416
1140.989941348,-1098.282949850,-441.515611413,-1.257527801
1141.989933899,-1097.920480118,-440.583623862,-1.261916186
1142.989926451,-1097.558010387,-439.651636310,-1.266304572
1143.989919002,-1097.195540655,-438.719648759,-1.270692957
1144.989911553,-1096.833070923,-437.787661207,-1.275081342
1145.989904105,-1096.470601191,-436.855673656,-1.279469727
1146.989896656,-1096.108125708,-435.923688342,-1.283849807
1147.989889207,-1095.745585268,-434.991728293,-1.288136094
1148.989881758,-1095.383044828,-434.059768245,-1.292422381
1149.989874309,-1095.020504388,-433.127808196,-1.296708669
1150.989866861,-1094.657963948,-432.195848148,-1.300994956
1151.989859412,-1094.295423508,-431.263888099,-1.305281243
1152.989851963,-1093.932883068,-430.331928051,-1.309567530
1153.989844515,-1093.570342628,-429.399968002,-1.313853818
1154.989837066,-1093.207802188,-428.468007954,-1.318140105
1155.989829617,-1092.845261748,-427.536047905,-1.322426392
1156.989822103,-1092.483119353,-426.603933182,-1.326642310
1157.989814654,-1092.121263680,-425.671707043,-1.330807539
1158.989807205,-1091.759408006,-424.739480904,-1.334972769
1159.989799757,-1091.397552333,-423.807254765,-1.339137998
1160.989792308,-1091.035696660,-422.875028626,-1.343303228
1161.989784859,-1090.673840987,-421.942802487,-1.347468457
1162.989777410,-1090.311985313,-421.010576348,-1.351633686
1163.989769962,-1089.950129640,-420.078350209,-1.355798916
1164.989762513,-1089.588273967,-419.146124070,-1.359964145
1165.989755049,-1089.226369254,-418.213916984,-1.364120143
1166.989747600,-1088.863909711,-417.281925470,-1.368171693
1167.989740151,-1088.501450168,-416.349933956,-1.372223244
1168.989732702,-1088.138990624,-415.417942442,-1.376274794
1169.989725254,-1087.776531081,-414.485950928,-1.380326345
1170.989717805,-1087.414071538,-413.553959414,-1.384377895
1171.989710356,-1087.051611995,-412.621967900,-1.388429445
1172.989702908,-1086.689152452,-411.689976386,-1.392480996
1173.989695459,-1086.326692909,-410.757984872,-1.396532546
1174.989688010,-1085.964233365,-409.825993358,-1.400584096
1175.989680502,-1085.601396099,-408.894148895,-1.404590990
1176.989673053,-1085.238286589,-407.962410420,-1.408565696
1177.989665605,-1084.875177079,-407.030671945,-1.412540402
1178.989658156,-1084.512067569,-406.098933470,-1.416515108
1179.989650707,-1084.148958059,-405.167194994,-1.420489815
1180.989643259,-1083.785848549,-404.235456519,-1.424464521
1181.989635810,-1083.422739039,-403.303718044,-1.428439227
1182.989628361,-1083.059629529,-402.371979568,-1.432413933
1183.989620912,-1082.696520019,-401.440241093,-1.436388639
1184.989613400,-1082.333509378,-400.508464162,-1.440362578
1185.989605951,-1081.971619436,-399.576251325,-1.444327812
1186.989598503,-1081.609729494,-398.644038489,-1.448293045
1187.989591054,-1081.247839553,-397.711825652,-1.452258279
1188.989583605,-1080.885949611,-396.779612816,-1.456223513
1189.989576156,-1080.524059669,-395.847399979,-1.460188747
1190.989568708,-1080.162169727,-394.915187143,-1.464153981
1191.989561259,-1079.800279785,-393.982974306,-1.468119214
1192.989553810,-1079.438389844,-393.050761469,-1.472084448
1193.989546361,-1079.076499902,-392.118548633,-1.476049682
1194.989538450,-1078.713554848,-391.186746580,-1.480074240
1195.989531002,-1078.349848873,-390.255240774,-1.484141582
1196.989523553,-1077.986142898,-389.323734968,-1.488208923
1197.989516104,-1077.622436923,-388.392229162,-1.492276265
1198.989508656,-1077.258730948,-387.460723356,-1.496343606
1199.989501207,-1076.895024973,-386.529217551,-1.500410948
1200.989493758,-1076.531318998,-385.597711745,-1.504478289
1201.989486309,-1076.167613023,-384.666205939,-1.508545631
1202.989478861,-1075.803907048,-383.734700133,-1.512612972
1203.989471411,-1075.440213839,-382.803189344,-1.516701442
1204.989463962,-1075.076665584,-381.871621972,-1.521029829
1205.989456513,-1074.713117330,-380.940054599,-1.525358216
1206.989449065,-1074.349569076,-380.008487227,-1.529686603
1207.989441616,-1073.986020821,-379.076919854,-1.534014990
1208.989434167,-1073.622472567,-378.145352482,-1.538343377
1209.989426719,-1073.258924313,-377.213785109,-1.542671764
1210.989419270,-1072.895376059,-376.282217737,-1.547000152
1211.989411821,-1072.531827804,-375.350650364,-1.551328539
1212.989404372,-1072.168279550,-374.419082992,-1.555656926
1213.989396837,-1071.805187920,-373.487337642,-1.560256176
1214.989389388,-1071.442425781,-372.555463866,-1.565050877
1215.989381940,-1071.079663642,-371.623590091,-1.569845577
1216.989374491,-1070.716901504,-370.691716316,-1.574640278
1217.989367042,-1070.354139365,-369.759842540,-1.579434979
1218.989359593,-1069.991377226,-368.827968765,-1.584229679
1219.989352145,-1069.628615087,-367.896094989,-1.589024380
1220.989344696,-1069.265852949,-366.964221214,-1.593819080
1221.989337247,-1068.903090810,-366.032347438,-1.598613781
1222.989329676,-1068.540465392,-365.100420583,-1.603466293
1223.989322227,-1068.179392391,-364.167891017,-1.608974209
1224.989314779,-1067.818312117,-363.235364268,-1.614476689
1225.989307330,-1067.457231843,-362.302837519,-1.619979169
1226.989299881,-1067.096151569,-361.370310769,-1.625481649
1227.989292433,-1066.735071295,-360.437784020,-1.630984129
1228.989284984,-1066.373991021,-359.505257271,-1.636486609
1229.989277535,-1066.012910747,-358.572730521,-1.641989088
1230.989270086,-1065.651830473,-357.640203772,-1.647491568
1231.989262638,-1065.290750199,-356.707677022,-1.652994048
1232.989255178,-1064.929508888,-355.775212655,-1.659067834
1233.989247729,-1064.568151311,-354.842793326,-1.665554100
1234.989240281,-1064.206793733,-353.910373998,-1.672040366
1235.989232832,-1063.845436155,-352.977954670,-1.678526632
1236.989225383,-1063.484078578,-352.045535342,-1.685012899
1237.989217935,-1063.122721000,-351.113116013,-1.691499165
1238.989210486,-1062.761363423,-350.180696685,-1.697985431
1239.989203037,-1062.400005845,-349.248277357,-1.704471697
1240.989195588,-1062.038648267,-348.315858029,-1.710957963
1241.989188104,-1061.677216541,-347.383467479,-1.717547799
1242.989180655,-1061.314939555,-346.451404987,-1.725318274
1243.989173206,-1060.952662569,-345.519342496,-1.733088750
1244.989165758,-1060.590385582,-344.587280004,-1.740859225
1245.989158309,-1060.228108596,-343.655217513,-1.748629700
1246.989150860,-1059.865831610,-342.723155022,-1.756400175
1247.989143411,-1059.503554624,-341.791092530,-1.764170650
1248.989135963,-1059.141277638,-340.859030039,-1.771941126
1249.989128514,-1058.779000652,-339.926967547,-1.779711601
1250.989121065,-1058.416723666,-338.994905056,-1.787482076
1251.989113049,-1058.055615777,-338.062389608,-1.796183311
1252.989105600,-1057.695352440,-337.129546947,-1.805556924
1253.989098151,-1057.335089102,-336.196704286,-1.814930537
1254.989090703,-1056.974825765,-335.263861625,-1.824304150
1255.989083254,-1056.614562428,-334.331018964,-1.833677763
1256.989075805,-1056.254299091,-333.398176303,-1.843051376
1257.989068356,-1055.894035754,-332.465333641,-1.852424989
1258.989060908,-1055.533772416,-331.532490980,-1.861798602
1259.989053459,-1055.173509079,-330.599648319,-1.871172215
1260.989045436,-1054.812950045,-329.666920526,-1.880657445
1261.989037987,-1054.449014092,-328.735504548,-1.891417371
1262.989030538,-1054.085078139,-327.804088569,-1.902177297
1263.989023089,-1053.721142186,-326.872672591,-1.912937223
1264.989015641,-1053.357206232,-325.941256613,-1.923697149
1265.989005462,-1052.990712663,-325.010846968,-1.935163483
1266.988998014,-1052.622370696,-324.081164604,-1.947140342
1267.988990565,-1052.254028728,-323.151482240,-1.959117201
1268.988983116,-1051.885686761,-322.221799877,-1.971094060
1269.988975667,-1051.517344793,-321.292117513,-1.983070919
1270.988968219,-1051.149002826,-320.362435149,-1.995047778
1271.988959663,-1050.781070487,-319.432591785,-2.007166810
1272.988952214,-1050.417820352,-318.500908124,-2.020910928
1273.988944765,-1050.054570218,-317.569224464,-2.034655046
1274.988937317,-1049.691320084,-316.637540804,-2.048399164
1275.988929868,-1049.328069950,-315.705857144,-2.062143283
1276.988922419,-1048.964819815,-314.774173484,-2.075887401
1277.988914970,-1048.601569681,-313.842489824,-2.089631519
1278.988907522,-1048.238319547,-312.910806164,-2.103375637
1279.988900073,-1047.875069413,-311.979122503,-2.117119755
1280.988892624,-1047.511819278,-311.047438843,-2.130863873
1281.988885137,-1047.148875317,-310.115635911,-2.145760186
1282.988877688,-1046.786152717,-309.183746745,-2.161489532
1283.988870239,-1046.423430116,-308.251857578,-2.177218877
1284.988862790,-1046.060707516,-307.319968412,-2.192948222
1285.988855342,-1045.697984916,-306.388079246,-2.208677568
1286.988847893,-1045.335262316,-305.456190080,-2.224406913
1287.988840444,-1044.972539716,-304.524300914,-2.240136259
1288.988832996,-1044.609817116,-303.592411748,-2.255865604
1289.988825547,-1044.247094516,-302.660522581,-2.271594950
1290.988818007,-1043.884254297,-301.728679303,-2.287472990
1291.988810558,-1043.520067080,-300.797361541,-2.305053924
1292.988803109,-1043.155879863,-299.866043779,-2.322634857
1293.988795661,-1042.791692645,-298.934726018,-2.340215790
1294.988788212,-1042.427505428,-298.003408256,-2.357796724
1295.988780763,-1042.063318211,-297.072090494,-2.375377657
1296.988773314,-1041.699130993,-296.140772732,-2.392958591
1297.988765866,-1041.334943776,-295.209454971,-2.410539524
1298.988758417,-1040.970756559,-294.278137209,-2.428120457
1299.988750968,-1040.606569341,-293.346819447,-2.445701391
1300.988742659,-1040.243819257,-292.414941902,-2.464279718
1301.988735210,-1039.882108821,-291.482659401,-2.483579577
1302.988727762,-1039.520398384,-290.550376899,-2.502879437
1303.988720313,-1039.158687948,-289.618094398,-2.522179296
1304.988712864,-1038.796977511,-288.685811896,-2.541479155
1305.988705416,-1038.435267074,-287.753529395,-2.560779014
1306.988697967,-1038.073556638,-286.821246893,-2.580078874
1307.988690518,-1037.711846201,-285.888964392,-2.599378733
1308.988683069,-1037.350135765,-284.956681890,-2.618678592
1309.988675613,-1036.988460428,-284.024385780,-2.638106052
1310.988668164,-1036.627187789,-283.091933538,-2.658997474
1311.988660715,-1036.265915150,-282.159481296,-2.679888896
1312.988653266,-1035.904642512,-281.227029055,-2.700780318
1313.988645818,-1035.543369873,-280.294576813,-2.721671740
1314.988638369,-1035.182097234,-279.362124571,-2.742563162
1315.988630920,-1034.820824595,-278.429672329,-2.763454584
1316.988623472,-1034.459551957,-277.497220088,-2.784346006
1317.988616023,-1034.098279318,-276.564767846,-2.805237428
1318.988608574,-1033.737006679,-275.632315604,-2.826128850
1319.988601119,-1033.375860016,-274.699814571,-2.847875317
1320.988593670,-1033.014804642,-273.767278181,-2.870241709
1321.988586221,-1032.653749508,-272.834741697,-2.892610431
1322.988578773,-1032.292694374,-271.902205214,-2.914979152
1323.988571324,-1031.931639240,-270.969668730,-2.937347874
1324.988563875,-1031.570584106,-270.037132247,-2.959716596
1325.988556426,-1031.209528972,-269.104595764,-2.982085318
1326.988548978,-1030.848473838,-268.172059280,-3.004454040
1327.988541529,-1030.487418705,-267.239522797,-3.026822761
1328.988534077,-1030.126386987,-266.306977251,-3.049302824
1329.988526628,-1029.765624421,-265.374327546,-3.073062638
1330.988519179,-1029.404861854,-264.441677840,-3.096822452
1331.988511731,-1029.044099287,-263.509028135,-3.120582266
1332.988504282,-1028.683336721,-262.576378429,-3.144342080
1333.988496833,-1028.322574154,-261.643728724,-3.168101894
1334.988489384,-1027.961811587,-260.711079018,-3.191861708
1335.988481936,-1027.601049020,-259.778429313,-3.215621522
1336.988474487,-1027.240286454,-258.845779608,-3.239381336
1337.988467038,-1026.879523887,-257.913129902,-3.263141150
1338.988459432,-1026.519377258,-256.980242346,-3.287676902
1339.988451983,-1026.159676719,-256.047182527,-3.312774623
1340.988444534,-1025.799976180,-255.114122709,-3.337872344
1341.988437085,-1025.440275641,-254.181062890,-3.362970065
1342.988429637,-1025.080575102,-253.248003072,-3.388067785
1343.988422188,-1024.720874563,-252.314943254,-3.413165506
1344.988414739,-1024.361174024,-251.381883435,-3.438263227
1345.988407291,-1024.001473485,-250.448823617,-3.463360947
1346.988399842,-1023.641772946,-249.515763798,-3.488458668
1347.988392350,-1023.282153143,-248.582672905,-3.513660759
1348.988384901,-1022.923463096,-247.649224164,-3.540064773
1349.988377453,-1022.564773048,-246.715775423,-3.566468786
1350.988370004,-1022.206083001,-245.782326682,-3.592872799
1351.988362555,-1021.847392953,-244.848877941,-3.619276812
1352.988355106,-1021.488702905,-243.915429200,-3.645680826
1353.988347658,-1021.130012858,-242.981980458,-3.672084839
1354.988340209,-1020.771322810,-242.048531717,-3.698488852
1355.988332760,-1020.412632763,-241.115082976,-3.724892866
1356.988325312,-1020.053942715,-240.181634235,-3.751296879
1357.988317849,-1019.695438149,-239.248114257,-3.778447333
1358.988310400,-1019.337067991,-238.314542656,-3.806138695
1359.988302951,-1018.978697834,-237.380971056,-3.833830058
1360.988295502,-1018.620327677,-236.447399456,-3.861521420
1361.988288054,-1018.261957519,-235.513827855,-3.889212783
1362.988280605,-1017.903587362,-234.580256255,-3.916904145
1363.988273156,-1017.545217205,-233.646684655,-3.944595508
1364.988265707,-1017.186847047,-232.713113054,-3.972286870
1365.988258259,-1016.828476890,-231.779541454,-3.999978233
1366.988250802,-1016.470141115,-230.845956664,-4.027771422
1367.988243354,-1016.112202067,-229.912219688,-4.056739560
1368.988235905,-1015.754263019,-228.978482712,-4.085707697
1369.988228456,-1015.396323971,-228.044745736,-4.114675835
1370.988221007,-1015.038385146,-227.111008675,-4.143643727
1371.988213559,-1014.680447595,-226.177271124,-4.172610214
1372.988206110,-1014.322510045,-225.243533574,-4.201576702
1373.988198661,-1013.964572494,-224.309796024,-4.230543189
1374.988191212,-1013.606634944,-223.376058474,-4.259509677
1375.988183764,-1013.248697393,-222.442320924,-4.288476164
1376.988176123,-1012.891438818,-221.508323585,-4.318174050
1377.988168675,-1012.534672544,-220.574137881,-4.348402249
1378.988161226,-1012.177906271,-219.639952178,-4.378630448
1379.988153777,-1011.821139997,-218.705766474,-4.408858646
1380.988146329,-1011.464373724,-217.771580770,-4.439086845
1381.988138880,-1011.107607450,-216.837395067,-4.469315044
1382.988131431,-1010.750841177,-215.903209363,-4.499543242
1383.988123982,-1010.394074903,-214.969023660,-4.529771441
1384.988116534,-1010.037308630,-214.034837956,-4.559999640
1385.988109063,-1009.680600550,-213.100630055,-4.590325726
1386.988101614,-1009.324565187,-212.166165543,-4.621783382
1387.988094165,-1008.968529823,-211.231701032,-4.653241039
1388.988086716,-1008.612494460,-210.297236521,-4.684698696
1389.988079268,-1008.256459096,-209.362772010,-4.716156353
1390.988071819,-1007.900423733,-208.428307499,-4.747614009
1391.988064370,-1007.544388369,-207.493842988,-4.779071666
1392.988056921,-1007.188353006,-206.559378477,-4.810529323
1393.988049473,-1006.832317642,-205.624913966,-4.841986980
1394.988042024,-1006.476282279,-204.690449454,-4.873444637
1395.988034567,-1006.120391421,-203.755929908,-4.905591048
1396.988027118,-1005.764605400,-202.821370434,-4.938237141
1397.988019669,-1005.408819379,-201.886810961,-4.970883234
1398.988012220,-1005.053033358,-200.952251487,-5.003529327
1399.988004772,-1004.697247337,-200.017692013,-5.036175420
1400.987997323,-1004.341461316,-199.083132540,-5.068821514
1401.987989874,-1003.985675295,-198.148573066,-5.101467607
1402.987982426,-1003.629889274,-197.214013592,-5.134113700
1403.987974977,-1003.274103253,-196.279454119,-5.166759793
1404.987967413,-1002.918185204,-195.344945042,-5.199496911
1405.987959964,-1002.560738075,-194.411019642,-5.233288236
1406.987952515,-1002.203290947,-193.477094242,-5.267079561
1407.987945066,-1001.845843818,-192.543168842,-5.300870885
1408.987937618,-1001.488396689,-191.609243442,-5.334662210
1409.987930169,-1001.130949561,-190.675318042,-5.368453535
1410.987922720,-1000.773502432,-189.741392642,-5.402244859
1411.987915271,-1000.416055303,-188.807467242,-5.436036184
1412.987907823,-1000.058608174,-187.873541842,-5.469827508
1413.987900374,-999.701161046,-186.939616442,-5.503618833
1414.987892621,-999.342859568,-186.006018806,-5.538047235
1415.987885173,-998.983937924,-185.072659092,-5.572938086
1416.987877724,-998.625016280,-184.139299378,-5.607828938
1417.987870275,-998.266094156,-183.205939848,-5.642720490
1418.987862827,-997.907170925,-182.272580744,-5.677613659
1419.987855378,-997.548247695,-181.339221640,-5.712506828
1420.987847929,-997.189324464,-180.405862536,-5.747399997
1421.987840480,-996.830401234,-179.472503432,-5.782293166
1422.987833032,-996.471478003,-178.539144328,-5.817186335
1423.987825465,-996.112687629,-177.605734270,-5.852162622
1424.987818017,-995.755438946,-176.671732942,-5.888103423
1425.987810568,-995.398190264,-175.737731614,-5.924044225
1426.987803119,-995.040941581,-174.803730285,-5.959985026
1427.987795671,-994.683692898,-173.869728957,-5.995925827
1428.987788222,-994.326444215,-172.935727629,-6.031866628
1429.987780773,-993.969195532,-172.001726300,-6.067807429
1430.987773324,-993.611946850,-171.067724972,-6.103748230
1431.987765876,-993.254698167,-170.133723644,-6.139689031
1432.987758427,-992.897449484,-169.199722316,-6.175629832
1433.987750972,-992.540318520,-168.265675975,-6.212130981
1434.987743524,-992.183273057,-167.331596942,-6.249039112
1435.987736075,-991.826227593,-166.397517910,-6.285947244
1436.987728626,-991.469182129,-165.463438877,-6.322855375
1437.987721178,-991.112136666,-164.529359844,-6.359763506
1438.987713729,-990.755091202,-163.595280811,-6.396671638
1439.987706280,-990.398045738,-162.661201779,-6.433579769
1440.987698831,-990.041000274,-161.727122746,-6.470487901
1441.987691383,-989.683954811,-160.793043713,-6.507396032
1442.987683914,-989.326854881,-159.858985523,-6.544371609
1443.987676465,-988.969121692,-158.925169658,-6.582131355
1444.987669017,-988.611388503,-157.991353794,-6.619891101
1445.987661568,-988.253655314,-157.057537930,-6.657650847
1446.987654119,-987.895922125,-156.123722066,-6.695410593
1447.987646671,-987.538188937,-155.189906202,-6.733170339
1448.987639222,-987.180455748,-154.256090337,-6.770930084
1449.987631773,-986.822722559,-153.322274473,-6.808689830
1450.987624324,-986.464989370,-152.388458609,-6.846449576
1451.987616876,-986.107256181,-151.454642745,-6.884209322
1452.987609336,-985.749989482,-150.520648405,-6.922380538
1453.987601888,-985.393061788,-149.586524364,-6.960850777
1454.987594439,-985.036134094,-148.652400323,-6.999321016
1455.987586990,-984.679206400,-147.718276282,-7.037791254
1456.987579541,-984.322278706,-146.784152241,-7.076261493
1457.987572093,-983.965351012,-145.850028200,-7.114731732
1458.987564644,-983.608423318,-144.915904159,-7.153201971
1459.987557195,-983.251495624,-143.981780118,-7.191672209
1460.987549747,-982.894567930,-143.047656077,-7.230142448
1461.987542286,-982.537681732,-142.113516194,-7.268655963
1462.987534838,-982.181278879,-141.179191781,-7.307673557
1463.987527389,-981.824876026,-140.244867368,-7.346691152
1464.987519940,-981.468473174,-139.310542955,-7.385708746
1465.987512491,-981.112070321,-138.376218541,-7.424726341
1466.987505043,-980.755667468,-137.441894128,-7.463743935
1467.987497594,-980.399264616,-136.507569715,-7.502761530
1468.987490145,-980.042861763,-135.573245302,-7.541779125
1469.987482697,-979.686458910,-134.638920888,-7.580796719
1470.987475248,-979.330056057,-133.704596475,-7.619814314
1471.987467529,-978.974458775,-132.769965459,-7.659044621
1472.987460080,-978.619447261,-131.835111499,-7.698429600
1473.987452632,-978.264435747,-130.900257539,-7.737814580
1474.987445183,-977.909424232,-129.965403578,-7.777199560
1475.987437734,-977.554412718,-129.030549618,-7.816584539
1476.987430285,-977.199401204,-128.095695657,-7.855969519
1477.987422837,-976.844389689,-127.160841697,-7.895354499
1478.987415388,-976.489378175,-126.225987737,-7.934739478
1479.987407939,-976.134366661,-125.291133776,-7.974124458
1480.987400490,-975.779351209,-124.356281311,-8.013523726
1481.987393042,-975.424289809,-123.421446296,-8.053089753
1482.987385593,-975.069228408,-122.486611282,-8.092655780
1483.987378144,-974.714167007,-121.551776267,-8.132221807
1484.987370696,-974.359105607,-120.616941253,-8.171787834
1485.987363247,-974.004044206,-119.682106238,-8.211353862
1486.987355798,-973.648982805,-118.747271224,-8.250919889
1487.987348349,-973.293921404,-117.812436209,-8.290485916
1488.987340901,-972.938860004,-116.877601195,-8.330051943
1489.987333452,-972.583798603,-115.942766180,-8.369617970
1490.987325931,-972.229152963,-115.007773438,-8.409189469
1491.987318483,-971.874809812,-114.072665939,-8.448764948
1492.987311034,-971.520466661,-113.137558440,-8.488340428
1493.987303585,-971.166123510,-112.202450942,-8.527915908
1494.987296136,-970.811780359,-111.267343443,-8.567491388
1495.987288688,-970.457437209,-110.332235945,-8.607066868
1496.987281239,-970.103094058,-109.397128446,-8.646642348
1497.987273790,-969.748750907,-108.462020947,-8.686217827
1498.987266342,-969.394407756,-107.526913449,-8.725793307
1499.987258893,-969.040060573,-106.591807478,-8.765357014
1500.987251444,-968.685666240,-105.656719375,-8.804783041
1501.987243995,-968.331271907,-104.721631273,-8.844209069
1502.987236547,-967.976877574,-103.786543170,-8.883635097
1503.987229098,-967.622483242,-102.851455068,-8.923061125
1504.987221649,-967.268088909,-101.916366965,-8.962487152
1505.987214200,-966.913694576,-100.981278863,-9.001913180
1506.987206752,-966.559300243,-100.046190760,-9.041339208
1507.987199303,-966.204905910,-99.111102658,-9.080765236
1508.987191854,-965.850511577,-98.176014555,-9.120191263
1509.987184236,-965.495478670,-97.241168901,-9.159448715
1510.987176787,-965.139980888,-96.306499746,-9.198583446
1511.987169338,-964.784483107,-95.371830590,-9.237718177
1512.987161890,-964.428985326,-94.437161435,-9.276852908
1513.987154441,-964.073487544,-93.502492279,-9.315987640
1514.987146992,-963.717989763,-92.567823124,-9.355122371
1515.987139543,-963.362491981,-91.633153969,-9.394257102
1516.987132095,-963.006994030,-90.698484878,-9.433391464
1517.987124646,-962.651495687,-89.763815936,-9.472524973
1518.987117187,-962.296036287,-88.829132194,-9.511625364
1519.987109738,-961.941033178,-87.894275042,-9.550337726
1520.987102290,-961.586030068,-86.959417890,-9.589050088
1521.987094841,-961.231026958,-86.024560738,-9.627762451
1522.987087392,-960.876023849,-85.089703586,-9.666474813
1523.987079943,-960.521020739,-84.154846434,-9.705187176
1524.987072495,-960.166017629,-83.219989282,-9.743899538
1525.987065046,-959.811014520,-82.285132130,-9.782611900
1526.987057597,-959.456011410,-81.350274978,-9.821324263
1527.987050149,-959.101008300,-80.415417826,-9.860036625
1528.987042696,-958.745910148,-79.480596775,-9.898437758
1529.987035247,-958.390742767,-78.545802019,-9.936612192
1530.987027799,-958.035575387,-77.611007264,-9.974786626
1531.987020350,-957.680408006,-76.676212509,-10.012961060
1532.987012901,-957.325240625,-75.741417754,-10.051135494
1533.987005452,-956.970073245,-74.806622999,-10.089309928
1534.986998004,-956.614905864,-73.871828244,-10.127484362
1535.986990555,-956.259738483,-72.937033488,-10.165658796
1536.986983106,-955.904571102,-72.002238733,-10.203833230
1537.986975643,-955.549357269,-71.067461644,-10.241957676
1538.986968194,-955.193598107,-70.132891946,-10.279495284
1539.986960746,-954.837838945,-69.198322247,-10.317032893
1540.986953297,-954.482079783,-68.263752549,-10.354570502
1541.986945848,-954.126320621,-67.329182851,-10.392108111
1542.986938400,-953.770561459,-66.394613152,-10.429645720
1543.986930951,-953.414802297,-65.460043454,-10.467183329
1544.986923502,-953.059043135,-64.525473755,-10.504720938
1545.986916053,-952.703283972,-63.590904057,-10.542258547
1546.986908605,-952.347524810,-62.656334358,-10.579796156
1547.986901121,-951.992054361,-61.721654845,-10.616912438
1548.986893672,-951.636794337,-60.786895294,-10.653721642
1549.986886224,-951.281534313,-59.852135743,-10.690530846
1550.986878775,-950.926274288,-58.917376193,-10.727340050
1551.986871326,-950.571014264,-57.982616642,-10.764149254
1552.986863878,-950.215754239,-57.047857091,-10.800958458
1553.986856429,-949.860494215,-56.113097540,-10.837767662
1554.986848980,-949.505234191,-55.178337990,-10.874576866
1555.986841531,-949.149974166,-54.243578439,-10.911386070
1556.986834078,-948.794740702,-53.308808800,-10.948130611
1557.986826629,-948.439819646,-52.373920492,-10.984114546
1558.986819180,-948.084898591,-51.439032185,-11.020098482
1559.986811732,-947.729977536,-50.504143878,-11.056082417
1560.986804283,-947.375056480,-49.569255571,-11.092066352
1561.986796834,-947.020135425,-48.634367263,-11.128050288
1562.986789386,-946.665214370,-47.699478956,-11.164034223
1563.986781937,-946.310293314,-46.764590649,-11.200018158
1564.986774488,-945.955372259,-45.829702341,-11.236002094
1565.986767039,-945.600451204,-44.894814034,-11.271986029
1566.986759232,-945.246458188,-43.959574316,-11.307432478
1567.986751783,-944.893141957,-43.024078328,-11.342486960
1568.986744334,-944.539825727,-42.088582340,-11.377541442
1569.986736885,-944.186509496,-41.153086352,-11.412595923
1570.986729437,-943.833193265,-40.217590364,-11.447650405
1571.986721988,-943.479877034,-39.282094376,-11.482704886
1572.986714539,-943.126560803,-38.346598388,-11.517759368
1573.986707091,-942.773244572,-37.411102400,-11.552813850
1574.986699642,-942.419928341,-36.475606412,-11.587868331
1575.986692011,-942.066776566,-35.540048524,-11.622840981
1576.986684562,-941.715563027,-34.603761093,-11.656849184
1577.986677114,-941.364349489,-33.667473663,-11.690857387
1578.986669665,-941.013135950,-32.731186232,-11.724865589
1579.986662216,-940.661922411,-31.794898801,-11.758873792
1580.986654768,-940.310708873,-30.858611370,-11.792881995
1581.986647319,-939.959495334,-29.922323940,-11.826890198
1582.986639870,-939.608281795,-28.986036509,-11.860898401
1583.986632421,-939.257068256,-28.049749078,-11.894906604
1584.986624973,-938.905854718,-27.113461648,-11.928914807
1585.986614934,-938.552148604,-26.178115772,-11.962467168
1586.986607485,-938.196623781,-25.243456902,-11.995686925
1587.986600036,-937.841098958,-24.308798032,-12.028906682
1588.986589277,-937.484875222,-23.374408858,-12.062074403
1589.986581828,-937.120404382,-22.443202055,-12.094628112
1590.986574379,-936.755933542,-21.511995252,-12.127181821
1591.986566930,-936.391462702,-20.580788449,-12.159735529
1592.986559482,-936.026991863,-19.649581646,-12.192289238
1593.986552033,-935.662521023,-18.718374844,-12.224842947
1594.986544584,-935.298050183,-17.787168041,-12.257396656
1595.986522420,-934.939505547,-16.853679200,-12.285709796
1596.986514971,-934.585285911,-15.918524907,-12.310928129
1597.986507522,-934.231066276,-14.983370614,-12.336146462
1598.986496248,-933.874487691,-14.049117348,-12.369220130
1599.986488799,-933.515078726,-13.115945178,-12.411719003
1600.986477049,-933.158877163,-12.181548610,-12.447253744
1601.986469600,-932.805016792,-11.246258313,-12.477705126
1602.986462151,-932.451156421,-10.310968016,-12.508156508
1603.986454703,-932.097296050,-9.375677718,-12.538607890
1604.986447254,-931.743435679,-8.440387421,-12.569059272
1605.986439805,-931.389575308,-7.505097123,-12.599510654
1606.986432356,-931.035714937,-6.569806826,-12.629962036
1607.986424908,-930.681854566,-5.634516528,-12.660413418
1608.986417459,-930.327994195,-4.699226231,-12.690864800
1609.986409665,-929.973907899,-3.764021811,-12.721191716
1610.986402216,-929.617150868,-2.829832578,-12.750047280
1611.986394768,-929.260393837,-1.895643345,-12.778902845
1612.986387319,-928.903636806,-0.961454112,-12.807758409
1613.986379870,-928.546879774,-0.027264878,-12.836613974
1614.986372421,-928.190122743,0.906924355,-12.865469538
1615.986364973,-927.833364179,1.841113002,-12.894324106
1616.986351191,-927.472716776,2.773800457,-12.922398926
1617.986343742,-927.109232172,3.705392666,-12.949906031
1618.986336293,-926.745747568,4.636984876,-12.977413137
1619.986328845,-926.382262964,5.568577086,-13.004920242
1620.986321396,-926.018778359,6.500169295,-13.032427347
1621.986313415,-925.655014654,7.431651987,-13.059791907
1622.986305967,-925.287948121,8.361838669,-13.085469617
1623.986298518,-924.920881587,9.292025351,-13.111147327
1624.986291069,-924.553815054,10.222212032,-13.136825037
1625.986283621,-924.186748520,11.152398714,-13.162502748
1626.986276172,-923.819681987,12.082585395,-13.188180458
1627.986268723,-923.452615453,13.012772077,-13.213858168
1628.986261274,-923.085548920,13.942958759,-13.239535878
1629.986253826,-922.718482386,14.873145440,-13.265213588
1630.986246377,-922.351415853,15.803332122,-13.290891298
1631.986237768,-921.986008403,16.734170549,-13.315212674
1632.986230319,-921.621812997,17.665485108,-13.338543178
1633.986222870,-921.257617592,18.596799668,-13.361873683
1634.986215421,-920.893422186,19.528114228,-13.385204188
1635.986207973,-920.529226781,20.459428788,-13.408534692
1636.986200524,-920.165030797,21.390743121,-13.431865498
1637.986193075,-919.800832890,22.322056703,-13.455197307
1638.986185627,-919.436634984,23.253370285,-13.478529116
1639.986178178,-919.072437077,24.184683866,-13.501860925
1640.986155433,-918.702226117,25.113607090,-13.524356037
1641.986147984,-918.327621782,26.040783823,-13.546239827
1642.986130862,-917.951836922,26.967472280,-13.568085959
1643.986123413,-917.562058175,27.888372725,-13.589485703
1644.986071265,-917.162135506,28.804864714,-13.610681573
1645.986042960,-916.753096232,29.717350475,-13.631701521
1646.986035512,-916.323859758,30.620534372,-13.652402145
1647.985934595,-915.880272621,31.516653018,-13.672910288
1648.985905055,-915.424490818,32.406711370,-13.693256996
1649.985882490,-914.947067032,33.285358853,-13.713340202
1650.985859373,-914.451696062,34.154013772,-13.733204747
1651.985835867,-913.938276823,35.012124297,-13.752869314
1652.985812022,-913.406818233,35.859180422,-13.772333698
1653.985787763,-912.857370008,36.694679153,-13.791599686
1654.985762897,-912.289955313,37.518081141,-13.810685680
1655.985737281,-911.704521223,38.328769549,-13.829591825
1656.985710925,-911.100980354,39.126068557,-13.848318757
1657.985684177,-910.479297751,39.909303672,-13.866877373
1658.985657354,-909.839631870,40.677921858,-13.885285335
1659.985631017,-909.182314574,41.431500851,-13.903533937
1660.985605796,-908.507939257,42.169855434,-13.921634278
1661.985582282,-907.817380557,42.893099275,-13.939603739
1662.985553890,-907.111532578,43.601422541,-13.957432088
1663.985546441,-906.390092459,44.293888610,-13.975119022
1664.985463264,-905.658807107,44.975838305,-13.992705559
1665.985441759,-904.919307470,45.648963314,-14.010206846
1666.985434311,-904.167658051,46.308514868,-14.027566687
1667.985392340,-903.409655461,46.960702061,-14.044828341
1668.985384891,-902.647015951,47.607514306,-14.062018332
1669.985351165,-901.878935443,48.247814924,-14.079113124
1670.985343716,-901.106883754,48.883362949,-14.096138435
1671.985308159,-900.329305490,49.512092565,-14.113077086
1672.985300710,-899.547694192,50.135846428,-14.129952496
1673.985255975,-898.759846188,50.751643517,-14.146761191
1674.985233935,-897.966500872,51.360379198,-14.163514428
1675.985226487,-897.161987994,51.954301864,-14.180187657
1676.985139639,-896.348865444,52.536245186,-14.196814668
1677.985108929,-895.528343407,53.107806354,-14.213402999
1678.985082225,-894.693658711,53.658485981,-14.229929764
1679.985051873,-893.846381764,54.189580201,-14.246416161
1680.985018317,-892.985918864,54.699027439,-14.262854361
1681.984982332,-892.112012760,55.185048170,-14.279261888
1682.984944897,-891.224756493,55.646243843,-14.295630283
1683.984906819,-890.324563941,56.081648499,-14.311967821
1684.984868978,-889.412074285,56.490655771,-14.328265932
1685.984832038,-888.488115630,56.873051540,-14.344533784
1686.984796288,-887.553622636,57.228932624,-14.360771532
1687.984762010,-886.609552054,57.558572097,-14.376979988
1688.984729346,-885.656866671,57.862422770,-14.393167808
1689.984698273,-884.696503200,58.141062070,-14.409325527
1690.984668759,-883.729344093,58.395117647,-14.425454196
1691.984640681,-882.756215489,58.625257959,-14.441562930
1692.984613922,-881.777877482,58.832142532,-14.457650817
1693.984588444,-880.795029045,59.016419481,-14.473708803
1694.984564118,-879.808318684,59.178758672,-14.489737426
1695.984540773,-878.818337499,59.319792577,-14.505746035
1696.984518154,-877.825620889,59.440077639,-14.521733756
1697.984488072,-876.830620947,59.539651499,-14.537691739
1698.984480624,-875.833567464,59.616263862,-14.553625535
1699.984367479,-874.835459141,59.675875108,-14.569532314
1700.984329749,-873.836507871,59.720829546,-14.585416270
1701.984322301,-872.836683130,59.739148641,-14.601263379
1702.984215877,-871.836791234,59.740981664,-14.617083474
1703.984179397,-870.836904586,59.728582749,-14.632880738
1704.984171948,-869.837652295,59.690112498,-14.648641034
1705.984067682,-868.839256924,59.635357013,-14.664370438
1706.984031868,-867.841662796,59.566550556,-14.680072627
1707.984024420,-866.846144629,59.472058848,-14.695719500
1708.983923975,-865.852356453,59.361676871,-14.711339408
1709.983890246,-864.860114378,59.237627655,-14.726934459
1710.983882797,-863.871227081,59.089010641,-14.742468348
1711.983795990,-862.884720746,58.925818596,-14.757967446
1712.983769316,-861.900282854,58.750237586,-14.773435438
1713.983761867,-860.919768275,58.553829178,-14.788835787
1714.983710301,-859.941519400,58.346643251,-14.804198605
1715.983693930,-858.965193134,58.130415869,-14.819523931
1716.983686481,-857.992081310,57.900115023,-14.834773684
1717.983673483,-857.019199813,57.668867112,-14.850009700
1718.983666034,-856.049009382,57.426554029,-14.865085211
1719.983658586,-855.078818951,57.184240946,-14.880160722
1720.983651137,-854.108628519,56.941927864,-14.895236233
1721.983643688,-853.138438088,56.699614781,-14.910311744
1722.983636239,-852.168254571,56.457274018,-14.925205472
1723.983628790,-851.198076085,56.214913114,-14.939966930
1724.983621342,-850.227897599,55.972552210,-14.954728387
1725.983613893,-849.257719113,55.730191305,-14.969489844
1726.983606444,-848.287540627,55.487830401,-14.984251302
1727.983598995,-847.317362141,55.245469497,-14.999012759
1728.983591245,-846.347128869,55.003329257,-15.013737352
1729.983583796,-845.376255062,54.763768923,-15.028030934
1730.983576347,-844.405381256,54.524208588,-15.042324516
1731.983568898,-843.434507395,54.284648470,-15.056617900
1732.983561450,-842.463633184,54.045089776,-15.070909972
1733.983554001,-841.492758972,53.805531082,-15.085202044
1734.983546552,-840.521884761,53.565972387,-15.099494117
1735.983539104,-839.551010549,53.326413693,-15.113786189
1736.983531655,-838.580136338,53.086854999,-15.128078261
1737.983524206,-837.609262126,52.847296304,-15.142370334
1738.983516705,-836.638296757,52.608107575,-15.156378249
1739.983509256,-835.667265032,52.369188150,-15.170179321
1740.983501807,-834.696233307,52.130268724,-15.183980394
1741.983494358,-833.725201582,51.891349298,-15.197781466
1742.983486910,-832.754169857,51.652429873,-15.211582539
1743.983479461,-831.783138133,51.413510447,-15.225383611
1744.983472012,-830.812106408,51.174591021,-15.239184684
1745.983464563,-829.841074683,50.935671595,-15.252985756
1746.983456910,-828.869998504,50.696933773,-15.266754772
1747.983449461,-827.898401697,50.460322811,-15.280148357
1748.983442013,-826.926804890,50.223711850,-15.293541942
1749.983434564,-825.955208083,49.987100888,-15.306935527
1750.983427115,-824.983611276,49.750489927,-15.320329112
1751.983419666,-824.012014469,49.513878965,-15.333722697
1752.983412218,-823.040417662,49.277268003,-15.347116282
1753.983404769,-822.068820855,49.040657042,-15.360509867
1754.983397320,-821.097224047,48.804046080,-15.373903452
1755.983389872,-820.125627240,48.567435119,-15.387297037
1756.983382369,-819.154121725,48.330449830,-15.400504862
1757.983374920,-818.182682698,48.093191912,-15.413577397
1758.983367471,-817.211243671,47.855933994,-15.426649931
1759.983360023,-816.239804644,47.618676076,-15.439722465
1760.983352574,-815.268365617,47.381418158,-15.452794999
1761.983345125,-814.296926590,47.144160240,-15.465867533
1762.983337676,-813.325487563,46.906902322,-15.478940068
1763.983330228,-812.354048536,46.669644404,-15.492012602
1764.983322779,-811.382609509,46.432386486,-15.505085136
1765.983315330,-810.411172390,46.195120758,-15.518139981
1766.983307881,-809.439757661,45.957763378,-15.530987250
1767.983300432,-808.468342931,45.720405999,-15.543834519
1768.983292984,-807.496928201,45.483048620,-15.556681788
1769.983285535,-806.525513471,45.245691241,-15.569529057
1770.983278086,-805.554098742,45.008333862,-15.582376327
1771.983270638,-804.582684012,44.770976483,-15.595223596
1772.983263189,-803.611269282,44.533619104,-15.608070865
1773.983255740,-802.639854552,44.296261725,-15.620918134
1774.983248291,-801.668439823,44.058904346,-15.633765403
1775.983240579,-800.697227499,43.820721225,-15.646521950
1776.983233131,-799.726162679,43.581936347,-15.659212384
1777.983225682,-798.755097859,43.343151470,-15.671902817
1778.983218233,-797.784033039,43.104366592,-15.684593251
1779.983210784,-796.812968219,42.865581714,-15.697283684
1780.983203336,-795.841903399,42.626796837,-15.709974118
1781.983195887,-794.870838579,42.388011959,-15.722664552
1782.983188438,-793.899773759,42.149227081,-15.735354985
1783.983180990,-792.928708939,41.910442204,-15.748045419
1784.983173463,-791.957616756,41.671768953,-15.759763835
1785.983166015,-790.986202857,41.434408174,-15.760053607
1786.983158566,-790.014788958,41.197047395,-15.760343380
1787.983151117,-789.043375059,40.959686616,-15.760633152
1788.983143668,-788.071961160,40.722325837,-15.760922925
1789.983136220,-787.100547261,40.484965058,-15.761212697
1790.983128771,-786.129133362,40.247604279,-15.761502469
1791.983121322,-785.157719463,40.010243500,-15.761792242
1792.983113873,-784.186305564,39.772882722,-15.762082014
1793.983106255,-783.215413958,39.533395239,-15.842771937
1794.983097271,-782.244070939,39.295751029,-15.886396853
1795.983089822,-781.272371881,39.059560338,-15.898856765
1796.983082374,-780.300672822,38.823369648,-15.911316678
1797.983074925,-779.328973764,38.587178957,-15.923776590
1798.983067476,-778.357274705,38.350988266,-15.936236502
1799.983060027,-777.385575647,38.114797576,-15.948696414
1800.983052579,-776.413876588,37.878606885,-15.961156326
1801.983045130,-775.442177530,37.642416195,-15.973616238
1802.983037681,-774.470478471,37.406225504,-15.986076150
1803.983030156,-773.498806353,37.169924329,-15.998524932
1804.983022708,-772.527451600,36.932321622,-16.010842600
1805.983015259,-771.556096847,36.694718916,-16.023160268
1806.983007810,-770.584742094,36.457116209,-16.035477937
1807.983000362,-769.613387366,36.219513397,-16.047795615
1808.982992913,-768.642032772,35.981910041,-16.060113346
1809.982985464,-767.670678178,35.744306685,-16.072431077
1810.982978015,-766.699323584,35.506703329,-16.084748808
1811.982970567,-765.727968990,35.269099973,-16.097066539
1812.982963033,-764.756642981,35.031380143,-16.109367548
1813.982955584,-763.785653965,34.792287203,-16.121471422
1814.982948136,-762.814664949,34.553194262,-16.133575297
1815.982940687,-761.843675934,34.314101322,-16.145679171
1816.982933238,-760.872686918,34.075008382,-16.157783046
1817.982925790,-759.901697902,33.835915442,-16.169886920
1818.982918341,-758.930708887,33.596822502,-16.181990795
1819.982910892,-757.959719871,33.357729562,-16.194094670
1820.982903443,-756.988730855,33.118636622,-16.206198544
1821.982895995,-756.017741839,32.879543681,-16.218302419
1822.982886527,-755.047319686,32.638168646,-16.230274773
1823.982879078,-754.077311521,32.395126954,-16.242151076
1824.982871629,-753.107303357,32.152085263,-16.254027378
1825.982864181,-752.137295193,31.909043571,-16.265903681
1826.982856732,-751.167287029,31.666001879,-16.277779984
1827.982848018,-750.197734318,31.421154755,-16.289526792
1828.982840569,-749.228514061,31.174989780,-16.301179078
1829.982833120,-748.259293803,30.928824805,-16.312831364
1830.982825672,-747.290073546,30.682659829,-16.324483650
1831.982818223,-746.320853288,30.436494854,-16.336135936
1832.982810774,-745.351633031,30.190329879,-16.347788221
1833.982802148,-744.382304090,29.944598011,-16.359418558
1834.982794699,-743.411691230,29.703982594,-16.370789601
1835.982787250,-742.441078370,29.463367178,-16.382160643
1836.982779802,-741.470465510,29.222751761,-16.393531686
1837.982772353,-740.499852650,28.982136344,-16.404902729
1838.982764904,-739.529239790,28.741520928,-16.416273771
1839.982757455,-738.558626930,28.500905511,-16.427644814
1840.982750007,-737.588014070,28.260290095,-16.439015857
1841.982742558,-736.617401210,28.019674678,-16.450386899
1842.982734704,-735.646725794,27.779313431,-16.461736222
1843.982727256,-734.675310823,27.541957040,-16.472828771
1844.982719807,-733.703895852,27.304600648,-16.483921320
1845.982712358,-732.732480881,27.067244256,-16.495013869
1846.982704909,-731.761065910,26.829887865,-16.506106418
1847.982697461,-730.789650939,26.592531473,-16.517198967
1848.982690012,-729.818235968,26.355175082,-16.528291516
1849.982682563,-728.846820997,26.117818690,-16.539384065
1850.982675115,-727.875406026,25.880462298,-16.550476614
1851.982667666,-726.903991054,25.643105907,-16.561569163
1852.982660006,-725.932756918,25.405011528,-16.572527877
1853.982652558,-724.961654854,25.166378162,-16.583388847
1854.982645109,-723.990552789,24.927744797,-16.594249817
1855.982637660,-723.019450725,24.689111431,-16.605110786
1856.982630211,-722.048348661,24.450478065,-16.615971756
1857.982622763,-721.077246596,24.211844700,-16.626832726
1858.982615314,-720.106144532,23.973211334,-16.637693695
1859.982607865,-719.135042467,23.734577968,-16.648554665
1860.982600417,-718.163940403,23.495944603,-16.659415634
1861.982592968,-717.192837552,23.257314441,-16.670264149
1862.982585519,-716.221725376,23.018722228,-16.680965126
1863.982578070,-715.250613199,22.780130015,-16.691666103
1864.982570622,-714.279501023,22.541537802,-16.702367079
1865.982563173,-713.308388847,22.302945589,-16.713068056
1866.982555724,-712.337276671,22.064353376,-16.723769033
1867.982548275,-711.366164495,21.825761163,-16.734470010
1868.982540827,-710.395052319,21.587168950,-16.745170986
1869.982533378,-709.423940143,21.348576737,-16.755871963
1870.982525929,-708.452827967,21.109984524,-16.766572940
1871.982518114,-707.481477558,20.872365600,-16.777230739
1872.982510665,-706.509953058,20.635457924,-16.787856986
1873.982503216,-705.538428557,20.398550248,-16.798483232
1874.982495768,-704.566904056,20.161642572,-16.809109479
1875.982488319,-703.595379555,19.924734896,-16.819735725
1876.982480870,-702.623855054,19.687827220,-16.830361972
1877.982473421,-701.652330554,19.450919544,-16.840988218
1878.982465973,-700.680806053,19.214011868,-16.851614465
1879.982458524,-699.709281552,18.977104192,-16.862240712
1880.982451051,-698.737772243,18.740134329,-16.872868675
1881.982443602,-697.766443214,18.502426483,-16.883517013
1882.982436153,-696.795114185,18.264718636,-16.894165351
1883.982428705,-695.823785156,18.027010790,-16.904813689
1884.982421256,-694.852456127,17.789302944,-16.915462026
1885.982413807,-693.881127098,17.551595097,-16.926110364
1886.982406359,-692.909798069,17.313887251,-16.936758702
1887.982398910,-691.938469040,17.076179405,-16.947407040
1888.982391461,-690.967140011,16.838471558,-16.958055378
1889.982384012,-689.995810983,16.600763712,-16.968703716
1890.982376294,-689.024278451,16.363890109,-16.979418940
1891.982368845,-688.052597124,16.127626482,-16.990183069
1892.982361397,-687.080915797,15.891362856,-17.000947199
1893.982353948,-686.109234470,15.655099229,-17.011711328
1894.982346499,-685.137553143,15.418835603,-17.022475457
1895.982339051,-684.165871816,15.182571976,-17.033239587
1896.982331602,-683.194190489,14.946308350,-17.044003716
1897.982324153,-682.222509162,14.710044724,-17.054767846
1898.982316704,-681.250827834,14.473781097,-17.065531975
1899.982309239,-680.279159180,14.237465430,-17.076311956
1900.982301790,-679.307641222,14.000530924,-17.087280434
1901.982294341,-678.336123264,13.763596419,-17.098248912
1902.982286892,-677.364605306,13.526661913,-17.109217390
1903.982279444,-676.393087312,13.289727557,-17.120186407
1904.982271995,-675.421569127,13.052793981,-17.131158235
1905.982264546,-674.450050942,12.815860406,-17.142130063
1906.982257098,-673.478532757,12.578926830,-17.153101891
1907.982249649,-672.507014573,12.341993255,-17.164073719
1908.982242200,-671.535496388,12.105059679,-17.175045547
1909.982234746,-670.563950389,11.868240203,-17.186180102
1910.982227298,-669.592384041,11.631504203,-17.197433707
1911.982219849,-668.620817693,11.394768202,-17.208687312
1912.982212400,-667.649251344,11.158032201,-17.219940917
1913.982204951,-666.677684996,10.921296201,-17.231194522
1914.982197503,-665.706118648,10.684560200,-17.242448126
1915.982190054,-664.734552300,10.447824200,-17.253701731
1916.982182605,-663.762985952,10.211088199,-17.264955336
1917.982175157,-662.791419604,9.974352199,-17.276208941
1918.982167583,-661.819887717,9.737475343,-17.287489525
1919.982160134,-660.848766401,9.498920336,-17.299091542
1920.982152685,-659.877645085,9.260365329,-17.310693558
1921.982145236,-658.906523768,9.021810322,-17.322295575
1922.982137788,-657.935402452,8.783255314,-17.333897592
1923.982130339,-656.964281135,8.544700307,-17.345499608
1924.982122890,-655.993159819,8.306145300,-17.357101625
1925.982115442,-655.022038502,8.067590293,-17.368703641
1926.982107993,-654.050917186,7.829035286,-17.380305658
1927.982100544,-653.079795870,7.590480279,-17.391907675
1928.982092822,-652.108469020,7.352764677,-17.403738203
1929.982085373,-651.136991717,7.115663532,-17.415736006
1930.982077925,-650.165514415,6.878562387,-17.427733808
1931.982070476,-649.194037112,6.641461242,-17.439731611
1932.982063027,-648.222559809,6.404360097,-17.451729414
1933.982055578,-647.251082507,6.167258952,-17.463727216
1934.982048130,-646.279605204,5.930157807,-17.475725019
1935.982040681,-645.308127901,5.693056662,-17.487722822
1936.982033232,-644.336650599,5.455955517,-17.499720624
1937.982025783,-643.365171860,5.218860257,-17.511752027
1938.982018335,-642.393675975,4.981835260,-17.524184568
1939.982010886,-641.422180091,4.744810263,-17.536617108
1940.982003437,-640.450684206,4.507785266,-17.549049649
1941.981995988,-639.479188322,4.270760269,-17.561482189
1942.981988540,-638.507692438,4.033735273,-17.573914730
1943.981981091,-637.536196553,3.796710276,-17.586347270
1944.981973642,-636.564700669,3.559685279,-17.598779810
1945.981966194,-635.593204784,3.322660282,-17.611212351
1946.981958745,-634.621708900,3.085635285,-17.623644891
1947.981951239,-633.650307123,2.848225142,-17.636338702
1948.981943790,-632.678974275,2.610532903,-17.649223878
1949.981936341,-631.707641427,2.372840663,-17.662109054
1950.981928892,-630.736308579,2.135148424,-17.674994230
1951.981921444,-629.764975731,1.897456184,-17.687879407
1952.981913995,-628.793642883,1.659763945,-17.700764583
1953.981906546,-627.822310034,1.422071705,-17.713649759
1954.981899098,-626.850977186,1.184379466,-17.726534935
1955.981891649,-625.879644338,0.946687226,-17.739420111
1956.981883950,-624.908360371,0.708796373,-17.752339723
1957.981876501,-623.937661065,0.468529939,-17.765671210
1958.981869052,-622.966961759,0.228263504,-17.779002697
1959.981861604,-621.996262453,-0.012002930,-17.792334184
1960.981854155,-621.025563146,-0.252269364,-17.805665671
1961.981846706,-620.054863840,-0.492535799,-17.818997158
1962.981839258,-619.084164534,-0.732802233,-17.832328645
1963.981831809,-618.113465228,-0.973068667,-17.845660132
1964.981824360,-617.142765921,-1.213335102,-17.858991619
1965.981816911,-616.172066615,-1.453601536,-17.872323106
1966.981808379,-615.200956544,-1.692197774,-17.885888460
1967.981800930,-614.229545452,-1.929570039,-17.899625199
1968.981793481,-613.258134360,-2.166942305,-17.913361938
1969.981786033,-612.286723267,-2.404314571,-17.927098678
1970.981778584,-611.315312175,-2.641686836,-17.940835417
1971.981771135,-610.343901083,-2.879059102,-17.954572156
1972.981763686,-609.372489991,-3.116431368,-17.968308895
1973.981756238,-608.401078898,-3.353803633,-17.982045634
1974.981748789,-607.429667806,-3.591175899,-17.995782374
1975.981741316,-606.458241541,-3.828485958,-18.009543517
1976.981733867,-605.486633440,-4.065050540,-18.023597108
1977.981726418,-604.515025340,-4.301615123,-18.037650699
1978.981718969,-603.543417239,-4.538179706,-18.051704291
1979.981711521,-602.571809139,-4.774744288,-18.065757882
1980.981704072,-601.600201038,-5.011308871,-18.079811474
1981.981696623,-600.628592938,-5.247873454,-18.093865065
1982.981689175,-599.656984838,-5.484438037,-18.107918656
1983.981681726,-598.685376737,-5.721002619,-18.121972248
1984.981674277,-597.713768637,-5.957567202,-18.136025839
1985.981665569,-596.742601925,-6.195932053,-18.150175986
1986.981658120,-595.771758855,-6.435616922,-18.164396929
1987.981650671,-594.800915785,-6.675301790,-18.178617873
1988.981643223,-593.830072715,-6.914986658,-18.192838816
1989.981635774,-592.859229645,-7.154671526,-18.207059760
1990.981628325,-591.888386575,-7.394356394,-18.221280703
1991.981620876,-590.917543505,-7.634041262,-18.235501647
1992.981613428,-589.946700435,-7.873726130,-18.249722590
1993.981605979,-588.975857365,-8.113410998,-18.263943534
1994.981597857,-588.005095301,-8.353420936,-18.278161246
1995.981590408,-587.035305851,-8.597333881,-18.292340160
1996.981582959,-586.065516401,-8.841246827,-18.306519074
1997.981575510,-585.095726951,-9.085159772,-18.320697988
1998.981568062,-584.125937501,-9.329072718,-18.334876902
1999.981560613,-583.156147939,-9.572985220,-18.349055448
2000.981553164,-582.186357790,-9.816895385,-18.363232055
2001.981545716,-581.216567640,-10.060805551,-18.377408663
2002.981538267,-580.246777491,-10.304715717,-18.391585270
2003.981530818,-579.276987342,-10.548625883,-18.405761878
2004.981522758,-578.306883598,-10.791283267,-18.419785552
2005.981515309,-577.336549790,-11.033021561,-18.433697029
2006.981507860,-576.366215981,-11.274759854,-18.447608506
2007.981500411,-575.395882173,-11.516498147,-18.461519983
2008.981492963,-574.425548364,-11.758236440,-18.475431461
2009.981485514,-573.455214555,-11.999974733,-18.489342938
2010.981478065,-572.484880747,-12.241713027,-18.503254415
2011.981470617,-571.514546938,-12.483451320,-18.517165892
2012.981463168,-570.544213129,-12.725189613,-18.531077369
2013.981455661,-569.573855654,-12.966832650,-18.544955964
2014.981448212,-568.603213494,-13.207329841,-18.558439024
2015.981440764,-567.632571333,-13.447827032,-18.571922084
2016.981433315,-566.661929173,-13.688324223,-18.585405144
2017.981425866,-565.691287012,-13.928821414,-18.598888204
2018.981418418,-564.720644852,-14.169318605,-18.612371264
2019.981410969,-563.750002691,-14.409815796,-18.625854324
2020.981403520,-562.779360531,-14.650312987,-18.639337384
2021.981396071,-561.808718370,-14.890810178,-18.652820444
2022.981388623,-560.838076210,-15.131307369,-18.666303504
2023.981381062,-559.867301463,-15.371268344,-18.679489118
2024.981373613,-558.896429390,-15.610835705,-18.692456388
2025.981366165,-557.925557317,-15.850403066,-18.705423659
2026.981358716,-556.954685244,-16.089970427,-18.718390930
2027.981351267,-555.983813171,-16.329537788,-18.731358200
2028.981343818,-555.012941098,-16.569105149,-18.744325471
2029.981336370,-554.042069025,-16.808672511,-18.757292741
2030.981328921,-553.071196952,-17.048239872,-18.770260012
2031.981321472,-552.100324879,-17.287807233,-18.783227283
2032.981314019,-551.129459119,-17.527400158,-18.796152781
2033.981306571,-550.158669446,-17.767301208,-18.808574798
2034.981299122,-549.187879773,-18.007202257,-18.820996816
2035.981291673,-548.217090100,-18.247103306,-18.833418833
2036.981284224,-547.246300427,-18.487004356,-18.845840850
2037.981276776,-546.275510754,-18.726905405,-18.858262868
2038.981269327,-545.304721081,-18.966806455,-18.870684885
2039.981261878,-544.333931408,-19.206707504,-18.883106903
2040.981254430,-543.363141735,-19.446608554,-18.895528920
2041.981246981,-542.392352062,-19.686509603,-18.907950937
2042.981239504,-541.421629277,-19.926681041,-18.920076185
2043.981232055,-540.450955618,-20.167051071,-18.931983463
2044.981224606,-539.480281960,-20.407421101,-18.943890741
2045.981217157,-538.509608301,-20.647791131,-18.955798019
2046.981209709,-537.538934643,-20.888161162,-18.967705298
2047.981202260,-536.568260985,-21.128531192,-18.979612576
2048.981194811,-535.597587326,-21.368901222,-18.991519854
2049.981187363,-534.626913668,-21.609271253,-19.003427132
2050.981179914,-533.656240009,-21.849641283,-19.015334410
2051.981172464,-532.685563428,-22.089999505,-19.027208203
2052.981165016,-531.714851546,-22.330215127,-19.038677598
2053.981157567,-530.744139664,-22.570430748,-19.050146993
2054.981150118,-529.773427782,-22.810646369,-19.061616388
2055.981142669,-528.802715900,-23.050861990,-19.073085784
2056.981135221,-527.832004018,-23.291077611,-19.084555179
2057.981127772,-526.861292136,-23.531293233,-19.096024574
2058.981120323,-525.890580254,-23.771508854,-19.107493970
2059.981112874,-524.919868372,-24.011724475,-19.118963365
2060.981105426,-523.949156490,-24.251940096,-19.130432760
2061.981097837,-522.978296702,-24.491556655,-19.141719703
2062.981090388,-522.007328220,-24.730732970,-19.152872563
2063.981082940,-521.036359738,-24.969909285,-19.164025423
2064.981075491,-520.065391256,-25.209085601,-19.175178283
2065.981068042,-519.094422774,-25.448261916,-19.186331143
2066.981060594,-518.123454292,-25.687438231,-19.197484003
2067.981053145,-517.152485810,-25.926614547,-19.208636864
2068.981045696,-516.181517329,-26.165790862,-19.219789724
2069.981037542,-515.210467914,-26.404635427,-19.230927855
2070.981030093,-514.238439335,-26.639466311,-19.241887791
2071.981022645,-513.266410756,-26.874297196,-19.252847728
2072.981015196,-512.294382177,-27.109128081,-19.263807664
2073.981007747,-511.322353598,-27.343958965,-19.274767600
2074.981000298,-510.350325019,-27.578789850,-19.285727537
2075.980992850,-509.378296440,-27.813620735,-19.296687473
2076.980985401,-508.406267862,-28.048451619,-19.307647409
2077.980977197,-507.434157147,-28.282939043,-19.318600277
2078.980969749,-506.461052062,-28.513268365,-19.329467567
2079.980962300,-505.487946978,-28.743597688,-19.340334857
2080.980954851,-504.514841893,-28.973927010,-19.351202147
2081.980947402,-503.541736808,-29.204256332,-19.362069436
2082.980939954,-502.568631724,-29.434585655,-19.372936726
2083.980932505,-501.595526639,-29.664914977,-19.383804016
2084.980925056,-500.622421554,-29.895244299,-19.394671306
2085.980917608,-499.649316469,-30.125573622,-19.405538596
2086.980910159,-498.676211385,-30.355902944,-19.416405886
2087.980902116,-497.702814926,-30.584995173,-19.427284096
2088.980894667,-496.729204186,-30.813177619,-19.438170337
2089.980887219,-495.755593445,-31.041360065,-19.449056578
2090.980879770,-494.781982705,-31.269542511,-19.459942819
2091.980872321,-493.808371964,-31.497724957,-19.470829059
2092.980864872,-492.834761224,-31.725907403,-19.481715300
2093.980857424,-491.861150484,-31.954089849,-19.492601541
2094.980849975,-490.887539743,-32.182272295,-19.503487782
2095.980842526,-489.913929003,-32.410454741,-19.514374022
2096.980834949,-488.940285107,-32.638495107,-19.525270444
2097.980827500,-487.966239051,-32.864812108,-19.536290360
2098.980820051,-486.992192996,-33.091129108,-19.547310277
2099.980812602,-486.018146941,-33.317446109,-19.558330193
2100.980805154,-485.044100886,-33.543763110,-19.569350109
2101.980797705,-484.070054830,-33.770080111,-19.580370025
2102.980790256,-483.096008775,-33.996397111,-19.591389941
2103.980782807,-482.121962720,-34.222714112,-19.602409857
2104.980775359,-481.147916664,-34.449031113,-19.613429773
2105.980767910,-480.173870609,-34.675348113,-19.624449689
2106.980759698,-479.199500244,-34.900261356,-19.635590929
2107.980752249,-478.224891241,-35.124141665,-19.646821444
2108.980744800,-477.250282237,-35.348021975,-19.658051959
2109.980737351,-476.275673234,-35.571902284,-19.669282474
2110.980729903,-475.301064230,-35.795782593,-19.680512989
2111.980722454,-474.326455227,-36.019662903,-19.691743504
2112.980715005,-473.351846223,-36.243543212,-19.702974019
2113.980707557,-472.377237220,-36.467423521,-19.714204534
2114.980699803,-471.402578397,-36.691085480,-19.725455293
2115.980692354,-470.427314187,-36.912094134,-19.736952052
2116.980684906,-469.452049978,-37.133102788,-19.748448810
2117.980677457,-468.476785769,-37.354111442,-19.759945568
2118.980670008,-467.501521560,-37.575120096,-19.771442326
2119.980662559,-466.526257351,-37.796128750,-19.782939084
2120.980655111,-465.550993142,-38.017137404,-19.794435843
2121.980647662,-464.575728933,-38.238146059,-19.805932601
2122.980640213,-463.600464724,-38.459154713,-19.817429359
2123.980632765,-462.625200515,-38.680163367,-19.828926117
2124.980625092,-461.649764418,-38.900411127,-19.840605360
2125.980617643,-460.674201776,-39.120098710,-19.852418951
2126.980610194,-459.698639134,-39.339786293,-19.864232541
2127.980602746,-458.723076492,-39.559473876,-19.876046131
2128.980595297,-457.747513850,-39.779161459,-19.887859721
2129.980587848,-456.771951208,-39.998849043,-19.899673312
2130.980580400,-455.796388566,-40.218536626,-19.911486902
2131.980572951,-454.820825924,-40.438224209,-19.923300492
2132.980565502,-453.845263282,-40.657911792,-19.935114082
2133.980557908,-452.869666802,-40.877448391,-19.946952678
2134.980550459,-451.893658281,-41.095146507,-19.959095753
2135.980543010,-450.917649760,-41.312844624,-19.971238829
2136.980535562,-449.941641239,-41.530542740,-19.983381904
2137.980528113,-448.965632719,-41.748240856,-19.995524980
2138.980520664,-447.989624198,-41.965938972,-20.007668055
2139.980513215,-447.013615677,-42.183637089,-20.019811131
2140.980505767,-446.037607156,-42.401335205,-20.031954206
2141.980498318,-445.061598635,-42.619033321,-20.044097282
2142.980490869,-444.085590114,-42.836731437,-20.056240357
2143.980482985,-443.109819345,-43.055490750,-20.068545314
2144.980475536,-442.134223711,-43.275031775,-20.080969518
2145.980468087,-441.158628077,-43.494572800,-20.093393722
2146.980460639,-440.183032443,-43.714113825,-20.105817926
2147.980453190,-439.207436809,-43.933654850,-20.118242130
2148.980445741,-438.231841175,-44.153195875,-20.130666334
2149.980438293,-437.256245541,-44.372736899,-20.143090537
2150.980429846,-436.281013500,-44.593882943,-20.155665002
2151.980422397,-435.306049343,-44.816211518,-20.168350174
2152.980414949,-434.331085186,-45.038540093,-20.181035346
2153.980407500,-433.356121029,-45.260868668,-20.193720517
2154.980400051,-432.381156872,-45.483197243,-20.206405689
2155.980392603,-431.406192715,-45.705525818,-20.219090861
2156.980385154,-430.431228558,-45.927854393,-20.231776033
2157.980377705,-429.456264401,-46.150182968,-20.244461205
2158.980370256,-428.481300244,-46.372511543,-20.257146377
2159.980362766,-427.506317802,-46.594759731,-20.269852270
2160.980355317,-426.531112138,-46.816026576,-20.282811119
2161.980347869,-425.555906475,-47.037293420,-20.295769968
2162.980340420,-424.580700811,-47.258560264,-20.308728817
2163.980332971,-423.605495148,-47.479827108,-20.321687666
2164.980325523,-422.630289484,-47.701093952,-20.334646515
2165.980318074,-421.655083820,-47.922360797,-20.347605364
2166.980310625,-420.679878157,-48.143627641,-20.360564213
2167.980303176,-419.704672493,-48.364894485,-20.373523062
2168.980295728,-418.729466830,-48.586161329,-20.386481912
2169.980288240,-417.754332728,-48.807743166,-20.399583760
2170.980280792,-416.779251383,-49.029557213,-20.412791028
2171.980273343,-415.804170037,-49.251371260,-20.425998295
2172.980265894,-414.829088691,-49.473185307,-20.439205562
2173.980258446,-413.854007345,-49.694999354,-20.452412830
2174.980250997,-412.878925999,-49.916813402,-20.465620097
2175.980243548,-411.903844653,-50.138627449,-20.478827364
2176.980236099,-410.928763307,-50.360441496,-20.492034632
2177.980228651,-409.953681961,-50.582255543,-20.505241899
2178.980221149,-408.978580117,-50.803979225,-20.518466269
2179.980213701,-408.003227514,-51.024597452,-20.531899863
2180.980206252,-407.027874911,-51.245215679,-20.545333457
2181.980198803,-406.052522308,-51.465833906,-20.558767050
2182.980191355,-405.077169705,-51.686452133,-20.572200644
2183.980183906,-404.101817101,-51.907070360,-20.585634237
2184.980176457,-403.126464498,-52.127688587,-20.599067831
2185.980169008,-402.151111895,-52.348306814,-20.612501425
2186.980161560,-401.175759292,-52.568925041,-20.625935018
2187.980154111,-400.200406689,-52.789543268,-20.639368612
2188.980146605,-399.224967237,-53.009776926,-20.652919964
2189.980139156,-398.249463725,-53.229726922,-20.666558176
2190.980131708,-397.273960213,-53.449676918,-20.680196389
2191.980124259,-396.298456701,-53.669626913,-20.693834601
2192.980116810,-395.322953129,-53.889576642,-20.707473310
2193.980109361,-394.347449235,-54.109524944,-20.721114669
2194.980101913,-393.371945341,-54.329473247,-20.734756029
2195.980094464,-392.396441447,-54.549421549,-20.748397388
2196.980087015,-391.420937553,-54.769369851,-20.762038748
2197.980079554,-390.445423804,-54.989274383,-20.775694369
2198.980072105,-389.469789255,-55.208642408,-20.789524789
2199.980064657,-388.494154707,-55.428010433,-20.803355210
2200.980057208,-387.518520158,-55.647378457,-20.817185631
2201.980049759,-386.542885610,-55.866746482,-20.831016052
2202.980042311,-385.567251061,-56.086114507,-20.844846473
2203.980034862,-384.591616513,-56.305482532,-20.858676893
2204.980027413,-383.615981964,-56.524850557,-20.872507314
2205.980019964,-382.640347416,-56.744218582,-20.886337735
2206.980012516,-381.664712867,-56.963586607,-20.900168156
2207.980004540,-380.688817299,-57.181788091,-20.906443961
2208.979997091,-379.712729086,-57.399128614,-20.907144115
2209.979989642,-378.736640873,-57.616469137,-20.907844269
2210.979982193,-377.760552660,-57.833809661,-20.908544423
2211.979974745,-376.784464447,-58.051150184,-20.909244576
2212.979967296,-375.808376234,-58.268490707,-20.909944730
2213.979959847,-374.832288021,-58.485831230,-20.910644884
2214.979952397,-373.856196467,-58.703156739,-20.915335206
2215.979944948,-372.880054984,-58.920257888,-20.979649142
2216.979937478,-371.903926354,-59.137416718,-21.040187801
2217.979930029,-370.927955586,-59.355284023,-21.054356117
2218.979922580,-369.951984818,-59.573151328,-21.068524433
2219.979915132,-368.976014050,-59.791018633,-21.082692750
2220.979907683,-368.000043282,-60.008885938,-21.096861066
2221.979900234,-367.024072514,-60.226753244,-21.111029382
2222.979892786,-366.048101746,-60.444620549,-21.125197699
2223.979885337,-365.072130978,-60.662487854,-21.139366015
2224.979877888,-364.096160210,-60.880355159,-21.153534331
2225.979870439,-363.120189442,-61.098222464,-21.167702647
2226.979862990,-362.144228466,-61.316133626,-21.181948467
2227.979855541,-361.168274721,-61.534077175,-21.196251522
2228.979848093,-360.192320977,-61.752020724,-21.210554577
2229.979840644,-359.216367232,-61.969964274,-21.224857631
2230.979833195,-358.240413487,-62.187907823,-21.239160686
2231.979825746,-357.264459742,-62.405851372,-21.253463740
2232.979818298,-356.288505997,-62.623794921,-21.267766795
2233.979810849,-355.312552253,-62.841738470,-21.282069850
2234.979803400,-354.336598508,-63.059682019,-21.296372904
2235.979795946,-353.360638321,-63.277596695,-21.310682445
2236.979788497,-352.384598853,-63.495156019,-21.325071812
2237.979781049,-351.408559385,-63.712715343,-21.339461180
2238.979773600,-350.432519917,-63.930274667,-21.353850547
2239.979766151,-349.456480449,-64.147833992,-21.368239914
2240.979758703,-348.480440981,-64.365393316,-21.382629281
2241.979751254,-347.504401513,-64.582952640,-21.397018649
2242.979743805,-346.528362045,-64.800511965,-21.411408016
2243.979736356,-345.552322577,-65.018071289,-21.425797383
2244.979728908,-344.576283109,-65.235630613,-21.440186750
2245.979721242,-343.600410778,-65.453937422,-21.454589440
2246.979713793,-342.624661945,-65.672796545,-21.469001972
2247.979706345,-341.648913111,-65.891655669,-21.483414504
2248.979698896,-340.673164277,-66.110514792,-21.497827037
2249.979691447,-339.697415443,-66.329373915,-21.512239569
2250.979683999,-338.721666609,-66.548233038,-21.526652102
2251.979676550,-337.745917775,-66.767092162,-21.541064634
2252.979669101,-336.770168941,-66.985951285,-21.555477167
2253.979661652,-335.794420107,-67.204810408,-21.569889699
2254.979653346,-334.818753824,-67.424033332,-21.584299952
2255.979645897,-333.844105492,-67.647742365,-21.598682088
2256.979638448,-332.869457160,-67.871451399,-21.613064224
2257.979630999,-331.894808828,-68.095160432,-21.627446360
2258.979623551,-330.920160496,-68.318869465,-21.641828497
2259.979615896,-329.945679770,-68.543306549,-21.656185406
2260.979608447,-328.971322934,-68.768281789,-21.670523669
2261.979600998,-327.996966098,-68.993257030,-21.684861932
2262.979593550,-327.022609262,-69.218232271,-21.699200195
2263.979586101,-326.048252427,-69.443207511,-21.713538458
2264.979578652,-325.073895591,-69.668182752,-21.727876721
2265.979565423,-324.098662371,-69.889301973,-21.742184301
2266.979557975,-323.122781271,-70.107570573,-21.756469198
2267.979550526,-322.146900172,-70.325839174,-21.770754095
2268.979543077,-321.171019072,-70.544107774,-21.785038992
2269.979535629,-320.195137972,-70.762376374,-21.799323889
2270.979528180,-319.219256872,-70.980644974,-21.813608785
2271.979520731,-318.243375773,-71.198913575,-21.827893682
2272.979513282,-317.267494673,-71.417182175,-21.842178579
2273.979505740,-316.291503854,-71.634959206,-21.856443665
2274.979498291,-315.315431903,-71.852372752,-21.870694103
2275.979490842,-314.339359952,-72.069786298,-21.884944540
2276.979483394,-313.363288002,-72.287199844,-21.899194977
2277.979475945,-312.387216051,-72.504613390,-21.913445414
2278.979468496,-311.411144101,-72.722026936,-21.927695851
2279.979461048,-310.435072150,-72.939440482,-21.941946288
2280.979453599,-309.459000200,-73.156854028,-21.956196725
2281.979446150,-308.482928249,-73.374267574,-21.970447162
2282.979438582,-307.506826233,-73.591545548,-21.984696734
2283.979431133,-306.530352272,-73.807146353,-21.998937066
2284.979423685,-305.553876879,-74.022740666,-22.013185225
2285.979416236,-304.577401485,-74.238334979,-22.027433384
2286.979408787,-303.600926091,-74.453929292,-22.041681542
2287.979401339,-302.624450697,-74.669523605,-22.055929701
2288.979393890,-301.647975303,-74.885117919,-22.070177860
2289.979386441,-300.671499909,-75.100712232,-22.084426019
2290.979378992,-299.695024516,-75.316306545,-22.098674178
2291.979371544,-298.718549122,-75.531900858,-22.112922336
2292.979362770,-297.742484780,-75.749342468,-22.127195395
2293.979355321,-296.766724549,-75.968150772,-22.141486874
2294.979347873,-295.790964318,-76.186959077,-22.155778354
2295.979340424,-294.815204087,-76.405767382,-22.170069834
2296.979332975,-293.839443856,-76.624575686,-22.184361313
2297.979325527,-292.863683625,-76.843383991,-22.198652793
2298.979318078,-291.887923394,-77.062192296,-22.212944273
2299.979310629,-290.912163163,-77.281000600,-22.227235753
2300.979303180,-289.936402932,-77.499808905,-22.241527232
2301.979295728,-288.960647983,-77.718640749,-22.255824766
2302.979288279,-287.984958469,-77.937764171,-22.270197281
2303.979280831,-287.009268954,-78.156887593,-22.284569796
2304.979273382,-286.033579440,-78.376011015,-22.298942311
2305.979265933,-285.057889926,-78.595134436,-22.313314826
2306.979258484,-284.082200411,-78.814257858,-22.327687341
2307.979251036,-283.106510897,-79.033381280,-22.342059856
2308.979243587,-282.130821382,-79.252504701,-22.356432371
2309.979236138,-281.155131868,-79.471628123,-22.370804886
2310.979228690,-280.179442353,-79.690751545,-22.385177402
2311.979221238,-279.203733076,-79.909786936,-22.399608598
2312.979213789,-278.228009168,-80.128757161,-22.414083233
2313.979206340,-277.252285261,-80.347727386,-22.428557869
2314.979198892,-276.276561354,-80.566697610,-22.443032504
2315.979191443,-275.300837447,-80.785667835,-22.457507140
2316.979183994,-274.325113539,-81.004638060,-22.471981776
2317.979176546,-273.349389632,-81.223608285,-22.486456411
2318.979169097,-272.373665725,-81.442578510,-22.500931047
2319.979161648,-271.397941817,-81.661548735,-22.515405682
2320.979154155,-270.422199538,-81.880436877,-22.529888087
2321.979146707,-269.446229215,-82.098306177,-22.544466919
2322.979139258,-268.470258892,-82.316175476,-22.559045751
2323.979131809,-267.494288570,-82.534044776,-22.573624583
2324.979124361,-266.518318247,-82.751914076,-22.588203415
2325.979116912,-265.542347924,-82.969783375,-22.602782248
2326.979109463,-264.566377601,-83.187652675,-22.617361080
2327.979102014,-263.590407279,-83.405521974,-22.631939912
2328.979094566,-262.614436956,-83.623391274,-22.646518744
2329.979087117,-261.638466633,-83.841260574,-22.661097576
2330.979079599,-260.662590592,-84.059551473,-22.658672943
2331.979072150,-259.686784385,-84.278154649,-22.643653906
2332.979064702,-258.710978178,-84.496757826,-22.628634868
2333.979057253,-257.735175194,-84.715375388,-22.623064569
2334.979049804,-256.759384678,-84.934048596,-22.654041504
2335.979042355,-255.783594162,-85.152721803,-22.685018440
2336.979034906,-254.807803646,-85.371395011,-22.715995376
2337.979027458,-253.832013130,-85.590068218,-22.746972311
2338.979020009,-252.856222614,-85.808741426,-22.777949247
2339.979012541,-251.880444380,-86.027469339,-22.807715834
2340.979005092,-250.904818905,-86.246877714,-22.822427309
2341.978997643,-249.929193430,-86.466286089,-22.837138783
2342.978990194,-248.953567955,-86.685694465,-22.851850258
2343.978982746,-247.977942480,-86.905102840,-22.866561733
2344.978975297,-247.002317005,-87.124511215,-22.881273207
2345.978967848,-246.026691530,-87.343919591,-22.895984682
2346.978960400,-245.051066055,-87.563327966,-22.910696156
2347.978952951,-244.075440580,-87.782736341,-22.925407631
2348.978945502,-243.099815105,-88.002144716,-22.940119106
2349.978938053,-242.124185255,-88.221533636,-22.954823325
2350.978930605,-241.148552162,-88.440908137,-22.969522168
2351.978923156,-240.172919070,-88.660282637,-22.984221011
2352.978915707,-239.197285977,-88.879657138,-22.998919853
2353.978908258,-238.221652885,-89.099031638,-23.013618696
2354.978900810,-237.246019792,-89.318406139,-23.028317539
2355.978893361,-236.270386700,-89.537780640,-23.043016382
2356.978885912,-235.294753607,-89.757155140,-23.057715225
2357.978878464,-234.319120515,-89.976529641,-23.072414067
2358.978870967,-233.343468187,-90.195818360,-23.087107514
2359.978863518,-232.367576133,-90.414037973,-23.101733714
2360.978856069,-231.391684078,-90.632257587,-23.116359914
2361.978848621,-230.415792023,-90.850477200,-23.130986114
2362.978841172,-229.439899968,-91.068696813,-23.145612314
2363.978833723,-228.464007913,-91.286916427,-23.160238514
2364.978826274,-227.488115858,-91.505136040,-23.174864714
2365.978818826,-226.512223803,-91.723355654,-23.189490914
2366.978811377,-225.536331748,-91.941575267,-23.204117115
2367.978803928,-224.560439693,-92.159794881,-23.218743315
2368.978796407,-223.584644606,-92.378447356,-23.233292763
2369.978788958,-222.608921425,-92.597420819,-23.247785297
2370.978781509,-221.633198245,-92.816394282,-23.262277831
2371.978774060,-220.657475064,-93.035367745,-23.276770365
2372.978766612,-219.681751884,-93.254341208,-23.291262899
2373.978759163,-218.706028703,-93.473314670,-23.305755433
2374.978751714,-217.730305522,-93.692288133,-23.320247967
2375.978744265,-216.754582342,-93.911261596,-23.334740501
2376.978736817,-215.778859161,-94.130235059,-23.349233035
2377.978729329,-214.803118726,-94.349131447,-23.363711604
2378.978721880,-213.827162901,-94.567065680,-23.378016489
2379.978714432,-212.851207540,-94.785001993,-23.392325246
2380.978706983,-211.875252180,-95.002938306,-23.406634004
2381.978699534,-210.899296819,-95.220874619,-23.420942761
2382.978692085,-209.923341458,-95.438810932,-23.435251518
2383.978684637,-208.947386098,-95.656747245,-23.449560275
2384.978677188,-207.971430737,-95.874683558,-23.463869033
2385.978669739,-206.995475376,-96.092619871,-23.478177790
2386.978662291,-206.019520016,-96.310556184,-23.492486547
2387.978654821,-205.043615968,-96.528722065,-23.506667550
2388.978647373,-204.067749993,-96.747058276,-23.520753765
2389.978639924,-203.091884018,-96.965394487,-23.534839979
2390.978632475,-202.116018042,-97.183730698,-23.548926194
2391.978625026,-201.140152067,-97.402066909,-23.563012408
2392.978617578,-200.164286092,-97.620403120,-23.577098623
2393.978610129,-199.188420117,-97.838739332,-23.591184838
2394.978602680,-198.212554142,-98.057075543,-23.605271052
2395.978595232,-197.236688166,-98.275411754,-23.619357267
2396.978587781,-196.260826256,-98.493766124,-23.633424787
2397.978580332,-195.285015218,-98.712347731,-23.647258363
2398.978572883,-194.309204179,-98.930929339,-23.661091940
2399.978565435,-193.333393140,-99.149510946,-23.674925516
2400.978557986,-192.357582101,-99.368092554,-23.688759093
2401.978550537,-191.381771062,-99.586674161,-23.702592669
2402.978543088,-190.405960024,-99.805255769,-23.716426246
2403.978535640,-189.430148985,-100.023837376,-23.730259822
2404.978528191,-188.454337946,-100.242418984,-23.744093399
2405.978520742,-187.478526907,-100.461000592,-23.757926975
2406.978513020,-186.502528783,-100.678744055,-23.771593818
2407.978505571,-185.526391768,-100.895865291,-23.785136879
2408.978498122,-184.550254753,-101.112986526,-23.798679941
2409.978490674,-183.574117738,-101.330107761,-23.812223002
2410.978483225,-182.597980723,-101.547228996,-23.825766063
2411.978475776,-181.621843708,-101.764350231,-23.839309125
2412.978468327,-180.645706693,-101.981471466,-23.852852186
2413.978460879,-179.669569678,-102.198592702,-23.866395248
2414.978453430,-178.693432663,-102.415713937,-23.879938309
2415.978445978,-177.717300552,-102.632857203,-23.893456569
2416.978438529,-176.741229935,-102.850276734,-23.906663835
2417.978431081,-175.765159318,-103.067696264,-23.919871101
2418.978423632,-174.789088700,-103.285115795,-23.933078367
2419.978416183,-173.813018083,-103.502535326,-23.946285632
2420.978408734,-172.836947465,-103.719954856,-23.959492898
2421.978401286,-171.860876848,-103.937374387,-23.972700164
2422.978393837,-170.884806230,-104.154793917,-23.985907429
2423.978386388,-169.908735613,-104.372213448,-23.999114695
2424.978378940,-168.932664995,-104.589632978,-24.012321961
2425.978371465,-167.956536853,-104.806793981,-24.025302140
2426.978364016,-166.980365981,-105.023762945,-24.038113634
2427.978356567,-166.004195109,-105.240731909,-24.050925129
2428.978349119,-165.028024237,-105.457700873,-24.063736623
2429.978341670,-164.051853365,-105.674669836,-24.076548118
2430.978334221,-163.075682493,-105.891638800,-24.089359612
2431.978326772,-162.099511621,-106.108607764,-24.102171107
2432.978319324,-161.123340749,-106.325576728,-24.114982601
2433.978311875,-160.147169877,-106.542545691,-24.127794096
2434.978304426,-159.171001235,-106.759524687,-24.140570280
2435.978296977,-158.194860618,-106.976629727,-24.152902808
2436.978289528,-157.218720002,-107.193734768,-24.165235335
2437.978282079,-156.242579385,-107.410839808,-24.177567862
2438.978274631,-155.266438768,-107.627944849,-24.189900390
2439.978267182,-154.290298151,-107.845049889,-24.202232917
2440.978259733,-153.314157534,-108.062154930,-24.214565444
2441.978252285,-152.338016917,-108.279259970,-24.226897972
2442.978244836,-151.361876300,-108.496365010,-24.239230499
2443.978237387,-150.385735683,-108.713470051,-24.251563026
2444.978229938,-149.409596465,-108.930581379,-24.263558629
2445.978222490,-148.433458285,-109.147697380,-24.275303811
2446.978215041,-147.457320106,-109.364813381,-24.287048993
2447.978207592,-146.481181927,-109.581929382,-24.298794176
2448.978200144,-145.505043748,-109.799045383,-24.310539358
2449.978192695,-144.528905569,-110.016161384,-24.322284540
2450.978185246,-143.552767390,-110.233277385,-24.334029722
2451.978177797,-142.576629211,-110.450393386,-24.345774905
2452.978170349,-141.600491032,-110.667509387,-24.357520087
2453.978162899,-140.624349718,-110.884611288,-24.369213147
2454.978155450,-139.648168932,-111.101535644,-24.380249909
2455.978148001,-138.671988146,-111.318459999,-24.391286671
2456.978140552,-137.695807360,-111.535384355,-24.402323434
2457.978133104,-136.719626575,-111.752308710,-24.413360196
2458.978125655,-135.743445789,-111.969233065,-24.424396958
2459.978118206,-134.767265003,-112.186157421,-24.435433720
2460.978110758,-133.791084217,-112.403081776,-24.446470482
2461.978103309,-132.814903431,-112.620006132,-24.457507244
2462.978095860,-131.838722645,-112.836930487,-24.468544006
2463.978088411,-130.862542812,-113.053859130,-24.479109895
2464.978080963,-129.886363688,-113.270790961,-24.489325613
2465.978073514,-128.910184563,-113.487722793,-24.499541331
2466.978066065,-127.934005439,-113.704654624,-24.509757050
2467.978058617,-126.957826314,-113.921586455,-24.519972768
2468.978051168,-125.981647190,-114.138518286,-24.530188486
2469.978043719,-125.005468065,-114.355450117,-24.540404204
2470.978036270,-124.029288940,-114.572381949,-24.550619923
2471.978028822,-123.053109816,-114.789313780,-24.560835641
2472.978021330,-122.076948556,-115.006325787,-24.570984613
2473.978013882,-121.101012682,-115.224349350,-24.580291477
2474.978006433,-120.125076819,-115.442372956,-24.589598629
2475.977998984,-119.149141006,-115.660396791,-24.598907350
2476.977991536,-118.173205194,-115.878420627,-24.608216071
2477.977984087,-117.197269382,-116.096444462,-24.617524792
2478.977976638,-116.221333569,-116.314468297,-24.626833513
2479.977969189,-115.245397757,-116.532492133,-24.636142234
2480.977961741,-114.269461945,-116.750515968,-24.645450955
2481.977954292,-113.293526132,-116.968539803,-24.654759676
2482.977946840,-112.317571234,-117.186478175,-24.663508106
2483.977939392,-111.341602135,-117.404352955,-24.671839626
2484.977931943,-110.365633035,-117.622227735,-24.680171145
2485.977924494,-109.389663936,-117.840102514,-24.688502665
2486.977917045,-108.413694837,-118.057977294,-24.696834184
2487.977909597,-107.437725737,-118.275852073,-24.705165704
2488.977902148,-106.461756638,-118.493726853,-24.713497224
2489.977894699,-105.485787538,-118.711601632,-24.721828743
2490.977887251,-104.509818439,-118.929476412,-24.730160263
2491.977879802,-103.533850342,-119.147355684,-24.738416096
2492.977872353,-102.557894929,-119.365291759,-24.745714988
2493.977864904,-101.581939515,-119.583227834,-24.753013881
2494.977857456,-100.605984101,-119.801163909,-24.760312774
2495.977850007,-99.630028687,-120.019099984,-24.767611667
2496.977842558,-98.654073273,-120.237036058,-24.774910559
2497.977835109,-97.678117859,-120.454972133,-24.782209452
2498.977827661,-96.702162445,-120.672908208,-24.789508345
2499.977820212,-95.726207031,-120.890844283,-24.796807237
2500.977812763,-94.750251617,-121.108780358,-24.804106130
2501.977804444,-93.773964936,-121.325223599,-24.810835277
2502.977796995,-92.797431619,-121.540555400,-24.817140239
2503.977789547,-91.820898303,-121.755887200,-24.823445200
2504.977782098,-90.844364986,-121.971219000,-24.829750161
2505.977774649,-89.867831669,-122.186550800,-24.836055123
2506.977767200,-88.891298353,-122.401882601,-24.842360084
2507.977759752,-87.914765036,-122.617214401,-24.848665045
2508.977752303,-86.938231720,-122.832546201,-24.854970007
2509.977741504,-85.961060178,-123.044947192,-24.860743351
2510.977734056,-84.983413371,-123.255165704,-24.866120818
2511.977726607,-84.005766563,-123.465384216,-24.871498285
2512.977719158,-83.028119756,-123.675602728,-24.876875751
2513.977711709,-82.050472949,-123.885821240,-24.882253218
2514.977704261,-81.072826141,-124.096039752,-24.887630684
2515.977696812,-80.095179334,-124.306258264,-24.893008151
2516.977689363,-79.117532527,-124.516476776,-24.898385618
2517.977679865,-78.139397240,-124.724400713,-24.903246412
2518.977672416,-77.160898124,-124.930615608,-24.907722380
2519.977664968,-76.182399008,-125.136830504,-24.912198347
2520.977657519,-75.203899892,-125.343045399,-24.916674314
2521.977650070,-74.225400777,-125.549260294,-24.921150282
2522.977642621,-73.246901661,-125.755475189,-24.925626249
2523.977635173,-72.268402545,-125.961690085,-24.930102217
2524.977626515,-71.289814671,-126.167477494,-24.934523475
2525.977619066,-70.310100874,-126.367842104,-24.938250724
2526.977611617,-69.330387076,-126.568206715,-24.941977973
2527.977604169,-68.350673278,-126.768571325,-24.945705223
2528.977596720,-67.370959480,-126.968935935,-24.949432472
2529.977589271,-66.391245682,-127.169300545,-24.953159721
2530.977577165,-65.410834127,-127.366198918,-24.956500195
2531.977569716,-64.429902679,-127.560514632,-24.959552487
2532.977562268,-63.448971231,-127.754830347,-24.962604778
2533.977554819,-62.468039783,-127.949146062,-24.965657070
2534.977547370,-61.487108335,-128.143461777,-24.968709361
2535.977539921,-60.506176887,-128.337777491,-24.971761653
2536.977531581,-59.525173555,-128.531725377,-24.974756287
2537.977524132,-58.543257426,-128.721002469,-24.977018773
2538.977516683,-57.561341296,-128.910279561,-24.979281260
2539.977509235,-56.579425167,-129.099556654,-24.981543746
2540.977501786,-55.597509038,-129.288833746,-24.983806232
2541.977494337,-54.615592909,-129.478110838,-24.986068718
2542.977486889,-53.633676779,-129.667387930,-24.988331205
2543.977479440,-52.651760650,-129.856665023,-24.990593691
2544.977471428,-51.669788768,-130.045649678,-24.992794628
2545.977463979,-50.687108418,-130.230918216,-24.994213441
2546.977456531,-49.704428067,-130.416186755,-24.995632254
2547.977449082,-48.721747717,-130.601455293,-24.997051066
2548.977441633,-47.739067366,-130.786723831,-24.998469879
2549.977434184,-46.756387016,-130.971992370,-24.999888692
2550.977426736,-45.773706665,-131.157260908,-25.001307505
2551.977419287,-44.791026315,-131.342529447,-25.002726317
2552.977411838,-43.808345964,-131.527797985,-25.004145130
2553.977399828,-42.825028042,-131.709627145,-25.005197972
2554.977392380,-41.841234784,-131.888892111,-25.005977968
2555.977384931,-40.857441525,-132.068157077,-25.006757965
2556.977377482,-39.873648267,-132.247422042,-25.007537961
2557.977370033,-38.889855009,-132.426687008,-25.008317958
2558.977353444,-37.905195136,-132.601076669,-25.008873106
2559.977345995,-36.919889104,-132.771831249,-25.009260604
2560.977338546,-35.934583072,-132.942585828,-25.009648103
2561.977331097,-34.949277041,-133.113340408,-25.010035602
2562.977311971,-33.963042327,-133.278576115,-25.010248586
2563.977304523,-32.976115140,-133.439696658,-25.010331443
2564.977297074,-31.989187953,-133.600817202,-25.010414299
2565.977285853,-31.002140743,-133.761177312,-25.010477802
2566.977278404,-30.013565725,-133.911857555,-25.010294946
2567.977270956,-29.024990706,-134.062537798,-25.010112089
2568.977263507,-28.036415688,-134.213218040,-25.009929232
2569.977241842,-27.046943169,-134.357789147,-25.009614353
2570.977234393,-26.056801368,-134.497804562,-25.009201022
2571.977226945,-25.066659567,-134.637819976,-25.008787691
2572.977212735,-24.075937260,-134.773617224,-25.008252483
2573.977203144,-23.084668580,-134.905401978,-25.007625754
2574.977195695,-22.092763592,-135.032325563,-25.006995498
2575.977185580,-21.100779322,-135.158606904,-25.006349974
2576.977178131,-20.107785216,-135.276707741,-25.005509977
2577.977170682,-19.114791109,-135.394808578,-25.004669980
2578.977163233,-18.121797003,-135.512909416,-25.003829983
2579.977142155,-17.128120605,-135.625003383,-25.002875430
2580.977134706,-16.133935307,-135.732617026,-25.001835432
2581.977127257,-15.139750009,-135.840230669,-25.000795434
2582.977116812,-14.145494126,-135.947162189,-24.999741792
2583.977109364,-13.150338902,-136.045402625,-24.998514300
2584.977101915,-12.155183679,-136.143643062,-24.997286807
2585.977094466,-11.160028455,-136.241883498,-24.996059315
2586.977084976,-10.164819816,-136.339560434,-24.994817091
2587.977077527,-9.168930346,-136.430055004,-24.993387099
2588.977070078,-8.173040877,-136.520549575,-24.991957107
2589.977062630,-7.177151408,-136.611044145,-24.990527115
2590.977055181,-6.181261938,-136.701538715,-24.989097123
2591.977045900,-5.185325931,-136.791499308,-24.987652388
2592.977038452,-4.188796508,-136.874651049,-24.986019670
2593.977031003,-3.192267085,-136.957802790,-24.984386951
2594.977023554,-2.195737662,-137.040954530,-24.982754232
2595.977016105,-1.199208239,-137.124106271,-24.981121513
2596.977008657,-0.202678816,-137.207258012,-24.979488795
2597.976997147,0.794115475,-137.287121152,-24.977735353
2598.976989698,1.791107396,-137.364530540,-24.975891836
2599.976982250,2.788099316,-137.441939928,-24.974048318
2600.976974801,3.785091236,-137.519349317,-24.972204801
2601.976967352,4.782083157,-137.596758705,-24.970361284
2602.976959904,5.779075077,-137.674168093,-24.968517766
2603.976952455,6.776066997,-137.751577481,-24.966674249
2604.976945006,7.773058918,-137.828986869,-24.964830732
2605.976936931,8.770074413,-137.906083894,-24.962973627
2606.976929482,9.767390899,-137.979192929,-24.960943052
2607.976922034,10.764707384,-138.052301964,-24.958912476
2608.976914585,11.762023869,-138.125410999,-24.956881901
2609.976907136,12.759340354,-138.198520033,-24.954851326
2610.976899687,13.756656839,-138.271629068,-24.952820750
2611.976892239,14.753973325,-138.344738103,-24.950790175
2612.976884790,15.751289810,-138.417847138,-24.948759600
2613.976877341,16.748606295,-138.490956172,-24.946729024
2614.976866993,17.746119774,-138.561285138,-24.944634921
2615.976859545,18.743780304,-138.629538857,-24.942493395
2616.976852096,19.741440833,-138.697792576,-24.940351869
2617.976844647,20.739101363,-138.766046296,-24.938210344
2618.976837198,21.736761893,-138.834300015,-24.936068818
2619.976829750,22.734422422,-138.902553734,-24.933927292
2620.976821254,23.732109448,-138.970403630,-24.931781007
2621.976813805,24.730135213,-139.033090747,-24.929573878
2622.976806357,25.728160978,-139.095777864,-24.927366749
2623.976798908,26.726186743,-139.158464981,-24.925159620
2624.976791459,27.724212508,-139.221152098,-24.922952491
2625.976784010,28.722238273,-139.283839215,-24.920745362
2626.976776562,29.720264039,-139.346526332,-24.918538232
2627.976768039,30.718314336,-139.408804412,-24.916328052
2628.976760590,31.716678468,-139.465849665,-24.914078837
2629.976753142,32.715042601,-139.522894918,-24.911829622
2630.976745693,33.713406734,-139.579940172,-24.909580407
2631.976738244,34.711770867,-139.636985425,-24.907331192
2632.976730795,35.710135000,-139.694030678,-24.905081977
2633.976723347,36.708499133,-139.751075931,-24.902832762
2634.976710634,37.707065143,-139.804372264,-24.900570094
2635.976703186,38.705781927,-139.854868668,-24.898297378
2636.976695737,39.704498712,-139.905365073,-24.896024662
2637.976688288,40.703215496,-139.955861477,-24.893751946
2638.976680839,41.701932281,-140.006357881,-24.891479230
2639.976671780,42.700672656,-140.056353335,-24.889205724
2640.976664331,43.699715149,-140.099933128,-24.886922100
2641.976656883,44.698757643,-140.143512922,-24.884638476
2642.976649434,45.697800137,-140.187092716,-24.882354852
2643.976641985,46.696842630,-140.230672510,-24.880071227
2644.976634537,47.695885124,-140.274252304,-24.877787603
2645.976622159,48.695074412,-140.314202409,-24.875499897
2646.976614710,49.694373361,-140.351441007,-24.873209142
2647.976607261,50.693672310,-140.388679606,-24.870918387
2648.976599813,51.692971259,-140.425918205,-24.868627632
2649.976592364,52.692270208,-140.463156804,-24.866336877
2650.976584915,53.691569157,-140.500395403,-24.864046122
2651.976576579,54.690881004,-140.537262202,-24.861755465
2652.976569131,55.690358205,-140.569362453,-24.859466070
2653.976561682,56.689835407,-140.601462704,-24.857176675
2654.976554233,57.689312609,-140.633562954,-24.854887279
2655.976546784,58.688789810,-140.665663205,-24.852597884
2656.976539336,59.688267012,-140.697763456,-24.850308488
2657.976531887,60.687744214,-140.729863706,-24.848019093
2658.976524438,61.687221415,-140.761963957,-24.845729697
2659.976516989,62.686698617,-140.794064207,-24.843440302
2660.976508184,63.686233808,-140.824260082,-24.841156895
2661.976500736,64.685812338,-140.853032733,-24.838877964
2662.976493287,65.685390868,-140.881805384,-24.836599033
2663.976485838,66.684969397,-140.910578035,-24.834320102
2664.976478389,67.684547927,-140.939350686,-24.832041171
2665.976470941,68.684126457,-140.968123337,-24.829762240
2666.976463492,69.683704987,-140.996895988,-24.827483309
2667.976456043,70.683283517,-141.025668639,-24.825204378
2668.976448595,71.682862046,-141.054441290,-24.822925447
2669.976441119,72.682442405,-141.083149406,-24.820648341
2670.976433670,73.682046253,-141.111028590,-24.818394674
2671.976426222,74.681650102,-141.138907774,-24.816141006
2672.976418773,75.681253950,-141.166786958,-24.813887339
2673.976411324,76.680857798,-141.194666142,-24.811633672
2674.976403875,77.680461647,-141.222545326,-24.809380005
2675.976396427,78.680065495,-141.250424510,-24.807126338
2676.976388978,79.679669344,-141.278303694,-24.804872671
2677.976381529,80.679273192,-141.306182878,-24.802619003
2678.976374081,81.678877040,-141.334062062,-24.800365336
2679.976366558,82.678493139,-141.361495782,-24.798144191
2680.976359109,83.678118399,-141.388596397,-24.795947365
2681.976351660,84.677743658,-141.415697012,-24.793750538
2682.976344211,85.677368917,-141.442797627,-24.791553712
2683.976336763,86.676994177,-141.469898242,-24.789356885
2684.976329314,87.676619436,-141.496998857,-24.787160059
2685.976321865,88.676244696,-141.524099472,-24.784963233
2686.976314417,89.675869955,-141.551200087,-24.782766406
2687.976306968,90.675495215,-141.578300702,-24.780569580
2688.976299509,91.675121518,-141.605362429,-24.778380266
2689.976292061,92.674761256,-141.631923601,-24.776287650
2690.976284612,93.674400995,-141.658484772,-24.774195035
2691.976277163,94.674040733,-141.685045944,-24.772102419
2692.976269715,95.673680472,-141.711607116,-24.770009803
2693.976262266,96.673320210,-141.738168287,-24.767917187
2694.976254817,97.672959949,-141.764729459,-24.765824572
2695.976247368,98.672599687,-141.791290631,-24.763731956
2696.976239920,99.672239426,-141.817851802,-24.761639340
2697.976232471,100.671879164,-141.844412974,-24.759546725
2698.976224960,101.671507916,-141.871382146,-24.757551652
2699.976217511,102.671128448,-141.898656583,-24.755629561
2700.976210062,103.670748980,-141.925931021,-24.753707470
2701.976202614,104.670369512,-141.953205458,-24.751785379
2702.976195165,105.669990044,-141.980479896,-24.749863288
2703.976187716,106.669610575,-142.007754333,-24.747941198
2704.976180268,107.669231107,-142.035028770,-24.746019107
2705.976172819,108.668851639,-142.062303208,-24.744097016
2706.976165370,109.668472171,-142.089577645,-24.742174925
2707.976157916,110.668093458,-142.116824190,-24.740271388
2708.976150468,111.667724493,-142.143710941,-24.738607189
2709.976143019,112.667355527,-142.170597693,-24.736942990
2710.976135570,113.666986562,-142.197484444,-24.735278791
2711.976128121,114.666617597,-142.224371195,-24.733614593
2712.976120673,115.666248631,-142.251257946,-24.731950394
2713.976113224,116.665879666,-142.278144698,-24.730286195
2714.976105775,117.665510700,-142.305031449,-24.728621996
2715.976098327,118.665141735,-142.331918200,-24.726957797
2716.976090878,119.664772769,-142.358804952,-24.725293598
2717.976083428,120.664405023,-142.385646322,-24.716798983
2718.976075980,121.664038188,-142.412453719,-24.703190994
2719.976068531,122.663671354,-142.439261116,-24.689583004
2720.976061082,123.663304520,-142.466068513,-24.675975015
2721.976053634,124.662937686,-142.492875911,-24.662367025
2722.976046185,125.662570851,-142.519683308,-24.648759036
2723.976038736,126.662204017,-142.546490705,-24.635151047
2724.976031287,127.661837183,-142.573298102,-24.621543057
2725.976023625,128.661453994,-142.600700764,-24.646330700
2726.976016072,129.661054520,-142.628695115,-24.712290083
2727.976008623,130.660699688,-142.655051142,-24.711440088
2728.976001175,131.660344856,-142.681407168,-24.710590094
2729.975993726,132.659990024,-142.707763195,-24.709740099
2730.975986277,133.659635193,-142.734119222,-24.708890104
2731.975978828,134.659280361,-142.760475249,-24.708040109
2732.975971380,135.658925529,-142.786831276,-24.707190115
2733.975961121,136.658585044,-142.812528291,-24.706364418
2734.975953672,137.658430122,-142.829701615,-24.705852992
2735.975946224,138.658275200,-142.846874939,-24.705341567
2736.975938775,139.658120278,-142.864048264,-24.704830141
2737.975914886,140.658040752,-142.874596645,-24.704439598
2738.975907438,141.658017701,-142.880182761,-24.704139600
2739.975895525,142.657994481,-142.884938313,-24.703853087
2740.975888077,143.657969075,-142.878945553,-24.703741087
2741.975880628,144.657943669,-142.872952793,-24.703629088
2742.975854594,145.657832657,-142.859916465,-24.703629146
2743.975847146,146.657657518,-142.841603909,-24.703713146
2744.975834571,147.657460560,-142.822401586,-24.703812066
2745.975827122,148.656981234,-142.791684745,-24.704104066
2746.975819674,149.656501909,-142.760967904,-24.704396066
2747.975792448,150.655753221,-142.722989446,-24.704822231
2748.975784999,151.654802759,-142.679571450,-24.705348897
2749.975777550,152.653852298,-142.636153453,-24.705875563
2750.975752105,153.652558900,-142.585812297,-24.706550876
2751.975744656,154.651008612,-142.530285050,-24.707337539
2752.975737208,155.649458324,-142.474757803,-24.708124201
2753.975714112,156.647512682,-142.412779517,-24.709065226
2754.975706663,157.645270865,-142.345968509,-24.710121890
2755.975699215,158.643029048,-142.279157501,-24.711178554
2756.975674734,159.640297045,-142.205621244,-24.712391486
2757.975667285,160.637197813,-142.127046683,-24.713721488
2758.975659836,161.634098581,-142.048472122,-24.715051490
2759.975636108,162.630443459,-141.963328549,-24.716537753
2760.975628659,163.626371893,-141.873263813,-24.718141078
2761.975621210,164.622300328,-141.783199078,-24.719744402
2762.975599224,165.617633889,-141.686933155,-24.721515697
2763.975591775,166.612521774,-141.586021318,-24.723412834
2764.975584326,167.607409659,-141.485109480,-24.725309971
2765.975573737,168.602223905,-141.383505154,-24.727229353
2766.975566289,169.596084453,-141.272932489,-24.729436826
2767.975558840,170.589945000,-141.162359824,-24.731644300
2768.975549784,171.583723456,-141.051066208,-24.733852713
2769.975537780,172.576586682,-140.931908301,-24.736233535
2770.975530331,173.569139716,-140.810156190,-24.738739244
2771.975522882,174.561692751,-140.688404080,-24.741244953
2772.975511333,175.554144534,-140.565862827,-24.743769360
2773.975503884,176.545284492,-140.433097292,-24.746536015
2774.975496436,177.536424449,-140.300331757,-24.749302670
2775.975484191,178.527445061,-140.166714174,-24.752083749
2776.975476742,179.516919113,-140.022055258,-24.755051738
2777.975469293,180.506393166,-139.877396342,-24.758019726
2778.975440325,181.494721255,-139.725246240,-24.761088318
2779.975432877,182.482190581,-139.567482390,-24.764232300
2780.975418558,183.469490184,-139.408703122,-24.767387457
2781.975411109,184.454589636,-139.236760767,-24.770687471
2782.975403661,185.439689087,-139.064818412,-24.773987485
2783.975371108,186.423323459,-138.884823083,-24.777365231
2784.975363659,187.405859912,-138.698792923,-24.780801227
2785.975350658,188.388218298,-138.511854430,-24.784246105
2786.975343209,189.368268624,-138.313142425,-24.787806098
2787.975335760,190.348318950,-138.114430419,-24.791366091
2788.975311416,191.326996300,-137.909145361,-24.794988955
2789.975303967,192.304644723,-137.698934363,-24.798658935
2790.975296518,193.282293146,-137.488723366,-24.802328916
2791.975274608,194.258602691,-137.272446109,-24.806054158
2792.975267159,195.233908796,-137.051622414,-24.809820817
2793.975259710,196.209214901,-136.830798719,-24.813587475
2794.975239550,197.183205980,-136.604301349,-24.817392238
2795.975232102,198.156211469,-136.373551657,-24.821225560
2796.975224653,199.129216959,-136.142801966,-24.825058881
2797.975203768,200.100810258,-135.906233391,-24.828917246
2798.975196319,201.071345105,-135.665303498,-24.832794381
2799.975188870,202.041879952,-135.424373605,-24.836671516
2800.975178065,203.012237959,-135.182746354,-24.840549468
2801.975170616,203.980302318,-134.932074260,-24.844438023
2802.975163167,204.948366678,-134.681402167,-24.848326578
2803.975155719,205.916431037,-134.430730073,-24.852215133
2804.975138110,206.883167279,-134.175023560,-24.856084814
2805.975130661,207.848907992,-133.915543354,-24.859940349
2806.975123212,208.814648705,-133.656063148,-24.863795884
2807.975115763,209.780389419,-133.396582941,-24.867651418
2808.975106783,210.746002493,-133.136634042,-24.871495983
2809.975099335,211.709959098,-132.870602526,-24.875198180
2810.975091886,212.673915702,-132.604571010,-24.878900377
2811.975084437,213.637872306,-132.338539494,-24.882602574
2812.975076989,214.601828911,-132.072507978,-24.886304771
2813.975069540,215.565785515,-131.806476461,-24.890006968
2814.975062091,216.529742119,-131.540444945,-24.893709165
2815.975054642,217.493698724,-131.274413429,-24.897411361
2816.975047194,218.457655328,-131.008381913,-24.901113558
2817.975039735,219.421601544,-130.742312794,-24.904788885
2818.975032286,220.385412811,-130.475755212,-24.908115178
2819.975024838,221.349224078,-130.209197631,-24.911441470
2820.975017389,222.313035345,-129.942640050,-24.914767762
2821.975009940,223.276846612,-129.676082468,-24.918094054
2822.975002492,224.240657879,-129.409524887,-24.921420346
2823.974995043,225.204469146,-129.142967306,-24.924746638
2824.974987594,226.168280413,-128.876409724,-24.928072930
2825.974980145,227.132091680,-128.609852143,-24.931399222
2826.974972697,228.095902947,-128.343294562,-24.934725514
2827.974964904,229.059968649,-128.077659970,-24.937739036
2828.974957455,230.024225191,-127.812717666,-24.940517965
2829.974950007,230.988481733,-127.547775362,-24.943296894
2830.974942558,231.952738274,-127.282833058,-24.946075823
2831.974935109,232.916994816,-127.017890754,-24.948854752
2832.974927661,233.881251358,-126.752948450,-24.951633681
2833.974920212,234.845507899,-126.488006146,-24.954412610
2834.974912763,235.809764441,-126.223063842,-24.957191539
2835.974905314,236.774020983,-125.958121538,-24.959970468
2836.974897866,237.738277964,-125.693180833,-24.962701856
2837.974890417,238.702540660,-125.428260931,-24.964814470
2838.974882968,239.666803357,-125.163341029,-24.966927083
2839.974875519,240.631066054,-124.898421127,-24.969039697
2840.974868071,241.595328750,-124.633501225,-24.971152311
2841.974860622,242.559591447,-124.368581324,-24.973264925
2842.974853173,243.523854144,-124.103661422,-24.975377539
2843.974845725,244.488116841,-123.838741520,-24.977490153
2844.974838276,245.452379537,-123.573821618,-24.979602767
2845.974830827,246.416642234,-123.308901716,-24.981715380
2846.974823295,247.380779557,-123.043526214,-24.983405259
2847.974815846,248.344822789,-122.777808789,-24.984777880
2848.974808397,249.308866021,-122.512091364,-24.986150502
2849.974800949,250.272909253,-122.246373940,-24.987523124
2850.974793500,251.236952484,-121.980656515,-24.988895745
2851.974786051,252.200995716,-121.714939091,-24.990268367
2852.974778602,253.165038948,-121.449221666,-24.991640989
2853.974771154,254.129082180,-121.183504241,-24.993013610
2854.974763705,255.093125412,-120.917786817,-24.994386232
2855.974756210,256.057146169,-120.651988041,-24.995703991
2856.974748761,257.020873752,-120.385128062,-24.996306093
2857.974741312,257.984601335,-120.118268083,-24.996908194
2858.974733864,258.948328918,-119.851408104,-24.997510295
2859.974726415,259.912056501,-119.584548125,-24.998112396
2860.974718966,260.875784084,-119.317688146,-24.998714497
2861.974711517,261.839511667,-119.050828167,-24.999316598
2862.974704069,262.803239250,-118.783968188,-24.999918699
2863.974696620,263.766966833,-118.517108209,-25.000520800
2864.974689171,264.730694416,-118.250248230,-25.001122901
2865.974681716,265.694387154,-117.983262469,-25.001282960
2866.974674267,266.658053726,-117.716182256,-25.001111090
2867.974666819,267.621720277,-117.449101966,-25.000939270
2868.974659370,268.585386679,-117.182021137,-25.000767794
2869.974651921,269.549053080,-116.914940308,-25.000596317
2870.974644473,270.512719482,-116.647859479,-25.000424841
2871.974637024,271.476385883,-116.380778650,-25.000253364
2872.974629575,272.440052285,-116.113697822,-25.000081888
2873.974622126,273.403718686,-115.846616993,-24.999910411
2874.974614677,274.367383051,-115.579528815,-24.999685890
2875.974607229,275.331020784,-115.312344569,-24.998768002
2876.974599780,276.294658518,-115.045160324,-24.997850114
2877.974592331,277.258296251,-114.777976078,-24.996932226
2878.974584882,278.221933985,-114.510791833,-24.996014338
2879.974577434,279.185571719,-114.243607588,-24.995096450
2880.974569985,280.149209452,-113.976423342,-24.994178562
2881.974562536,281.112847186,-113.709239097,-24.993260673
2882.974555087,282.076484920,-113.442054852,-24.992342785
2883.974547639,283.040122653,-113.174870606,-24.991424897
2884.974540169,284.003697242,-112.907458804,-24.990108516
2885.974532720,284.967224389,-112.639876033,-24.988492739
2886.974525272,285.930751536,-112.372293261,-24.986876961
2887.974517823,286.894278683,-112.104710490,-24.985261184
2888.974510374,287.857805831,-111.837127719,-24.983645407
2889.974502926,288.821332978,-111.569544948,-24.982029630
2890.974495477,289.784860125,-111.301962177,-24.980413852
2891.974488028,290.748387272,-111.034379406,-24.978798075
2892.974480579,291.711914419,-110.766796634,-24.977182298
2893.974472988,292.675480849,-110.499355888,-24.975521128
2894.974465540,293.639561857,-110.233775556,-24.973265355
2895.974458091,294.603642865,-109.968195223,-24.971009583
2896.974450642,295.567723873,-109.702614891,-24.968753810
2897.974443194,296.531804880,-109.437034559,-24.966498037
2898.974435745,297.495885888,-109.171454226,-24.964242264
2899.974428296,298.459966896,-108.905873894,-24.961986491
2900.974420847,299.424047904,-108.640293561,-24.959730719
2901.974413399,300.388128912,-108.374713229,-24.957474946
2902.974405950,301.352209920,-108.109132897,-24.955219173
2903.974398204,302.316053961,-107.842694965,-24.952640118
2904.974390755,303.279719861,-107.575612327,-24.949818035
2905.974383306,304.243385762,-107.308529690,-24.946995952
2906.974375857,305.207051662,-107.041447053,-24.944173868
2907.974368409,306.170717562,-106.774364416,-24.941351785
2908.974360960,307.134383463,-106.507281779,-24.938529701
2909.974353511,308.098049363,-106.240199141,-24.935707618
2910.974346063,309.061715263,-105.973116504,-24.932885535
2911.974338614,310.025381164,-105.706033867,-24.930063451
2912.974331165,310.989048763,-105.438957359,-24.927206647
2913.974323716,311.952738660,-105.171961322,-24.923894038
2914.974316267,312.916428558,-104.904965284,-24.920581429
2915.974308819,313.880118455,-104.637969247,-24.917268820
2916.974301370,314.843808353,-104.370973210,-24.913956211
2917.974293921,315.807498250,-104.103977172,-24.910643601
2918.974286473,316.771188148,-103.836981135,-24.907330992
2919.974279024,317.734878045,-103.569985097,-24.904018383
2920.974271575,318.698567943,-103.302989060,-24.900705774
2921.974264126,319.662257841,-103.035993023,-24.897393165
2922.974256676,320.625967768,-102.769069301,-24.893849868
2923.974249227,321.589692763,-102.502199973,-24.890133053
2924.974241778,322.553417757,-102.235330645,-24.886416238
2925.974234329,323.517142751,-101.968461317,-24.882699423
2926.974226881,324.480867745,-101.701591989,-24.878982607
2927.974219432,325.444592739,-101.434722661,-24.875265792
2928.974211983,326.408317733,-101.167853333,-24.871548977
2929.974204535,327.372042728,-100.900984005,-24.867832162
2930.974197086,328.335767722,-100.634114677,-24.864115347
2931.974189627,329.299482082,-100.367206989,-24.860376370
2932.974182178,330.263056556,-100.099794692,-24.856345874
2933.974174729,331.226631029,-99.832382396,-24.852315377
2934.974167280,332.190205503,-99.564970099,-24.848284880
2935.974159832,333.153779977,-99.297557803,-24.844254383
2936.974152383,334.117354450,-99.030145506,-24.840223886
2937.974144934,335.080928924,-98.762733210,-24.836193389
2938.974137486,336.044503398,-98.495320913,-24.832162893
2939.974130037,337.008077871,-98.227908617,-24.828132396
2940.974122588,337.971652345,-97.960496320,-24.824101899
2941.974115121,338.935285598,-97.693295985,-24.819945876
2942.974107673,339.898963089,-97.426255172,-24.815695382
2943.974100224,340.862640580,-97.159214359,-24.811444889
2944.974092775,341.826318071,-96.892173546,-24.807194395
2945.974085326,342.789995563,-96.625132733,-24.802943901
2946.974077878,343.753673054,-96.358091920,-24.798693407
2947.974070429,344.717350545,-96.091051107,-24.794442913
2948.974062980,345.681028036,-95.824010294,-24.790192419
2949.974055531,346.644705527,-95.556969481,-24.785941926
2950.974048048,347.608402359,-95.289998603,-24.781682823
2951.974040599,348.572354156,-95.023949670,-24.777310225
2952.974033151,349.536305953,-94.757900736,-24.772937628
2953.974025702,350.500257751,-94.491851803,-24.768565031
2954.974018253,351.464209548,-94.225802870,-24.764192434
2955.974010804,352.428161346,-93.959753937,-24.759819837
2956.974003356,353.392113143,-93.693705004,-24.755447240
2957.973995907,354.356064941,-93.427656070,-24.751074643
2958.973988458,355.320016738,-93.161607137,-24.746702045
2959.973981010,356.283968535,-92.895558204,-24.742329448
2960.973973524,357.247837392,-92.629209077,-24.737939928
2961.973966076,358.211643788,-92.362633886,-24.733537665
2962.973958627,359.175450185,-92.096058695,-24.729135401
2963.973951178,360.139256630,-91.829483678,-24.724733385
2964.973943729,361.103063407,-91.562909864,-24.720333070
2965.973936281,362.066870184,-91.296336049,-24.715932756
2966.973928832,363.030676962,-91.029762235,-24.711532441
2967.973921383,363.994483739,-90.763188420,-24.707132126
2968.973913935,364.958290516,-90.496614606,-24.702731812
2969.973906483,365.922091966,-90.230021538,-24.698335817
2970.973899035,366.885823023,-89.963174107,-24.693996900
2971.973891586,367.849554081,-89.696326676,-24.689657983
2972.973884137,368.813285138,-89.429479246,-24.685319066
2973.973876688,369.777016196,-89.162631815,-24.680980149
2974.973869240,370.740747253,-88.895784384,-24.676641231
2975.973861791,371.704478311,-88.628936953,-24.672302314
2976.973854342,372.668209368,-88.362089522,-24.667963397
2977.973846893,373.631940426,-88.095242091,-24.663624480
2978.973839445,374.595671483,-87.828394660,-24.659285563
2979.973831996,375.559406232,-87.561560561,-24.655025289
2980.973824547,376.523143762,-87.294736507,-24.650824272
2981.973817099,377.486881292,-87.027912453,-24.646623255
2982.973809650,378.450618822,-86.761088399,-24.642422238
2983.973802201,379.414356352,-86.494264345,-24.638221221
2984.973794752,380.378093883,-86.227440291,-24.634020203
2985.973787304,381.341831413,-85.960616237,-24.629819186
2986.973779855,382.305568943,-85.693792183,-24.625618169
2987.973772406,383.269306473,-85.426968130,-24.621417152
2988.973764949,384.233053365,-85.160177923,-24.617230769
2989.973757501,385.196924222,-84.893835899,-24.613238166
2990.973750052,386.160795079,-84.627493875,-24.609245564
2991.973742603,387.124665935,-84.361151850,-24.605252961
2992.973735154,388.088536792,-84.094809826,-24.601260359
2993.973727706,389.052407649,-83.828467802,-24.597267756
2994.973720257,390.016278506,-83.562125778,-24.593275154
2995.973712808,390.980149363,-83.295783754,-24.589282551
2996.973705360,391.944020220,-83.029441730,-24.585289949
2997.973697911,392.907891077,-82.763099706,-24.581297346
2998.973690231,393.871970029,-82.497512782,-24.577454780
2999.973682782,394.836205870,-82.232495149,-24.573725331
3000.973675333,395.800441711,-81.967477516,-24.569995882
3001.973667885,396.764677552,-81.702459883,-24.566266433
3002.973660436,397.728913393,-81.437442250,-24.562536984
3003.973652987,398.693149234,-81.172424617,-24.558807535
3004.973645539,399.657385074,-80.907406985,-24.555078086
3005.973638090,400.621620915,-80.642389352,-24.551348637
3006.973630641,401.585856756,-80.377371719,-24.547619188
3007.973623190,402.550088128,-80.112337834,-24.543911503
3008.973615742,403.514260206,-79.847088317,-24.540492584
3009.973608293,404.478432285,-79.581838800,-24.537073664
3010.973600844,405.442604363,-79.316589283,-24.533654745
3011.973593396,406.406776441,-79.051339766,-24.530235826
3012.973585947,407.370948519,-78.786090249,-24.526816906
3013.973578498,408.335120597,-78.520840732,-24.523397987
3014.973571049,409.299292676,-78.255591215,-24.519979068
3015.973563601,410.263464754,-77.990341698,-24.516560149
3016.973556152,411.227636832,-77.725092181,-24.513141229
3017.973548689,412.191860679,-77.460030969,-24.509925709
3018.973541240,413.156123579,-77.195111805,-24.506863626
3019.973533791,414.120386478,-76.930192642,-24.503801542
3020.973526343,415.084649378,-76.665273479,-24.500739459
3021.973518894,416.048912277,-76.400354315,-24.497677375
3022.973511445,417.013175177,-76.135435152,-24.494615292
3023.973503997,417.977438077,-75.870515989,-24.491553208
3024.973496548,418.941700976,-75.605596825,-24.488491125
3025.973489099,419.905963876,-75.340677662,-24.485429041
3026.973481626,420.870242772,-75.075816822,-24.482395302
3027.973474177,421.834734387,-74.811731559,-24.479738479
3028.973466729,422.799226003,-74.547646296,-24.477081656
3029.973459280,423.763717619,-74.283561034,-24.474424833
3030.973451831,424.728209234,-74.019475771,-24.471768010
3031.973444382,425.692700850,-73.755390508,-24.469111186
3032.973436934,426.657192466,-73.491305245,-24.466454363
3033.973429485,427.621684081,-73.227219982,-24.463797540
3034.973422036,428.586175697,-72.963134720,-24.461140717
3035.973414588,429.550667312,-72.699049457,-24.458483894
3036.973406970,430.514981888,-72.434319094,-24.456085012
3037.973399521,431.479162836,-72.169101823,-24.453880818
3038.973392073,432.443343785,-71.903884552,-24.451676624
3039.973384624,433.407524734,-71.638667281,-24.449472429
3040.973377175,434.371705682,-71.373450010,-24.447268235
3041.973369726,435.335886631,-71.108232739,-24.445064041
3042.973362278,436.300067580,-70.843015468,-24.442859847
3043.973354829,437.264248528,-70.577798197,-24.440655653
3044.973347380,438.228429477,-70.312580926,-24.438451459
3045.973339900,439.192592173,-70.047297427,-24.436282092
3046.973332451,440.156511632,-69.781131354,-24.434576842
3047.973325003,441.120431092,-69.514965280,-24.432871593
3048.973317554,442.084350551,-69.248799207,-24.431166343
3049.973310105,443.048270010,-68.982633133,-24.429461094
3050.973302656,444.012189470,-68.716467060,-24.427755844
3051.973295208,444.976108929,-68.450300986,-24.426050595
3052.973287759,445.940028388,-68.184134913,-24.424345346
3053.973280310,446.903947847,-67.917968839,-24.422640096
3054.973272862,447.867867307,-67.651802766,-24.420934847
3055.973265413,448.831792892,-67.385658879,-24.419539368
3056.973257964,449.795723103,-67.119531748,-24.418377838
3057.973250515,450.759653315,-66.853404617,-24.417216308
3058.973243067,451.723583496,-66.587277376,-24.416054874
3059.973235618,452.687513468,-66.321149376,-24.414894105
3060.973228169,453.651443439,-66.055021376,-24.413733336
3061.973220720,454.615373411,-65.788893376,-24.412572567
3062.973213272,455.579303383,-65.522765376,-24.411411798
3063.973205823,456.543233354,-65.256637376,-24.410251029
3064.973198368,457.507155502,-64.990481062,-24.409131011
3065.973190920,458.470973166,-64.723946611,-24.408555226
3066.973183471,459.434790830,-64.457412161,-24.407979441
3067.973176022,460.398608494,-64.190877710,-24.407403656
3068.973168574,461.362426158,-63.924343259,-24.406827871
3069.973161125,462.326243822,-63.657808809,-24.406252085
3070.973153676,463.290061486,-63.391274358,-24.405676300
3071.973146227,464.253879150,-63.124739907,-24.405100515
3072.973138779,465.217696813,-62.858205457,-24.404524730
3073.973131330,466.181514477,-62.591671006,-24.403948945
3074.973123813,467.145218580,-62.324726503,-24.403726303
3075.973116364,468.108836871,-62.057472143,-24.403770513
3076.973108915,469.072455161,-61.790217783,-24.403814723
3077.973101467,470.036073452,-61.522963423,-24.403858933
3078.973094018,470.999691742,-61.255709063,-24.403903144
3079.973086569,471.963310032,-60.988454703,-24.403947354
3080.973079120,472.926928323,-60.721200343,-24.403991564
3081.973071672,473.890546613,-60.453945983,-24.404035774
3082.973064223,474.854164904,-60.186691623,-24.404079984
3083.973056761,475.817794964,-59.919479751,-24.404169054
3084.973049313,476.781582545,-59.652836542,-24.404858522
3085.973041864,477.745370126,-59.386193333,-24.405547991
3086.973034415,478.709157708,-59.119550125,-24.406237459
3087.973026966,479.672945289,-58.852906916,-24.406926927
3088.973019518,480.636732870,-58.586263707,-24.407616396
3089.973012069,481.600520451,-58.319620499,-24.408305864
3090.973004620,482.564308033,-58.052977290,-24.408995332
3091.972997172,483.528095614,-57.786334081,-24.409684800
3092.972989723,484.491883195,-57.519690873,-24.410374269
3093.972982270,485.455643206,-57.252948043,-24.411440169
3094.972974821,486.419382370,-56.986129891,-24.412790686
3095.972967373,487.383121534,-56.719311739,-24.414141203
3096.972959924,488.346860698,-56.452493587,-24.415491720
3097.972952475,489.310599862,-56.185675435,-24.416842237
3098.972945026,490.274339026,-55.918857283,-24.418192754
3099.972937578,491.238078190,-55.652039131,-24.419543272
3100.972930129,492.201817354,-55.385220979,-24.420893789
3101.972922680,493.165556518,-55.118402827,-24.422244306
3102.972915229,494.129301389,-54.851605298,-24.423640979
3103.972907780,495.093122795,-54.585084381,-24.425656754
3104.972900331,496.056944201,-54.318563463,-24.427672529
3105.972892882,497.020765607,-54.052042545,-24.429688303
3106.972885434,497.984587013,-53.785521628,-24.431704078
3107.972877985,498.948408420,-53.519000710,-24.433719853
3108.972870536,499.912229826,-53.252479793,-24.435735628
3109.972863087,500.876051232,-52.985958875,-24.437751402
3110.972855639,501.839872638,-52.719437958,-24.439767177
3111.972848190,502.803694045,-52.452917040,-24.441782952
3112.972840737,503.767487124,-52.186293721,-24.444174469
3113.972833288,504.731258774,-51.919592936,-24.446850238
3114.972825840,505.695030424,-51.652892150,-24.449526007
3115.972818391,506.658802074,-51.386191365,-24.452201776
3116.972810942,507.622573725,-51.119490579,-24.454877545
3117.972803493,508.586345375,-50.852789793,-24.457553314
3118.972796045,509.550117025,-50.586089008,-24.460229083
3119.972788596,510.513888675,-50.319388222,-24.462904852
3120.972781147,511.477660325,-50.052687437,-24.465580621
3121.972773695,512.441425857,-49.785964556,-24.468300484
3122.972766246,513.405109143,-49.518944655,-24.471613091
3123.972758798,514.368792429,-49.251924755,-24.474925697
3124.972751349,515.332475714,-48.984904854,-24.478238303
3125.972743900,516.296159000,-48.717884953,-24.481550910
3126.972736451,517.259842286,-48.450865053,-24.484863516
3127.972729003,518.223525572,-48.183845152,-24.488176123
3128.972721554,519.187208857,-47.916825252,-24.491488729
3129.972714105,520.150892143,-47.649805351,-24.494801336
3130.972706657,521.114575429,-47.382785450,-24.498113942
3131.972699199,522.078300249,-47.115915529,-24.501765052
3132.972691750,523.042056509,-46.849159135,-24.505672393
3133.972684301,524.005812769,-46.582402741,-24.509579734
3134.972676853,524.969569030,-46.315646347,-24.513487075
3135.972669404,525.933325290,-46.048889953,-24.517394416
3136.972661955,526.897081550,-45.782133558,-24.521301757
3137.972654506,527.860837810,-45.515377164,-24.525209098
3138.972647058,528.824594070,-45.248620770,-24.529116439
3139.972639609,529.788350330,-44.981864376,-24.533023780
3140.972632153,530.752115547,-44.715140373,-24.536968435
3141.972624704,531.716001430,-44.448852732,-24.541415771
3142.972617255,532.679887312,-44.182565092,-24.545863108
3143.972609806,533.643773195,-43.916277451,-24.550310444
3144.972602358,534.607659078,-43.649989810,-24.554757781
3145.972594909,535.571544961,-43.383702169,-24.559205117
3146.972587460,536.535430844,-43.117414529,-24.563652454
3147.972580012,537.499316726,-42.851126888,-24.568099790
3148.972572563,538.463202609,-42.584839247,-24.572547126
3149.972565114,539.427088492,-42.318551607,-24.576994463
3150.972557474,540.391163196,-42.052949112,-24.581717239
3151.972550025,541.355380917,-41.787865560,-24.586648648
3152.972542577,542.319598702,-41.522782241,-24.591580219
3153.972535128,543.283816486,-41.257698922,-24.596511789
3154.972527679,544.248034271,-40.992615603,-24.601443360
3155.972520231,545.212252056,-40.727532284,-24.606374930
3156.972512782,546.176469841,-40.462448965,-24.611306501
3157.972505333,547.140687626,-40.197365646,-24.616238072
3158.972497884,548.104905411,-39.932282327,-24.621169642
3159.972490420,549.069135854,-39.667245116,-24.626130828
3160.972482971,550.033537204,-39.402830406,-24.631491839
3161.972475523,550.997938554,-39.138415695,-24.636852850
3162.972468074,551.962339904,-38.874000984,-24.642213862
3163.972460625,552.926741253,-38.609586274,-24.647574873
3164.972453177,553.891142603,-38.345171563,-24.652935884
3165.972445728,554.855543953,-38.080756853,-24.658296895
3166.972438279,555.819945303,-37.816342142,-24.663657907
3167.972430830,556.784346652,-37.551927431,-24.669018918
3168.972423382,557.748748002,-37.287512721,-24.674379929
3169.972415931,558.713167935,-37.023165804,-24.679952926
3170.972408482,559.677601950,-36.758870262,-24.685686569
3171.972401034,560.642035965,-36.494574721,-24.691420211
3172.972393585,561.606469980,-36.230279179,-24.697153854
3173.972386136,562.570903995,-35.965983637,-24.702887496
3174.972378688,563.535338010,-35.701688096,-24.708621139
3175.972371239,564.499772025,-35.437392554,-24.714354781
3176.972363790,565.464206040,-35.173097012,-24.720088424
3177.972356341,566.428640055,-34.908801471,-24.725822066
3178.972348762,567.393037166,-34.644371797,-24.731576427
3179.972341313,568.356934945,-34.378127222,-24.737611116
3180.972333864,569.320832725,-34.111882647,-24.743645805
3181.972326416,570.284730504,-33.845638071,-24.749680494
3182.972318967,571.248628283,-33.579393496,-24.755715184
3183.972311518,572.212526062,-33.313148921,-24.761749873
3184.972304069,573.176423841,-33.046904345,-24.767784562
3185.972296621,574.140321621,-32.780659770,-24.773819251
3186.972289172,575.104219400,-32.514415195,-24.779853940
3187.972281723,576.068117179,-32.248170619,-24.785888630
3188.972274229,577.032107035,-31.982259791,-24.792036054
3189.972266780,577.996166709,-31.716602028,-24.798268960
3190.972259332,578.960226384,-31.450944265,-24.804501867
3191.972251883,579.924286058,-31.185286502,-24.810734773
3192.972244434,580.888345732,-30.919628739,-24.816967679
3193.972236985,581.852405407,-30.653970977,-24.823200586
3194.972229537,582.816465081,-30.388313214,-24.829433492
3195.972222088,583.780524755,-30.122655451,-24.835666399
3196.972213247,584.744703380,-29.857434978,-24.841904828
3197.972205798,585.710494561,-29.598142679,-24.848218123
3198.972198350,586.676285742,-29.338850379,-24.854531419
3199.972190901,587.642076924,-29.079558080,-24.860844715
3200.972183452,588.607868105,-28.820265780,-24.867158010
3201.972168655,589.574784203,-28.565229183,-24.873479361
3202.972161206,590.542553536,-28.313420485,-24.879806821
3203.972153758,591.510322869,-28.061611786,-24.886134281
3204.972146309,592.478092202,-27.809803088,-24.892461742
3205.972130142,593.447049243,-27.562639337,-24.898783523
3206.972122693,594.416907237,-27.318999083,-24.905100998
3207.972115244,595.386765231,-27.075358829,-24.911418472
3208.972107796,596.356623226,-26.831718575,-24.917735946
3209.972090551,597.327697320,-26.593012446,-24.924028309
3210.972083103,598.299693966,-26.358049423,-24.930301621
3211.972075654,599.271690612,-26.123086399,-24.936574933
3212.972068205,600.243687258,-25.888123376,-24.942848245
3213.972058789,601.215808354,-25.653684168,-24.949115701
3214.972051340,602.189618776,-25.426355407,-24.955303663
3215.972043892,603.163429197,-25.199026646,-24.961491626
3216.972036443,604.137239619,-24.971697884,-24.967679588
3217.972028994,605.111050040,-24.744369123,-24.973867551
3218.972020051,606.084965545,-24.517497566,-24.980046323
3219.972012602,607.060308161,-24.296835190,-24.986100287
3220.972005154,608.035650777,-24.076172814,-24.992154250
3221.971997705,609.010993393,-23.855510439,-24.998208213
3222.971990256,609.986336009,-23.634848063,-25.004262176
3223.971981014,610.961790136,-23.414687300,-25.010304212
3224.971973565,611.938759382,-23.201342053,-25.016184188
3225.971966116,612.915728628,-22.987996807,-25.022064163
3226.971958667,613.892697875,-22.774651560,-25.027944138
3227.971951219,614.869667121,-22.561306313,-25.033824114
3228.971935830,615.847594307,-22.352434006,-25.039586595
3229.971928381,616.826248483,-22.146956251,-25.045259909
3230.971920933,617.804902658,-21.941478497,-25.050933222
3231.971913484,618.783556834,-21.736000742,-25.056606536
3232.971904044,619.762320120,-21.531053065,-25.062261532
3233.971896595,620.742566715,-21.333311529,-25.067667498
3234.971889147,621.722813310,-21.135569993,-25.073073465
3235.971881698,622.703059906,-20.937828458,-25.078479431
3236.971874249,623.683306501,-20.740086922,-25.083885398
3237.971864777,624.663658830,-20.542880515,-25.089269647
3238.971857328,625.645449253,-20.352952454,-25.094358512
3239.971849880,626.627239675,-20.163024393,-25.099447378
3240.971842431,627.609030098,-19.973096332,-25.104536244
3241.971834982,628.590820521,-19.783168271,-25.109625109
3242.971817600,629.573559954,-19.598267099,-25.114528436
3243.971810152,630.557019796,-19.417181918,-25.119290917
3244.971802703,631.540479637,-19.236096738,-25.124053397
3245.971795254,632.523939479,-19.055011558,-25.128815878
3246.971776893,633.508345369,-18.879203931,-25.133382243
3247.971769444,634.493469468,-18.707402845,-25.137799723
3248.971761996,635.478593566,-18.535601758,-25.142217204
3249.971754547,636.463717664,-18.363800672,-25.146634684
3250.971736675,637.449718206,-18.197165780,-25.150852081
3251.971729226,638.436385863,-18.034463481,-25.154910996
3252.971721777,639.423053520,-17.871761182,-25.158969911
3253.971711848,640.409816757,-17.709654876,-25.163003877
3254.971704400,641.397881424,-17.555663589,-25.166698153
3255.971696951,642.385946091,-17.401672303,-25.170392429
3256.971689502,643.374010758,-17.247681017,-25.174086705
3257.971672436,644.362828456,-17.098666151,-25.177556860
3258.971664987,645.352217926,-16.953429865,-25.180856840
3259.971657539,646.341607396,-16.808193578,-25.184156821
3260.971647536,647.331083086,-16.663563520,-25.187425514
3261.971640087,648.321733297,-16.527191739,-25.190268000
3262.971632639,649.312383507,-16.390819957,-25.193110487
3263.971625190,650.303033718,-16.254448176,-25.195952974
3264.971615531,651.293759245,-16.118640909,-25.198757459
3265.971608083,652.285511056,-15.990525931,-25.201044113
3266.971600634,653.277262867,-15.862410954,-25.203330768
3267.971593185,654.269014679,-15.734295977,-25.205617422
3268.971585736,655.260766490,-15.606181000,-25.207904077
3269.971570661,656.253074905,-15.482512654,-25.209828256
3270.971563213,657.245806056,-15.362221490,-25.211477138
3271.971555764,658.238537207,-15.241930326,-25.213126019
3272.971548315,659.231268358,-15.121639161,-25.214774901
3273.971538965,660.224061010,-15.001872516,-25.216376714
3274.971531516,661.217692278,-14.889258101,-25.217336710
3275.971524068,662.211323546,-14.776643685,-25.218296706
3276.971516619,663.204954813,-14.664029269,-25.219256702
3277.971509170,664.198586081,-14.551414853,-25.220216698
3278.971494346,665.192696616,-14.443180865,-25.220780301
3279.971486898,666.187171208,-14.338274289,-25.221042799
3280.971479449,667.181645799,-14.233367712,-25.221305297
3281.971472000,668.176120390,-14.128461136,-25.221567795
3282.971455152,669.171095180,-14.028503787,-25.221435341
3283.971447703,670.166449970,-13.932306361,-25.221002843
3284.971440255,671.161804760,-13.836108936,-25.220570344
3285.971432806,672.157159550,-13.739911511,-25.220137845
3286.971415680,673.152977564,-13.648740069,-25.219256577
3287.971408231,674.149147507,-13.561387064,-25.218034360
3288.971400782,675.145317449,-13.474034059,-25.216812143
3289.971393334,676.141487392,-13.386681054,-25.215589926
3290.971384043,677.137700738,-13.299845642,-25.214303709
3291.971376595,678.134506652,-13.220076772,-25.212143724
3292.971369146,679.131312566,-13.140307902,-25.209983740
3293.971361697,680.128118480,-13.060539032,-25.207823755
3294.971354248,681.124924394,-12.980770163,-25.205663770
3295.971345213,682.121767054,-12.901481826,-25.203428380
3296.971337765,683.119111681,-12.828757697,-25.200162941
3297.971330316,684.116456307,-12.756033568,-25.196897503
3298.971322867,685.113800933,-12.683309439,-25.193632064
3299.971315418,686.111145560,-12.610585310,-25.190366625
3300.971307970,687.108490186,-12.537861181,-25.187101186
3301.971296720,688.106056042,-12.468292062,-25.183034466
3302.971289271,689.103790032,-12.401120719,-25.178358780
3303.971281822,690.101524021,-12.333949376,-25.173683095
3304.971274374,691.099258010,-12.266778033,-25.169007409
3305.971266925,692.096991999,-12.199606690,-25.164331723
3306.971259476,693.094725989,-12.132435347,-25.159656038
3307.971252027,694.092459978,-12.065264004,-25.154980352
3308.971241915,695.090365633,-12.000734326,-25.149165363
3309.971234467,696.088401775,-11.938212637,-25.142484365
3310.971227018,697.086437917,-11.875690949,-25.135803366
3311.971219569,698.084474059,-11.813169260,-25.129122368
3312.971212120,699.082510202,-11.750647571,-25.122441369
3313.971204672,700.080546344,-11.688125882,-25.115760371
3314.971197223,701.078582486,-11.625604193,-25.109079372
3315.971189774,702.076618628,-11.563082504,-25.102398374
3316.971182326,703.074654770,-11.500560815,-25.095717375
3317.971174827,704.072696185,-11.438124141,-25.088868077
3318.971167378,705.070809786,-11.376851466,-25.079714455
3319.971159930,706.068923388,-11.315578790,-25.070560834
3320.971152481,707.067036990,-11.254306115,-25.061407212
3321.971145032,708.065150591,-11.193033440,-25.052253591
3322.971137584,709.063264193,-11.131760764,-25.043099969
3323.971130135,710.061377795,-11.070488089,-25.033946347
3324.971122686,711.059491396,-11.009215414,-25.024792726
3325.971115237,712.057604998,-10.947942739,-25.015639104
3326.971107789,713.055718600,-10.886670063,-25.006485483
3327.971100223,714.053865916,-10.825951002,-24.995853277
3328.971092774,715.052038873,-10.765652999,-24.984096515
3329.971085326,716.050211831,-10.705354996,-24.972339753
3330.971077877,717.048384789,-10.645056993,-24.960582991
3331.971070428,718.046557747,-10.584758990,-24.948826230
3332.971062979,719.044730704,-10.524460987,-24.937069468
3333.971055531,720.042903662,-10.464162985,-24.925312706
3334.971048082,721.041076620,-10.403864982,-24.913555944
3335.971040633,722.039249577,-10.343566979,-24.901799183
3336.971033166,723.037419361,-10.283216762,-24.889861285
3337.971025717,724.035545593,-10.222150186,-24.875438234
3338.971018268,725.033671825,-10.161083609,-24.861015183
3339.971010820,726.031798058,-10.100017033,-24.846592131
3340.971003371,727.029924290,-10.038950456,-24.832169080
3341.970995922,728.028050523,-9.977883879,-24.817746029
3342.970988473,729.026176755,-9.916817303,-24.803322978
3343.970981025,730.024302988,-9.855750726,-24.788899926
3344.970973576,731.022429220,-9.794684150,-24.774476875
3345.970966127,732.020555452,-9.733617573,-24.760053824
3346.970958665,733.018693220,-9.672740059,-24.744122959
3347.970951216,734.016839766,-9.612006417,-24.727044675
3348.970943767,735.014986312,-9.551272775,-24.709966391
3349.970936319,736.013132874,-9.490539387,-24.692887833
3350.970928870,737.011279559,-9.429808034,-24.675807077
3351.970921421,738.009426244,-9.369076680,-24.658726321
3352.970913973,739.007572930,-9.308345327,-24.641645564
3353.970906524,740.005719615,-9.247613973,-24.624564808
3354.970899075,741.003866300,-9.186882620,-24.607484051
3355.970891601,742.002016666,-9.126212216,-24.590228612
3356.970884152,743.000217654,-9.066380026,-24.570570864
3357.970876703,743.998418642,-9.006547836,-24.550913116
3358.970869255,744.996619629,-8.946715646,-24.531255368
3359.970861806,745.994820617,-8.886883455,-24.511597619
3360.970854357,746.993021604,-8.827051265,-24.491939871
3361.970846908,747.991222592,-8.767219075,-24.472282123
3362.970839460,748.989423579,-8.707386885,-24.452624375
3363.970832011,749.987624567,-8.647554695,-24.432966627
3364.970824562,750.985825555,-8.587722504,-24.413308878
3365.970817059,751.984049100,-8.528268764,-24.392266513
3366.970809610,752.982289821,-8.469103193,-24.370169832
3367.970802161,753.980530542,-8.409937622,-24.348073152
3368.970794713,754.978771264,-8.350772051,-24.325976471
3369.970787264,755.977011985,-8.291606480,-24.303879791
3370.970779815,756.975252707,-8.232440909,-24.281783111
3371.970772366,757.973493428,-8.173275338,-24.259686430
3372.970764918,758.971734149,-8.114109768,-24.237589750
3373.970757469,759.969974871,-8.054944197,-24.215493070
3374.970750002,760.968212499,-7.995726774,-24.193244010
3375.970742553,761.966407493,-7.935794677,-24.168894705
3376.970735104,762.964602487,-7.875862580,-24.144545400
3377.970727656,763.962797481,-7.815930483,-24.120196095
3378.970720207,764.960992476,-7.755998386,-24.095846790
3379.970712758,765.959187470,-7.696066288,-24.071497485
3380.970705309,766.957382464,-7.636134191,-24.047148180
3381.970697861,767.955577458,-7.576202094,-24.022798875
3382.970690412,768.953772452,-7.516269997,-23.998449570
3383.970682963,769.951967446,-7.456337900,-23.974100265
3384.970675501,770.950173661,-7.396593203,-23.948596699
3385.970668052,771.948388424,-7.336991279,-23.922213736
3386.970660604,772.946603187,-7.277389355,-23.895830774
3387.970653155,773.944817950,-7.217787432,-23.869447812
3388.970645706,774.943032713,-7.158185508,-23.843064849
3389.970638257,775.941247477,-7.098583585,-23.816681887
3390.970630809,776.939462240,-7.038981661,-23.790298925
3391.970623360,777.937677003,-6.979379738,-23.763915963
3392.970615911,778.935891766,-6.919777814,-23.737533000
3393.970608460,779.934105391,-6.860156867,-23.711029091
3394.970601011,780.932303288,-6.800273148,-23.682854559
3395.970593563,781.930501186,-6.740389429,-23.654680026
3396.970586114,782.928699083,-6.680505710,-23.626505493
3397.970578665,783.926896981,-6.620621992,-23.598330961
3398.970571216,784.925094879,-6.560738273,-23.570156428
3399.970563768,785.923292776,-6.500854554,-23.541981895
3400.970556319,786.921490674,-6.440970835,-23.513807363
3401.970548870,787.919688572,-6.381087117,-23.485632830
3402.970541422,788.917886469,-6.321203398,-23.457458297
3403.970533762,789.916039390,-6.260578089,-23.428408133
3404.970526314,790.914158026,-6.199387465,-23.398690473
3405.970518865,791.912276661,-6.138196841,-23.368972814
3406.970511416,792.910395296,-6.077006217,-23.339255154
3407.970503968,793.908513931,-6.015815593,-23.309537495
3408.970496519,794.906632567,-5.954624969,-23.279819835
3409.970489070,795.904751202,-5.893434345,-23.250102176
3410.970481621,796.902869837,-5.832243721,-23.220384516
3411.970474173,797.900988473,-5.771053097,-23.190666857
3412.970466691,798.899111289,-5.709931246,-23.160861835
3413.970459242,799.897291988,-5.649761537,-23.129847325
3414.970451794,800.895472688,-5.589591828,-23.098832815
3415.970444345,801.893653387,-5.529422119,-23.067818305
3416.970436896,802.891834087,-5.469252409,-23.036803795
3417.970429448,803.890014786,-5.409082700,-23.005789285
3418.970421999,804.888195485,-5.348912991,-22.974774776
3419.970414550,805.886376185,-5.288743282,-22.943760266
3420.970407101,806.884556884,-5.228573572,-22.912745756
3421.970399653,807.882737584,-5.168403863,-22.881731246
3422.970392144,808.880941983,-5.108629613,-22.850112414
3423.970384695,809.879164458,-5.049157000,-22.818032635
3424.970377247,810.877386934,-4.989684387,-22.785952856
3425.970369798,811.875609410,-4.930211774,-22.753873078
3426.970362349,812.873831885,-4.870739160,-22.721793299
3427.970354901,813.872054361,-4.811266547,-22.689713520
3428.970347452,814.870276837,-4.751793934,-22.657633741
3429.970340003,815.868499312,-4.692321321,-22.625553963
3430.970332554,816.866721788,-4.632848708,-22.593474184
3431.970325068,817.864948599,-4.573449543,-22.561337297
3432.970317619,818.863235565,-4.515069436,-22.528408075
3433.970310171,819.861522530,-4.456689328,-22.495478852
3434.970302722,820.859809496,-4.398309220,-22.462549630
3435.970295273,821.858096461,-4.339929113,-22.429620408
3436.970287824,822.856383427,-4.281549005,-22.396691185
3437.970280376,823.854670393,-4.223168897,-22.363761963
3438.970272927,824.852957358,-4.164788790,-22.330832740
3439.970265478,825.851244324,-4.106408682,-22.297903518
3440.970258030,826.849531289,-4.048028574,-22.264974296
3441.970250477,827.847787542,-3.989127394,-22.231682474
3442.970243028,828.846020345,-3.929828370,-22.198113562
3443.970235579,829.844253065,-3.870527959,-22.164541709
3444.970228131,830.842485785,-3.811227547,-22.130969856
3445.970220682,831.840718505,-3.751927136,-22.097398003
3446.970213233,832.838951226,-3.692626725,-22.063826150
3447.970205785,833.837183946,-3.633326313,-22.030254297
3448.970198336,834.835416666,-3.574025902,-21.996682445
3449.970190887,835.833649386,-3.514725491,-21.963110592
3450.970183406,836.831878042,-3.455357234,-21.929508548
3451.970175958,837.830050175,-3.395045581,-21.895486692
3452.970168509,838.828222308,-3.334733928,-21.861464837
3453.970161060,839.826394441,-3.274422276,-21.827442981
3454.970153611,840.824566574,-3.214110623,-21.793421126
3455.970146163,841.822738707,-3.153798971,-21.759399270
3456.970138714,842.820910840,-3.093487318,-21.725377415
3457.970131265,843.819082973,-3.033175665,-21.691355559
3458.970123817,844.817255106,-2.972864013,-21.657333704
3459.970116368,845.815427239,-2.912552360,-21.623311848
3460.970108773,846.813561788,-2.851624259,-21.589137796
3461.970101325,847.811667638,-2.790225439,-21.554847526
3462.970093876,848.809773488,-2.728826618,-21.520557256
3463.970086427,849.807879338,-2.667427797,-21.486266986
3464.970078979,850.805985187,-2.606028976,-21.451976716
3465.970071530,851.804091037,-2.544630155,-21.417686446
3466.970064081,852.802196887,-2.483231334,-21.383396176
3467.970056632,853.800302737,-2.421832514,-21.349105906
3468.970049184,854.798408587,-2.360433693,-21.314815636
3469.970041718,855.796517441,-2.299084005,-21.280518528
3470.970034269,856.794668164,-2.238419054,-21.246126134
3471.970026821,857.792818887,-2.177754104,-21.211733740
3472.970019372,858.790969611,-2.117089153,-21.177341347
3473.970011923,859.789120334,-2.056424203,-21.142948953
3474.970004474,860.787271057,-1.995759252,-21.108556559
3475.969997026,861.785421780,-1.935094302,-21.074164165
3476.969989577,862.783572504,-1.874429351,-21.039771771
3477.969982128,863.781723227,-1.813764400,-21.005379377
3478.969974680,864.779873950,-1.753099450,-20.970986983
3479.969965273,865.778157485,-1.694694208,-20.936627426
3480.969957825,866.776542491,-1.638015442,-20.902292958
3481.969950376,867.774927497,-1.581336676,-20.867958489
3482.969942927,868.773312503,-1.524657911,-20.833624021
3483.969935479,869.771697509,-1.467979145,-20.799289552
3484.969928030,870.770082515,-1.411300380,-20.764955084
3485.969920581,871.768467521,-1.354621614,-20.730620615
3486.969913132,872.766852527,-1.297942848,-20.696286147
3487.969905684,873.765237533,-1.241264083,-20.661951678
3488.969897987,874.763611603,-1.184397361,-20.627627640
3489.969890539,875.761832922,-1.124905342,-20.593449277
3490.969883090,876.760054241,-1.065413323,-20.559270914
3491.969875641,877.758275560,-1.005921304,-20.525092551
3492.969868193,878.756496880,-0.946429285,-20.490914188
3493.969860744,879.754718199,-0.886937266,-20.456735825
3494.969853295,880.752939518,-0.827445247,-20.422557462
3495.969845415,881.751145595,-0.767705241,-20.388395381
3496.969837966,882.749138622,-0.704499063,-20.354460882
3497.969830518,883.747131649,-0.641292884,-20.320526382
3498.969823069,884.745124675,-0.578086705,-20.286591882
3499.969815620,885.743117702,-0.514880527,-20.252657383
3500.969808171,886.741110729,-0.451674348,-20.218722883
3501.969800723,887.739103756,-0.388468170,-20.184788383
3502.969793274,888.737096783,-0.325261991,-20.150853884
3503.969785825,889.735089810,-0.262055813,-20.116919384
3504.969778377,890.733082836,-0.198849634,-20.082984884
3505.969769856,891.731179234,-0.137314774,-20.049249035
3506.969762407,892.729354670,-0.077057799,-20.015665073
3507.969754958,893.727530105,-0.016800823,-19.982081111
3508.969747510,894.725705540,0.043456152,-19.948497150
3509.969740061,895.723880975,0.103713128,-19.914913188
3510.969732612,896.722056411,0.163970103,-19.881329226
3511.969725163,897.720231846,0.224227078,-19.847745264
3512.969717715,898.718407281,0.284484054,-19.814161303
3513.969710266,899.716582716,0.344741029,-19.780577341
3514.969702407,900.714772294,0.404756432,-19.747018979
3515.969694958,901.713159985,0.461387897,-19.713819221
3516.969687510,902.711547675,0.518019362,-19.680619462
3517.969680061,903.709935365,0.574650827,-19.647419704
3518.969672612,904.708323055,0.631282292,-19.614219945
3519.969665164,905.706710745,0.687913758,-19.581020187
3520.969657715,906.705098435,0.744545223,-19.547820429
3521.969650266,907.703486125,0.801176688,-19.514620670
3522.969642817,908.701873815,0.857808153,-19.481420912
3523.969635369,909.700261506,0.914439618,-19.448221153
3524.969627477,910.698709135,0.969996314,-19.415227147
3525.969620028,911.697202621,1.024730778,-19.382390547
3526.969612579,912.695696107,1.079465242,-19.349553947
3527.969605131,913.694189593,1.134199706,-19.316717348
3528.969597682,914.692683078,1.188934170,-19.283880748
3529.969590233,915.691176564,1.243668634,-19.251044148
3530.969582784,916.689670050,1.298403099,-19.218207548
3531.969575336,917.688163536,1.353137563,-19.185370949
3532.969567887,918.686657021,1.407872027,-19.152534349
3533.969560284,919.685142233,1.462754410,-19.119715013
3534.969552835,920.683511286,1.519713488,-19.087138046
3535.969545387,921.681880339,1.576672565,-19.054561080
3536.969537938,922.680249392,1.633631643,-19.021984113
3537.969530489,923.678618445,1.690590721,-18.989407147
3538.969523041,924.676987499,1.747549798,-18.956830181
3539.969515592,925.675356552,1.804508876,-18.924253214
3540.969507404,926.673706330,1.861791886,-18.891686989
3541.969499955,927.671785339,1.923625492,-18.859271651
3542.969492506,928.669864348,1.985459098,-18.826856314
3543.969485057,929.667943356,2.047292704,-18.794440977
3544.969477609,930.666022365,2.109126310,-18.762025639
3545.969470160,931.664101374,2.170959916,-18.729610302
3546.969462711,932.662180383,2.232793522,-18.697194965
3547.969455262,933.660259392,2.294627128,-18.664779627
3548.969447814,934.658338400,2.356460734,-18.632364290
3549.969440245,935.656409191,2.418424906,-18.599952154
3550.969432796,936.654364422,2.482225066,-18.567585042
3551.969425347,937.652319652,2.546025225,-18.535217930
3552.969417899,938.650274883,2.609825385,-18.502850817
3553.969410450,939.648230113,2.673625545,-18.470483705
3554.969403001,940.646185344,2.737425704,-18.438116593
3555.969395552,941.644140575,2.801225864,-18.405749481
3556.969388104,942.642095805,2.865026023,-18.373382368
3557.969380655,943.640051036,2.928826183,-18.341015256
3558.969373206,944.638006266,2.992626343,-18.308648144
3559.969365419,945.635900765,3.057364251,-18.276206508
3560.969357971,946.633748755,3.122820278,-18.243707803
3561.969350522,947.631596744,3.188276306,-18.211209097
3562.969343073,948.629444734,3.253732333,-18.178710392
3563.969335624,949.627292724,3.319188361,-18.146211687
3564.969328176,950.625140714,3.384644388,-18.113712981
3565.969320727,951.622988704,3.450100416,-18.081214276
3566.969313278,952.620836694,3.515556443,-18.048715571
3567.969305830,953.618684684,3.581012471,-18.016216865
3568.969298311,954.616539096,3.646369459,-17.983697518
3569.969290863,955.614484028,3.710330508,-17.950887226
3570.969283414,956.612428960,3.774291556,-17.918076933
3571.969275965,957.610373892,3.838252604,-17.885266641
3572.969268517,958.608318824,3.902213652,-17.852456348
3573.969261068,959.606263755,3.966174701,-17.819646056
3574.969253619,960.604208687,4.030135749,-17.786835764
3575.969246170,961.602153619,4.094096797,-17.754025471
3576.969238722,962.600098551,4.158057846,-17.721215179
3577.969231273,963.598043483,4.222018894,-17.688404886
3578.969223776,964.595965718,4.286332343,-17.655333546
3579.969216328,965.593870562,4.350915811,-17.622062184
3580.969208879,966.591775406,4.415499278,-17.588790822
3581.969201430,967.589680251,4.480082746,-17.555519460
3582.969193982,968.587585095,4.544666213,-17.522248099
3583.969186533,969.585489939,4.609249681,-17.488976737
3584.969179084,970.583394784,4.673833148,-17.455705375
3585.969171635,971.581299628,4.738416616,-17.422434014
3586.969164187,972.579204472,4.803000083,-17.389162652
3587.969156175,973.577090487,4.867865168,-17.355854327
3588.969148727,974.574710516,4.936708333,-17.322025927
3589.969141278,975.572330540,5.005551552,-17.288197814
3590.969133829,976.569950565,5.074394771,-17.254369700
3591.969126381,977.567570590,5.143237990,-17.220541587
3592.969118932,978.565190615,5.212081209,-17.186713474
3593.969111483,979.562810639,5.280924427,-17.152885360
3594.969104034,980.560430664,5.349767646,-17.119057247
3595.969096586,981.558050689,5.418610865,-17.085229134
3596.969089137,982.555670714,5.487454084,-17.051401020
3597.969081678,983.553279628,5.556457975,-17.017248736
3598.969074230,984.550880024,5.625585045,-16.982847929
3599.969066781,985.548480421,5.694712114,-16.948447121
3600.969059332,986.546080817,5.763839184,-16.914046313
3601.969051883,987.543681214,5.832966253,-16.879645506
3602.969044435,988.541281610,5.902093322,-16.845244698
3603.969036986,989.538882006,5.971220392,-16.810843891
3604.969029537,990.536482403,6.040347461,-16.776443083
3605.969022088,991.534082799,6.109474531,-16.742042275
3606.969014635,992.531685026,6.178575104,-16.707607230
3607.969007186,993.529313169,6.247300583,-16.672687496
3608.968999737,994.526941312,6.316026062,-16.637767761
3609.968992289,995.524569454,6.384751540,-16.602848026
3610.968984840,996.522197597,6.453477019,-16.567928291
3611.968977391,997.519825740,6.522202497,-16.533008557
3612.968969942,998.517453883,6.590927976,-16.498088822
3613.968962494,999.515082025,6.659653455,-16.463169087
3614.968955045,1000.512710168,6.728378933,-16.428249352
3615.968947596,1001.510338311,6.797104412,-16.393329618
3616.968940138,1002.507955488,6.865988748,-16.358182316
3617.968932689,1003.505564253,6.934994941,-16.322860451
3618.968925240,1004.503173018,7.004001134,-16.287538586
3619.968917792,1005.500781783,7.073007327,-16.252216721
3620.968910343,1006.498390547,7.142013520,-16.216894856
3621.968902894,1007.495999312,7.211019713,-16.181572991
3622.968895446,1008.493608077,7.280025906,-16.146251126
3623.968887997,1009.491216842,7.349032099,-16.110929262
3624.968880548,1010.488825607,7.418038292,-16.075607397
3625.968873092,1011.486436610,7.487012023,-16.040270217
3626.968865643,1012.484079358,7.555525162,-16.004715742
3627.968858194,1013.481722105,7.624038302,-15.969161267
3628.968850746,1014.479364853,7.692551441,-15.933606792
3629.968843297,1015.477007601,7.761064581,-15.898052317
3630.968835848,1016.474650349,7.829577720,-15.862497842
3631.968828400,1017.472293097,7.898090860,-15.826943367
3632.968820951,1018.469935845,7.966603999,-15.791388892
3633.968813502,1019.467578593,8.035117139,-15.755834418
3634.968806053,1020.465221340,8.103630278,-15.720279943
3635.968798442,1021.462908314,8.171493962,-15.684703731
3636.968790993,1022.460629242,8.238859039,-15.649110909
3637.968783545,1023.458350250,8.306222912,-15.613518673
3638.968776096,1024.456071259,8.373586785,-15.577926437
3639.968768647,1025.453792268,8.440950659,-15.542334202
3640.968761198,1026.451513276,8.508314532,-15.506741966
3641.968753750,1027.449234285,8.575678405,-15.471149730
3642.968746301,1028.446955294,8.643042279,-15.435557494
3643.968738852,1029.444676303,8.710406152,-15.399965258
3644.968731257,1030.442387473,8.777913407,-15.364383522
3645.968723808,1031.439958715,8.847459937,-15.328951124
3646.968716359,1032.437529957,8.917006467,-15.293518726
3647.968708911,1033.435101199,8.986552997,-15.258086328
3648.968701462,1034.432672441,9.056099527,-15.222653930
3649.968694013,1035.430243683,9.125646057,-15.187221532
3650.968686564,1036.427814925,9.195192587,-15.151789134
3651.968679116,1037.425386166,9.264739118,-15.116356736
3652.968671667,1038.422957408,9.334285648,-15.080924338
3653.968664218,1039.420528650,9.403832178,-15.045491940
3654.968656616,1040.418143481,9.472748394,-15.010257238
3655.968649167,1041.415791787,9.541180565,-14.975174357
3656.968641719,1042.413440092,9.609612735,-14.940091476
3657.968634270,1043.411088397,9.678044905,-14.905008595
3658.968626821,1044.408736702,9.746477076,-14.869925714
3659.968619373,1045.406385007,9.814909246,-14.834842833
3660.968611924,1046.404033312,9.883341417,-14.799759952
3661.968604475,1047.401681617,9.951773587,-14.764677071
3662.968597026,1048.399329922,10.020205757,-14.729594190
3663.968589563,1049.396975059,10.088683875,-14.694546432
3664.968582114,1050.394575039,10.157816962,-14.659999349
3665.968574665,1051.392175018,10.226950049,-14.625452266
3666.968567216,1052.389774998,10.296083135,-14.590905184
3667.968559768,1053.387375034,10.365215395,-14.556356940
3668.968552319,1054.384975097,10.434347284,-14.521808177
3669.968544870,1055.382575159,10.503479173,-14.487259413
3670.968537422,1056.380175222,10.572611061,-14.452710649
3671.968529973,1057.377775284,10.641742950,-14.418161885
3672.968522524,1058.375375347,10.710874839,-14.383613121
3673.968515002,1059.373005418,10.779571248,-14.349477186
3674.968507553,1060.370658549,10.847933034,-14.315658469
3675.968500105,1061.368311679,10.916294821,-14.281839751
3676.968492656,1062.365964810,10.984656608,-14.248021034
3677.968485207,1063.363617940,11.053018395,-14.214202316
3678.968477759,1064.361271070,11.121380182,-14.180383598
3679.968470310,1065.358924201,11.189741969,-14.146564881
3680.968462861,1066.356577331,11.258103756,-14.112746163
3681.968455412,1067.354230462,11.326465543,-14.078927446
3682.968447953,1068.351886267,11.394788129,-14.045168294
3683.968440504,1069.349580277,11.462550689,-14.012260107
3684.968433055,1070.347274287,11.530313249,-13.979351921
3685.968425607,1071.344968297,11.598075809,-13.946443734
3686.968418158,1072.342662308,11.665838369,-13.913535547
3687.968410709,1073.340356318,11.733600929,-13.880627360
3688.968403260,1074.338050328,11.801363489,-13.847719173
3689.968395812,1075.335744338,11.869126049,-13.814810987
3690.968388363,1076.333438348,11.936888609,-13.781902800
3691.968380914,1077.331132359,12.004651169,-13.748994613
3692.968373277,1078.328778546,12.073111455,-13.716690461
3693.968365829,1079.326387968,12.142108158,-13.684850697
3694.968358380,1080.323997389,12.211104862,-13.653010934
3695.968350931,1081.321606810,12.280101566,-13.621171170
3696.968343483,1082.319216232,12.349098269,-13.589331406
3697.968336034,1083.316825653,12.418094973,-13.557491643
3698.968328585,1084.314435074,12.487091677,-13.525651879
3699.968321136,1085.312044496,12.556088381,-13.493812115
3700.968313688,1086.309653917,12.625085084,-13.461972352
3701.968306228,1087.307260655,12.694120423,-13.430210994
3702.968298779,1088.304828967,12.763708960,-13.399572276
3703.968291331,1089.302397280,12.833297496,-13.368933558
3704.968283882,1090.299965592,12.902886033,-13.338294841
3705.968276433,1091.297533905,12.972474569,-13.307656123
3706.968268985,1092.295102217,13.042063106,-13.277017405
3707.968261536,1093.292670530,13.111651642,-13.246378688
3708.968254087,1094.290238843,13.181240179,-13.215739970
3709.968246638,1095.287807155,13.250828715,-13.185101252
3710.968239190,1096.285375468,13.320417252,-13.154462535
3711.968231737,1097.282936766,13.390106203,-13.124569292
3712.968224288,1098.280492670,13.459872399,-13.095249508
3713.968216840,1099.278048573,13.529638596,-13.065929725
3714.968209391,1100.275604477,13.599404792,-13.036609941
3715.968201942,1101.273160380,13.669170988,-13.007290158
3716.968194494,1102.270716284,13.738937184,-12.977970374
3717.968187045,1103.268272187,13.808703380,-12.948650590
3718.968179596,1104.265828090,13.878469577,-12.919330807
3719.968172147,1105.263383994,13.948235773,-12.890011023
3720.968164646,1106.260945797,14.017916808,-12.860783281
3721.968157198,1107.258592273,14.086375641,-12.832876485
3722.968149749,1108.256238749,14.154834474,-12.804969689
3723.968142300,1109.253885139,14.223294555,-12.777061880
3724.968134851,1110.251531450,14.291755789,-12.749153134
3725.968127403,1111.249177761,14.360217023,-12.721244388
3726.968119954,1112.246824072,14.428678257,-12.693335642
3727.968112505,1113.244470384,14.497139491,-12.665426896
3728.968105057,1114.242116695,14.565600725,-12.637518150
3729.968097608,1115.239763006,14.634061959,-12.609609404
3730.968090142,1116.237394786,14.702734363,-12.582534932
3731.968082693,1117.235015382,14.771569301,-12.556102588
3732.968075244,1118.232635969,14.840404375,-12.529669925
3733.968067796,1119.230256479,14.909240566,-12.503234617
3734.968060347,1120.227876988,14.978076757,-12.476799309
3735.968052898,1121.225497498,15.046912948,-12.450364001
3736.968045450,1122.223118008,15.115749139,-12.423928692
3737.968038001,1123.220738518,15.184585330,-12.397493384
3738.968030552,1124.218359027,15.253421522,-12.371058076
3739.968023101,1125.215978154,15.322277711,-12.344720527
3740.968015652,1126.213577387,15.391421565,-12.319789145
3741.968008203,1127.211176621,15.460565418,-12.294857762
3742.968000754,1128.208775854,15.529709271,-12.269926380
3743.967993306,1129.206375087,15.598853124,-12.244994998
3744.967985857,1130.203974320,15.667996978,-12.220063616
3745.967978408,1131.201573554,15.737140831,-12.195132234
3746.967970959,1132.199172787,15.806284684,-12.170200852
3747.967963511,1133.196772020,15.875428537,-12.145269470
3748.967956062,1134.194371253,15.944572391,-12.120338088
3749.967948610,1135.191964056,16.013808908,-12.096261810
3750.967941161,1136.189551907,16.083116790,-12.072844081
3751.967933713,1137.187139758,16.152424672,-12.049426351
3752.967926264,1138.184727609,16.221732553,-12.026008622
3753.967918815,1139.182315460,16.291040435,-12.002590893
3754.967911366,1140.179903310,16.360348317,-11.979173164
3755.967903918,1141.177491161,16.429656199,-11.955755435
3756.967896469,1142.175079012,16.498964080,-11.932337706
3757.967889020,1143.172666863,16.568271962,-11.908919977
3758.967881522,1144.170260379,16.637497548,-11.885599536
3759.967874074,1145.167935572,16.705536596,-11.863681793
3760.967866625,1146.165610765,16.773575645,-11.841764050
3761.967859176,1147.163285957,16.841614693,-11.819846307
3762.967851728,1148.160961150,16.909653742,-11.797928564
3763.967844279,1149.158636343,16.977692791,-11.776010821
3764.967836830,1150.156311536,17.045731839,-11.754093078
3765.967829381,1151.153986729,17.113770888,-11.732175335
3766.967821933,1152.151661922,17.181809936,-11.710257592
3767.967814484,1153.149337115,17.249848985,-11.688339849
3768.967806992,1154.147035006,17.317553734,-11.667257411
3769.967799543,1155.144750389,17.385000888,-11.646818622
3770.967792095,1156.142465771,17.452448041,-11.626379834
3771.967784646,1157.140181153,17.519895194,-11.605941045
3772.967777197,1158.137896536,17.587342347,-11.585502256
3773.967769748,1159.135611918,17.654789501,-11.565063468
3774.967762300,1160.133327300,17.722236654,-11.544624679
3775.967754851,1161.131042683,17.789683807,-11.524185890
3776.967747402,1162.128758065,17.857130960,-11.503747102
3777.967739817,1163.126464019,17.924715415,-11.483402667
3778.967732368,1164.124033721,17.994284022,-11.464421739
3779.967724919,1165.121603424,18.063852628,-11.445440811
3780.967717471,1166.119173127,18.133421235,-11.426459883
3781.967710022,1167.116742829,18.202989842,-11.407478955
3782.967702573,1168.114312532,18.272558449,-11.388498027
3783.967695124,1169.111882235,18.342127055,-11.369517099
3784.967687676,1170.109451937,18.411695662,-11.350536171
3785.967680227,1171.107021640,18.481264269,-11.331555243
3786.967672778,1172.104591342,18.550832875,-11.312574315
3787.967665281,1173.102185524,18.620048881,-11.294408278
3788.967657833,1174.099798578,18.688993038,-11.276870507
3789.967650384,1175.097411632,18.757937195,-11.259332737
3790.967642935,1176.095024686,18.826881352,-11.241794967
3791.967635486,1177.092637741,18.895825509,-11.224257197
3792.967628038,1178.090250795,18.964769665,-11.206719427
3793.967620589,1179.087863849,19.033713822,-11.189181657
3794.967613140,1180.085476903,19.102657979,-11.171643887
3795.967605692,1181.083089957,19.171602136,-11.154106117
3796.967598238,1182.080704794,19.240520421,-11.136659250
3797.967590789,1183.078345449,19.309064031,-11.120528848
3798.967583341,1184.075986104,19.377607641,-11.104398445
3799.967575892,1185.073626759,19.446151251,-11.088268043
3800.967568443,1186.071267413,19.514694861,-11.072137641
3801.967560994,1187.068908068,19.583238471,-11.056007239
3802.967553546,1188.066548723,19.651782081,-11.039876837
3803.967546097,1189.064189378,19.720325691,-11.023746435
3804.967538648,1190.061830033,19.788869302,-11.007616033
3805.967531199,1191.059470687,19.857412912,-10.991485631
3806.967523684,1192.057139769,19.925540534,-10.976105728
3807.967516235,1193.054830779,19.993347252,-10.961304779
3808.967508786,1194.052521789,20.061153970,-10.946503830
3809.967501338,1195.050212799,20.128960689,-10.931702881
3810.967493889,1196.047903809,20.196767407,-10.916901932
3811.967486440,1197.045594819,20.264574126,-10.902100983
3812.967478991,1198.043285829,20.332380844,-10.887300034
3813.967471543,1199.040976839,20.400187563,-10.872499085
3814.967464094,1200.038667849,20.467994281,-10.857698135
3815.967456468,1201.036348088,20.535956692,-10.842974595
3816.967449020,1202.033871982,20.606179090,-10.829374702
3817.967441571,1203.031395875,20.676401488,-10.815774808
3818.967434122,1204.028919768,20.746623886,-10.802174914
3819.967426674,1205.026443661,20.816846283,-10.788575020
3820.967419225,1206.023967554,20.887068681,-10.774975126
3821.967411776,1207.021491447,20.957291079,-10.761375233
3822.967404327,1208.019015341,21.027513477,-10.747775339
3823.967396879,1209.016539234,21.097735875,-10.734175445
3824.967389430,1210.014063127,21.167958273,-10.720575551
3825.967381894,1211.011620196,21.237706553,-10.707546261
3826.967374445,1212.009202872,21.307088877,-10.694957399
3827.967366997,1213.006785548,21.376471202,-10.682368538
3828.967359548,1214.004368224,21.445853527,-10.669779676
3829.967352099,1215.001950900,21.515235852,-10.657190815
3830.967344650,1215.999533555,21.584618486,-10.644602088
3831.967337202,1216.997116030,21.654003697,-10.632014481
3832.967329753,1217.994698505,21.723388908,-10.619426874
3833.967322304,1218.992280981,21.792774119,-10.606839267
3834.967314755,1219.989871495,21.862042208,-10.594301704
3835.967307307,1220.987578979,21.929606101,-10.582492309
3836.967299858,1221.985286462,21.997169993,-10.570682914
3837.967292409,1222.982993946,22.064733886,-10.558873519
3838.967284960,1223.980701430,22.132297779,-10.547064123
3839.967277512,1224.978408913,22.199861672,-10.535254728
3840.967270063,1225.976116397,22.267425565,-10.523445333
3841.967262614,1226.973823881,22.334989458,-10.511635938
3842.967255166,1227.971531364,22.402553351,-10.499826543
3843.967247717,1228.969238848,22.470117243,-10.488017148
3844.967240171,1229.966912208,22.538181737,-10.476506509
3845.967232722,1230.964559214,22.606632839,-10.465226596
3846.967225273,1231.962206221,22.675083940,-10.453946683
3847.967217825,1232.959853227,22.743535041,-10.442666770
3848.967210376,1233.957500233,22.811986143,-10.431386857
3849.967202927,1234.955147240,22.880437244,-10.420106943
3850.967195479,1235.952794246,22.948888345,-10.408827030
3851.967188030,1236.950441253,23.017339447,-10.397547117
3852.967180581,1237.948088259,23.085790548,-10.386267204
3853.967173132,1238.945735358,23.154240300,-10.375007825
3854.967165684,1239.943383807,23.222670372,-10.364047910
3855.967158235,1240.941032256,23.291100445,-10.353087996
3856.967150786,1241.938680705,23.359530517,-10.342128081
3857.967143338,1242.936329154,23.427960589,-10.331168167
3858.967135889,1243.933977603,23.496390661,-10.320208252
3859.967128440,1244.931626052,23.564820733,-10.309248338
3860.967120991,1245.929274501,23.633250806,-10.298288423
3861.967113543,1246.926922950,23.701680878,-10.287328508
3862.967106094,1247.924571399,23.770110950,-10.276368594
3863.967098616,1248.922238732,23.838264711,-10.265519116
3864.967091167,1249.919920659,23.906204953,-10.254754977
3865.967083718,1250.917602585,23.974145195,-10.243990838
3866.967076269,1251.915284511,24.042085437,-10.233226700
3867.967068821,1252.912966438,24.110025678,-10.222462561
3868.967061372,1253.910648364,24.177965920,-10.211698423
3869.967053923,1254.908330291,24.245906162,-10.200934284
3870.967046475,1255.906012217,24.313846404,-10.190170145
3871.967039026,1256.903694143,24.381786646,-10.179406007
3872.967031541,1257.901371278,24.449796688,-10.168653462
3873.967024093,1258.898978374,24.518827008,-10.158070388
3874.967016644,1259.896585470,24.587857328,-10.147487314
3875.967009195,1260.894192565,24.656887648,-10.136904240
3876.967001746,1261.891799661,24.725917968,-10.126321166
3877.966994298,1262.889406757,24.794948288,-10.115738092
3878.966986849,1263.887013853,24.863978608,-10.105155017
3879.966979400,1264.884620948,24.933008928,-10.094571943
3880.966971952,1265.882228044,25.002039249,-10.083988869
3881.966964503,1266.879835140,25.071069569,-10.073405795
3882.966956923,1267.877482095,25.139519501,-10.062959847
3883.966949475,1268.875159870,25.207520687,-10.052619923
3884.966942026,1269.872837644,25.275521872,-10.042279999
3885.966934577,1270.870515418,25.343523058,-10.031940074
3886.966927128,1271.868193193,25.411524244,-10.021600150
3887.966919680,1272.865870967,25.479525430,-10.011260226
3888.966912231,1273.863548741,25.547526615,-10.000920301
3889.966904782,1274.861226516,25.615527801,-9.990580377
3890.966897333,1275.858904290,25.683528987,-9.980240453
3891.966889868,1276.856578828,25.751577387,-9.969920770
3892.966882420,1277.854205956,25.820317600,-9.959897685
3893.966874971,1278.851833084,25.889057813,-9.949874599
3894.966867522,1279.849460211,25.957798026,-9.939851514
3895.966860073,1280.847087339,26.026538239,-9.929828428
3896.966852625,1281.844714466,26.095278453,-9.919805343
3897.966845176,1282.842341594,26.164018666,-9.909782257
3898.966837727,1283.839968722,26.232758879,-9.899759171
3899.966830279,1284.837595849,26.301499092,-9.889736086
3900.966822830,1285.835222977,26.370239305,-9.879713000
3901.966815373,1286.832860133,26.438833692,-9.869889332
3902.966807924,1287.830505049,26.507315264,-9.860219936
3903.966800475,1288.828149964,26.575796836,-9.850550540
3904.966793027,1289.825794879,26.644278408,-9.840881144
3905.966785578,1290.823439794,26.712759980,-9.831211748
3906.966778129,1291.821084710,26.781241552,-9.821542352
3907.966770681,1292.818729625,26.849723124,-9.811872956
3908.966763232,1293.816374540,26.918204696,-9.802203560
3909.966755783,1294.814019455,26.986686268,-9.792534164
3910.966748331,1295.811662904,27.055189153,-9.782886842
3911.966740882,1296.809284811,27.124005089,-9.773563744
3912.966733434,1297.806906718,27.192821024,-9.764240647
3913.966725985,1298.804528625,27.261636960,-9.754917549
3914.966718536,1299.802150533,27.330452896,-9.745594452
3915.966711087,1300.799772440,27.399268831,-9.736271354
3916.966703639,1301.797394347,27.468084767,-9.726948257
3917.966696190,1302.795016254,27.536900703,-9.717625159
3918.966688741,1303.792638161,27.605716638,-9.708302062
3919.966681293,1304.790260068,27.674532574,-9.698978964
3920.966673814,1305.787900905,27.743073100,-9.689835975
3921.966666366,1306.785556395,27.811400445,-9.680832400
3922.966658917,1307.783211885,27.879727790,-9.671828825
3923.966651468,1308.780867375,27.948055135,-9.662825250
3924.966644019,1309.778522865,28.016382479,-9.653821675
3925.966636571,1310.776178355,28.084709824,-9.644818100
3926.966629122,1311.773833763,28.153038369,-9.635813645
3927.966621673,1312.771489109,28.221367816,-9.626808528
3928.966614225,1313.769144455,28.289697264,-9.617803412
3929.966606776,1314.766800008,28.358023684,-9.608816838
3930.966599327,1315.764458611,28.426305550,-9.600103218
3931.966591878,1316.762117215,28.494587416,-9.591389598
3932.966584430,1317.759775819,28.562869282,-9.582675978
3933.966576981,1318.757434422,28.631151149,-9.573962358
3934.966569532,1319.755093026,28.699433015,-9.565248738
3935.966562083,1320.752751629,28.767714881,-9.556535118
3936.966554635,1321.750410233,28.835996747,-9.547821498
3937.966547186,1322.748068837,28.904278613,-9.539107878
3938.966539737,1323.745727440,28.972560479,-9.530394259
3939.966532089,1324.743336606,29.041557990,-9.521831308
3940.966524641,1325.740907482,29.111109765,-9.513385050
3941.966517192,1326.738478359,29.180661540,-9.504938792
3942.966509743,1327.736049235,29.250213315,-9.496492534
3943.966502294,1328.733620111,29.319765090,-9.488046276
3944.966494846,1329.731190987,29.389316865,-9.479600018
3945.966487397,1330.728761864,29.458868640,-9.471153760
3946.966479948,1331.726332740,29.528420414,-9.462707502
3947.966472500,1332.723903616,29.597972189,-9.454261244
3948.966464970,1333.721481674,29.667419733,-9.445830888
3949.966457522,1334.719165678,29.735329456,-9.437635159
3950.966450073,1335.716849682,29.803239178,-9.429439431
3951.966442624,1336.714533686,29.871148901,-9.421243702
3952.966435175,1337.712217690,29.939058624,-9.413047973
3953.966427727,1338.709901694,30.006968346,-9.404852244
3954.966420278,1339.707585699,30.074878069,-9.396656516
3955.966412829,1340.705269703,30.142787792,-9.388460787
3956.966405381,1341.702953707,30.210697514,-9.380265058
3957.966397932,1342.700637711,30.278607237,-9.372069330
3958.966390021,1343.698246508,30.347606267,-9.363999514
3959.966382572,1344.695797027,30.417449423,-9.356027271
3960.966375124,1345.693347545,30.487292579,-9.348055027
3961.966367675,1346.690898063,30.557135735,-9.340082784
3962.966360226,1347.688448581,30.626978891,-9.332110541
3963.966352778,1348.685999099,30.696822047,-9.324138298
3964.966345329,1349.683549540,30.766666299,-9.316167042
3965.966337880,1350.681099902,30.836511691,-9.308196814
3966.966330431,1351.678650263,30.906357083,-9.300226587
3967.966322905,1352.676207680,30.976100527,-9.292266344
3968.966315457,1353.673869449,31.044336138,-9.284453770
3969.966308008,1354.671531217,31.112571749,-9.276641196
3970.966300559,1355.669192986,31.180807360,-9.268828622
3971.966293111,1356.666854754,31.249042970,-9.261016048
3972.966285662,1357.664516522,31.317278581,-9.253203474
3973.966278213,1358.662178291,31.385514192,-9.245390900
3974.966270764,1359.659840059,31.453749803,-9.237578326
3975.966263316,1360.657501827,31.521985414,-9.229765753
3976.966255867,1361.655163596,31.590221025,-9.221953179
3977.966248390,1362.652806831,31.658726650,-9.214179142
3978.966240941,1363.650435696,31.727441639,-9.206434987
3979.966233492,1364.648064562,31.796156627,-9.198690831
3980.966226044,1365.645693427,31.864871615,-9.190946676
3981.966218595,1366.643322292,31.933586603,-9.183202521
3982.966211146,1367.640951158,32.002301591,-9.175458365
3983.966203698,1368.638580023,32.071016580,-9.167714210
3984.966196249,1369.636208889,32.139731568,-9.159970054
3985.966188800,1370.633837754,32.208446556,-9.152225899
3986.966181279,1371.631473310,32.277063290,-9.144480081
3987.966173831,1372.629208052,32.344223452,-9.136709614
3988.966166382,1373.626942794,32.411383614,-9.128939147
3989.966158933,1374.624677536,32.478543775,-9.121168680
3990.966151485,1375.622412278,32.545703937,-9.113398214
3991.966144036,1376.620147020,32.612864099,-9.105627747
3992.966136587,1377.617881762,32.680024261,-9.097857280
3993.966129138,1378.615616504,32.747184422,-9.090086813
3994.966121690,1379.613351246,32.814344584,-9.082316347
3995.966114241,1380.611085987,32.881504746,-9.074545880
3996.966106532,1381.608765143,32.949481844,-9.066713174
3997.966099083,1382.606401172,33.018092737,-9.058832181
3998.966091635,1383.604037202,33.086703630,-9.050951189
3999.966084186,1384.601673232,33.155314524,-9.043070196
4000.966076737,1385.599309262,33.223925417,-9.035189203
4001.966069289,1386.596945292,33.292536310,-9.027308211
4002.966061840,1387.594581321,33.361147203,-9.019427218
4003.966054391,1388.592217351,33.429758096,-9.011546226
4004.966046942,1389.589853381,33.498368989,-9.003665233
4005.966039487,1390.587491418,33.566950590,-8.995772692
4006.966032039,1391.585159292,33.635096885,-8.987708534
4007.966024590,1392.582827165,33.703243180,-8.979644376
4008.966017141,1393.580495038,33.771389475,-8.971580218
4009.966009692,1394.578162911,33.839535770,-8.963516060
4010.966002244,1395.575830784,33.907682065,-8.955451902
4011.965994795,1396.573498657,33.975828360,-8.947387744
4012.965987346,1397.571166530,34.043974655,-8.939323585
4013.965979898,1398.568834404,34.112120949,-8.931259427
4014.965972449,1399.566502277,34.180267244,-8.923195269
4015.965964997,1400.564163978,34.248503794,-8.915006560
4016.965957548,1401.561820888,34.316810404,-8.906721169
4017.965950099,1402.559477797,34.385117014,-8.898435778
4018.965942651,1403.557134707,34.453423624,-8.890150386
4019.965935202,1404.554791617,34.521730233,-8.881864995
4020.965927753,1405.552448527,34.590036843,-8.873579604
4021.965920305,1406.550105476,34.658342878,-8.865294456
4022.965912856,1407.547762757,34.726644059,-8.857011369
4023.965904614,1408.545320599,34.796371168,-8.848576582
4024.965897165,1409.542801234,34.867205374,-8.840024014
4025.965889717,1410.540281869,34.938039579,-8.831471447
4026.965882268,1411.537762505,35.008873785,-8.822918879
4027.965874819,1412.535243140,35.079707991,-8.814366311
4028.965867370,1413.532723775,35.150542197,-8.805813743
4029.965859922,1414.530204411,35.221376403,-8.797261176
4030.965852473,1415.527685046,35.292210609,-8.788708608
4031.965845024,1416.525165681,35.363044814,-8.780156040
4032.965837491,1417.522653767,35.433772827,-8.771582495
4033.965830042,1418.520252925,35.502917778,-8.762696241
4034.965822594,1419.517852082,35.572062728,-8.753809986
4035.965815145,1420.515451239,35.641207679,-8.744923732
4036.965807696,1421.513050396,35.710352629,-8.736037477
4037.965800247,1422.510649553,35.779497580,-8.727151223
4038.965792799,1423.508248711,35.848642531,-8.718264968
4039.965785350,1424.505847868,35.917787481,-8.709378714
4040.965777901,1425.503447025,35.986932432,-8.700492459
4041.965770453,1426.501046182,36.056077383,-8.691606205
4042.965762993,1427.498656880,36.125055466,-8.682521497
4043.965755544,1428.496276544,36.193903922,-8.673282623
4044.965748096,1429.493896207,36.262752377,-8.664043749
4045.965740647,1430.491515870,36.331600832,-8.654804876
4046.965733198,1431.489135534,36.400449288,-8.645566002
4047.965725749,1432.486755197,36.469297743,-8.636327128
4048.965718301,1433.484374861,36.538146199,-8.627088254
4049.965710852,1434.481994524,36.606994654,-8.617849381
4050.965703403,1435.479614187,36.675843109,-8.608610507
4051.965695947,1436.477231599,36.744724072,-8.599349779
4052.965688498,1437.474815360,36.814090793,-8.589762485
4053.965681049,1438.472399121,36.883457514,-8.580175190
4054.965673600,1439.469982883,36.952824235,-8.570587896
4055.965666152,1440.467566644,37.022190956,-8.561000601
4056.965658703,1441.465150405,37.091557677,-8.551413306
4057.965651254,1442.462734166,37.160924398,-8.541826012
4058.965643805,1443.460317927,37.230291119,-8.532238717
4059.965636357,1444.457901689,37.299657840,-8.522651422
4060.965628908,1445.455485450,37.369024561,-8.513064128
4061.965621440,1446.453053826,37.438611915,-8.503293822
4062.965613992,1447.450610243,37.508370769,-8.493381260
4063.965606543,1448.448166660,37.578129623,-8.483468698
4064.965599094,1449.445723077,37.647888477,-8.473556136
4065.965591645,1450.443279493,37.717647331,-8.463643574
4066.965584197,1451.440835910,37.787406185,-8.453731013
4067.965576748,1452.438392327,37.857165038,-8.443818451
4068.965569299,1453.435948744,37.926923892,-8.433905889
4069.965561851,1454.433505161,37.996682746,-8.423993327
4070.965554353,1455.431067139,38.066361336,-8.414063770
4071.965546905,1456.428712414,38.134837663,-8.403879639
4072.965539456,1457.426357690,38.203313989,-8.393695508
4073.965532007,1458.424002965,38.271790316,-8.383511376
4074.965524558,1459.421648240,38.340266643,-8.373327245
4075.965517110,1460.419293515,38.408742969,-8.363143114
4076.965509661,1461.416938791,38.477219296,-8.352958983
4077.965502212,1462.414584066,38.545695623,-8.342774852
4078.965494764,1463.412229341,38.614171950,-8.332590721
4079.965487315,1464.409874617,38.682648276,-8.322406590
4080.965479866,1465.407521716,38.751098021,-8.312118241
4081.965472417,1466.405170233,38.819527092,-8.301748836
4082.965464968,1467.402818751,38.887956163,-8.291379432
4083.965457520,1468.400467269,38.956385234,-8.281010028
4084.965450071,1469.398115787,39.024814304,-8.270640624
4085.965442622,1470.395764304,39.093243375,-8.260271219
4086.965435174,1471.393412822,39.161672446,-8.249901815
4087.965427725,1472.391061340,39.230101517,-8.239532411
4088.965420276,1473.388709857,39.298530588,-8.229163007
4089.965412823,1474.386356718,39.366983748,-8.218789067
4090.965405374,1475.383978701,39.435798586,-8.208347040
4091.965397926,1476.381600684,39.504613425,-8.197905013
4092.965390477,1477.379222667,39.573428263,-8.187462986
4093.965383028,1478.376844649,39.642243102,-8.177020959
4094.965375579,1479.374466632,39.711057940,-8.166578932
4095.965368131,1480.372088615,39.779872779,-8.156136905
4096.965360682,1481.369710598,39.848687617,-8.145694877
4097.965353233,1482.367332581,39.917502456,-8.135252850
4098.965345785,1483.364954564,39.986317294,-8.124810823
4099.965338050,1484.362516927,40.055986961,-8.114410236
4100.965330601,1485.360032896,40.126321833,-8.104041897
4101.965323153,1486.357548865,40.196656706,-8.093673557
4102.965315704,1487.355064834,40.266991578,-8.083305218
4103.965308255,1488.352580803,40.337326451,-8.072936878
4104.965300807,1489.350096772,40.407661324,-8.062568539
4105.965293358,1490.347612741,40.477996196,-8.052200200
4106.965285909,1491.345128710,40.548331069,-8.041831860
4107.965278460,1492.342644679,40.618665941,-8.031463521
4108.965270955,1493.340166688,40.688914280,-8.021109717
4109.965263506,1494.337779624,40.757860152,-8.010974696
4110.965256058,1495.335392560,40.826806024,-8.000839674
4111.965248609,1496.333005495,40.895751896,-7.990704653
4112.965241160,1497.330618431,40.964697767,-7.980569632
4113.965233711,1498.328231367,41.033643639,-7.970434611
4114.965226263,1499.325844302,41.102589511,-7.960299590
4115.965218814,1500.323457242,41.171535325,-7.950164599
4116.965211365,1501.321070355,41.240478625,-7.940030956
4117.965203917,1502.318683469,41.309421925,-7.929897313
4118.965196425,1503.316273577,41.378696686,-7.919977333
4119.965188976,1504.313845773,41.448229531,-7.910223717
4120.965181527,1505.311417969,41.517762376,-7.900470101
4121.965174079,1506.308990165,41.587295221,-7.890716486
4122.965166630,1507.306562361,41.656828067,-7.880962870
4123.965159181,1508.304134557,41.726360912,-7.871209254
4124.965151733,1509.301706753,41.795893757,-7.861455638
4125.965144284,1510.299278948,41.865426602,-7.851702022
4126.965136835,1511.296851144,41.934959447,-7.841948406
4127.965129360,1512.294419195,42.004551365,-7.832225349
4128.965121911,1513.291924700,42.075034471,-7.822963314
4129.965114462,1514.289430206,42.145517577,-7.813701278
4130.965107014,1515.286935712,42.216000683,-7.804439243
4131.965099565,1516.284441218,42.286483789,-7.795177208
4132.965092116,1517.281946724,42.356966895,-7.785915172
4133.965084668,1518.279452230,42.427450002,-7.776653137
4134.965077219,1519.276957736,42.497933108,-7.767391101
4135.965069770,1520.274463242,42.568416214,-7.758129066
4136.965062321,1521.271968748,42.638899320,-7.748867031
4137.965054864,1522.269485004,42.709229988,-7.739916214
4138.965047415,1523.267009636,42.779441897,-7.731207856
4139.965039966,1524.264534267,42.849653807,-7.722499499
4140.965032517,1525.262058899,42.919865716,-7.713791142
4141.965025069,1526.259583530,42.990077625,-7.705082784
4142.965017620,1527.257108162,43.060289535,-7.696374427
4143.965010171,1528.254632793,43.130501444,-7.687666070
4144.965002723,1529.252157425,43.200713353,-7.678957712
4145.964995274,1530.249682056,43.270925262,-7.670249355
4146.964987755,1531.247213395,43.341040805,-7.661577102
4147.964980306,1532.244846170,43.409699001,-7.653450848
4148.964972857,1533.242478946,43.478357197,-7.645324595
4149.964965408,1534.240111721,43.547015393,-7.637198341
4150.964957960,1535.237744497,43.615673589,-7.629072088
4151.964950511,1536.235377272,43.684331785,-7.620945834
4152.964943062,1537.233010048,43.752989981,-7.612819581
4153.964935614,1538.230642823,43.821648177,-7.604693328
4154.964928165,1539.228275599,43.890306373,-7.596567074
4155.964920716,1540.225908374,43.958964569,-7.588440821
4156.964913267,1541.223542896,44.027597390,-7.580652322
4157.964905818,1542.221178778,44.096210429,-7.573127109
4158.964898370,1543.218814660,44.164823468,-7.565601896
4159.964890921,1544.216450542,44.233436507,-7.558076683
4160.964883472,1545.214086425,44.302049546,-7.550551470
4161.964876024,1546.211722307,44.370662585,-7.543026257
4162.964868575,1547.209358189,44.439275624,-7.535501044
4163.964861126,1548.206994071,44.507888663,-7.527975831
4164.964853677,1549.204629953,44.576501702,-7.520450618
4165.964846226,1550.202264573,44.645133054,-7.512964406
4166.964838777,1551.199880061,44.714041990,-7.506069390
4167.964831329,1552.197495549,44.782950927,-7.499174374
4168.964823880,1553.195111036,44.851859864,-7.492279359
4169.964816431,1554.192726524,44.920768801,-7.485384343
4170.964808982,1555.190342011,44.989677738,-7.478489327
4171.964801534,1556.187957499,45.058586674,-7.471594311
4172.964794085,1557.185572941,45.127496271,-7.464698355
4173.964786636,1558.183188311,45.196406909,-7.457800915
4174.964779188,1559.180803681,45.265317548,-7.450903475
4175.964771559,1560.178371869,45.334905282,-7.444344703
4176.964764110,1561.175903259,45.405021113,-7.438050073
4177.964756662,1562.173434648,45.475136944,-7.431755443
4178.964749213,1563.170966038,45.545252776,-7.425460812
4179.964741764,1564.168497427,45.615368607,-7.419166182
4180.964734316,1565.166028816,45.685484438,-7.412871552
4181.964726867,1566.163560206,45.755600270,-7.406576922
4182.964718895,1567.161072627,45.825977993,-7.400321041
4183.964711446,1568.158296956,45.900333498,-7.394653717
4184.964703997,1569.155521284,45.974689004,-7.388986392
4185.964696548,1570.152745613,46.049044510,-7.383319067
4186.964689100,1571.149969941,46.123400016,-7.377651743
4187.964681651,1572.147194270,46.197755522,-7.371984418
4188.964674202,1573.144418599,46.272111027,-7.366317093
4189.964666754,1574.141642927,46.346466533,-7.360649769
4190.964659305,1575.138867256,46.420822039,-7.354982444
4191.964651856,1576.136091584,46.495177545,-7.349315119
4192.964644320,1577.133350885,46.569061339,-7.344038022
4193.964636871,1578.130637475,46.642577051,-7.339065425
4194.964629423,1579.127924065,46.716092762,-7.334092828
4195.964621974,1580.125210655,46.789608473,-7.329120231
4196.964614525,1581.122497245,46.863124184,-7.324147634
4197.964607076,1582.119783835,46.936639896,-7.319175037
4198.964599628,1583.117070425,47.010155607,-7.314202440
4199.964592179,1584.114357016,47.083671318,-7.309229843
4200.964584730,1585.111643606,47.157187029,-7.304257246
4201.964577248,1586.108935008,47.230636985,-7.299323185
4202.964569800,1587.106299672,47.303085788,-7.294975848
4203.964562351,1588.103664336,47.375534590,-7.290628511
4204.964554902,1589.101029001,47.447983393,-7.286281174
4205.964547454,1590.098393665,47.520432196,-7.281933837
4206.964540005,1591.095758329,47.592880999,-7.277586500
4207.964532556,1592.093122993,47.665329802,-7.273239163
4208.964525107,1593.090487658,47.737778604,-7.268891826
4209.964517659,1594.087852322,47.810227407,-7.264544489
4210.964510210,1595.085216986,47.882676210,-7.260197152
4211.964501840,1596.082468226,47.956657447,-7.256114252
4212.964494391,1597.079630911,48.031835119,-7.252237808
4213.964486942,1598.076793596,48.107012791,-7.248361365
4214.964479493,1599.073956281,48.182190463,-7.244484922
4215.964472045,1600.071118966,48.257368136,-7.240608479
4216.964464596,1601.068281651,48.332545808,-7.236732036
4217.964457147,1602.065444336,48.407723480,-7.232855593
4218.964449698,1603.062607021,48.482901152,-7.228979150
4219.964442218,1604.059764799,48.558143457,-7.225121135
4220.964434769,1605.056847699,48.634372015,-7.221544318
4221.964427320,1606.053930599,48.710600572,-7.217967501
4222.964419872,1607.051013499,48.786829130,-7.214390683
4223.964412423,1608.048096399,48.863057687,-7.210813866
4224.964404974,1609.045179299,48.939286244,-7.207237049
4225.964397525,1610.042262199,49.015514802,-7.203660232
4226.964390077,1611.039345099,49.091743359,-7.200083414
4227.964382628,1612.036427999,49.167971917,-7.196506597
4228.964375179,1613.033510900,49.244200474,-7.192929780
4229.964367400,1614.030663179,49.319511643,-7.189411700
4230.964359951,1615.027869655,49.394106201,-7.185939501
4231.964352502,1616.025076130,49.468700759,-7.182467303
4232.964345054,1617.022282606,49.543295317,-7.178995104
4233.964337605,1618.019489081,49.617889875,-7.175522906
4234.964330156,1619.016695556,49.692484433,-7.172050707
4235.964322708,1620.013902032,49.767078991,-7.168578509
4236.964315259,1621.011108507,49.841673549,-7.165106310
4237.964307810,1622.008314982,49.916268107,-7.161634112
4238.964295749,1623.005767281,49.987435444,-7.158103241
4239.964288300,1624.003411651,50.055924962,-7.154526528
4240.964280852,1625.001056021,50.124414479,-7.150949815
4241.964273403,1625.998700390,50.192903997,-7.147373102
4242.964265954,1626.996344760,50.261393514,-7.143796388
4243.964258505,1627.993989130,50.329883032,-7.140219675
4244.964251057,1628.991633500,50.398372549,-7.136642962
4245.964243608,1629.989277870,50.466862067,-7.133066249
4246.964236159,1630.986922153,50.535352851,-7.129489909
4247.964228541,1631.984520848,50.604502014,-7.125759738
4248.964221092,1632.982083953,50.674165150,-7.121909177
4249.964213643,1633.979647059,50.743828286,-7.118058615
4250.964206195,1634.977210165,50.813491421,-7.114208054
4251.964198746,1635.974773271,50.883154557,-7.110357492
4252.964191297,1636.972336377,50.952817693,-7.106506931
4253.964183848,1637.969899483,51.022480829,-7.102656369
4254.964176400,1638.967462588,51.092143965,-7.098805808
4255.964168272,1639.965004234,51.162104025,-7.094936088
4256.964160823,1640.962217007,51.236614343,-7.090772777
4257.964153374,1641.959429780,51.311124662,-7.086609466
4258.964145926,1642.956642554,51.385634980,-7.082446154
4259.964138477,1643.953855327,51.460145298,-7.078282843
4260.964131028,1644.951068100,51.534655616,-7.074119531
4261.964122130,1645.948246932,51.609599459,-7.069941270
4262.964114681,1646.944905347,51.691190549,-7.065533790
4263.964107232,1647.941563763,51.772781640,-7.061126310
4264.964099784,1648.938222178,51.854372730,-7.056718829
4265.964089778,1649.934830766,51.936539096,-7.052298801
4266.964082329,1650.930675110,52.027528897,-7.047686319
4267.964074881,1651.926519455,52.118518699,-7.043073838
4268.964067432,1652.922363799,52.209508501,-7.038461356
4269.964058857,1653.918172087,52.300879750,-7.033827289
4270.964051408,1654.913427184,52.398103175,-7.028862059
4271.964043960,1655.908682281,52.495326599,-7.023896829
4272.964036511,1656.903937378,52.592550024,-7.018931600
4273.964029062,1657.899192475,52.689773448,-7.013966370
4274.964021613,1658.894447572,52.786996873,-7.009001140
4275.964014165,1659.889702669,52.884220297,-7.004035910
4276.964006716,1660.884957766,52.981443722,-6.999070681
4277.963999267,1661.880212864,53.078667146,-6.994105451
4278.963991818,1662.875467961,53.175890571,-6.989140221
4279.963981089,1663.870434030,53.275995826,-6.983963591
4280.963973641,1664.865174044,53.378355033,-6.978621618
4281.963966192,1665.859914058,53.480714239,-6.973279646
4282.963958743,1666.854654072,53.583073446,-6.967937674
4283.963951294,1667.849394086,53.685432652,-6.962595701
4284.963941185,1668.843861075,53.790385925,-6.957054840
4285.963933736,1669.838114501,53.897368294,-6.951358407
4286.963926287,1670.832367927,54.004350663,-6.945661973
4287.963918839,1671.826621353,54.111333032,-6.939965540
4288.963911390,1672.820874779,54.218315401,-6.934269106
4289.963903941,1673.815128205,54.325297769,-6.928572673
4290.963896492,1674.809381632,54.432280138,-6.922876239
4291.963889044,1675.803635058,54.539262507,-6.917179806
4292.963878647,1676.797819123,54.646860138,-6.911462400
4293.963871198,1677.790936360,54.763921045,-6.905422421
4294.963863749,1678.784053597,54.880981951,-6.899382442
4295.963856301,1679.777170835,54.998042858,-6.893342463
4296.963838708,1680.769669057,55.120157947,-6.887129080
4297.963831260,1681.761682949,55.246227535,-6.880780022
4298.963823811,1682.753696840,55.372297124,-6.874430964
4299.963816362,1683.745710732,55.498366712,-6.868081906
4300.963808914,1684.737724624,55.624436301,-6.861732848
4301.963800751,1685.729699369,55.750807898,-6.855352298
4302.963793302,1686.721071572,55.881827963,-6.848487016
4303.963785854,1687.712443775,56.012848027,-6.841621735
4304.963778405,1688.703815979,56.143868091,-6.834756453
4305.963770956,1689.695188182,56.274888156,-6.827891171
4306.963763507,1690.686560385,56.405908220,-6.821025890
4307.963756059,1691.677932588,56.536928284,-6.814160608
4308.963748610,1692.669304792,56.667948348,-6.807295327
4309.963735822,1693.660180993,56.802628625,-6.800082431
4310.963728373,1694.650668979,56.940173720,-6.792597461
4311.963720925,1695.641156964,57.077718815,-6.785112490
4312.963713476,1696.631644950,57.215263911,-6.777627520
4313.963706027,1697.622132935,57.352809006,-6.770142550
4314.963698578,1698.612620921,57.490354101,-6.762657579
4315.963690635,1699.602953176,57.629012452,-6.754811263
4316.963683186,1700.593163530,57.768542224,-6.746682097
4317.963675738,1701.583373884,57.908071996,-6.738552930
4318.963668289,1702.573584238,58.047601769,-6.730423764
4319.963660840,1703.563794592,58.187131541,-6.722294598
4320.963653392,1704.554004946,58.326661313,-6.714165432
4321.963644308,1705.544277807,58.465735011,-6.705999231
4322.963636860,1706.535514989,58.597772702,-6.697261683
4323.963629411,1707.526752171,58.729810392,-6.688524136
4324.963621962,1708.517989353,58.861848083,-6.679786589
4325.963614513,1709.509226513,58.993885941,-6.671048485
4326.963602078,1710.500923654,59.122384613,-6.661852266
4327.963594629,1711.492980957,59.248112141,-6.652297597
4328.963587180,1712.485038259,59.373839670,-6.642742928
4329.963579732,1713.477095561,59.499567198,-6.633188259
4330.963572283,1714.469152864,59.625294727,-6.623633590
4331.963564834,1715.461210166,59.751022255,-6.614078921
4332.963557386,1716.453267469,59.876749784,-6.604524252
4333.963549937,1717.445324771,60.002477312,-6.594969583
4334.963542488,1718.437382073,60.128204841,-6.585414914
4335.963533583,1719.429383236,60.254363007,-6.575806315
4336.963526134,1720.420517105,60.387173983,-6.565364557
4337.963518685,1721.411650975,60.519984959,-6.554922800
4338.963511236,1722.402784844,60.652795935,-6.544481043
4339.963503788,1723.393918714,60.785606911,-6.534039285
4340.963496339,1724.385052583,60.918417887,-6.523597528
4341.963488578,1725.376067097,61.052114228,-6.512663332
4342.963481129,1726.366988120,61.186504062,-6.501343416
4343.963473680,1727.357909144,61.320893897,-6.490023500
4344.963466231,1728.348830168,61.455283731,-6.478703585
4345.963458783,1729.339751191,61.589673565,-6.467383669
4346.963451334,1730.330672215,61.724063400,-6.456063753
4347.963443885,1731.321593238,61.858453234,-6.444743838
4348.963436437,1732.312514262,61.992843068,-6.433423922
4349.963428988,1733.303435286,62.127232903,-6.422104006
4350.963421492,1734.294366807,62.261544955,-6.410719438
4351.963414043,1735.285460796,62.394653207,-6.398334265
4352.963406594,1736.276554786,62.527761459,-6.385949091
4353.963399145,1737.267648775,62.660869711,-6.373563918
4354.963391697,1738.258742765,62.793977963,-6.361178745
4355.963384248,1739.249836754,62.927086214,-6.348793571
4356.963376799,1740.240930743,63.060194466,-6.336408398
4357.963369350,1741.232024733,63.193302718,-6.324023225
4358.963361902,1742.223118722,63.326410970,-6.311638051
4359.963354453,1743.214212712,63.459519222,-6.299252878
4360.963345380,1744.205032054,63.594644664,-6.286307671
4361.963337931,1745.195636148,63.731351036,-6.272923549
4362.963330483,1746.186240242,63.868057408,-6.259539428
4363.963323034,1747.176844335,64.004763780,-6.246155306
4364.963315585,1748.167448429,64.141470152,-6.232771184
4365.963308137,1749.158052523,64.278176525,-6.219387063
4366.963300688,1750.148656616,64.414882897,-6.206002941
4367.963293239,1751.139260710,64.551589269,-6.192618819
4368.963285790,1752.129864804,64.688295641,-6.179234698
4369.963278232,1753.120485026,64.824884291,-6.165803128
4370.963270783,1754.111355439,64.959646771,-6.151635516
4371.963263335,1755.102225853,65.094409250,-6.137467905
4372.963255886,1756.093096267,65.229171730,-6.123300293
4373.963248437,1757.083966680,65.363934209,-6.109132682
4374.963240989,1758.074837094,65.498696689,-6.094965071
4375.963233540,1759.065707508,65.633459169,-6.080797459
4376.963218371,1760.057158544,65.763822145,-6.066345195
4377.963210922,1761.049064816,65.890735699,-6.051669749
4378.963203474,1762.040971088,66.017649253,-6.036994303
4379.963196025,1763.032877360,66.144562807,-6.022318857
4380.963188576,1764.024784553,66.271469158,-6.007619345
4381.963181127,1765.016706053,66.398263640,-5.992546036
4382.963173678,1766.008627553,66.525058121,-5.977472727
4383.963166230,1767.000549053,66.651852603,-5.962399418
4384.963158781,1767.992470553,66.778647084,-5.947326109
4385.963145644,1768.983896274,66.909218005,-5.931925803
4386.963138195,1769.974933217,67.042750327,-5.916269072
4387.963130746,1770.965970159,67.176282649,-5.900612342
4388.963123298,1771.957007102,67.309814971,-5.884955612
4389.963115849,1772.948044045,67.443347294,-5.869298881
4390.963108400,1773.939080987,67.576879616,-5.853642151
4391.963100952,1774.930117930,67.710411938,-5.837985420
4392.963093503,1775.921154872,67.843944260,-5.822328690
4393.963086054,1776.912191815,67.977476582,-5.806671960
4394.963078605,1777.903229877,68.111000594,-5.790970841
4395.963071156,1778.894285343,68.244395363,-5.774579387
4396.963063707,1779.885340810,68.377790133,-5.758187932
4397.963056259,1780.876396277,68.511184903,-5.741796477
4398.963048810,1781.867451743,68.644579673,-5.725405022
4399.963041361,1782.858507210,68.777974442,-5.709013568
4400.963033913,1783.849562677,68.911369212,-5.692622113
4401.963026464,1784.840618143,69.044763982,-5.676230658
4402.963019015,1785.831673610,69.178158751,-5.659839204
4403.963011566,1786.822729077,69.311553521,-5.643447749
4404.963003910,1787.813881229,69.444226421,-5.626667876
4405.962996461,1788.805109242,69.576332924,-5.609583240
4406.962989012,1789.796337255,69.708439428,-5.592498604
4407.962981563,1790.787565268,69.840545932,-5.575413968
4408.962974115,1791.778793282,69.972652435,-5.558329332
4409.962966666,1792.770021295,70.104758939,-5.541244696
4410.962959217,1793.761249335,70.236865240,-5.524159896
4411.962951769,1794.752477612,70.368969763,-5.507073666
4412.962944320,1795.743705890,70.501074286,-5.489987436
4413.962936676,1796.734954885,70.633021778,-5.472860220
4414.962929227,1797.726526875,70.762521164,-5.455094036
4415.962921778,1798.718098866,70.892020549,-5.437327851
4416.962914329,1799.709670856,71.021519934,-5.419561666
4417.962906881,1800.701242846,71.151019319,-5.401795482
4418.962899432,1801.692814836,71.280518704,-5.384029297
4419.962891983,1802.684386827,71.410018090,-5.366263112
4420.962884535,1803.675958817,71.539517475,-5.348496928
4421.962877086,1804.667530807,71.669016860,-5.330730743
4422.962869637,1805.659102797,71.798516245,-5.312964558
4423.962861284,1806.650476182,71.929520470,-5.294816844
4424.962853835,1807.641693649,72.061706075,-5.276369608
4425.962846387,1808.632911117,72.193891679,-5.257922373
4426.962838938,1809.624128585,72.326077284,-5.239475137
4427.962831489,1810.615346053,72.458262889,-5.221027902
4428.962824040,1811.606563521,72.590448493,-5.202580666
4429.962816592,1812.597780989,72.722634098,-5.184133430
4430.962809143,1813.588998456,72.854819702,-5.165686195
4431.962801694,1814.580215924,72.987005307,-5.147238959
4432.962794245,1815.571432903,73.119194577,-5.128751398
4433.962786797,1816.562642241,73.251441134,-5.109633629
4434.962779348,1817.553851578,73.383687690,-5.090515859
4435.962771899,1818.545060916,73.515934247,-5.071398090
4436.962764451,1819.536270253,73.648180804,-5.052280320
4437.962757002,1820.527479591,73.780427360,-5.033162551
4438.962749553,1821.518688929,73.912673917,-5.014044781
4439.962742104,1822.509898266,74.044920473,-4.994927012
4440.962734656,1823.501107604,74.177167030,-4.975809242
4441.962727207,1824.492316941,74.309413586,-4.956691473
4442.962719595,1825.483611252,74.441020442,-4.937218805
4443.962712146,1826.474972307,74.572124831,-4.917467375
4444.962704697,1827.466333363,74.703229221,-4.897715945
4445.962697248,1828.457694418,74.834333610,-4.877964515
4446.962689800,1829.449055473,74.965438000,-4.858213085
4447.962682351,1830.440416528,75.096542390,-4.838461655
4448.962674902,1831.431777583,75.227646779,-4.818710226
4449.962667454,1832.423138638,75.358751169,-4.798958796
4450.962660005,1833.414499693,75.489855558,-4.779207366
4451.962652367,1834.405840164,75.621114065,-4.758200039
4452.962644918,1835.396858169,75.754786861,-4.717518745
4453.962637469,1836.387876174,75.888459657,-4.676837451
4454.962630021,1837.378894179,76.022132453,-4.636156156
4455.962622572,1838.369912184,76.155805248,-4.595474862
4456.962615119,1839.360925073,76.289515937,-4.561120258
4457.962607670,1840.351909001,76.423441126,-4.562579892
4458.962600222,1841.342892930,76.557366316,-4.564039526
4459.962592773,1842.333876858,76.691291505,-4.565499159
4460.962585324,1843.324860786,76.825216695,-4.566958793
4461.962576163,1844.315561291,76.961210036,-4.556000128
4462.962568714,1845.306039049,77.098828758,-4.535281795
4463.962561266,1846.296516807,77.236447480,-4.514563463
4464.962553817,1847.286994566,77.374066202,-4.493845130
4465.962546368,1848.277472324,77.511684924,-4.473126797
4466.962538920,1849.267950083,77.649303646,-4.452408464
4467.962530245,1850.258372150,77.787313715,-4.431676742
4468.962522796,1851.247920140,77.931465988,-4.410734859
4469.962515347,1852.237468130,78.075618261,-4.389792977
4470.962507898,1853.227016120,78.219770534,-4.368851094
4471.962500450,1854.216564111,78.363922807,-4.347909212
4472.962491565,1855.206048934,78.508498093,-4.326958588
4473.962484116,1856.194541868,78.659715895,-4.305870702
4474.962476667,1857.183034801,78.810933697,-4.284782815
4475.962469219,1858.171527734,78.962151500,-4.263694929
4476.962461770,1859.160020667,79.113369302,-4.242607042
4477.962452632,1860.148441706,79.265045186,-4.221514099
4478.962445183,1861.135733267,79.423917705,-4.200341723
4479.962437735,1862.123024827,79.582790223,-4.179169346
4480.962430286,1863.110316388,79.741662742,-4.157996970
4481.962420664,1864.097522126,79.901054043,-4.136821883
4482.962413216,1865.083379012,80.068598971,-4.115604201
4483.962405767,1866.069235898,80.236143899,-4.094386518
4484.962398318,1867.055092784,80.403688827,-4.073168835
4485.962390870,1868.040949670,80.571233755,-4.051951152
4486.962375935,1869.026058741,80.743077434,-4.030736311
4487.962368486,1870.010579765,80.918301452,-4.009523704
4488.962361038,1870.995100789,81.093525469,-3.988311096
4489.962353589,1871.979621813,81.268749486,-3.967098489
4490.962346140,1872.964142837,81.443973503,-3.945885882
4491.962337628,1873.948598325,81.619559285,-3.924677720
4492.962330180,1874.932022869,81.800836062,-3.903539491
4493.962322731,1875.915447413,81.982112838,-3.882401262
4494.962315282,1876.898871956,82.163389615,-3.861263033
4495.962307834,1877.882296500,82.344666391,-3.840124804
4496.962300385,1878.865721043,82.525943168,-3.818986574
4497.962292151,1879.849087492,82.707530500,-3.797859428
4498.962284702,1880.831539556,82.894005819,-3.776906723
4499.962277253,1881.813991620,83.080481137,-3.755954017
4500.962269804,1882.796443684,83.266956456,-3.735001312
4501.962262356,1883.778895748,83.453431774,-3.714048607
4502.962254907,1884.761347812,83.639907093,-3.693095901
4503.962247458,1885.743799876,83.826382411,-3.672143196
4504.962238883,1886.726180242,84.013229051,-3.651205580
4505.962231434,1887.707431089,84.205925386,-3.630505674
4506.962223985,1888.688681936,84.398621721,-3.609805769
4507.962216537,1889.669932784,84.591318055,-3.589105864
4508.962209088,1890.651183631,84.784014390,-3.568405959
4509.962196966,1891.631818556,84.979797174,-3.547842912
4510.962189517,1892.611252184,85.181526872,-3.527388067
4511.962182068,1893.590685812,85.383256571,-3.506933223
4512.962174619,1894.570119440,85.584986269,-3.486478378
4513.962156827,1895.548495689,85.791733290,-3.466167796
4514.962149378,1896.526039965,86.002428071,-3.445970723
4515.962141930,1897.503584241,86.213122852,-3.425773651
4516.962131513,1898.480996162,86.424416735,-3.405591916
4517.962124065,1899.456321176,86.645156899,-3.385652019
4518.962116616,1900.431646189,86.865897064,-3.365712123
4519.962105327,1901.406813181,87.087316938,-3.345788118
4520.962097878,1902.379487883,87.319457040,-3.326114751
4521.962090429,1903.352162585,87.551597142,-3.306441384
4522.962078719,1904.324662228,87.784451226,-3.286783606
4523.962071271,1905.294401132,88.028565053,-3.267371668
4524.962063822,1906.264140036,88.272678881,-3.247959729
4525.962040015,1907.232268923,88.523036313,-3.228695518
4526.962032566,1908.199130851,88.778306983,-3.209547555
4527.962021341,1909.165812262,89.034245648,-3.190415809
4528.962013892,1910.129646198,89.300721248,-3.171539859
4529.962006444,1911.093480135,89.567196847,-3.152663909
4530.961981927,1912.055521699,89.840009961,-3.133953611
4531.961974478,1913.016152739,90.117810446,-3.115373675
4532.961963128,1913.976584450,90.396285270,-3.096811856
4533.961955680,1914.933871125,90.685399997,-3.078535890
4534.961948231,1915.891157799,90.974514725,-3.060259923
4535.961924201,1916.846531740,91.269832477,-3.042163000
4536.961916753,1917.800400355,91.570032024,-3.024206985
4537.961905384,1918.754053400,91.870902650,-3.006272785
4538.961897936,1919.704304975,92.182362193,-2.988682825
4539.961890487,1920.654556550,92.493821736,-2.971092864
4540.961879474,1921.604595211,92.805918703,-2.953527536
4541.961872026,1922.551273927,93.128074738,-2.936350940
4542.961864577,1923.497952643,93.450230774,-2.919174344
4543.961853787,1924.444418379,93.773001637,-2.902025804
4544.961846338,1925.387522385,94.105477106,-2.885320125
4545.961838890,1926.330626391,94.437952574,-2.868614445
4546.961831441,1927.273730396,94.770428043,-2.851908765
4547.961810972,1928.214894150,95.108318338,-2.835492467
4548.961803523,1929.154530771,95.450470530,-2.819303935
4549.961796074,1930.094167392,95.792622723,-2.803115403
4550.961786269,1931.033614713,96.135287456,-2.786960741
4551.961778820,1931.970073232,96.486044559,-2.771340835
4552.961771371,1932.906531751,96.836801663,-2.755720929
4553.961763923,1933.842990269,97.187558767,-2.740101023
4554.961754163,1934.779256754,97.538821560,-2.724518179
4555.961746714,1935.712489966,97.898071994,-2.709520745
4556.961739266,1936.645723178,98.257322428,-2.694523312
4557.961731817,1937.578956391,98.616572862,-2.679525878
4558.961722584,1938.512017097,98.976266137,-2.664570200
4559.961715135,1939.442352114,99.342956548,-2.650274267
4560.961707686,1940.372687132,99.709646959,-2.635978335
4561.961700238,1941.303022150,100.076337370,-2.621682403
4562.961692789,1942.233357168,100.443027781,-2.607386470
4563.961684385,1943.163563796,100.810041161,-2.593145974
4564.961676937,1944.091740950,101.182159791,-2.579781773
4565.961669488,1945.019918103,101.554278420,-2.566417572
4566.961662039,1945.948095257,101.926397049,-2.553053371
4567.961654590,1946.876272410,102.298515679,-2.539689170
4568.961647142,1947.804449564,102.670634308,-2.526324969
4569.961639693,1948.732626717,103.042752938,-2.512960767
4570.961631573,1949.660694774,103.415141767,-2.499659757
4571.961624124,1950.587036958,103.791805093,-2.487358401
4572.961616675,1951.513379142,104.168468419,-2.475057046
4573.961609227,1952.439721326,104.545131745,-2.462755690
4574.961601778,1953.366063510,104.921795071,-2.450454335
4575.961594329,1954.292405693,105.298458397,-2.438152979
4576.961586880,1955.218747877,105.675121723,-2.425851624
4577.961578465,1956.144957461,106.052108428,-2.413602279
4578.961571016,1957.069067783,106.434214715,-2.402176350
4579.961563567,1957.993178106,106.816321002,-2.390750422
4580.961556119,1958.917288428,107.198427289,-2.379324493
4581.961548670,1959.841398751,107.580533575,-2.367898564
4582.961539401,1960.765324122,107.963082097,-2.356507941
4583.961531952,1961.686319802,108.352635766,-2.345676566
4584.961524504,1962.607315481,108.742189434,-2.334845192
4585.961517055,1963.528311161,109.131743103,-2.324013818
4586.961496443,1964.447027360,109.526609312,-2.313425604
4587.961488994,1965.363947907,109.925660452,-2.303028938
4588.961481546,1966.280868454,110.324711592,-2.292632272
4589.961458742,1967.195265479,110.729473836,-2.282450056
4590.961451293,1968.107674608,111.138734980,-2.272436774
4591.961443844,1969.020083737,111.547996123,-2.262423492
4592.961419585,1969.929784484,111.963202137,-2.252619026
4593.961412136,1970.837351580,112.383091490,-2.242979064
4594.961404688,1971.744918675,112.802980844,-2.233339101
4595.961379839,1972.649659305,113.228885405,-2.223896754
4596.961372390,1973.552173153,113.659528944,-2.214610094
4597.961364941,1974.454687001,114.090172482,-2.205323435
4598.961340741,1975.354358275,114.526685022,-2.196226941
4599.961333292,1976.251790057,114.967821395,-2.187280268
4600.961325843,1977.149221839,115.408957768,-2.178333595
4601.961304443,1978.043999977,115.855420850,-2.169564080
4602.961296995,1978.936687489,116.306080488,-2.160934137
4603.961289546,1979.829375000,116.756740126,-2.152304194
4604.961268880,1980.719425450,117.212556829,-2.143858803
4605.961261432,1981.607398169,117.672436761,-2.135558822
4606.961253983,1982.495370888,118.132316694,-2.127258840
4607.961245355,1983.383165166,118.592538451,-2.118978233
4608.961237083,1984.267957057,119.058507083,-2.111005129
4609.961229635,1985.150656932,119.528428390,-2.103034497
4610.961222186,1986.033356806,119.998349696,-2.095063864
4611.961207535,1986.914033066,120.472037380,-2.087265385
4612.961200086,1987.793114752,120.948692909,-2.079602559
4613.961192637,1988.672196437,121.425348438,-2.071939733
4614.961182747,1989.551011445,121.902490347,-2.064293675
4615.961175298,1990.425594154,122.387351346,-2.056913728
4616.961167850,1991.300176862,122.872212346,-2.049533781
4617.961160401,1992.174759570,123.357073345,-2.042153834
4618.961138205,1993.046346912,123.847268322,-2.034911812
4619.961130756,1993.915573575,124.341667058,-2.027778490
4620.961123308,1994.784800238,124.836065794,-2.020645168
4621.961099541,1995.650813292,125.336039651,-2.013624439
4622.961092092,1996.514293619,125.840407401,-2.006692446
4623.961081049,1997.377431274,126.345354231,-1.999770167
4624.961073600,1998.235127372,126.859496727,-1.993002152
4625.961066151,1999.092823470,127.373639223,-1.986234137
4626.961040880,1999.947027270,127.893528949,-1.979567552
4627.961033431,2000.798478737,128.417948153,-1.972980905
4628.961025983,2001.649930204,128.942367358,-1.966394258
4629.960999276,2002.497678541,129.472715682,-1.959910146
4630.960991828,2003.342508279,130.007737006,-1.953506847
4631.960984379,2004.187338016,130.542758330,-1.947103548
4632.960958078,2005.028431310,131.083599777,-1.940799030
4633.960950629,2005.866579555,131.629028619,-1.934572370
4634.960943181,2006.704727801,132.174457460,-1.928345709
4635.960915705,2007.538949928,132.725836180,-1.922212239
4636.960908256,2008.370077466,133.281904626,-1.916152222
4637.960900808,2009.201205005,133.837973073,-1.910092204
4638.960875351,2010.028539780,134.399636904,-1.904123552
4639.960867903,2010.852885181,134.965710893,-1.898226911
4640.960860454,2011.677230583,135.531784882,-1.892330271
4641.960838285,2012.498088971,136.102877843,-1.886519377
4642.960830837,2013.316198822,136.677926862,-1.880776071
4643.960823388,2014.134308674,137.252975880,-1.875032764
4644.960803039,2014.949104728,137.832688475,-1.869373332
4645.960795590,2015.761288630,138.416077206,-1.863780016
4646.960788141,2016.573472532,138.999465937,-1.858186699
4647.960766040,2017.382072474,139.587787221,-1.852675929
4648.960758591,2018.187847199,140.179996808,-1.847230229
4649.960751143,2018.993621924,140.772206395,-1.841784530
4650.960740572,2019.799022805,141.364919040,-1.836348129
4651.960733123,2020.598480751,141.965628699,-1.831059566
4652.960725674,2021.397938697,142.566338358,-1.825771002
4653.960718225,2022.197396644,143.167048017,-1.820482438
4654.960699233,2022.993582845,143.772068305,-1.815281158
4655.960691784,2023.787189798,144.380486834,-1.810148686
4656.960684336,2024.580796751,144.988905363,-1.805016215
4657.960676887,2025.374403705,145.597323892,-1.799883744
4658.960656938,2026.164562112,146.210194019,-1.794833335
4659.960649489,2026.952001645,146.826573841,-1.789847624
4660.960642041,2027.739441178,147.442953662,-1.784861913
4661.960630917,2028.526458632,148.059866363,-1.779883047
4662.960623468,2029.306762767,148.685254690,-1.775013056
4663.960616019,2030.087066901,149.310643018,-1.770143065
4664.960604720,2030.866932680,149.936571742,-1.765278635
4665.960597271,2031.639825577,150.571096504,-1.760502667
4666.960589822,2032.412718473,151.205621266,-1.755726699
4667.960564564,2033.181315558,151.845314947,-1.750995446
4668.960557116,2033.946525438,152.489084271,-1.746299452
4669.960545105,2034.711244134,153.133429904,-1.741607952
4670.960537656,2035.468146845,153.786946076,-1.736987958
4671.960530207,2036.225049557,154.440462249,-1.732367964
4672.960502915,2036.977281938,155.099318729,-1.727783748
4673.960495466,2037.725831713,155.762386099,-1.723227744
4674.960483836,2038.473897459,156.425993195,-1.718676038
4675.960476387,2039.214260914,157.098188894,-1.714192714
4676.960468938,2039.954624368,157.770384594,-1.709709390
4677.960457710,2040.694521560,158.443087862,-1.705230655
4678.960450261,2041.426998343,159.123868932,-1.700824958
4679.960442812,2042.159475126,159.804650002,-1.696419260
4680.960435364,2042.891951908,160.485431072,-1.692013562
4681.960414760,2043.620474543,161.170422725,-1.687646476
4682.960407311,2044.345879068,161.858734701,-1.683309837
4683.960399862,2045.071283594,162.547046677,-1.678973197
4684.960376733,2045.792321796,163.239908606,-1.674668218
4685.960369284,2046.509916596,163.936358752,-1.670388205
4686.960361835,2047.227511396,164.632808898,-1.666108193
4687.960335873,2047.940303906,165.334146844,-1.661857265
4688.960328424,2048.649309330,166.039339308,-1.657629273
4689.960317099,2049.357819775,166.745023585,-1.653403408
4690.960309650,2050.058448794,167.458538883,-1.649211428
4691.960302202,2050.759077813,168.172054181,-1.645019448
4692.960278354,2051.455079499,168.890061116,-1.640847599
4693.960270905,2052.147431826,169.611610391,-1.636691626
4694.960259350,2052.839263051,170.333653635,-1.632537777
4695.960251901,2053.522792683,171.063566195,-1.628417769
4696.960244452,2054.206322315,171.793478754,-1.624297761
4697.960233010,2054.889332227,172.523872194,-1.620179723
4698.960225562,2055.564063443,173.261925640,-1.616093057
4699.960218113,2056.238794659,173.999979086,-1.612006392
4700.960207799,2056.913081152,174.738434973,-1.607921599
4701.960200350,2057.580283474,175.483301514,-1.603866628
4702.960192902,2058.247485797,176.228168054,-1.599811657
4703.960185453,2058.914688119,176.973034595,-1.595756686
4704.960176788,2059.581598614,177.718160801,-1.591703536
4705.960169339,2060.243858054,178.467425465,-1.587679398
4706.960161891,2060.906117494,179.216690129,-1.583655259
4707.960154442,2061.568376934,179.965954793,-1.579631121
