s,x,y,z
0.000000000,-2258.359414025,-614.202873695,0.847085351
0.647926712,-2257.908539955,-613.737555655,0.846236762
1.502237113,-2257.313515907,-613.124536879,0.847025288
2.562259048,-2256.574914943,-612.364202635,0.849663044
3.605967829,-2255.846763221,-611.616477722,0.855189588
4.638335158,-2255.127714213,-610.875726069,0.861339000
5.663975477,-2254.415651811,-610.137575182,0.867541254
6.684480886,-2253.708832598,-609.401515606,0.874902625
7.689488550,-2253.013204632,-608.676181164,0.880567027
8.669866214,-2252.333909270,-607.969289041,0.881871146
9.668252111,-2251.641519363,-607.250013058,0.885431501
10.673951801,-2250.943360971,-606.526147759,0.890506441
11.675729636,-2250.248097354,-605.804927866,0.893539352
12.685721463,-2249.546687758,-605.078221922,0.896097139
13.714578659,-2248.832330594,-604.337804532,0.900899213
14.720906492,-2248.131914432,-603.615239622,0.904485063
15.715386640,-2247.437844420,-602.903021398,0.906153763
16.712077841,-2246.740582995,-602.190827804,0.906528617
17.710631155,-2246.043575729,-601.475782689,0.906801901
18.711208722,-2245.347584064,-600.756928896,0.906258907
19.713097241,-2244.653236518,-600.034671718,0.903678506
20.717378535,-2243.958865739,-599.309119747,0.901562763
21.723666209,-2243.263567817,-598.581677342,0.899765639
22.730931676,-2242.566224557,-597.854840076,0.897845156
23.736649598,-2241.868576343,-597.130441270,0.896474851
24.740757497,-2241.171530392,-596.407697475,0.895463829
25.743290035,-2240.476878735,-595.684836701,0.893771156
26.744984736,-2239.783035012,-594.962360107,0.892915406
27.746209812,-2239.089858969,-594.239893821,0.893961514
28.748840681,-2238.395883944,-593.516258018,0.898268245
29.752326030,-2237.701745276,-592.791614244,0.905032492
30.755961607,-2237.007279572,-592.067095648,0.913667390
31.757691836,-2236.314639244,-591.343454949,0.921214976
32.757985396,-2235.623753105,-590.620103012,0.926267314
33.757204436,-2234.934135332,-589.897008347,0.926616708
34.756383865,-2234.244049062,-589.174416454,0.925422227
35.755380835,-2233.552847188,-588.453145927,0.923487730
36.755179557,-2232.860308282,-587.732044632,0.922966778
37.755394181,-2232.167959785,-587.010185465,0.924448376
38.755795587,-2231.475856870,-586.287838411,0.927804209
39.756089862,-2230.783698677,-585.565686729,0.929423461
40.756095707,-2230.090340066,-584.845086581,0.930399084
41.756204203,-2229.395978785,-584.125309574,0.931089026
42.755972371,-2228.700557499,-583.407030746,0.932161064
43.754735205,-2228.005435053,-582.689861662,0.932860452
44.752563970,-2227.311171239,-581.973162868,0.934545293
45.752089612,-2226.617194161,-581.253830693,0.937469016
46.754449520,-2225.921286304,-580.532425123,0.940881117
47.759828353,-2225.221633337,-579.810437695,0.943426487
48.767291679,-2224.517053565,-579.090333969,0.943991572
49.776371389,-2223.810036784,-578.370355951,0.943105501
50.785114889,-2223.103809088,-577.650082434,0.939648053
51.791175195,-2222.400913508,-576.930301346,0.936434286
52.794587409,-2221.701987054,-576.210347784,0.934254524
53.796884055,-2221.006803192,-575.488325098,0.935352137
54.798345852,-2220.313155645,-574.765986423,0.937729051
55.799089282,-2219.619685246,-574.044474791,0.940409402
56.800339315,-2218.929227671,-573.319393651,0.945634864
57.802240191,-2218.242061792,-572.590301213,0.951347647
58.804798888,-2217.558764797,-571.856669006,0.954945235
59.807479494,-2216.887273577,-571.112064852,0.960654336
60.810028727,-2216.229756860,-570.355293543,0.969251844
61.811664074,-2215.584437410,-569.589259349,0.974523368
62.813702057,-2214.952675654,-568.811479508,0.978488386
63.816720798,-2214.335120859,-568.021135675,0.983901030
64.818642655,-2213.725617278,-567.225932532,0.986081297
65.820079113,-2213.125230860,-566.424426993,0.986075983
66.822639315,-2212.536503104,-565.612930792,0.986784180
67.824813708,-2211.965304146,-564.789472222,0.987902111
68.826251633,-2211.413377902,-563.953856824,0.989400759
69.828281362,-2210.882326978,-563.104128545,0.992617253
70.819587205,-2210.374623678,-562.252715859,0.997207517
71.792652161,-2209.889773377,-561.409062831,1.002223816
72.764473158,-2209.413166036,-560.562160541,1.008388397
73.733855445,-2208.941703350,-559.715179137,1.015277280
74.699759294,-2208.471366571,-558.871555948,1.022589900
75.677758317,-2207.994516655,-558.017695423,1.026885330
76.676115942,-2207.503692757,-557.148322853,1.027973855
77.678798122,-2206.999217955,-556.281791812,1.027148664
78.689086446,-2206.478767793,-555.415875019,1.028643958
79.705584988,-2205.942383138,-554.552425481,1.032604086
80.714809361,-2205.391834403,-553.706611275,1.037919498
81.732144250,-2204.818282496,-552.866388674,1.043790248
82.762770541,-2204.223161396,-552.024960851,1.048334494
83.771518650,-2203.626074485,-551.211904911,1.048408448
84.778891488,-2203.013836227,-550.411937610,1.044325867
85.811845468,-2202.372217265,-549.602435034,1.039364799
86.817653545,-2201.731082822,-548.827460776,1.035986647
87.801575259,-2201.086004714,-548.084511419,1.034429138
88.817520561,-2200.404133497,-547.331387009,1.034079126
89.838357509,-2199.705933333,-546.586668259,1.038390738
90.840947706,-2199.009290206,-545.865720738,1.048884975
91.858443598,-2198.299730145,-545.136532140,1.059199955
92.880394826,-2197.587806585,-544.403428712,1.069617306
93.886916606,-2196.890315224,-543.677844063,1.080517447
94.873864752,-2196.207698035,-542.965061567,1.086961599
95.859644605,-2195.526188445,-542.252808690,1.088522487
96.863696728,-2194.829860898,-541.529452026,1.090459212
97.872868124,-2194.127407089,-540.804894771,1.091988327
98.880614402,-2193.422270977,-540.084940055,1.092899132
99.886475048,-2192.716864262,-539.367897868,1.095639203
100.886245184,-2192.016176930,-538.654756741,1.098345216
101.869950867,-2191.329297578,-537.950574265,1.099160973
102.850616007,-2190.644741538,-537.248375884,1.101301086
103.834035197,-2189.958268690,-536.544207677,1.105233864
104.834561529,-2189.260362041,-535.827308804,1.111171470
105.842144592,-2188.558659984,-535.104295060,1.120604347
106.849252004,-2187.857953966,-534.381048276,1.134406732
107.855326977,-2187.158240639,-533.658284335,1.148562872
108.860370977,-2186.459432870,-532.936052853,1.161323367
109.864514262,-2185.761423974,-532.214252851,1.170918945
110.868405509,-2185.063735216,-531.492476875,1.179133137
111.880720512,-2184.358997046,-530.765780443,1.185303454
112.909106099,-2183.642709795,-530.027886422,1.189983821
113.923187795,-2182.938063877,-529.298642501,1.196238311
114.928477005,-2182.240512880,-528.574788451,1.204258005
115.951399822,-2181.527109212,-527.841711542,1.209211971
116.958649501,-2180.818405489,-527.125973563,1.212389044
117.935692622,-2180.124030735,-526.438623130,1.214907876
118.927103627,-2179.410994715,-525.749801897,1.215758766
119.926061380,-2178.681388915,-525.067459109,1.215221289
120.905549991,-2177.954241936,-524.411215978,1.215626051
121.892835732,-2177.207069524,-523.765876808,1.217594346
122.894007929,-2176.434444510,-523.129175278,1.220336578
123.895022600,-2175.643322376,-522.515863346,1.222484584
124.911037200,-2174.819353902,-521.921428540,1.225464828
125.935313644,-2173.968585733,-521.351063281,1.229849831
126.938307253,-2173.117914626,-520.819712525,1.234456407
127.933062721,-2172.254763596,-520.325251722,1.238610515
128.926363084,-2171.374390201,-519.865290052,1.243464258
129.905557225,-2170.489000041,-519.447169843,1.252459901
130.877916893,-2169.593424104,-519.068606214,1.263260023
131.868893124,-2168.669014848,-518.711713918,1.274631348
132.864828958,-2167.732325981,-518.373535890,1.286369002
133.860653253,-2166.788684386,-518.055599914,1.297472289
134.855923524,-2165.839838352,-517.755228411,1.303046794
135.869777142,-2164.866929098,-517.470025626,1.305519566
136.901746159,-2163.870465082,-517.201663832,1.306729337
137.937122601,-2162.863284040,-516.961697685,1.309370124
138.975494094,-2161.847252756,-516.747498991,1.313204973
140.015675531,-2160.825006112,-516.555240922,1.318309693
141.037850025,-2159.816701253,-516.387491627,1.323019322
142.043475268,-2158.821445227,-516.243499890,1.326754484
143.048840521,-2157.824009363,-516.117487442,1.328115121
144.052158312,-2156.826134148,-516.013131403,1.329324776
145.046150845,-2155.835474707,-515.931811816,1.330791406
146.022743742,-2154.860870539,-515.869589892,1.333763885
147.011538485,-2153.872868279,-515.830112113,1.336606826
148.009100366,-2152.875483562,-515.811815469,1.340927165
148.989799231,-2151.894836702,-515.813259324,1.350922950
149.985738342,-2150.899236660,-515.835914385,1.363651589
151.015372707,-2149.870598924,-515.878958538,1.377741766
152.029952175,-2148.857821168,-515.937587783,1.392415745
153.033493243,-2147.857404065,-516.015093904,1.408324807
154.053933417,-2146.841741022,-516.112823987,1.421574784
155.066189538,-2145.836516125,-516.231457572,1.432130909
156.061766595,-2144.851053588,-516.372713929,1.441291007
157.059655562,-2143.867170699,-516.539023445,1.451190343
158.058093062,-2142.887456381,-516.731221528,1.461048963
159.051631146,-2141.917333677,-516.945493782,1.469250467
160.021729803,-2140.974861589,-517.175178430,1.478345976
160.998637756,-2140.032135194,-517.431118741,1.488865041
161.994286274,-2139.077707743,-517.714374956,1.501117774
162.967583197,-2138.149554722,-518.007142555,1.512342923
163.931997412,-2137.234467712,-518.311459501,1.522429434
164.920869997,-2136.299927476,-518.634585880,1.532066812
165.936143679,-2135.343534981,-518.974432653,1.556525263
166.933929990,-2134.404648967,-519.311339053,1.580287681
167.982409517,-2133.419377712,-519.669053572,1.604581642
169.041656484,-2132.425263632,-520.033897899,1.629680453
170.072382628,-2131.459166717,-520.392195087,1.655685456
171.130751559,-2130.469384694,-520.766012404,1.682832379
172.197941897,-2129.473255898,-521.147939818,1.710293016
173.208775950,-2128.529817000,-521.509916300,1.736399668
174.231365864,-2127.575181211,-521.875524014,1.762698734
175.309047341,-2126.568648553,-522.259649502,1.789846179
176.332021861,-2125.612506344,-522.622350487,1.816621915
177.338897263,-2124.671020462,-522.978237270,1.843953370
178.401945558,-2123.677344337,-523.354791958,1.873719175
179.438521056,-2122.708091950,-523.721031008,1.903844403
180.431411198,-2121.779269539,-524.070681464,1.933243777
181.480832536,-2120.797517875,-524.440262858,1.962542368
182.527360026,-2119.818758481,-524.809648814,1.990894644
183.522486470,-2118.888444058,-525.161865877,2.018002833
184.561189314,-2117.918301778,-525.531876547,2.046632509
185.624379322,-2116.925933273,-525.912268822,2.076288202
186.653271246,-2115.965727119,-526.280635039,2.106768760
187.665532611,-2115.021124597,-526.643082755,2.138874822
188.501357700,-2114.241133506,-526.941903128,2.169269927
189.111580631,-2113.671803403,-527.159980529,2.195298879
190.115254529,-2112.734744550,-527.509130348,2.109412887
191.115319799,-2111.799425847,-527.862915630,2.121472817
192.115385069,-2110.864107143,-528.216700912,2.133532746
193.115450340,-2109.928788440,-528.570486195,2.145592675
194.115515609,-2108.993469737,-528.924271477,2.157652605
195.115580879,-2108.058151034,-529.278056759,2.169712534
196.115646438,-2107.123107217,-529.632567101,2.181820413
197.115712850,-2106.188328999,-529.987778004,2.193974620
198.115779262,-2105.253550781,-530.342988908,2.206128828
199.115845380,-2104.318774438,-530.698204741,2.218259004
200.115881641,-2103.384215042,-531.053990965,2.227608924
201.115917902,-2102.449655645,-531.409777188,2.236958843
202.115954857,-2101.515094854,-531.765559746,2.246382761
203.116109593,-2100.580372221,-532.120916892,2.264393734
204.116264331,-2099.645649587,-532.476274038,2.282404707
205.116419067,-2098.710926954,-532.831631184,2.300415680
206.116573805,-2097.776204320,-533.186988330,2.318426653
207.116678900,-2096.841207567,-533.541622784,2.333449226
208.116745069,-2095.905945866,-533.895558731,2.345583414
209.116811237,-2094.970684166,-534.249494678,2.357717602
210.116878149,-2094.035417827,-534.603418339,2.369913723
211.117059573,-2093.099609169,-534.955905583,2.389350258
212.117240998,-2092.163800510,-535.308392828,2.408786793
213.117421873,-2091.227987077,-535.660867365,2.428195625
214.117545024,-2090.291614089,-536.011852735,2.444357756
215.117668175,-2089.355241101,-536.362838106,2.460519887
216.117791325,-2088.418868114,-536.713823476,2.476682019
217.117914476,-2087.482495126,-537.064808846,2.492844150
218.118025879,-2086.545978132,-537.415409560,2.508267439
219.118126602,-2085.609321912,-537.765638382,2.522976403
220.118227325,-2084.672665692,-538.115867203,2.537685367
221.118328049,-2083.736009471,-538.466096025,2.552394330
222.118428771,-2082.799353251,-538.816324847,2.567103294
223.118529519,-2081.862700036,-539.166561692,2.581814290
224.118633836,-2080.926402052,-539.517747096,2.596765590
225.118738153,-2079.990104068,-539.868932500,2.611716890
226.118842469,-2079.053806084,-540.220117903,2.626668190
227.118865188,-2078.117762621,-540.571980422,2.634468265
228.118858130,-2077.181965310,-540.924497791,2.635352260
229.118851161,-2076.246171834,-541.277025320,2.636339158
230.118931039,-2075.310834063,-541.630760189,2.649555037
231.119010917,-2074.375496292,-541.984495057,2.662770916
232.119043858,-2073.440389934,-542.338840636,2.671781667
233.119048628,-2072.505507412,-542.693776930,2.676724972
234.119053397,-2071.570624890,-543.048713223,2.681668277
235.119059212,-2070.635883667,-543.404021252,2.686833526
236.119066606,-2069.701280235,-543.759691784,2.692282064
237.119152405,-2068.766809627,-544.115711144,2.705938651
238.119238203,-2067.832339019,-544.471730505,2.719595237
239.119323391,-2066.897868575,-544.827750297,2.733206992
240.119349857,-2065.963417881,-545.183821922,2.741442910
241.119376324,-2065.028967186,-545.539893548,2.749678828
242.119382328,-2064.094455379,-545.895804711,2.754868794
243.119377395,-2063.159884442,-546.251560619,2.757111637
244.119372461,-2062.225313505,-546.607316527,2.759354480
245.119367479,-2061.290740620,-546.963067313,2.761576459
246.119360074,-2060.355932816,-547.318200349,2.761282175
247.119352668,-2059.421125013,-547.673333385,2.760987891
248.119345263,-2058.486317209,-548.028466420,2.760693607
249.119337920,-2057.551405420,-548.383325500,2.761234945
250.119331382,-2056.616393002,-548.737919465,2.762584934
251.119332969,-2055.681303480,-549.092309987,2.766841397
252.119350508,-2054.746139337,-549.446503620,2.773910711
253.119368046,-2053.810975195,-549.800697252,2.780980026
254.119385585,-2052.875811052,-550.154890884,2.788049341
255.119403124,-2051.940646910,-550.509084517,2.795118656
256.119420528,-2051.005481100,-550.863273743,2.802169009
257.119425231,-2050.070130766,-551.216975390,2.807098978
258.119429935,-2049.134780431,-551.570677037,2.812028947
259.119434895,-2048.199428308,-551.924373948,2.817010946
260.119491704,-2047.263857681,-552.277492491,2.828347505
261.119548512,-2046.328287055,-552.630611033,2.839684064
262.119604405,-2045.392715273,-552.983726515,2.850939631
263.119597839,-2044.457001966,-553.336466800,2.852268194
264.119591272,-2043.521288659,-553.689207085,2.853596758
265.119584707,-2042.585575351,-554.041947371,2.854925321
266.119584736,-2041.649883806,-554.394745373,2.858793259
267.119597301,-2040.714213330,-554.747599259,2.865119883
268.119609865,-2039.778542855,-555.100453144,2.871446508
269.119625420,-2038.842979175,-555.453589965,2.878236017
270.119644164,-2037.907518905,-555.807000753,2.885473741
271.119662908,-2036.972058634,-556.160411541,2.892711464
272.119681651,-2036.036598364,-556.513822329,2.899949187
273.119700129,-2035.101140290,-556.867238926,2.907150447
274.119696298,-2034.165954040,-557.221374183,2.909840428
275.119692467,-2033.230767790,-557.575509439,2.912530409
276.119688699,-2032.295582638,-557.929647593,2.915243954
277.119697136,-2031.360533677,-558.284145186,2.920880567
278.119705573,-2030.425484716,-558.638642779,2.926517180
279.119713909,-2029.490435589,-558.993139934,2.932135748
280.119712146,-2028.555365835,-559.347582678,2.935507731
281.119710382,-2027.620296082,-559.702025421,2.938879713
282.119718116,-2026.685129722,-560.056213097,2.944396769
283.119739509,-2025.749869782,-560.410153696,2.951991707
284.119760901,-2024.814609842,-560.764094295,2.959586646
285.119782294,-2023.879349902,-561.118034894,2.967181584
286.120984865,-2022.943889925,-561.471446018,3.016393335
287.122515471,-2022.008208542,-561.824270960,3.071877256
288.122575941,-2021.072472714,-562.176951500,3.060222238
289.122636410,-2020.136736886,-562.529632040,3.048567220
290.122696880,-2019.201001058,-562.882312580,3.036912201
291.122757349,-2018.265265230,-563.234993119,3.025257183
292.122817818,-2017.329529402,-563.587673659,3.013602165
293.122876587,-2016.393791410,-563.940348448,3.002093697
294.122893394,-2015.457780537,-564.292298373,3.009058634
295.122910200,-2014.521769665,-564.644248297,3.016023572
296.122927006,-2013.585758793,-564.996198222,3.022988509
297.122943504,-2012.649748288,-565.348149123,3.029909083
298.122936904,-2011.713784319,-565.700223762,3.031211575
299.122930304,-2010.777820349,-566.052298401,3.032514067
300.122923704,-2009.841856380,-566.404373039,3.033816560
301.122917165,-2008.905892760,-566.756448605,3.035165702
302.122936182,-2007.969973455,-567.108641957,3.042441205
303.122955200,-2007.034054150,-567.460835309,3.049716709
304.122974218,-2006.098134845,-567.813028661,3.056992212
305.122993235,-2005.162215540,-568.165222012,3.064267716
306.122999987,-2004.226280222,-568.517372805,3.069597311
307.122998467,-2003.290329381,-568.869482342,3.073040612
308.122996946,-2002.354378540,-569.221591878,3.076483913
309.123026130,-2001.418412430,-569.573660823,3.085043604
310.123110072,-2000.482431517,-569.925690414,3.098563504
311.123194014,-1999.546450604,-570.277720005,3.112083405
312.123229968,-1998.609445835,-570.627003325,3.121837112
313.123241137,-1997.671448377,-570.973623970,3.127939269
314.123252307,-1996.733450919,-571.320244615,3.134041425
315.123263476,-1995.795453461,-571.666865260,3.140143582
316.123274646,-1994.857456003,-572.013485905,3.146245739
317.123285341,-1993.919557903,-572.360374068,3.152340676
318.123296007,-1992.982706523,-572.710080510,3.158359552
319.123306671,-1992.045855144,-573.059786952,3.164378429
320.123317335,-1991.109003765,-573.409493394,3.170397306
321.123328000,-1990.172152385,-573.759199835,3.176416182
322.123338665,-1989.235301006,-574.108906277,3.182435059
323.123349330,-1988.298449626,-574.458612719,3.188453936
324.123359994,-1987.361598247,-574.808319161,3.194472812
325.123370660,-1986.424746867,-575.158025603,3.200491689
326.123379779,-1985.488037025,-575.508108550,3.206394242
327.123383266,-1984.552818613,-575.862158863,3.211071051
328.123386754,-1983.617600201,-576.216209177,3.215747861
329.123390241,-1982.682381789,-576.570259491,3.220424670
330.123393728,-1981.747163378,-576.924309804,3.225101480
331.123397216,-1980.811944966,-577.278360118,3.229778289
332.123400703,-1979.876726554,-577.632410431,3.234455099
333.123404191,-1978.941508142,-577.986460745,3.239131909
334.123407679,-1978.006289730,-578.340511059,3.243808718
335.123411166,-1977.071071318,-578.694561372,3.248485528
336.123413938,-1976.135565276,-579.047850322,3.253057984
337.123416610,-1975.199856538,-579.400602729,3.257556900
338.123419281,-1974.264147800,-579.753355135,3.262055817
339.123421952,-1973.328439063,-580.106107542,3.266554734
340.123424623,-1972.392730325,-580.458859949,3.271053651
341.123427295,-1971.457021587,-580.811612356,3.275552567
342.123429966,-1970.521312849,-581.164364762,3.280051484
343.123432638,-1969.585604111,-581.517117169,3.284550401
344.123435310,-1968.649895373,-581.869869576,3.289049318
345.123437934,-1967.714189025,-582.222628320,3.293537995
346.123440081,-1966.778507898,-582.575453960,3.297918593
347.123442221,-1965.842826957,-582.928280091,3.302297878
348.123444353,-1964.907146300,-583.281106976,3.306675149
349.123446484,-1963.971465643,-583.633933862,3.311052421
350.123448616,-1963.035784986,-583.986760747,3.315429692
351.123450748,-1962.100104329,-584.339587632,3.319806963
352.123452878,-1961.164423673,-584.692414517,3.324184235
353.123455010,-1960.228743016,-585.045241403,3.328561506
354.123457142,-1959.293062359,-585.398068288,3.332938778
355.123458624,-1958.357677520,-585.751677976,3.337223177
356.123460076,-1957.422501260,-586.105839615,3.341442093
357.123461526,-1956.487325001,-586.460001254,3.345661008
358.123462977,-1955.552148741,-586.814162892,3.349879924
359.123464428,-1954.616972482,-587.168324531,3.354098840
360.123465879,-1953.681796223,-587.522486170,3.358317756
361.123467330,-1952.746619963,-587.876647809,3.362536671
362.123468781,-1951.811443704,-588.230809448,3.366755587
363.123470232,-1950.876267444,-588.584971087,3.370974503
364.123471585,-1949.941115340,-588.939196433,3.375176047
365.123472208,-1949.006218640,-589.294095379,3.379193913
366.123472831,-1948.071321939,-589.648994325,3.383211779
367.123473454,-1947.136425238,-590.003893271,3.387229645
368.123474076,-1946.201528538,-590.358792216,3.391247511
369.123474700,-1945.266631837,-590.713691162,3.395265377
370.123475323,-1944.331735136,-591.068590108,3.399283243
371.123475946,-1943.396838436,-591.423489054,3.403301109
372.123476569,-1942.461941735,-591.778388000,3.407318975
373.123477191,-1941.527045035,-592.133286945,3.411336841
374.123476977,-1940.591824904,-592.487331889,3.415217177
375.123476685,-1939.656376594,-592.840774333,3.419000484
376.123476393,-1938.720928284,-593.194216778,3.422783792
377.123476101,-1937.785479974,-593.547659222,3.426567099
378.123475810,-1936.850031663,-593.901101667,3.430350407
379.123475517,-1935.914583353,-594.254544111,3.434133714
380.123475225,-1934.979135043,-594.607986556,3.437917022
381.123474933,-1934.043686733,-594.961429000,3.441700329
382.123474641,-1933.108238423,-595.314871445,3.445483637
383.123473722,-1932.172690202,-595.668049265,3.449105152
384.123472424,-1931.237071476,-596.021040346,3.452612494
385.123471126,-1930.301452751,-596.374031427,3.456119835
386.123469828,-1929.365834026,-596.727022508,3.459627177
387.123468530,-1928.430215300,-597.080013589,3.463134519
388.123467232,-1927.494596575,-597.433004670,3.466641860
389.123465934,-1926.558977849,-597.785995751,3.470149202
390.123464636,-1925.623359124,-598.138986832,3.473656544
391.123463339,-1924.687740398,-598.491977913,3.477163885
392.123461942,-1923.752112980,-598.844945944,3.480644005
393.123459586,-1922.816393417,-599.197669634,3.483835562
394.123457231,-1921.880673854,-599.550393325,3.487027119
395.123454875,-1920.944954291,-599.903117015,3.490218676
396.123452519,-1920.009234728,-600.255840706,3.493410233
397.123450163,-1919.073515165,-600.608564396,3.496601789
398.123447808,-1918.137795602,-600.961288087,3.499793346
399.123445452,-1917.202076039,-601.314011777,3.502984903
400.123443096,-1916.266356476,-601.666735468,3.506176460
401.123440741,-1915.330636912,-602.019459158,3.509368017
402.123437757,-1914.394929959,-602.372216296,3.512356585
403.123434356,-1913.459231908,-602.724997050,3.515201826
404.123430955,-1912.523533857,-603.077777804,3.518047068
405.123427555,-1911.587835806,-603.430558558,3.520892309
406.123424154,-1910.652137755,-603.783339312,3.523737550
407.123420752,-1909.716439705,-604.136120066,3.526582791
408.123417351,-1908.780741654,-604.488900820,3.529428033
409.123413951,-1907.845043603,-604.841681574,3.532273274
410.123410550,-1906.909345552,-605.194462328,3.535118515
411.123426918,-1905.973662004,-605.547281520,3.542021597
412.124668369,-1905.038132459,-605.900508886,3.592015001
413.125909820,-1904.102602913,-606.253736252,3.642008404
414.125951783,-1903.166790663,-606.606213943,3.632066676
415.126005149,-1902.230973285,-606.958678039,3.621038032
416.126058514,-1901.295155908,-607.311142134,3.610009389
417.126111880,-1900.359338530,-607.663606230,3.598980745
418.126165244,-1899.423521153,-608.016070325,3.587952102
419.126218610,-1898.487703775,-608.368534421,3.576923458
420.126271975,-1897.551886398,-608.720998516,3.565894814
421.126270043,-1896.615963688,-609.073182729,3.562563773
422.126264815,-1895.679966559,-609.425169204,3.564671127
423.126259587,-1894.743969431,-609.777155679,3.566778480
424.126254358,-1893.807972303,-610.129142153,3.568885833
425.126249130,-1892.871975174,-610.481128628,3.570993187
426.126243902,-1891.935978046,-610.833115103,3.573100540
427.126238673,-1890.999980918,-611.185101577,3.575207893
428.126233446,-1890.063983789,-611.537088052,3.577315247
429.126228217,-1889.127986661,-611.889074527,3.579422600
430.126222894,-1888.192012896,-612.241123058,3.581495583
431.126216903,-1887.256287679,-612.593831749,3.583202939
432.126210911,-1886.320562463,-612.946540440,3.584910295
433.126204920,-1885.384837246,-613.299249132,3.586617652
434.126198929,-1884.449112029,-613.651957823,3.588325008
435.126192937,-1883.513386812,-614.004666514,3.590032364
436.126186946,-1882.577661595,-614.357375206,3.591739720
437.126180955,-1881.641936378,-614.710083897,3.593447076
438.126174964,-1880.706211161,-615.062792588,3.595154432
439.126168973,-1879.770485944,-615.415501280,3.596861788
440.126162576,-1878.834719726,-615.768101166,3.598314709
441.126155937,-1877.898924526,-616.120624137,3.599587769
442.126149299,-1876.963129762,-616.473148268,3.600861144
443.126142662,-1876.027335668,-616.825674177,3.602135005
444.126136024,-1875.091541575,-617.178200087,3.603408866
445.126129387,-1874.155747481,-617.530725997,3.604682727
446.126122749,-1873.219953388,-617.883251907,3.605956587
447.126116112,-1872.284159294,-618.235777816,3.607230448
448.126109474,-1871.348365201,-618.588303726,3.608504309
449.126099799,-1870.412838832,-618.941531004,3.609749954
450.126092797,-1869.480165270,-619.302231892,3.610694950
451.126085794,-1868.547491709,-619.662932779,3.611639946
452.126078793,-1867.614818147,-620.023633667,3.612584941
453.126071739,-1866.682172792,-620.384407389,3.613510638
454.126064550,-1865.749828065,-620.745957404,3.614230634
455.126057361,-1864.817483338,-621.107507419,3.614950630
456.126050171,-1863.885138612,-621.469057434,3.615670626
457.126042982,-1862.952793885,-621.830607449,3.616390622
458.126029199,-1862.018916839,-622.188162786,3.616917711
459.126021826,-1861.083956124,-622.542893056,3.617308375
460.126014454,-1860.148995409,-622.897623326,3.617699040
461.126007081,-1859.214034695,-623.252353597,3.618089704
462.125999709,-1858.279073980,-623.607083867,3.618480368
463.125992337,-1857.344113265,-623.961814137,3.618871032
464.125984964,-1856.409152551,-624.316544407,3.619261697
465.125977355,-1855.474120006,-624.671084677,3.619607994
466.125969915,-1854.538321187,-625.023598043,3.619480995
467.125962474,-1853.602522368,-625.376111408,3.619353996
468.125955033,-1852.666723549,-625.728624774,3.619226997
469.125947593,-1851.730924730,-626.081138140,3.619099998
470.125940152,-1850.795125911,-626.433651506,3.618972999
471.125932712,-1849.859327092,-626.786164871,3.618846000
472.125925271,-1848.923528273,-627.138678237,3.618719001
473.125917830,-1847.987729454,-627.491191603,3.618592002
474.125910390,-1847.051930635,-627.843704969,3.618465003
475.125902935,-1846.116154447,-628.196278343,3.618285606
476.125895760,-1845.180619927,-628.549492535,3.617546664
477.125888583,-1844.245085408,-628.902706726,3.616807723
478.125881408,-1843.309550888,-629.255920918,3.616068781
479.125874232,-1842.374016368,-629.609135109,3.615329839
480.125867056,-1841.438481849,-629.962349301,3.614590897
481.125859881,-1840.502947329,-630.315563492,3.613851955
482.125852705,-1839.567412809,-630.668777684,3.613113013
483.125845529,-1838.631878290,-631.021991875,3.612374072
484.125838354,-1837.696343770,-631.375206067,3.611635130
485.125831303,-1836.761081727,-631.729140515,3.610531914
486.125824781,-1835.826012537,-632.083584746,3.609170871
487.125818258,-1834.890943348,-632.438028978,3.607809828
488.125811736,-1833.955874158,-632.792473210,3.606448786
489.125805214,-1833.020804968,-633.146917441,3.605087743
490.125798691,-1832.085735779,-633.501361673,3.603726701
491.125792169,-1831.150666589,-633.855805905,3.602365658
492.125785646,-1830.215597400,-634.210250137,3.601004615
493.125779124,-1829.280528210,-634.564694368,3.599643573
494.125772673,-1828.345468738,-634.919164224,3.598228540
495.125767209,-1827.410513223,-635.273908198,3.596235922
496.125761745,-1826.475557708,-635.628652172,3.594243304
497.125756282,-1825.540602192,-635.983396146,3.592250686
498.125750819,-1824.605646677,-636.338140120,3.590258068
499.125745355,-1823.670691162,-636.692884093,3.588265450
500.125739891,-1822.735735647,-637.047628067,3.586272832
501.125734428,-1821.800780131,-637.402372041,3.584280214
502.125728965,-1820.865824616,-637.757116015,3.582287596
503.125723501,-1819.930869101,-638.111859989,3.580294978
504.125718646,-1818.995651904,-638.465912966,3.577933858
505.125714636,-1818.060249390,-638.819476596,3.575311772
506.125710624,-1817.124846877,-639.173040225,3.572689686
507.125706613,-1816.189444363,-639.526603855,3.570067601
508.125702603,-1815.254041849,-639.880167484,3.567445515
509.125698591,-1814.318639336,-640.233731114,3.564823430
510.125694580,-1813.383236822,-640.587294743,3.562201344
511.125690570,-1812.447834308,-640.940858373,3.559579259
512.125686558,-1811.512431795,-641.294422002,3.556957173
513.125682635,-1810.576993951,-641.647891995,3.554281633
514.125680462,-1809.641177484,-642.000358507,3.551033235
515.125678290,-1808.705361016,-642.352825019,3.547784838
516.125676117,-1807.769544549,-642.705291531,3.544536440
517.125673944,-1806.833728082,-643.057758043,3.541288043
518.125671772,-1805.897911614,-643.410224555,3.538039646
519.125669599,-1804.962095147,-643.762691067,3.534791248
520.125667426,-1804.026278680,-644.115157579,3.531542851
521.125665254,-1803.090462212,-644.467624091,3.528294453
522.125663081,-1802.154645745,-644.820090603,3.525046056
523.125662112,-1801.218727044,-645.172285475,3.521437868
524.125662126,-1800.282735901,-645.524287867,3.517574738
525.125662139,-1799.346744759,-645.876290259,3.513711608
526.125662152,-1798.410753617,-646.228292651,3.509848478
527.125662165,-1797.474762474,-646.580295043,3.505985348
528.125662178,-1796.538771332,-646.932297435,3.502122218
529.125662192,-1795.602780189,-647.284299827,3.498259088
530.125662204,-1794.666789047,-647.636302218,3.494395958
531.125662217,-1793.730797905,-647.988304610,3.490532828
532.125662424,-1792.794817403,-648.340335282,3.486618927
533.125664916,-1791.858951137,-648.692669547,3.482159974
534.125667408,-1790.923084871,-649.045003812,3.477701022
535.125669901,-1789.987218604,-649.397338077,3.473242069
536.125672394,-1789.051352338,-649.749672343,3.468783117
537.125674886,-1788.115486072,-650.102006608,3.464324164
538.125677378,-1787.179619806,-650.454340873,3.459865212
539.125679870,-1786.243753540,-650.806675138,3.455406259
540.125682362,-1785.307887709,-651.159010559,3.450947388
541.125684854,-1784.372022496,-651.511347622,3.446488631
542.125688567,-1783.436484907,-651.864552820,3.441699641
543.125693735,-1782.501179599,-652.218373514,3.436676521
544.125698902,-1781.565874291,-652.572194208,3.431653400
545.125704069,-1780.630568983,-652.926014903,3.426630280
546.125709236,-1779.695263675,-653.279835597,3.421607159
547.125714403,-1778.759958368,-653.633656291,3.416584039
548.125719570,-1777.824653060,-653.987476986,3.411560919
549.125724737,-1776.889347752,-654.341297680,3.406537798
550.125729905,-1775.954042444,-654.695118374,3.401514678
551.125735256,-1775.018752850,-655.048980574,3.396452936
552.125742806,-1774.083632254,-655.403289159,3.390975827
553.125750357,-1773.148511658,-655.757597745,3.385498718
554.125757908,-1772.213391062,-656.111906330,3.380021608
555.125765459,-1771.278270466,-656.466214916,3.374544499
556.125773009,-1770.343149870,-656.820523501,3.369067390
557.125780560,-1769.408029274,-657.174832086,3.363590281
558.125786246,-1768.472694967,-657.528570472,3.358089333
559.125795372,-1767.535060944,-657.876173035,3.352331866
560.125804497,-1766.597426921,-658.223775598,3.346574400
561.125813623,-1765.659792898,-658.571378161,3.340816933
562.125819866,-1764.721903719,-658.918283120,3.335044194
563.125830043,-1763.781268029,-659.257679057,3.329107066
564.125840219,-1762.840632339,-659.597074994,3.323169937
565.125850395,-1761.899996650,-659.936470931,3.317232809
566.125850128,-1760.957495570,-660.270618819,3.311202090
567.125861266,-1760.013671160,-660.601043675,3.305104977
568.125872405,-1759.069846750,-660.931468532,3.299007864
569.125879556,-1758.125739376,-661.261071681,3.292897881
570.125891629,-1757.178585157,-661.581827019,3.286649317
571.125903703,-1756.231430937,-661.902582357,3.280400753
572.125915776,-1755.284276718,-662.223337696,3.274152190
573.125915224,-1754.335198726,-662.538313480,3.267818404
574.125928218,-1753.384755867,-662.849188814,3.261424155
575.125941213,-1752.434313007,-663.160064149,3.255029906
576.125931758,-1751.483597211,-663.470089957,3.252893709
577.126879891,-1750.529941622,-663.770965544,3.296620854
578.127406096,-1749.576271163,-664.071793958,3.329295126
579.130042032,-1748.622458868,-664.372172401,3.256537181
580.130600032,-1747.666707173,-664.666269556,3.222450933
581.130614672,-1746.709579372,-664.955909807,3.215804286
582.130629313,-1745.752451571,-665.245550059,3.209157639
583.130625395,-1744.793250753,-665.528182321,3.202452487
584.130640704,-1743.832578968,-665.805841867,3.195705820
585.130656015,-1742.871907182,-666.083501412,3.188959154
586.130650407,-1741.909133333,-666.353703221,3.182155943
587.130666374,-1740.944867905,-666.618613180,3.175312608
588.130682341,-1739.980602476,-666.883523139,3.168469274
589.130678296,-1739.014376309,-667.141110643,3.161571359
590.130694905,-1738.046758847,-667.393502301,3.154634716
591.130711515,-1737.079141384,-667.645893958,3.147698072
592.130709457,-1736.109720963,-667.891192012,3.140712679
593.130726649,-1735.139021149,-668.131456397,3.133692693
594.130743840,-1734.168321336,-668.371720783,3.126672706
595.130742277,-1733.195903488,-668.604852581,3.119603972
596.130760057,-1732.222266481,-668.832922926,3.112500645
597.130777836,-1731.248629475,-669.060993272,3.105397317
598.130777149,-1730.273376958,-669.281968510,3.098249141
599.130795476,-1729.296978025,-669.497908840,3.091069139
600.130813803,-1728.320579092,-669.713849170,3.083889138
601.130817455,-1727.342812107,-669.923436517,3.076666261
602.130836311,-1726.364074312,-670.128515604,3.069412960
603.130855168,-1725.385336517,-670.333594691,3.062159658
604.130862414,-1724.405437739,-670.532992854,3.054862356
605.130881819,-1723.424715049,-670.728359450,3.047533828
606.130901224,-1722.443992358,-670.923726046,3.040205300
607.130916839,-1721.463108907,-671.118264164,3.032869979
608.130936834,-1720.480492422,-671.303871133,3.025461420
609.130956828,-1719.497875938,-671.489478102,3.018052861
610.130976823,-1718.515259453,-671.675085071,3.010644302
611.130984463,-1717.531563624,-671.854813377,3.003192296
612.131005011,-1716.547101735,-672.030369329,2.995709454
613.131025558,-1715.562639847,-672.205925281,2.988226612
614.131042463,-1714.578036726,-672.380666294,2.980737709
615.131063548,-1713.591910844,-672.546620647,2.973183466
616.131084632,-1712.605784962,-672.712575001,2.965629222
617.131105716,-1711.619659080,-672.878529354,2.958074978
618.131117662,-1710.632699085,-673.039390040,2.950478955
619.131139289,-1709.645147017,-673.196635123,2.942853275
620.131160916,-1708.657594949,-673.353880206,2.935227595
621.131179045,-1707.669919261,-673.510324291,2.927595853
622.131201219,-1706.680910094,-673.658128112,2.919898720
623.131223394,-1705.691900926,-673.805931932,2.912201588
624.131245567,-1704.702891759,-673.953735752,2.904504455
625.131253763,-1703.712979658,-674.095265292,2.896770570
626.131276423,-1702.722426580,-674.232340829,2.889010595
627.131299083,-1701.731873502,-674.369416366,2.881250620
628.131304525,-1700.740399190,-674.499526898,2.873451659
629.131327704,-1699.748270885,-674.624692898,2.865625020
630.131350883,-1698.756142579,-674.749858898,2.857798382
631.131355025,-1697.763137854,-674.867706910,2.849940559
632.131378622,-1696.769510922,-674.980359570,2.842060596
633.131396270,-1695.775771842,-675.091965006,2.834176218
634.131420280,-1694.780822470,-675.192268795,2.826244199
635.131444290,-1693.785873098,-675.292572585,2.818312181
636.131450200,-1692.790246400,-675.385716896,2.810347430
637.131474655,-1691.794138827,-675.473778268,2.802359440
638.131497173,-1690.797980001,-675.561235268,2.794365584
639.131517333,-1689.801080168,-675.639760325,2.786311988
640.131542268,-1688.803870282,-675.714309286,2.778264280
641.131563398,-1687.806601642,-675.788015897,2.770211011
642.131588862,-1686.808698745,-675.852629446,2.762097706
643.131614325,-1685.810795848,-675.917242994,2.753984401
644.131634918,-1684.812836633,-675.980903568,2.745865162
645.131660953,-1683.814269390,-676.034275518,2.737681855
646.131686987,-1682.815702148,-676.087647468,2.729498549
647.131707214,-1681.817085711,-676.139979142,2.721309304
648.131733824,-1680.817938091,-676.181078240,2.713055943
649.131760434,-1679.818790471,-676.222177339,2.704802581
650.131781419,-1678.819606909,-676.262251810,2.696543290
651.131808608,-1677.820035308,-676.291264155,2.688219989
652.131835798,-1676.820463706,-676.320276500,2.679896688
653.131857840,-1675.820869315,-676.348307905,2.671567371
654.131885622,-1674.821028842,-676.365747263,2.663173105
655.131913405,-1673.821188369,-676.383186621,2.654778839
656.131941188,-1672.821347896,-676.400625978,2.646384572
657.131958544,-1671.821437095,-676.412531658,2.637937284
658.131987091,-1670.821476354,-676.420507743,2.629452343
659.132015640,-1669.821515612,-676.428483827,2.620967402
660.132044187,-1668.821554871,-676.436459912,2.612482461
661.132065098,-1667.821575541,-676.439653611,2.603940649
662.132094475,-1666.821583011,-676.439450838,2.595358446
663.132123854,-1665.821590480,-676.439248064,2.586776244
664.132153232,-1664.821597949,-676.439045290,2.578194042
665.132180571,-1663.821607859,-676.438216452,2.569602713
666.132210879,-1662.821644135,-676.430623427,2.560912776
667.132241188,-1661.821680411,-676.423030402,2.552222839
668.132271496,-1660.821716688,-676.415437377,2.543532902
669.132301804,-1659.821752964,-676.407844352,2.534842965
670.132329419,-1658.821797694,-676.399536018,2.526144769
671.132360579,-1657.821933799,-676.383495645,2.517357288
672.132391741,-1656.822069903,-676.367455272,2.508569807
673.132422901,-1655.822206008,-676.351414899,2.499782326
674.132450475,-1654.822359272,-676.334553318,2.490987983
675.132482352,-1653.822698034,-676.308813997,2.482119459
676.132514227,-1652.823036797,-676.283074675,2.473250934
677.132546104,-1651.823375559,-676.257335354,2.464382410
678.132568235,-1650.823876165,-676.226258006,2.455470456
679.132600773,-1649.824491747,-676.191388408,2.446527650
680.132633311,-1648.825107330,-676.156518810,2.437584844
681.132662030,-1647.825756636,-676.120803934,2.428636231
682.132695184,-1646.826770690,-676.075946566,2.419624822
683.132728337,-1645.827784745,-676.031089198,2.410613413
684.132761491,-1644.828798799,-675.986231829,2.401602004
685.132779264,-1643.830148904,-675.934733544,2.392554398
686.132812978,-1642.831737771,-675.878516874,2.383481073
687.132846691,-1641.833326639,-675.822300205,2.374407749
688.132864864,-1640.835329229,-675.759414967,2.365299352
689.132899124,-1639.837625771,-675.691791643,2.356166036
690.132933384,-1638.839922314,-675.624168319,2.347032721
691.132951896,-1637.842711340,-675.549849095,2.337870181
692.132986613,-1636.845850289,-675.470772251,2.328686877
693.133021331,-1635.848989238,-675.391695407,2.319503573
694.133039384,-1634.852714754,-675.305739669,2.310291030
695.133074561,-1633.856857060,-675.214896096,2.301057710
696.133109739,-1632.860999365,-675.124052523,2.291824390
697.133127580,-1631.865823032,-675.026205756,2.282563801
698.133163189,-1630.871130854,-674.923382742,2.273283835
699.133198799,-1629.876438675,-674.820559728,2.264003868
700.133219961,-1628.882441764,-674.711353737,2.254702470
701.133255911,-1627.888938910,-674.597612002,2.245385841
702.133291861,-1626.895436057,-674.483870267,2.236069212
703.133316267,-1625.902615869,-674.364414648,2.226728912
704.133352595,-1624.910280808,-674.240898537,2.217371790
705.133388924,-1623.917945747,-674.117382426,2.208014668
706.133422189,-1622.925707406,-673.993116612,2.198654487
707.133458856,-1621.934516013,-673.860735632,2.189261200
708.133495524,-1620.943324619,-673.728354653,2.179867912
709.133532192,-1619.952133225,-673.595973673,2.170474625
710.133568858,-1618.960941832,-673.463592694,2.161081338
711.133599244,-1617.970331364,-673.326979972,2.151666625
712.133636257,-1616.980133773,-673.187359652,2.142236686
713.133673269,-1615.989936182,-673.047739333,2.132806746
714.133710282,-1614.999738591,-672.908119014,2.123376807
715.133747294,-1614.009541000,-672.768498694,2.113946867
716.133784307,-1613.019343409,-672.628878375,2.104516928
717.133818911,-1612.029526416,-672.486602906,2.095071301
718.133856177,-1611.039979966,-672.342440061,2.085614522
719.133893442,-1610.050433516,-672.198277217,2.076157743
720.133930708,-1609.060887066,-672.054114373,2.066700965
721.133967974,-1608.071340616,-671.909951528,2.057244186
722.134005240,-1607.081794166,-671.765788684,2.047787407
723.134042506,-1606.092247716,-671.621625839,2.038330629
724.134079772,-1605.102701266,-671.477462995,2.028873850
725.134117038,-1604.113154815,-671.333300151,2.019417071
726.134154285,-1603.123614636,-671.189094341,2.009961213
727.134191448,-1602.134142443,-671.044422705,2.000515329
728.134228611,-1601.144670250,-670.899751070,1.991069446
729.134265774,-1600.155198057,-670.755079434,1.981623563
730.134302936,-1599.165725865,-670.610407799,1.972177680
731.134340100,-1598.176253672,-670.465736163,1.962731797
732.134377263,-1597.186781479,-670.321064527,1.953285913
733.134414417,-1596.197309282,-670.176392921,1.943840893
734.134451558,-1595.207837077,-670.031721364,1.934397394
735.134488698,-1594.218364873,-669.887049808,1.924953896
736.134525154,-1593.228727688,-669.743514418,1.915533392
737.134561923,-1592.238973162,-669.600787125,1.906129243
738.134598693,-1591.249218635,-669.458059833,1.896725094
739.134635462,-1590.259464109,-669.315332540,1.887320945
740.134672232,-1589.269709583,-669.172605248,1.877916796
741.134709002,-1588.279955056,-669.029877955,1.868512647
742.134745771,-1587.290200530,-668.887150663,1.859108498
743.134782541,-1586.300446003,-668.744423370,1.849704349
744.134819310,-1585.310691477,-668.601696078,1.840300200
745.134856026,-1584.320933444,-668.458993124,1.830901465
746.134892194,-1583.331137330,-668.316554526,1.821561534
747.134928362,-1582.341341215,-668.174115927,1.812221603
748.134964529,-1581.351545101,-668.031677329,1.802881673
749.135000697,-1580.361748986,-667.889238731,1.793541742
750.135036865,-1579.371952872,-667.746800133,1.784201811
751.135073033,-1578.382156757,-667.604361534,1.774861881
752.135109200,-1577.392360643,-667.461922936,1.765521950
753.135145369,-1576.402564528,-667.319484338,1.756182019
754.135181537,-1575.412768413,-667.177045740,1.746842088
755.135217231,-1574.423011532,-667.034334965,1.737550130
756.135252635,-1573.433282571,-666.891430500,1.728292309
757.135288039,-1572.443553610,-666.748526034,1.719034489
758.135323444,-1571.453824649,-666.605621568,1.709776668
759.135358848,-1570.464095688,-666.462717103,1.700518848
760.135394252,-1569.474366727,-666.319812637,1.691261027
761.135429656,-1568.484637766,-666.176908172,1.682003207
762.135465061,-1567.494908805,-666.034003706,1.672745386
763.135500465,-1566.505179844,-665.891099241,1.663487566
764.135535784,-1565.515457067,-665.748152026,1.654237807
765.135570306,-1564.525801581,-665.604739606,1.645075772
766.135604829,-1563.536146095,-665.461327186,1.635913736
767.135639351,-1562.546490609,-665.317914766,1.626751701
768.135673873,-1561.556835124,-665.174502347,1.617589666
769.135708395,-1560.567179638,-665.031089927,1.608427631
770.135742917,-1559.577524152,-664.887677507,1.599265596
771.135777440,-1558.587868666,-664.744265087,1.590103561
772.135811961,-1557.598213181,-664.600852667,1.580941526
773.135846484,-1556.608557695,-664.457440247,1.571779490
774.135880487,-1555.618893343,-664.314089038,1.562674013
775.135914128,-1554.629222676,-664.170781415,1.553608808
776.135947767,-1553.639552010,-664.027473792,1.544543604
777.135981407,-1552.649881344,-663.884166169,1.535478399
778.136015047,-1551.660210677,-663.740858546,1.526413194
779.136048686,-1550.670540011,-663.597550923,1.517347990
780.136082327,-1549.680869344,-663.454243300,1.508282785
781.136115966,-1548.691198678,-663.310935677,1.499217581
782.136149605,-1547.701528012,-663.167628054,1.490152376
783.136183033,-1546.711881011,-663.024158115,1.481094425
784.136215894,-1545.722491994,-662.878918743,1.472115547
785.136248755,-1544.733102976,-662.733679372,1.463136669
786.136281616,-1543.743713959,-662.588440001,1.454157790
787.136314476,-1542.754324942,-662.443200630,1.445178912
788.136347338,-1541.764935924,-662.297961259,1.436200034
789.136380198,-1540.775546907,-662.152721887,1.427221155
790.136413059,-1539.786157890,-662.007482516,1.418242277
791.136445920,-1538.796768872,-661.862243145,1.409263399
792.136478781,-1537.807379855,-661.717003774,1.400284520
793.136510684,-1536.817808004,-661.573019368,1.391348668
794.136542886,-1535.828105891,-661.429929084,1.382443471
795.136575088,-1534.838403777,-661.286838801,1.373538274
796.136607290,-1533.848701664,-661.143748518,1.364633077
797.136639492,-1532.858999550,-661.000658235,1.355727880
798.136671694,-1531.869297437,-660.857567952,1.346822683
799.136703896,-1530.879595323,-660.714477669,1.337917486
800.136736098,-1529.889893210,-660.571387386,1.329012289
801.136768300,-1528.900191096,-660.428297103,1.320107091
802.136800446,-1527.910494707,-660.285167291,1.311207280
803.136832077,-1526.920860841,-660.141605764,1.302366288
804.136863710,-1525.931226974,-659.998044236,1.293525296
805.136895342,-1524.941593107,-659.854482709,1.284684304
806.136926975,-1523.951959240,-659.710921181,1.275843313
807.136958607,-1522.962325373,-659.567359654,1.267002321
808.136990240,-1521.972691506,-659.423798126,1.258161329
809.137021872,-1520.983057639,-659.280236599,1.249320337
810.137053505,-1519.993423772,-659.136675071,1.240479345
811.137085136,-1519.003789906,-658.993113544,1.231638353
812.137116402,-1518.014179260,-658.849392098,1.222837920
813.137147423,-1517.024585168,-658.705556651,1.214066399
814.137178443,-1516.034991076,-658.561721204,1.205294878
815.137209464,-1515.045396984,-658.417885757,1.196523357
816.137240485,-1514.055802892,-658.274050310,1.187751837
817.137271505,-1513.066208800,-658.130214864,1.178980316
818.137302526,-1512.076614708,-657.986379417,1.170208795
819.137333547,-1511.087020616,-657.842543970,1.161437274
820.137364567,-1510.097426524,-657.698708523,1.152665753
821.137395309,-1509.107804435,-657.555067298,1.143902026
822.137425517,-1508.117876060,-657.413550815,1.135223551
823.137455726,-1507.127947685,-657.272034332,1.126545075
824.137485935,-1506.138019310,-657.130517849,1.117866600
825.137516144,-1505.148090935,-656.989001366,1.109188125
826.137546353,-1504.158162560,-656.847484883,1.100509650
827.137576561,-1503.168234185,-656.705968400,1.091831175
828.137606770,-1502.178305810,-656.564451916,1.083152700
829.137636979,-1501.188377435,-656.422935433,1.074474225
830.137667203,-1500.198448806,-656.281420729,1.065793973
831.137696679,-1499.208519758,-656.139908947,1.057200454
832.137725605,-1498.218590734,-655.998397006,1.048671045
833.137754531,-1497.228661710,-655.856885065,1.040141635
834.137783457,-1496.238732686,-655.715373123,1.031612225
835.137812384,-1495.248803661,-655.573861182,1.023082816
836.137841310,-1494.258874637,-655.432349241,1.014553406
837.137870236,-1493.268945613,-655.290837299,1.006023996
838.137899162,-1492.279016589,-655.149325358,0.997494587
839.137928089,-1491.289087564,-655.007813417,0.988965177
840.137956855,-1490.299157349,-654.866309807,0.980454600
841.137983885,-1489.309214085,-654.724897520,0.972150449
842.138010915,-1488.319270820,-654.583485233,0.963846298
843.138037946,-1487.329327555,-654.442072946,0.955542147
844.138064976,-1486.339384290,-654.300660660,0.947237995
845.138092006,-1485.349441025,-654.159248373,0.938933844
846.138119037,-1484.359497760,-654.017836086,0.930629693
847.138146068,-1483.369554495,-653.876423799,0.922325542
848.138173098,-1482.379611230,-653.735011512,0.914021391
849.138200129,-1481.389667965,-653.593599225,0.905717239
850.138225667,-1480.399712026,-653.452275713,0.897594289
851.138250167,-1479.409747041,-653.311015560,0.889600660
852.138274667,-1478.419782056,-653.169755406,0.881607030
853.138299168,-1477.429817071,-653.028495252,0.873613401
854.138323668,-1476.439852086,-652.887235098,0.865619771
855.138348168,-1475.449887101,-652.745974944,0.857626141
856.138372668,-1474.459922116,-652.604714790,0.849632512
857.138397168,-1473.469957131,-652.463454636,0.841638882
858.138421668,-1472.479992146,-652.322194482,0.833645253
859.138445915,-1471.490014113,-652.181026134,0.825677352
860.138467999,-1470.499892815,-652.040865807,0.817991949
861.138490083,-1469.509771516,-651.900705480,0.810306546
862.138512167,-1468.519650218,-651.760545152,0.802621144
863.138534251,-1467.529528920,-651.620384825,0.794935741
864.138556334,-1466.539407622,-651.480224498,0.787250338
865.138575540,-1465.548988088,-651.342199390,0.779725189
866.138595551,-1464.558355618,-651.205698793,0.772314457
867.138615561,-1463.567723149,-651.069198195,0.764903725
868.138635572,-1462.577090679,-650.932697598,0.757492993
869.138655582,-1461.586458210,-650.796197001,0.750082261
870.138675593,-1460.595825740,-650.659696403,0.742671529
871.138694103,-1459.605260986,-650.522714740,0.735288298
872.138711725,-1458.615440412,-650.380446210,0.728207302
873.138729346,-1457.625619838,-650.238177681,0.721126305
874.138746967,-1456.635799265,-650.095909152,0.714045309
875.138764589,-1455.645978691,-649.953640622,0.706964313
876.138782211,-1454.656158117,-649.811372093,0.699883316
877.138799832,-1453.666337543,-649.669103564,0.692802320
878.138817453,-1452.676516970,-649.526835035,0.685721324
879.138835075,-1451.686696396,-649.384566505,0.678640327
880.138852696,-1450.696875822,-649.242297976,0.671559331
881.138868781,-1449.706944143,-649.100806162,0.664666833
882.138884166,-1448.716933101,-648.959869157,0.657908980
883.138899551,-1447.726922059,-648.818932153,0.651151126
884.138914937,-1446.736911017,-648.677995148,0.644393273
885.138930322,-1445.746899975,-648.537058143,0.637635420
886.138945708,-1444.756888933,-648.396121138,0.630877567
887.138961093,-1443.766877891,-648.255184133,0.624119713
888.138976479,-1442.776866849,-648.114247128,0.617361860
889.138991864,-1441.786855807,-647.973310124,0.610604007
890.139006927,-1440.796870262,-647.832195387,0.603867716
891.139020596,-1439.807165421,-647.689123970,0.597368816
892.139034265,-1438.817460580,-647.546052554,0.590869916
893.139047934,-1437.827755739,-647.402981138,0.584371015
894.139061603,-1436.838050898,-647.259909721,0.577872115
895.139075272,-1435.848346057,-647.116838305,0.571373214
896.139088941,-1434.858641216,-646.973766889,0.564874314
897.139102610,-1433.868936375,-646.830695472,0.558375414
898.139116279,-1432.879231534,-646.687624056,0.551876513
899.139129948,-1431.889526693,-646.544552640,0.545377613
900.139142531,-1430.899680186,-646.402467149,0.538992280
901.139154954,-1429.909732434,-646.261086274,0.532688110
902.139167376,-1428.919784683,-646.119705398,0.526383941
903.139179799,-1427.929836931,-645.978324523,0.520079772
904.139192221,-1426.939889180,-645.836943648,0.513775602
905.139204644,-1425.949941428,-645.695562772,0.507471433
906.139217066,-1424.959993677,-645.554181897,0.501167264
907.139229489,-1423.970045925,-645.412801022,0.494863095
908.139241911,-1422.980098174,-645.271420147,0.488558925
909.139254183,-1421.990167456,-645.129920616,0.482266045
910.139265760,-1421.000424579,-644.987112557,0.476097667
911.139277335,-1420.010681703,-644.844304497,0.469929288
912.139288911,-1419.020938827,-644.701496437,0.463760909
913.139300487,-1418.031195951,-644.558688377,0.457592530
914.139312062,-1417.041453075,-644.415880317,0.451424152
915.139323638,-1416.051710199,-644.273072257,0.445255773
916.139335214,-1415.061967323,-644.130264198,0.439087394
917.139346789,-1414.072224447,-643.987456138,0.432919015
918.139358365,-1413.082481571,-643.844648078,0.426750636
919.139369623,-1412.092764933,-643.701658377,0.420632023
920.139380676,-1411.103067056,-643.558538793,0.414548994
921.139391729,-1410.113369179,-643.415419209,0.408465965
922.139402781,-1409.123671303,-643.272299625,0.402382936
923.139413834,-1408.133973426,-643.129180041,0.396299908
924.139424887,-1407.144275549,-642.986060457,0.390216879
925.139435940,-1406.154577672,-642.842940873,0.384133850
926.139446992,-1405.164879796,-642.699821289,0.378050821
927.139458047,-1404.175181932,-642.556701616,0.371967574
928.139469071,-1403.185478393,-642.413621250,0.365887914
929.139479837,-1402.195711907,-642.270976919,0.359852167
930.139490603,-1401.205945421,-642.128332588,0.353816420
931.139501370,-1400.216178934,-641.985688258,0.347780673
932.139512136,-1399.226412448,-641.843043927,0.341744926
933.139522903,-1398.236645961,-641.700399596,0.335709179
934.139533669,-1397.246879475,-641.557755266,0.329673432
935.139544435,-1396.257112989,-641.415110935,0.323637685
936.139555202,-1395.267346502,-641.272466604,0.317601938
937.139565968,-1394.277580016,-641.129822274,0.311566191
938.139576527,-1393.287894914,-640.986615183,0.305545785
939.139587134,-1392.298268040,-640.843005458,0.299536357
940.139597742,-1391.308641166,-640.699395734,0.293526928
941.139608349,-1390.319014293,-640.555786009,0.287517499
942.139618957,-1389.329387419,-640.412176284,0.281508071
943.139629565,-1388.339760545,-640.268566559,0.275498642
944.139640173,-1387.350133671,-640.124956835,0.269489213
945.139650781,-1386.360506797,-639.981347110,0.263479785
946.139661389,-1385.370879923,-639.837737385,0.257470356
947.139666007,-1384.381236121,-639.694244904,0.252541923
948.139683314,-1383.391404951,-639.552050116,0.259578276
949.139700620,-1382.401573781,-639.409855327,0.266614628
950.139717927,-1381.411742611,-639.267660538,0.273650981
951.139735232,-1380.421911442,-639.125465749,0.280687334
952.139752539,-1379.432080272,-638.983270961,0.287723686
953.139769845,-1378.442249102,-638.841076172,0.294760039
954.139787152,-1377.452417932,-638.698881383,0.301796391
955.139985885,-1376.462714613,-638.555803569,0.281459597
956.141832956,-1375.473200888,-638.411416270,0.220529727
957.142242596,-1374.483609077,-638.267565867,0.191641024
958.142252851,-1373.493961363,-638.124099827,0.185690539
959.142263106,-1372.504313649,-637.980633787,0.179740053
960.142273362,-1371.514665935,-637.837167746,0.173789567
961.142283617,-1370.525018221,-637.693701706,0.167839081
962.142293872,-1369.535370507,-637.550235666,0.161888595
963.142304129,-1368.545722792,-637.406769626,0.155938110
964.142314384,-1367.556075078,-637.263303586,0.149987624
965.142324640,-1366.566427364,-637.119837545,0.144037138
966.142334839,-1365.576769186,-636.976443913,0.138091006
967.142344782,-1364.586994973,-636.833853209,0.132193158
968.142354726,-1363.597220759,-636.691262504,0.126295310
969.142364670,-1362.607446546,-636.548671799,0.120397462
970.142374613,-1361.617672333,-636.406081095,0.114499614
971.142384557,-1360.627898119,-636.263490390,0.108601766
972.142394500,-1359.638123906,-636.120899685,0.102703918
973.142404444,-1358.648349692,-635.978308981,0.096806070
974.142414387,-1357.658575479,-635.835718276,0.090908222
975.142424332,-1356.668801265,-635.693127571,0.085010374
976.142433593,-1355.679181688,-635.549470467,0.079157907
977.142443080,-1354.689672879,-635.405049488,0.073337946
978.142452566,-1353.700164070,-635.260628510,0.067517986
979.142462054,-1352.710655261,-635.116207531,0.061698026
980.142471541,-1351.721146451,-634.971786553,0.055878065
981.142481029,-1350.731637642,-634.827365574,0.050058105
982.142490515,-1349.742128833,-634.682944596,0.044238144
983.142500002,-1348.752620024,-634.538523617,0.038418184
984.142509490,-1347.763111214,-634.394102639,0.032598224
985.142518920,-1346.773598928,-634.249705505,0.026787565
986.142527757,-1345.784048019,-634.105573277,0.021080244
987.142536596,-1344.794497109,-633.961441048,0.015372922
988.142545434,-1343.804946199,-633.817308820,0.009665601
989.142554272,-1342.815395289,-633.673176591,0.003958279
990.142563110,-1341.825844379,-633.529044363,-0.001749042
991.142571948,-1340.836293469,-633.384912134,-0.007456364
992.142580786,-1339.846742559,-633.240779906,-0.013163685
993.142589624,-1338.857191649,-633.096647677,-0.018871006
994.142598462,-1337.867640739,-632.952515449,-0.024578328
995.142606386,-1336.878245766,-632.807319510,-0.030197361
996.142614370,-1335.888962557,-632.661361176,-0.035753115
997.142622355,-1334.899679348,-632.515402842,-0.041308870
998.142630340,-1333.910396139,-632.369444508,-0.046864624
999.142638324,-1332.921112930,-632.223486174,-0.052420378
1000.142646309,-1331.931829721,-632.077527840,-0.057976132
1001.142654293,-1330.942546512,-631.931569507,-0.063531886
1002.142662278,-1329.953263303,-631.785611173,-0.069087641
1003.142670261,-1328.963980095,-631.639652839,-0.074643395
1004.142678156,-1327.974693913,-631.493714674,-0.080183354
1005.142685095,-1326.985374641,-631.348000979,-0.085547525
1006.142692033,-1325.996055369,-631.202287285,-0.090911695
1007.142698971,-1325.006736097,-631.056573591,-0.096275865
1008.142705910,-1324.017416825,-630.910859896,-0.101640035
1009.142712848,-1323.028097553,-630.765146202,-0.107004205
1010.142719787,-1322.038778281,-630.619432507,-0.112368375
1011.142726725,-1321.049459009,-630.473718813,-0.117732545
1012.142733664,-1320.060139737,-630.328005119,-0.123096716
1013.142740602,-1319.070820465,-630.182291424,-0.128460886
1014.142746816,-1318.081556491,-630.036203133,-0.133698161
1015.142752610,-1317.092332171,-629.889846211,-0.138844438
1016.142758404,-1316.103107852,-629.743489288,-0.143990714
1017.142764197,-1315.113883533,-629.597132366,-0.149136991
1018.142769991,-1314.124659213,-629.450775444,-0.154283268
1019.142775784,-1313.135434894,-629.304418521,-0.159429544
1020.142781577,-1312.146210575,-629.158061599,-0.164575821
1021.142787371,-1311.156986255,-629.011704677,-0.169722097
1022.142793164,-1310.167761936,-628.865347755,-0.174868374
1023.142798837,-1309.178528210,-628.719054583,-0.179995730
1024.142803474,-1308.189189593,-628.573472292,-0.184912103
1025.142808113,-1307.199850929,-628.427890325,-0.189829130
1026.142812759,-1306.210512179,-628.282308936,-0.194747320
1027.142817405,-1305.221173429,-628.136727546,-0.199665510
1028.142822050,-1304.231834679,-627.991146157,-0.204583701
1029.142826695,-1303.242495930,-627.845564767,-0.209501891
1030.142831341,-1302.253157180,-627.699983378,-0.214420081
1031.142835987,-1301.263818430,-627.554401989,-0.219338271
1032.142840632,-1300.274479681,-627.408820599,-0.224256461
1033.142844162,-1299.284973350,-627.264385973,-0.229043916
1034.142847728,-1298.295346777,-627.120774180,-0.233737564
1035.142851294,-1297.305720203,-626.977162387,-0.238431211
1036.142854861,-1296.316093629,-626.833550594,-0.243124859
1037.142858428,-1295.326467055,-626.689938801,-0.247818507
1038.142861995,-1294.336840481,-626.546327008,-0.252512155
1039.142865560,-1293.347213908,-626.402715215,-0.257205803
1040.142869127,-1292.357587334,-626.259103422,-0.261899451
1041.142872694,-1291.367960760,-626.115491629,-0.266593099
1042.142876165,-1290.378326858,-625.971930444,-0.271269536
1043.142878770,-1289.388611093,-625.828934620,-0.275753713
1044.142881375,-1288.398895327,-625.685938797,-0.280237890
1045.142883980,-1287.409179561,-625.542942973,-0.284722067
1046.142886586,-1286.419463795,-625.399947150,-0.289206244
1047.142889191,-1285.429748029,-625.256951326,-0.293690420
1048.142891796,-1284.440032264,-625.113955503,-0.298174597
1049.142894401,-1283.450316498,-624.970959679,-0.302658774
1050.142897006,-1282.460600732,-624.827963856,-0.307142951
1051.142899612,-1281.470884966,-624.684968032,-0.311627128
1052.142901701,-1280.481147333,-624.542123701,-0.315996726
1053.142903443,-1279.491394000,-624.399388133,-0.320284062
1054.142905185,-1278.501640667,-624.256652566,-0.324571398
1055.142906928,-1277.511887333,-624.113916999,-0.328858734
1056.142908669,-1276.522134000,-623.971181432,-0.333146070
1057.142910411,-1275.532380667,-623.828445865,-0.337433406
1058.142912153,-1274.542627334,-623.685710298,-0.341720742
1059.142913895,-1273.552874001,-623.542974730,-0.346008078
1060.142915636,-1272.563120668,-623.400239163,-0.350295414
1061.142917311,-1271.573373160,-623.257463270,-0.354569024
1062.142918349,-1270.583690859,-623.114236019,-0.358688996
1063.142919388,-1269.594008558,-622.971008767,-0.362808969
1064.142920426,-1268.604326257,-622.827781516,-0.366928941
1065.142921464,-1267.614643956,-622.684554264,-0.371048913
1066.142922503,-1266.624961655,-622.541327013,-0.375168886
1067.142923541,-1265.635279354,-622.398099761,-0.379288858
1068.142924579,-1264.645597053,-622.254872510,-0.383408831
1069.142923034,-1263.656014124,-622.110977993,-0.387520199
1070.142923645,-1262.667544238,-621.959609609,-0.391535196
1071.142924256,-1261.679074353,-621.808241225,-0.395550192
1072.142924868,-1260.690604467,-621.656872841,-0.399565188
1073.142921233,-1259.702270662,-621.504646246,-0.403575675
1074.142921624,-1258.715461142,-621.342806594,-0.407535652
1075.142922016,-1257.728651622,-621.180966942,-0.411495628
1076.142917285,-1256.742002135,-621.018185871,-0.415451674
1077.142917487,-1255.757145663,-620.844857192,-0.419363679
1078.142917691,-1254.772289190,-620.671528514,-0.423275684
1079.142896226,-1253.788827238,-620.490574044,-0.427166736
1080.142896289,-1252.806367081,-620.304141371,-0.431042736
1081.142887598,-1251.824149168,-620.116483198,-0.434915785
1082.142887523,-1250.844645227,-619.915095182,-0.438755776
1083.142887447,-1249.865141286,-619.713707166,-0.442595766
1084.142859952,-1248.887458389,-619.503786769,-0.446415404
1085.142859742,-1247.911083724,-619.287736738,-0.450220421
1086.142835594,-1246.936526098,-619.063739434,-0.454007977
1087.142835271,-1245.963273778,-618.834033046,-0.457782988
1088.142811455,-1244.991931496,-618.596478000,-0.461543440
1089.142811038,-1244.021961292,-618.353284852,-0.465293432
1090.142784223,-1243.054134433,-618.101802031,-0.469025964
1091.142783693,-1242.087847279,-617.844364200,-0.472745954
1092.142774434,-1241.121890431,-617.585723452,-0.476462669
1093.142773757,-1240.159634262,-617.313605521,-0.480142677
1094.142773079,-1239.197378093,-617.041487591,-0.483822686
1095.142746597,-1238.237484926,-616.761239985,-0.487486397
1096.142745817,-1237.279289260,-616.475152290,-0.491138402
1097.142737630,-1236.321430001,-616.187966020,-0.494787128
1098.142736705,-1235.367339304,-615.888473041,-0.498399138
1099.142735780,-1234.413248607,-615.588980061,-0.502011148
1100.142711386,-1233.461628746,-615.281802686,-0.505604526
1101.142710345,-1232.511783783,-614.969105311,-0.509184521
1102.142701568,-1231.562314013,-614.655295161,-0.512761237
1103.142700386,-1230.617047159,-614.329019698,-0.516301233
1104.142699203,-1229.671780305,-614.002744236,-0.519841230
1105.142669615,-1228.729475215,-613.668095826,-0.523360284
1106.142668305,-1227.789297731,-613.327432647,-0.526864295
1107.142658274,-1226.849553989,-612.985600260,-0.530365108
1108.142656828,-1225.914668694,-612.630671269,-0.533830109
1109.142647578,-1224.980210069,-612.274642353,-0.537292653
1110.142646030,-1224.050530636,-611.906292988,-0.540727673
1111.142636532,-1223.121297833,-611.536839848,-0.544159822
1112.142634863,-1222.197067043,-611.155025037,-0.547559818
1113.142625357,-1221.273295492,-610.772120909,-0.550956535
1114.142623553,-1220.354667317,-610.377016646,-0.554316533
1115.142614128,-1219.436507404,-609.980844648,-0.557674072
1116.142612224,-1218.523592016,-609.572714036,-0.561004067
1117.142602790,-1217.611156991,-609.163529003,-0.564330784
1118.142600754,-1216.704102240,-608.742534014,-0.567620789
1119.142591059,-1215.797546978,-608.320482633,-0.570907106
1120.142588875,-1214.896585994,-607.886599691,-0.574152111
1121.142578760,-1213.996148831,-607.451648918,-0.577394248
1122.142576464,-1213.101578185,-607.004739014,-0.580604261
1123.142570316,-1212.207381121,-606.557090666,-0.583809102
1124.142561442,-1211.318290440,-606.099389793,-0.586959307
1125.142558987,-1210.432124072,-605.636038663,-0.590119884
1126.142538612,-1209.549257688,-605.166468174,-0.593242885
1127.142535956,-1208.668761753,-604.692430189,-0.596338893
1128.142527710,-1207.788743986,-604.217516840,-0.599429217
1129.142524842,-1206.914081486,-603.732799795,-0.602455871
1130.142521974,-1206.039418986,-603.248082750,-0.605482524
1131.142513613,-1205.165240980,-602.762503750,-0.608503715
1132.142510545,-1204.296490005,-602.267269617,-0.611463707
1133.142507478,-1203.427739030,-601.772035484,-0.614423699
1134.142477963,-1202.563283293,-601.269393754,-0.617346460
1135.142474708,-1201.701913074,-600.761430715,-0.620242475
1136.142464510,-1200.841114370,-600.252513398,-0.623133570
1137.142461083,-1199.986716918,-599.732907685,-0.625969564
1138.142457655,-1199.132319467,-599.213301971,-0.628805558
1139.142436571,-1198.281591562,-598.687743216,-0.631608963
1140.142432987,-1197.433499621,-598.157908183,-0.634388958
1141.142424216,-1196.585921759,-597.627260918,-0.637165019
1142.142420499,-1195.744102597,-597.087515051,-0.639897019
1143.142416783,-1194.902283434,-596.547769185,-0.642629019
1144.142396595,-1194.064143134,-596.002358181,-0.645330751
1145.142392737,-1193.228645541,-595.452877631,-0.648010741
1146.142383209,-1192.393705446,-594.902560613,-0.650686634
1147.142379218,-1191.565011251,-594.342872277,-0.653316634
1148.142375228,-1190.736317056,-593.783183941,-0.655946633
1149.142365740,-1189.908181743,-593.222678783,-0.658572535
1150.142361619,-1189.086307863,-592.653022372,-0.661152529
1151.142357498,-1188.264433982,-592.083365961,-0.663732524
1152.142335433,-1187.446614206,-591.507935549,-0.666286913
1153.142331200,-1186.631706884,-590.928357117,-0.668822907
1154.142319412,-1185.817478957,-590.347837616,-0.671355953
1155.142315088,-1185.010863748,-589.756773316,-0.673855958
1156.142310764,-1184.204248538,-589.165709017,-0.676355962
1157.142280648,-1183.402686558,-588.567852838,-0.678835597
1158.142276237,-1182.604754814,-587.965117378,-0.681300598
1159.142248674,-1181.811701594,-587.356015191,-0.683748144
1160.142244190,-1181.022153083,-586.742339175,-0.686183150
1161.142211155,-1180.238125841,-586.121670696,-0.688602448
1162.142206606,-1179.458064976,-585.495978958,-0.691010464
1163.142193339,-1178.678791892,-584.869320250,-0.693416510
1164.142188732,-1177.908342942,-584.231830235,-0.695800497
1165.142184124,-1177.137893993,-583.594340221,-0.698184484
1166.142157866,-1176.372429440,-582.950907316,-0.700550629
1167.142153186,-1175.610545549,-582.303205194,-0.702903957
1168.142148506,-1174.848661658,-581.655503072,-0.705257284
1169.142128038,-1174.091096876,-581.002778642,-0.707598971
1170.142123312,-1173.336634927,-580.346446203,-0.709932296
1171.142118585,-1172.582172978,-579.690113764,-0.712265621
1172.142101422,-1171.831591142,-579.029366316,-0.714587311
1173.142096649,-1171.083796892,-578.365446997,-0.716900644
1174.142091876,-1170.336002642,-577.701527678,-0.719213976
1175.142074184,-1169.592210958,-577.033146632,-0.721521490
1176.142069388,-1168.851294852,-576.361560132,-0.723824824
1177.142064591,-1168.110378746,-575.689973633,-0.726128158
1178.142044917,-1167.373809768,-575.013644197,-0.728427212
1179.142040104,-1166.640363901,-574.333907290,-0.730723191
1180.142029462,-1165.907615754,-573.653426871,-0.733018846
1181.142024641,-1165.182688635,-572.964612110,-0.735310853
1182.142019819,-1164.457761517,-572.275797348,-0.737602860
1183.141988459,-1163.738801116,-571.580795219,-0.739897192
1184.141983646,-1163.024127644,-570.881347629,-0.742193194
1185.141970700,-1162.310303182,-570.181045215,-0.744489933
1186.141965908,-1161.605994338,-569.471162017,-0.746794932
1187.141954220,-1160.902478229,-568.760502889,-0.749099930
1188.141949428,-1160.207847152,-568.041147087,-0.751404924
1189.141936055,-1159.514112852,-567.320938329,-0.753711146
1190.141931297,-1158.830430454,-566.591168858,-0.756031151
1191.141926539,-1158.146748056,-565.861399387,-0.758351156
1192.141890136,-1157.469968375,-565.125266897,-0.760678147
1193.141885406,-1156.798148099,-564.384562759,-0.763010156
1194.141872301,-1156.127239773,-563.643043804,-0.765343803
1195.141867617,-1155.466551358,-562.892393473,-0.767695801
1196.141862935,-1154.805862942,-562.141743141,-0.770047798
1197.141836825,-1154.151009370,-561.386025605,-0.772411436
1198.141832190,-1153.500347834,-560.626667542,-0.774783436
1199.141822240,-1152.850429996,-559.866679867,-0.777157729
1200.141817670,-1152.208846772,-559.099636147,-0.779557720
1201.141813102,-1151.567263548,-558.332592426,-0.781957711
1202.141793037,-1150.930749264,-557.561357321,-0.784376326
1203.141788545,-1150.297876896,-556.787110805,-0.786808323
1204.141778701,-1149.665765245,-556.012250013,-0.789242613
1205.141774279,-1149.042180415,-555.230503850,-0.791702609
1206.141769856,-1148.418595586,-554.448757687,-0.794162606
1207.141741965,-1147.801371842,-553.662009378,-0.796645882
1208.141737640,-1147.188718522,-552.871667040,-0.799145885
1209.141725244,-1146.577019647,-552.080595977,-0.801649165
1210.141721021,-1145.976019142,-551.281356654,-0.804189166
1211.141708657,-1145.375987591,-550.481399814,-0.806731625
1212.141704510,-1144.786816868,-549.673400457,-0.809301629
1213.141690689,-1144.198714388,-548.864635218,-0.811874500
1214.141686633,-1143.622585227,-548.047285665,-0.814479515
1215.141671610,-1143.047606842,-547.229139585,-0.817087806
1216.141667660,-1142.485524831,-546.402067088,-0.819732803
1217.141651649,-1141.924663952,-545.574180598,-0.822381078
1218.141647806,-1141.377488296,-544.737171694,-0.825066084
1219.141630743,-1140.831606519,-543.899334161,-0.827754778
1220.141627021,-1140.300224370,-543.052210726,-0.830484804
1221.141609883,-1139.770161293,-542.204277126,-0.833217698
1222.141606257,-1139.254876386,-541.347266877,-0.835982727
1223.141590247,-1138.740873404,-540.489501614,-0.838751852
1224.141586760,-1138.241228518,-539.623279881,-0.841566863
1225.141572540,-1137.742789300,-538.756376218,-0.844385562
1226.141569181,-1137.257852605,-537.881835479,-0.847245561
1227.141556878,-1136.774026440,-537.006690098,-0.850108839
1228.141553635,-1136.302637484,-536.124773120,-0.853008844
1229.141542910,-1135.832272573,-535.242318041,-0.855912947
1230.141539812,-1135.373375774,-534.353836848,-0.858862937
1231.141528287,-1134.915573963,-533.464800446,-0.861817028
1232.141525338,-1134.470035809,-532.569545814,-0.864817045
1233.141522389,-1134.024497655,-531.674291183,-0.867817062
1234.141487319,-1133.587474053,-530.774885255,-0.870851991
1235.141484553,-1133.156566152,-529.872497598,-0.873911997
1236.141472040,-1132.726854333,-528.969550571,-0.876976922
1237.141469459,-1132.310535071,-528.060340268,-0.880096933
1238.141466877,-1131.894215809,-527.151129965,-0.883216944
1239.141433990,-1131.486295013,-526.238154126,-0.886374196
1240.141431611,-1131.084406208,-525.322473782,-0.889558198
1241.141420956,-1130.683635391,-524.406312621,-0.892747119
1242.141418768,-1130.295381119,-523.484768416,-0.895991123
1243.141416582,-1129.907126847,-522.563224210,-0.899235127
1244.141391259,-1129.526313042,-521.638605694,-0.902521422
1245.141389310,-1129.150843077,-520.711779169,-0.905838090
1246.141387361,-1128.775373112,-519.784952644,-0.909154758
1247.141369952,-1128.406032168,-518.855683520,-0.912522821
1248.141368301,-1128.041093143,-517.924660098,-0.915927797
1249.141366649,-1127.676154118,-516.993636677,-0.919332772
1250.141364997,-1127.311215093,-516.062613256,-0.922737747
1251.141361266,-1126.948699533,-515.130646136,-0.926243956
1252.141360222,-1126.587924736,-514.198001161,-0.929822881
1253.141359177,-1126.227149939,-513.265356187,-0.933401805
1254.141358132,-1125.866375141,-512.332711213,-0.936980729
1255.141357089,-1125.505600344,-511.400066238,-0.940559654
1256.141356044,-1125.144825547,-510.467421264,-0.944138578
1257.141355000,-1124.784050750,-509.534776289,-0.947717503
1258.141353955,-1124.423275953,-508.602131315,-0.951296427
1259.141352911,-1124.062501155,-507.669486341,-0.954875351
1260.141351575,-1123.701489320,-506.736933483,-0.958474107
1261.141351427,-1123.337820681,-505.805413100,-0.962295133
1262.141351278,-1122.974152042,-504.873892717,-0.966116158
1263.141351130,-1122.610483403,-503.942372334,-0.969937184
1264.141350981,-1122.246814765,-503.010851951,-0.973758210
1265.141350833,-1121.883146126,-502.079331568,-0.977579236
1266.141350684,-1121.519477487,-501.147811185,-0.981400262
1267.141350535,-1121.155808848,-500.216290803,-0.985221288
1268.141350386,-1120.792140210,-499.284770420,-0.989042314
1269.141350238,-1120.428471571,-498.353250037,-0.992863340
1270.141350531,-1120.064419108,-497.421879656,-0.996813595
1271.141351255,-1119.700090803,-496.490617079,-1.000856723
1272.141351981,-1119.335762497,-495.559354501,-1.004899851
1273.141352705,-1118.971434192,-494.628091924,-1.008942979
1274.141353430,-1118.607105887,-493.696829346,-1.012986107
1275.141354155,-1118.242777581,-492.765566768,-1.017029235
1276.141354879,-1117.878449276,-491.834304191,-1.021072364
1277.141355604,-1117.514120970,-490.903041613,-1.025115492
1278.141356329,-1117.149792665,-489.971779035,-1.029158620
1279.141357114,-1116.785470643,-489.040514000,-1.033216897
1280.141358606,-1116.421219179,-488.109221364,-1.037445284
1281.141360096,-1116.056967714,-487.177928729,-1.041673670
1282.141361587,-1115.692716249,-486.246636093,-1.045902056
1283.141363079,-1115.328464785,-485.315343457,-1.050130442
1284.141364569,-1114.964213320,-484.384050822,-1.054358829
1285.141366060,-1114.599961855,-483.452758186,-1.058587215
1286.141367551,-1114.235710391,-482.521465551,-1.062815601
1287.141369042,-1113.871458926,-481.590172915,-1.067043987
1288.141370534,-1113.507207461,-480.658880279,-1.071272374
1289.141371920,-1113.144005771,-479.727178223,-1.075583424
1290.141374023,-1112.781558981,-478.795181749,-1.079953920
1291.141376124,-1112.419112191,-477.863185276,-1.084324415
1292.141378226,-1112.056665402,-476.931188802,-1.088694911
1293.141380328,-1111.694218612,-475.999192328,-1.093065406
1294.141382430,-1111.331771823,-475.067195854,-1.097435902
1295.141384532,-1110.969325033,-474.135199380,-1.101806397
1296.141386634,-1110.606878244,-473.203202906,-1.106176893
1297.141388736,-1110.244431454,-472.271206432,-1.110547388
1298.141390863,-1109.882012492,-471.339199142,-1.114924758
1299.141393336,-1109.519906604,-470.407070166,-1.119379465
1300.141395810,-1109.157800716,-469.474941189,-1.123834172
1301.141398283,-1108.795694829,-468.542812213,-1.128288879
1302.141400756,-1108.433588941,-467.610683237,-1.132743586
1303.141403230,-1108.071483053,-466.678554260,-1.137198293
1304.141405704,-1107.709377165,-465.746425284,-1.141653000
1305.141408177,-1107.347271277,-464.814296308,-1.146107707
1306.141410651,-1106.985165389,-463.882167331,-1.150562414
1307.141413124,-1106.623059501,-462.950038355,-1.155017121
1308.141415586,-1106.260502958,-462.018084661,-1.159487925
1309.141418183,-1105.897622169,-461.086257083,-1.163970311
1310.141420780,-1105.534741381,-460.154429504,-1.168452698
1311.141423377,-1105.171860592,-459.222601926,-1.172935084
1312.141425975,-1104.808979804,-458.290774347,-1.177417470
1313.141428572,-1104.446099015,-457.358946769,-1.181899856
1314.141431169,-1104.083218227,-456.427119190,-1.186382243
1315.141433766,-1103.720337438,-455.495291612,-1.190864629
1316.141436359,-1103.357456380,-454.563464139,-1.195346264
1317.141438929,-1102.994612116,-453.631622347,-1.199824386
1318.141441416,-1102.632189551,-452.699616453,-1.204282252
1319.141443904,-1102.269766987,-451.767610558,-1.208740118
1320.141446391,-1101.907344422,-450.835604664,-1.213197984
1321.141448880,-1101.544921857,-449.903598769,-1.217655849
1322.141451367,-1101.182499293,-448.971592875,-1.222113715
1323.141453854,-1100.820076728,-448.039586981,-1.226571581
1324.141456342,-1100.457654164,-447.107581086,-1.231029446
1325.141458829,-1100.095231599,-446.175575192,-1.235487312
1326.141461317,-1099.732809034,-445.243569297,-1.239945178
1327.141463625,-1099.370359045,-444.311574068,-1.244362646
1328.141465805,-1099.007889314,-443.379586516,-1.248751031
1329.141467985,-1098.645419582,-442.447598965,-1.253139416
1330.141470166,-1098.282949850,-441.515611413,-1.257527801
1331.141472346,-1097.920480118,-440.583623862,-1.261916186
1332.141474526,-1097.558010387,-439.651636310,-1.266304572
1333.141476706,-1097.195540655,-438.719648759,-1.270692957
1334.141478887,-1096.833070923,-437.787661207,-1.275081342
1335.141481067,-1096.470601191,-436.855673656,-1.279469727
1336.141483210,-1096.108125708,-435.923688342,-1.283849807
1337.141484948,-1095.745585268,-434.991728293,-1.288136094
1338.141486685,-1095.383044828,-434.059768245,-1.292422381
1339.141488423,-1095.020504388,-433.127808196,-1.296708669
1340.141490160,-1094.657963948,-432.195848148,-1.300994956
1341.141491898,-1094.295423508,-431.263888099,-1.305281243
1342.141493635,-1093.932883068,-430.331928051,-1.309567530
1343.141495373,-1093.570342628,-429.399968002,-1.313853818
1344.141497110,-1093.207802188,-428.468007954,-1.318140105
1345.141498848,-1092.845261748,-427.536047905,-1.322426392
1346.141500220,-1092.483119353,-426.603933182,-1.326642310
1347.141501446,-1092.121263680,-425.671707043,-1.330807539
1348.141502672,-1091.759408006,-424.739480904,-1.334972769
1349.141503898,-1091.397552333,-423.807254765,-1.339137998
1350.141505124,-1091.035696660,-422.875028626,-1.343303228
1351.141506349,-1090.673840987,-421.942802487,-1.347468457
1352.141507575,-1090.311985313,-421.010576348,-1.351633686
1353.141508801,-1089.950129640,-420.078350209,-1.355798916
1354.141510027,-1089.588273967,-419.146124070,-1.359964145
1355.141511199,-1089.226369254,-418.213916984,-1.364120143
1356.141511958,-1088.863909711,-417.281925470,-1.368171693
1357.141512717,-1088.501450168,-416.349933956,-1.372223244
1358.141513476,-1088.138990624,-415.417942442,-1.376274794
1359.141514235,-1087.776531081,-414.485950928,-1.380326345
1360.141514993,-1087.414071538,-413.553959414,-1.384377895
1361.141515752,-1087.051611995,-412.621967900,-1.388429445
1362.141516511,-1086.689152452,-411.689976386,-1.392480996
1363.141517270,-1086.326692909,-410.757984872,-1.396532546
1364.141518029,-1085.964233365,-409.825993358,-1.400584096
1365.141518549,-1085.601396099,-408.894148895,-1.404590990
1366.141518999,-1085.238286589,-407.962410420,-1.408565696
1367.141519449,-1084.875177079,-407.030671945,-1.412540402
1368.141519899,-1084.512067569,-406.098933470,-1.416515108
1369.141520350,-1084.148958059,-405.167194994,-1.420489815
1370.141520801,-1083.785848549,-404.235456519,-1.424464521
1371.141521251,-1083.422739039,-403.303718044,-1.428439227
1372.141521702,-1083.059629529,-402.371979568,-1.432413933
1373.141522152,-1082.696520019,-401.440241093,-1.436388639
1374.141522535,-1082.333509378,-400.508464162,-1.440362578
1375.141522949,-1081.971619436,-399.576251325,-1.444327812
1376.141523361,-1081.609729494,-398.644038489,-1.448293045
1377.141523774,-1081.247839553,-397.711825652,-1.452258279
1378.141524187,-1080.885949611,-396.779612816,-1.456223513
1379.141524600,-1080.524059669,-395.847399979,-1.460188747
1380.141525012,-1080.162169727,-394.915187143,-1.464153981
1381.141525426,-1079.800279785,-393.982974306,-1.468119214
1382.141525839,-1079.438389844,-393.050761469,-1.472084448
1383.141526251,-1079.076499902,-392.118548633,-1.476049682
1384.141526439,-1078.713554848,-391.186746580,-1.480074240
1385.141527262,-1078.349848873,-390.255240774,-1.484141582
1386.141528085,-1077.986142898,-389.323734968,-1.488208923
1387.141528908,-1077.622436923,-388.392229162,-1.492276265
1388.141529731,-1077.258730948,-387.460723356,-1.496343606
1389.141530553,-1076.895024973,-386.529217551,-1.500410948
1390.141531376,-1076.531318998,-385.597711745,-1.504478289
1391.141532199,-1076.167613023,-384.666205939,-1.508545631
1392.141533022,-1075.803907048,-383.734700133,-1.512612972
1393.141533930,-1075.440213839,-382.803189344,-1.516701442
1394.141535849,-1075.076665584,-381.871621972,-1.521029829
1395.141537768,-1074.713117330,-380.940054599,-1.525358216
1396.141539686,-1074.349569076,-380.008487227,-1.529686603
1397.141541606,-1073.986020821,-379.076919854,-1.534014990
1398.141543524,-1073.622472567,-378.145352482,-1.538343377
1399.141545443,-1073.258924313,-377.213785109,-1.542671764
1400.141547361,-1072.895376059,-376.282217737,-1.547000152
1401.141549281,-1072.531827804,-375.350650364,-1.551328539
1402.141551199,-1072.168279550,-374.419082992,-1.555656926
1403.141554240,-1071.805187920,-373.487337642,-1.560256176
1404.141558287,-1071.442425781,-372.555463866,-1.565050877
1405.141562332,-1071.079663642,-371.623590091,-1.569845577
1406.141566378,-1070.716901504,-370.691716316,-1.574640278
1407.141570424,-1070.354139365,-369.759842540,-1.579434979
1408.141574470,-1069.991377226,-368.827968765,-1.584229679
1409.141578516,-1069.628615087,-367.896094989,-1.589024380
1410.141582561,-1069.265852949,-366.964221214,-1.593819080
1411.141586608,-1068.903090810,-366.032347438,-1.598613781
1412.141590810,-1068.540465392,-365.100420583,-1.603466293
1413.141598530,-1068.179392391,-364.167891017,-1.608974209
1414.141606220,-1067.818312117,-363.235364268,-1.614476689
1415.141613909,-1067.457231843,-362.302837519,-1.619979169
1416.141621600,-1067.096151569,-361.370310769,-1.625481649
1417.141629289,-1066.735071295,-360.437784020,-1.630984129
1418.141636979,-1066.373991021,-359.505257271,-1.636486609
1419.141644669,-1066.012910747,-358.572730521,-1.641989088
1420.141652359,-1065.651830473,-357.640203772,-1.647491568
1421.141660049,-1065.290750199,-356.707677022,-1.652994048
1422.141671035,-1064.929508888,-355.775212655,-1.659067834
1423.141684622,-1064.568151311,-354.842793326,-1.665554100
1424.141698209,-1064.206793733,-353.910373998,-1.672040366
1425.141711796,-1063.845436155,-352.977954670,-1.678526632
1426.141725383,-1063.484078578,-352.045535342,-1.685012899
1427.141738971,-1063.122721000,-351.113116013,-1.691499165
1428.141752557,-1062.761363423,-350.180696685,-1.697985431
1429.141766144,-1062.400005845,-349.248277357,-1.704471697
1430.141779731,-1062.038648267,-348.315858029,-1.710957963
1431.141793959,-1061.677216541,-347.383467479,-1.717547799
1432.141816701,-1061.314939555,-346.451404987,-1.725318274
1433.141839442,-1060.952662569,-345.519342496,-1.733088750
1434.141862184,-1060.590385582,-344.587280004,-1.740859225
1435.141884924,-1060.228108596,-343.655217513,-1.748629700
1436.141907665,-1059.865831610,-342.723155022,-1.756400175
1437.141930407,-1059.503554624,-341.791092530,-1.764170650
1438.141953147,-1059.141277638,-340.859030039,-1.771941126
1439.141975889,-1058.779000652,-339.926967547,-1.779711601
1440.141998630,-1058.416723666,-338.994905056,-1.787482076
1441.142028469,-1058.055615777,-338.062389608,-1.796183311
1442.142064952,-1057.695352440,-337.129546947,-1.805556924
1443.142101435,-1057.335089102,-336.196704286,-1.814930537
1444.142137918,-1056.974825765,-335.263861625,-1.824304150
1445.142174401,-1056.614562428,-334.331018964,-1.833677763
1446.142210883,-1056.254299091,-333.398176303,-1.843051376
1447.142247367,-1055.894035754,-332.465333641,-1.852424989
1448.142283850,-1055.533772416,-331.532490980,-1.861798602
1449.142320333,-1055.173509079,-330.599648319,-1.871172215
1450.142357293,-1054.812950045,-329.666920526,-1.880657445
1451.142407731,-1054.449014092,-328.735504548,-1.891417371
1452.142458170,-1054.085078139,-327.804088569,-1.902177297
1453.142508607,-1053.721142186,-326.872672591,-1.912937223
1454.142559045,-1053.357206232,-325.941256613,-1.923697149
1455.142614604,-1052.990712663,-325.010846968,-1.935163483
1456.142678876,-1052.622370696,-324.081164604,-1.947140342
1457.142743148,-1052.254028728,-323.151482240,-1.959117201
1458.142807419,-1051.885686761,-322.221799877,-1.971094060
1459.142871691,-1051.517344793,-321.292117513,-1.983070919
1460.142935963,-1051.149002826,-320.362435149,-1.995047778
1461.143000840,-1050.781070487,-319.432591785,-2.007166810
1462.143087839,-1050.417820352,-318.500908124,-2.020910928
1463.143174837,-1050.054570218,-317.569224464,-2.034655046
1464.143261835,-1049.691320084,-316.637540804,-2.048399164
1465.143348832,-1049.328069950,-315.705857144,-2.062143283
1466.143435830,-1048.964819815,-314.774173484,-2.075887401
1467.143522828,-1048.601569681,-313.842489824,-2.089631519
1468.143609826,-1048.238319547,-312.910806164,-2.103375637
1469.143696824,-1047.875069413,-311.979122503,-2.117119755
1470.143783822,-1047.511819278,-311.047438843,-2.130863873
1471.143887278,-1047.148875317,-310.115635911,-2.145760186
1472.144003529,-1046.786152717,-309.183746745,-2.161489532
1473.144119781,-1046.423430116,-308.251857578,-2.177218877
1474.144236031,-1046.060707516,-307.319968412,-2.192948222
1475.144352282,-1045.697984916,-306.388079246,-2.208677568
1476.144468532,-1045.335262316,-305.456190080,-2.224406913
1477.144584783,-1044.972539716,-304.524300914,-2.240136259
1478.144701033,-1044.609817116,-303.592411748,-2.255865604
1479.144817285,-1044.247094516,-302.660522581,-2.271594950
1480.144935794,-1043.884254297,-301.728679303,-2.287472990
1481.145082879,-1043.520067080,-300.797361541,-2.305053924
1482.145229964,-1043.155879863,-299.866043779,-2.322634857
1483.145377049,-1042.791692645,-298.934726018,-2.340215790
1484.145524134,-1042.427505428,-298.003408256,-2.357796724
1485.145671219,-1042.063318211,-297.072090494,-2.375377657
1486.145818305,-1041.699130993,-296.140772732,-2.392958591
1487.145965389,-1041.334943776,-295.209454971,-2.410539524
1488.146112474,-1040.970756559,-294.278137209,-2.428120457
1489.146259560,-1040.606569341,-293.346819447,-2.445701391
1490.146423815,-1040.243819257,-292.414941902,-2.464279718
1491.146602591,-1039.882108821,-291.482659401,-2.483579577
1492.146781370,-1039.520398384,-290.550376899,-2.502879437
1493.146960147,-1039.158687948,-289.618094398,-2.522179296
1494.147138925,-1038.796977511,-288.685811896,-2.541479155
1495.147317702,-1038.435267074,-287.753529395,-2.560779014
1496.147496480,-1038.073556638,-286.821246893,-2.580078874
1497.147675257,-1037.711846201,-285.888964392,-2.599378733
1498.147854035,-1037.350135765,-284.956681890,-2.618678592
1499.148035275,-1036.988460428,-284.024385780,-2.638106052
1500.148246030,-1036.627187789,-283.091933538,-2.658997474
1501.148456785,-1036.265915150,-282.159481296,-2.679888896
1502.148667539,-1035.904642512,-281.227029055,-2.700780318
1503.148878294,-1035.543369873,-280.294576813,-2.721671740
1504.149089049,-1035.182097234,-279.362124571,-2.742563162
1505.149299805,-1034.820824595,-278.429672329,-2.763454584
1506.149510558,-1034.459551957,-277.497220088,-2.784346006
1507.149721314,-1034.098279318,-276.564767846,-2.805237428
1508.149932069,-1033.737006679,-275.632315604,-2.826128850
1509.150161041,-1033.375860016,-274.699814571,-2.847875317
1510.150403691,-1033.014804642,-273.767278181,-2.870241709
1511.150646393,-1032.653749508,-272.834741697,-2.892610431
1512.150889094,-1032.292694374,-271.902205214,-2.914979152
1513.151131797,-1031.931639240,-270.969668730,-2.937347874
1514.151374498,-1031.570584106,-270.037132247,-2.959716596
1515.151617199,-1031.209528972,-269.104595764,-2.982085318
1516.151859902,-1030.848473838,-268.172059280,-3.004454040
1517.152102603,-1030.487418705,-267.239522797,-3.026822761
1518.152347797,-1030.126386987,-266.306977251,-3.049302824
1519.152622575,-1029.765624421,-265.374327546,-3.073062638
1520.152897353,-1029.404861854,-264.441677840,-3.096822452
1521.153172131,-1029.044099287,-263.509028135,-3.120582266
1522.153446909,-1028.683336721,-262.576378429,-3.144342080
1523.153721687,-1028.322574154,-261.643728724,-3.168101894
1524.153996465,-1027.961811587,-260.711079018,-3.191861708
1525.154271243,-1027.601049020,-259.778429313,-3.215621522
1526.154546020,-1027.240286454,-258.845779608,-3.239381336
1527.154820799,-1026.879523887,-257.913129902,-3.263141150
1528.155114151,-1026.519377258,-256.980242346,-3.287676902
1529.155421603,-1026.159676719,-256.047182527,-3.312774623
1530.155729054,-1025.799976180,-255.114122709,-3.337872344
1531.156036507,-1025.440275641,-254.181062890,-3.362970065
1532.156343958,-1025.080575102,-253.248003072,-3.388067785
1533.156651409,-1024.720874563,-252.314943254,-3.413165506
1534.156958862,-1024.361174024,-251.381883435,-3.438263227
1535.157266313,-1024.001473485,-250.448823617,-3.463360947
1536.157573765,-1023.641772946,-249.515763798,-3.488458668
1537.157883799,-1023.282153143,-248.582672905,-3.513660759
1538.158224877,-1022.923463096,-247.649224164,-3.540064773
1539.158565957,-1022.564773048,-246.715775423,-3.566468786
1540.158907035,-1022.206083001,-245.782326682,-3.592872799
1541.159248114,-1021.847392953,-244.848877941,-3.619276812
1542.159589193,-1021.488702905,-243.915429200,-3.645680826
1543.159930273,-1021.130012858,-242.981980458,-3.672084839
1544.160271352,-1020.771322810,-242.048531717,-3.698488852
1545.160612431,-1020.412632763,-241.115082976,-3.724892866
1546.160953510,-1020.053942715,-240.181634235,-3.751296879
1547.161314555,-1019.695438149,-239.248114257,-3.778447333
1548.161690442,-1019.337067991,-238.314542656,-3.806138695
1549.162066328,-1018.978697834,-237.380971056,-3.833830058
1550.162442214,-1018.620327677,-236.447399456,-3.861521420
1551.162818102,-1018.261957519,-235.513827855,-3.889212783
1552.163193988,-1017.903587362,-234.580256255,-3.916904145
1553.163569874,-1017.545217205,-233.646684655,-3.944595508
1554.163945761,-1017.186847047,-232.713113054,-3.972286870
1555.164321647,-1016.828476890,-231.779541454,-3.999978233
1556.164700350,-1016.470141115,-230.845956664,-4.027771422
1557.165112393,-1016.112202067,-229.912219688,-4.056739560
1558.165524436,-1015.754263019,-228.978482712,-4.085707697
1559.165936478,-1015.396323971,-228.044745736,-4.114675835
1560.166348514,-1015.038385146,-227.111008675,-4.143643727
1561.166760510,-1014.680447595,-226.177271124,-4.172610214
1562.167172505,-1014.322510045,-225.243533574,-4.201576702
1563.167584500,-1013.964572494,-224.309796024,-4.230543189
1564.167996495,-1013.606634944,-223.376058474,-4.259509677
1565.168408490,-1013.248697393,-222.442320924,-4.288476164
1566.168841737,-1012.891438818,-221.508323585,-4.318174050
1567.169291060,-1012.534672544,-220.574137881,-4.348402249
1568.169740382,-1012.177906271,-219.639952178,-4.378630448
1569.170189705,-1011.821139997,-218.705766474,-4.408858646
1570.170639028,-1011.464373724,-217.771580770,-4.439086845
1571.171088350,-1011.107607450,-216.837395067,-4.469315044
1572.171537672,-1010.750841177,-215.903209363,-4.499543242
1573.171986994,-1010.394074903,-214.969023660,-4.529771441
1574.172436317,-1010.037308630,-214.034837956,-4.559999640
1575.172888579,-1009.680600550,-213.100630055,-4.590325726
1576.173375804,-1009.324565187,-212.166165543,-4.621783382
1577.173863029,-1008.968529823,-211.231701032,-4.653241039
1578.174350253,-1008.612494460,-210.297236521,-4.684698696
1579.174837478,-1008.256459096,-209.362772010,-4.716156353
1580.175324702,-1007.900423733,-208.428307499,-4.747614009
1581.175811927,-1007.544388369,-207.493842988,-4.779071666
1582.176299151,-1007.188353006,-206.559378477,-4.810529323
1583.176786376,-1006.832317642,-205.624913966,-4.841986980
1584.177273602,-1006.476282279,-204.690449454,-4.873444637
1585.177782710,-1006.120391421,-203.755929908,-4.905591048
1586.178308008,-1005.764605400,-202.821370434,-4.938237141
1587.178833304,-1005.408819379,-201.886810961,-4.970883234
1588.179358601,-1005.053033358,-200.952251487,-5.003529327
1589.179883899,-1004.697247337,-200.017692013,-5.036175420
1590.180409195,-1004.341461316,-199.083132540,-5.068821514
1591.180934492,-1003.985675295,-198.148573066,-5.101467607
1592.181459790,-1003.629889274,-197.214013592,-5.134113700
1593.181985086,-1003.274103253,-196.279454119,-5.166759793
1594.182513242,-1002.918185204,-195.344945042,-5.199496911
1595.183076562,-1002.560738075,-194.411019642,-5.233288236
1596.183639881,-1002.203290947,-193.477094242,-5.267079561
1597.184203201,-1001.845843818,-192.543168842,-5.300870885
1598.184766520,-1001.488396689,-191.609243442,-5.334662210
1599.185329839,-1001.130949561,-190.675318042,-5.368453535
1600.185893159,-1000.773502432,-189.741392642,-5.402244859
1601.186456478,-1000.416055303,-188.807467242,-5.436036184
1602.187019798,-1000.058608174,-187.873541842,-5.469827508
1603.187583117,-999.701161046,-186.939616442,-5.503618833
1604.188167851,-999.342859568,-186.006018806,-5.538047235
1605.188768907,-998.983937924,-185.072659092,-5.572938086
1606.189369964,-998.625016280,-184.139299378,-5.607828938
1607.189971045,-998.266094156,-183.205939848,-5.642720490
1608.190572182,-997.907170925,-182.272580744,-5.677613659
1609.191173319,-997.548247695,-181.339221640,-5.712506828
1610.191774456,-997.189324464,-180.405862536,-5.747399997
1611.192375593,-996.830401234,-179.472503432,-5.782293166
1612.192976731,-996.471478003,-178.539144328,-5.817186335
1613.193580653,-996.112687629,-177.605734270,-5.852162622
1614.194218871,-995.755438946,-176.671732942,-5.888103423
1615.194857089,-995.398190264,-175.737731614,-5.924044225
1616.195495308,-995.040941581,-174.803730285,-5.959985026
1617.196133526,-994.683692898,-173.869728957,-5.995925827
1618.196771744,-994.326444215,-172.935727629,-6.031866628
1619.197409963,-993.969195532,-172.001726300,-6.067807429
1620.198048181,-993.611946850,-171.067724972,-6.103748230
1621.198686399,-993.254698167,-170.133723644,-6.139689031
1622.199324617,-992.897449484,-169.199722316,-6.175629832
1623.199983113,-992.540318520,-168.265675975,-6.212130981
1624.200656543,-992.183273057,-167.331596942,-6.249039112
1625.201329972,-991.826227593,-166.397517910,-6.285947244
1626.202003402,-991.469182129,-165.463438877,-6.322855375
1627.202676831,-991.112136666,-164.529359844,-6.359763506
1628.203350261,-990.755091202,-163.595280811,-6.396671638
1629.204023690,-990.398045738,-162.661201779,-6.433579769
1630.204697120,-990.041000274,-161.727122746,-6.470487901
1631.205370550,-989.683954811,-160.793043713,-6.507396032
1632.206046449,-989.326854881,-159.858985523,-6.544371609
1633.206751652,-988.969121692,-158.925169658,-6.582131355
1634.207456853,-988.611388503,-157.991353794,-6.619891101
1635.208162055,-988.253655314,-157.057537930,-6.657650847
1636.208867257,-987.895922125,-156.123722066,-6.695410593
1637.209572458,-987.538188937,-155.189906202,-6.733170339
1638.210277661,-987.180455748,-154.256090337,-6.770930084
1639.210982863,-986.822722559,-153.322274473,-6.808689830
1640.211688064,-986.464989370,-152.388458609,-6.846449576
1641.212393266,-986.107256181,-151.454642745,-6.884209322
1642.213113988,-985.749989482,-150.520648405,-6.922380538
1643.213846251,-985.393061788,-149.586524364,-6.960850777
1644.214578514,-985.036134094,-148.652400323,-6.999321016
1645.215310777,-984.679206400,-147.718276282,-7.037791254
1646.216043040,-984.322278706,-146.784152241,-7.076261493
1647.216775302,-983.965351012,-145.850028200,-7.114731732
1648.217507565,-983.608423318,-144.915904159,-7.153201971
1649.218239828,-983.251495624,-143.981780118,-7.191672209
1650.218972091,-982.894567930,-143.047656077,-7.230142448
1651.219706007,-982.537681732,-142.113516194,-7.268655963
1652.220459461,-982.181278879,-141.179191781,-7.307673557
1653.221212914,-981.824876026,-140.244867368,-7.346691152
1654.221966368,-981.468473174,-139.310542955,-7.385708746
1655.222719822,-981.112070321,-138.376218541,-7.424726341
1656.223473276,-980.755667468,-137.441894128,-7.463743935
1657.224226729,-980.399264616,-136.507569715,-7.502761530
1658.224980183,-980.042861763,-135.573245302,-7.541779125
1659.225733637,-979.686458910,-134.638920888,-7.580796719
1660.226487091,-979.330056057,-133.704596475,-7.619814314
1661.227248591,-978.974458775,-132.769965459,-7.659044621
1662.228016435,-978.619447261,-131.835111499,-7.698429600
1663.228784280,-978.264435747,-130.900257539,-7.737814580
1664.229552125,-977.909424232,-129.965403578,-7.777199560
1665.230319970,-977.554412718,-129.030549618,-7.816584539
1666.231087815,-977.199401204,-128.095695657,-7.855969519
1667.231855660,-976.844389689,-127.160841697,-7.895354499
1668.232623504,-976.489378175,-126.225987737,-7.934739478
1669.233391349,-976.134366661,-125.291133776,-7.974124458
1670.234159756,-975.779351209,-124.356281311,-8.013523726
1671.234934743,-975.424289809,-123.421446296,-8.053089753
1672.235709729,-975.069228408,-122.486611282,-8.092655780
1673.236484716,-974.714167007,-121.551776267,-8.132221807
1674.237259701,-974.359105607,-120.616941253,-8.171787834
1675.238034688,-974.004044206,-119.682106238,-8.211353862
1676.238809674,-973.648982805,-118.747271224,-8.250919889
1677.239584661,-973.293921404,-117.812436209,-8.290485916
1678.240359646,-972.938860004,-116.877601195,-8.330051943
1679.241134633,-972.583798603,-115.942766180,-8.369617970
1680.241909763,-972.229152963,-115.007773438,-8.409189469
1681.242685124,-971.874809812,-114.072665939,-8.448764948
1682.243460484,-971.520466661,-113.137558440,-8.488340428
1683.244235843,-971.166123510,-112.202450942,-8.527915908
1684.245011204,-970.811780359,-111.267343443,-8.567491388
1685.245786563,-970.457437209,-110.332235945,-8.607066868
1686.246561923,-970.103094058,-109.397128446,-8.646642348
1687.247337284,-969.748750907,-108.462020947,-8.686217827
1688.248112643,-969.394407756,-107.526913449,-8.725793307
1689.248887538,-969.040060573,-106.591807478,-8.765357014
1690.249656999,-968.685666240,-105.656719375,-8.804783041
1691.250426460,-968.331271907,-104.721631273,-8.844209069
1692.251195922,-967.976877574,-103.786543170,-8.883635097
1693.251965382,-967.622483242,-102.851455068,-8.923061125
1694.252734844,-967.268088909,-101.916366965,-8.962487152
1695.253504304,-966.913694576,-100.981278863,-9.001913180
1696.254273766,-966.559300243,-100.046190760,-9.041339208
1697.255043227,-966.204905910,-99.111102658,-9.080765236
1698.255812688,-965.850511577,-98.176014555,-9.120191263
1699.256575352,-965.495478670,-97.241168901,-9.159448715
1700.257333380,-965.139980888,-96.306499746,-9.198583446
1701.258091408,-964.784483107,-95.371830590,-9.237718177
1702.258849435,-964.428985326,-94.437161435,-9.276852908
1703.259607463,-964.073487544,-93.502492279,-9.315987640
1704.260365490,-963.717989763,-92.567823124,-9.355122371
1705.261123518,-963.362491981,-91.633153969,-9.394257102
1706.261881531,-963.006994030,-90.698484878,-9.433391464
1707.262639511,-962.651495687,-89.763815936,-9.472524973
1708.263396186,-962.296036287,-88.829132194,-9.511625364
1709.264137786,-961.941033178,-87.894275042,-9.550337726
1710.264879386,-961.586030068,-86.959417890,-9.589050088
1711.265620985,-961.231026958,-86.024560738,-9.627762451
1712.266362585,-960.876023849,-85.089703586,-9.666474813
1713.267104185,-960.521020739,-84.154846434,-9.705187176
1714.267845785,-960.166017629,-83.219989282,-9.743899538
1715.268587384,-959.811014520,-82.285132130,-9.782611900
1716.269328984,-959.456011410,-81.350274978,-9.821324263
1717.270070584,-959.101008300,-80.415417826,-9.860036625
1718.270800189,-958.745910148,-79.480596775,-9.898437758
1719.271521125,-958.390742767,-78.545802019,-9.936612192
1720.272242060,-958.035575387,-77.611007264,-9.974786626
1721.272962995,-957.680408006,-76.676212509,-10.012961060
1722.273683930,-957.325240625,-75.741417754,-10.051135494
1723.274404865,-956.970073245,-74.806622999,-10.089309928
1724.275125800,-956.614905864,-73.871828244,-10.127484362
1725.275846736,-956.259738483,-72.937033488,-10.165658796
1726.276567671,-955.904571102,-72.002238733,-10.203833230
1727.277286686,-955.549357269,-71.067461644,-10.241957676
1728.277983530,-955.193598107,-70.132891946,-10.279495284
1729.278680375,-954.837838945,-69.198322247,-10.317032893
1730.279377219,-954.482079783,-68.263752549,-10.354570502
1731.280074063,-954.126320621,-67.329182851,-10.392108111
1732.280770908,-953.770561459,-66.394613152,-10.429645720
1733.281467752,-953.414802297,-65.460043454,-10.467183329
1734.282164597,-953.059043135,-64.525473755,-10.504720938
1735.282861442,-952.703283972,-63.590904057,-10.542258547
1736.283558287,-952.347524810,-62.656334358,-10.579796156
1737.284239380,-951.992054361,-61.721654845,-10.616912438
1738.284909166,-951.636794337,-60.786895294,-10.653721642
1739.285578952,-951.281534313,-59.852135743,-10.690530846
1740.286248737,-950.926274288,-58.917376193,-10.727340050
1741.286918523,-950.571014264,-57.982616642,-10.764149254
1742.287588309,-950.215754239,-57.047857091,-10.800958458
1743.288258095,-949.860494215,-56.113097540,-10.837767662
1744.288927880,-949.505234191,-55.178337990,-10.874576866
1745.289597666,-949.149974166,-54.243578439,-10.911386070
1746.290265070,-948.794740702,-53.308808800,-10.948130611
1747.290904840,-948.439819646,-52.373920492,-10.984114546
1748.291544608,-948.084898591,-51.439032185,-11.020098482
1749.292184376,-947.729977536,-50.504143878,-11.056082417
1750.292824144,-947.375056480,-49.569255571,-11.092066352
1751.293463913,-947.020135425,-48.634367263,-11.128050288
1752.294103681,-946.665214370,-47.699478956,-11.164034223
1753.294743450,-946.310293314,-46.764590649,-11.200018158
1754.295383219,-945.955372259,-45.829702341,-11.236002094
1755.296022987,-945.600451204,-44.894814034,-11.271986029
1756.296643212,-945.246458188,-43.959574316,-11.307432478
1757.297249988,-944.893141957,-43.024078328,-11.342486960
1758.297856763,-944.539825727,-42.088582340,-11.377541442
1759.298463539,-944.186509496,-41.153086352,-11.412595923
1760.299070314,-943.833193265,-40.217590364,-11.447650405
1761.299677090,-943.479877034,-39.282094376,-11.482704886
1762.300283866,-943.126560803,-38.346598388,-11.517759368
1763.300890641,-942.773244572,-37.411102400,-11.552813850
1764.301497417,-942.419928341,-36.475606412,-11.587868331
1765.302101147,-942.066776566,-35.540048524,-11.622840981
1766.302671814,-941.715563027,-34.603761093,-11.656849184
1767.303242481,-941.364349489,-33.667473663,-11.690857387
1768.303813149,-941.013135950,-32.731186232,-11.724865589
1769.304383817,-940.661922411,-31.794898801,-11.758873792
1770.304954484,-940.310708873,-30.858611370,-11.792881995
1771.305525151,-939.959495334,-29.922323940,-11.826890198
1772.306095819,-939.608281795,-28.986036509,-11.860898401
1773.306666487,-939.257068256,-28.049749078,-11.894906604
1774.307237153,-938.905854718,-27.113461648,-11.928914807
1775.307789842,-938.552148604,-26.178115772,-11.962467168
1776.308334022,-938.196623781,-25.243456902,-11.995686925
1777.308878201,-937.841098958,-24.308798032,-12.028906682
1778.309417344,-937.484875222,-23.374408858,-12.062074403
1779.309939631,-937.120404382,-22.443202055,-12.094628112
1780.310461919,-936.755933542,-21.511995252,-12.127181821
1781.310984206,-936.391462702,-20.580788449,-12.159735529
1782.311506493,-936.026991863,-19.649581646,-12.192289238
1783.312028779,-935.662521023,-18.718374844,-12.224842947
1784.312551066,-935.298050183,-17.787168041,-12.257396656
1785.312929647,-934.939505547,-16.853679200,-12.285709796
1786.313240132,-934.585285911,-15.918524907,-12.310928129
1787.313550617,-934.231066276,-14.983370614,-12.336146462
1788.314086134,-933.874487691,-14.049117348,-12.369220130
1789.314981362,-933.515078726,-13.115945178,-12.411719003
1790.315600779,-933.158877163,-12.181548610,-12.447253744
1791.316056869,-932.805016792,-11.246258313,-12.477705126
1792.316512959,-932.451156421,-10.310968016,-12.508156508
1793.316969050,-932.097296050,-9.375677718,-12.538607890
1794.317425140,-931.743435679,-8.440387421,-12.569059272
1795.317881232,-931.389575308,-7.505097123,-12.599510654
1796.318337322,-931.035714937,-6.569806826,-12.629962036
1797.318793413,-930.681854566,-5.634516528,-12.660413418
1798.319249503,-930.327994195,-4.699226231,-12.690864800
1799.319701468,-929.973907899,-3.764021811,-12.721191716
1800.320110257,-929.617150868,-2.829832578,-12.750047280
1801.320519047,-929.260393837,-1.895643345,-12.778902845
1802.320927836,-928.903636806,-0.961454112,-12.807758409
1803.321336627,-928.546879774,-0.027264878,-12.836613974
1804.321745416,-928.190122743,0.906924355,-12.865469538
1805.322154176,-927.833364179,1.841113002,-12.894324106
1806.322534421,-927.472716776,2.773800457,-12.922398926
1807.322905223,-927.109232172,3.705392666,-12.949906031
1808.323276026,-926.745747568,4.636984876,-12.977413137
1809.323646829,-926.382262964,5.568577086,-13.004920242
1810.324017632,-926.018778359,6.500169295,-13.032427347
1811.324383994,-925.655014654,7.431651987,-13.059791907
1812.324706166,-925.287948121,8.361838669,-13.085469617
1813.325028338,-924.920881587,9.292025351,-13.111147327
1814.325350509,-924.553815054,10.222212032,-13.136825037
1815.325672682,-924.186748520,11.152398714,-13.162502748
1816.325994853,-923.819681987,12.082585395,-13.188180458
1817.326317025,-923.452615453,13.012772077,-13.213858168
1818.326639197,-923.085548920,13.942958759,-13.239535878
1819.326961369,-922.718482386,14.873145440,-13.265213588
1820.327283541,-922.351415853,15.803332122,-13.290891298
1821.327570655,-921.986008403,16.734170549,-13.315212674
1822.327835327,-921.621812997,17.665485108,-13.338543178
1823.328099999,-921.257617592,18.596799668,-13.361873683
1824.328364672,-920.893422186,19.528114228,-13.385204188
1825.328629345,-920.529226781,20.459428788,-13.408534692
1826.328894024,-920.165030797,21.390743121,-13.431865498
1827.329158727,-919.800832890,22.322056703,-13.455197307
1828.329423430,-919.436634984,23.253370285,-13.478529116
1829.329688133,-919.072437077,24.184683866,-13.501860925
1830.329918377,-918.702226117,25.113607090,-13.524356037
1831.330150351,-918.327621782,26.040783823,-13.546239827
1832.330371832,-917.951836922,26.967472280,-13.568085959
1833.330593332,-917.562058175,27.888372725,-13.589485703
1834.330765804,-917.162135506,28.804864714,-13.610681573
1835.330958400,-916.753096232,29.717350475,-13.631701521
1836.331165188,-916.323859758,30.620534372,-13.652402145
1837.331274562,-915.880272621,31.516653018,-13.672910288
1838.331452001,-915.424490818,32.406711370,-13.693256996
1839.331631088,-914.947067032,33.285358853,-13.713340202
1840.331805256,-914.451696062,34.154013772,-13.733204747
1841.331975083,-913.938276823,35.012124297,-13.752869314
1842.332140657,-913.406818233,35.859180422,-13.772333698
1843.332301973,-912.857370008,36.694679153,-13.791599686
1844.332459234,-912.289955313,37.518081141,-13.810685680
1845.332612327,-911.704521223,38.328769549,-13.829591825
1846.332761310,-911.100980354,39.126068557,-13.848318757
1847.332906762,-910.479297751,39.909303672,-13.866877373
1848.333049356,-909.839631870,40.677921858,-13.885285335
1849.333189515,-909.182314574,41.431500851,-13.903533937
1850.333328096,-908.507939257,42.169855434,-13.921634278
1851.333466023,-907.817380557,42.893099275,-13.939603739
1852.333596549,-907.111532578,43.601422541,-13.957432088
1853.333745503,-906.390092459,44.293888610,-13.975119022
1854.333816970,-905.658807107,44.975838305,-13.992705559
1855.333948604,-904.919307470,45.648963314,-14.010206846
1856.334091826,-904.167658051,46.308514868,-14.027566687
1857.334198834,-903.409655461,46.960702061,-14.044828341
1858.334339123,-902.647015951,47.607514306,-14.062018332
1859.334451507,-901.878935443,48.247814924,-14.079113124
1860.334588979,-901.106883754,48.883362949,-14.096138435
1861.334696876,-900.329305490,49.512092565,-14.113077086
1862.334831808,-899.547694192,50.135846428,-14.129952496
1863.334928335,-898.759846188,50.751643517,-14.146761191
1864.335046623,-897.966500872,51.360379198,-14.163514428
1865.335178165,-897.161987994,51.954301864,-14.180187657
1866.335229548,-896.348865444,52.536245186,-14.196814668
1867.335336420,-895.528343407,53.107806354,-14.213402999
1868.335446277,-894.693658711,53.658485981,-14.229929764
1869.335551820,-893.846381764,54.189580201,-14.246416161
1870.335653368,-892.985918864,54.699027439,-14.262854361
1871.335751981,-892.112012760,55.185048170,-14.279261888
1872.335848505,-891.224756493,55.646243843,-14.295630283
1873.335943880,-890.324563941,56.081648499,-14.311967821
1874.336038850,-889.412074285,56.490655771,-14.328265932
1875.336134227,-888.488115630,56.873051540,-14.344533784
1876.336230306,-887.553622636,57.228932624,-14.360771532
1877.336327381,-886.609552054,57.558572097,-14.376979988
1878.336425734,-885.656866671,57.862422770,-14.393167808
1879.336525193,-884.696503200,58.141062070,-14.409325527
1880.336625742,-883.729344093,58.395117647,-14.425454196
1881.336727405,-882.756215489,58.625257959,-14.441562930
1882.336830051,-881.777877482,58.832142532,-14.457650817
1883.336933497,-880.795029045,59.016419481,-14.473708803
1884.337037624,-879.808318684,59.178758672,-14.489737426
1885.337142411,-878.818337499,59.319792577,-14.505746035
1886.337247591,-877.825620889,59.440077639,-14.521733756
1887.337344834,-876.830620947,59.539651499,-14.537691739
1888.337464321,-875.833567464,59.616263862,-14.553625535
1889.337477696,-874.835459141,59.675875108,-14.569532314
1890.337566113,-873.836507871,59.720829546,-14.585416270
1891.337684222,-872.836683130,59.739148641,-14.601263379
1892.337702942,-871.836791234,59.740981664,-14.617083474
1893.337791236,-870.836904586,59.728582749,-14.632880738
1894.337907973,-869.837652295,59.690112498,-14.648641034
1895.337927420,-868.839256924,59.635357013,-14.664370438
1896.338014882,-867.841662796,59.566550556,-14.680072627
1897.338129839,-866.846144629,59.472058848,-14.695719500
1898.338151390,-865.852356453,59.361676871,-14.711339408
1899.338239260,-864.860114378,59.237627655,-14.726934459
1900.338352456,-863.871227081,59.089010641,-14.742468348
1901.338385763,-862.884720746,58.925818596,-14.757967446
1902.338478715,-861.900282854,58.750237586,-14.773435438
1903.338589846,-860.919768275,58.553829178,-14.788835787
1904.338656286,-859.941519400,58.346643251,-14.804198605
1905.338757343,-858.965193134,58.130415869,-14.819523931
1906.338866166,-857.992081310,57.900115023,-14.834773684
1907.338969230,-857.019199813,57.668867112,-14.850009700
1908.339075411,-856.049009382,57.426554029,-14.865085211
1909.339181593,-855.078818951,57.184240946,-14.880160722
1910.339287774,-854.108628519,56.941927864,-14.895236233
1911.339393956,-853.138438088,56.699614781,-14.910311744
1912.339497413,-852.168254571,56.457274018,-14.925205472
1913.339598909,-851.198076085,56.214913114,-14.939966930
1914.339700406,-850.227897599,55.972552210,-14.954728387
1915.339801902,-849.257719113,55.730191305,-14.969489844
1916.339903399,-848.287540627,55.487830401,-14.984251302
1917.340004895,-847.317362141,55.245469497,-14.999012759
1918.340105546,-846.347128869,55.003329257,-15.013737352
1919.340200246,-845.376255062,54.763768923,-15.028030934
1920.340294945,-844.405381256,54.524208588,-15.042324516
1921.340389643,-843.434507395,54.284648470,-15.056617900
1922.340484321,-842.463633184,54.045089776,-15.070909972
1923.340579000,-841.492758972,53.805531082,-15.085202044
1924.340673678,-840.521884761,53.565972387,-15.099494117
1925.340768357,-839.551010549,53.326413693,-15.113786189
1926.340863035,-838.580136338,53.086854999,-15.128078261
1927.340957714,-837.609262126,52.847296304,-15.142370334
1928.341048319,-836.638296757,52.608107575,-15.156378249
1929.341136101,-835.667265032,52.369188150,-15.170179321
1930.341223884,-834.696233307,52.130268724,-15.183980394
1931.341311666,-833.725201582,51.891349298,-15.197781466
1932.341399448,-832.754169857,51.652429873,-15.211582539
1933.341487230,-831.783138133,51.413510447,-15.225383611
1934.341575012,-830.812106408,51.174591021,-15.239184684
1935.341662795,-829.841074683,50.935671595,-15.252985756
1936.341749931,-828.869998504,50.696933773,-15.266754772
1937.341832173,-827.898401697,50.460322811,-15.280148357
1938.341914414,-826.926804890,50.223711850,-15.293541942
1939.341996656,-825.955208083,49.987100888,-15.306935527
1940.342078898,-824.983611276,49.750489927,-15.320329112
1941.342161140,-824.012014469,49.513878965,-15.333722697
1942.342243382,-823.040417662,49.277268003,-15.347116282
1943.342325624,-822.068820855,49.040657042,-15.360509867
1944.342407867,-821.097224047,48.804046080,-15.373903452
1945.342490109,-820.125627240,48.567435119,-15.387297037
1946.342569825,-819.154121725,48.330449830,-15.400504862
1947.342647819,-818.182682698,48.093191912,-15.413577397
1948.342725813,-817.211243671,47.855933994,-15.426649931
1949.342803807,-816.239804644,47.618676076,-15.439722465
1950.342881801,-815.268365617,47.381418158,-15.452794999
1951.342959795,-814.296926590,47.144160240,-15.465867533
1952.343037789,-813.325487563,46.906902322,-15.478940068
1953.343115783,-812.354048536,46.669644404,-15.492012602
1954.343193777,-811.382609509,46.432386486,-15.505085136
1955.343271539,-810.411172390,46.195120758,-15.518139981
1956.343346614,-809.439757661,45.957763378,-15.530987250
1957.343421688,-808.468342931,45.720405999,-15.543834519
1958.343496763,-807.496928201,45.483048620,-15.556681788
1959.343571838,-806.525513471,45.245691241,-15.569529057
1960.343646912,-805.554098742,45.008333862,-15.582376327
1961.343721987,-804.582684012,44.770976483,-15.595223596
1962.343797062,-803.611269282,44.533619104,-15.608070865
1963.343872137,-802.639854552,44.296261725,-15.620918134
1964.343947210,-801.668439823,44.058904346,-15.633765403
1965.344020861,-800.697227499,43.820721225,-15.646521950
1966.344093933,-799.726162679,43.581936347,-15.659212384
1967.344167005,-798.755097859,43.343151470,-15.671902817
1968.344240078,-797.784033039,43.104366592,-15.684593251
1969.344313150,-796.812968219,42.865581714,-15.697283684
1970.344386222,-795.841903399,42.626796837,-15.709974118
1971.344459294,-794.870838579,42.388011959,-15.722664552
1972.344532366,-793.899773759,42.149227081,-15.735354985
1973.344605438,-792.928708939,41.910442204,-15.748045419
1974.344666571,-791.957616756,41.671768953,-15.759763835
1975.344659164,-790.986202857,41.434408174,-15.760053607
1976.344651758,-790.014788958,41.197047395,-15.760343380
1977.344644351,-789.043375059,40.959686616,-15.760633152
1978.344636944,-788.071961160,40.722325837,-15.760922925
1979.344629537,-787.100547261,40.484965058,-15.761212697
1980.344622131,-786.129133362,40.247604279,-15.761502469
1981.344614724,-785.157719463,40.010243500,-15.761792242
1982.344607317,-784.186305564,39.772882722,-15.762082014
1983.347849874,-783.215413958,39.533395239,-15.842771937
1984.348792012,-782.244070939,39.295751029,-15.886396853
1985.348862186,-781.272371881,39.059560338,-15.898856765
1986.348932360,-780.300672822,38.823369648,-15.911316678
1987.349002533,-779.328973764,38.587178957,-15.923776590
1988.349072707,-778.357274705,38.350988266,-15.936236502
1989.349142880,-777.385575647,38.114797576,-15.948696414
1990.349213054,-776.413876588,37.878606885,-15.961156326
1991.349283227,-775.442177530,37.642416195,-15.973616238
1992.349353401,-774.470478471,37.406225504,-15.986076150
1993.349423360,-773.498806353,37.169924329,-15.998524932
1994.349491771,-772.527451600,36.932321622,-16.010842600
1995.349560182,-771.556096847,36.694718916,-16.023160268
1996.349628594,-770.584742094,36.457116209,-16.035477937
1997.349697006,-769.613387366,36.219513397,-16.047795615
1998.349765418,-768.642032772,35.981910041,-16.060113346
1999.349833830,-767.670678178,35.744306685,-16.072431077
2000.349902242,-766.699323584,35.506703329,-16.084748808
2001.349970654,-765.727968990,35.269099973,-16.097066539
2002.350038775,-764.756642981,35.031380143,-16.109367548
2003.350104577,-763.785653965,34.792287203,-16.121471422
2004.350170378,-762.814664949,34.553194262,-16.133575297
2005.350236179,-761.843675934,34.314101322,-16.145679171
2006.350301980,-760.872686918,34.075008382,-16.157783046
2007.350367781,-759.901697902,33.835915442,-16.169886920
2008.350433581,-758.930708887,33.596822502,-16.181990795
2009.350499383,-757.959719871,33.357729562,-16.194094670
2010.350565184,-756.988730855,33.118636622,-16.206198544
2011.350630986,-756.017741839,32.879543681,-16.218302419
2012.350693184,-755.047319686,32.638168646,-16.230274773
2013.350756257,-754.077311521,32.395126954,-16.242151076
2014.350819329,-753.107303357,32.152085263,-16.254027378
2015.350882402,-752.137295193,31.909043571,-16.265903681
2016.350945474,-751.167287029,31.666001879,-16.277779984
2017.351005753,-750.197734318,31.421154755,-16.289526792
2018.351066190,-749.228514061,31.174989780,-16.301179078
2019.351126627,-748.259293803,30.928824805,-16.312831364
2020.351187064,-747.290073546,30.682659829,-16.324483650
2021.351247502,-746.320853288,30.436494854,-16.336135936
2022.351307939,-745.351633031,30.190329879,-16.347788221
2023.351366943,-744.382304090,29.944598011,-16.359418558
2024.351424143,-743.411691230,29.703982594,-16.370789601
2025.351481343,-742.441078370,29.463367178,-16.382160643
2026.351538543,-741.470465510,29.222751761,-16.393531686
2027.351595743,-740.499852650,28.982136344,-16.404902729
2028.351652943,-739.529239790,28.741520928,-16.416273771
2029.351710143,-738.558626930,28.500905511,-16.427644814
2030.351767343,-737.588014070,28.260290095,-16.439015857
2031.351824543,-736.617401210,28.019674678,-16.450386899
2032.351881091,-735.646725794,27.779313431,-16.461736222
2033.351935163,-734.675310823,27.541957040,-16.472828771
2034.351989236,-733.703895852,27.304600648,-16.483921320
2035.352043308,-732.732480881,27.067244256,-16.495013869
2036.352097380,-731.761065910,26.829887865,-16.506106418
2037.352151452,-730.789650939,26.592531473,-16.517198967
2038.352205524,-729.818235968,26.355175082,-16.528291516
2039.352259596,-728.846820997,26.117818690,-16.539384065
2040.352313668,-727.875406026,25.880462298,-16.550476614
2041.352367741,-726.903991054,25.643105907,-16.561569163
2042.352420127,-725.932756918,25.405011528,-16.572527877
2043.352471657,-724.961654854,25.166378162,-16.583388847
2044.352523188,-723.990552789,24.927744797,-16.594249817
2045.352574718,-723.019450725,24.689111431,-16.605110786
2046.352626248,-722.048348661,24.450478065,-16.615971756
2047.352677778,-721.077246596,24.211844700,-16.626832726
2048.352729308,-720.106144532,23.973211334,-16.637693695
2049.352780839,-719.135042467,23.734577968,-16.648554665
2050.352832369,-718.163940403,23.495944603,-16.659415634
2051.352883764,-717.192837552,23.257314441,-16.670264149
2052.352933569,-716.221725376,23.018722228,-16.680965126
2053.352983376,-715.250613199,22.780130015,-16.691666103
2054.353033181,-714.279501023,22.541537802,-16.702367079
2055.353082987,-713.308388847,22.302945589,-16.713068056
2056.353132792,-712.337276671,22.064353376,-16.723769033
2057.353182597,-711.366164495,21.825761163,-16.734470010
2058.353232403,-710.395052319,21.587168950,-16.745170986
2059.353282208,-709.423940143,21.348576737,-16.755871963
2060.353332014,-708.452827967,21.109984524,-16.766572940
2061.353380992,-707.481477558,20.872365600,-16.777230739
2062.353430000,-706.509953058,20.635457924,-16.787856986
2063.353479009,-705.538428557,20.398550248,-16.798483232
2064.353528018,-704.566904056,20.161642572,-16.809109479
2065.353577026,-703.595379555,19.924734896,-16.819735725
2066.353626035,-702.623855054,19.687827220,-16.830361972
2067.353675043,-701.652330554,19.450919544,-16.840988218
2068.353724052,-700.680806053,19.214011868,-16.851614465
2069.353773061,-699.709281552,18.977104192,-16.862240712
2070.353822063,-698.737772243,18.740134329,-16.872868675
2071.353871307,-697.766443214,18.502426483,-16.883517013
2072.353920551,-696.795114185,18.264718636,-16.894165351
2073.353969794,-695.823785156,18.027010790,-16.904813689
2074.354019038,-694.852456127,17.789302944,-16.915462026
2075.354068282,-693.881127098,17.551595097,-16.926110364
2076.354117526,-692.909798069,17.313887251,-16.936758702
2077.354166769,-691.938469040,17.076179405,-16.947407040
2078.354216013,-690.967140011,16.838471558,-16.958055378
2079.354265256,-689.995810983,16.600763712,-16.968703716
2080.354314945,-689.024278451,16.363890109,-16.979418940
2081.354365428,-688.052597124,16.127626482,-16.990183069
2082.354415911,-687.080915797,15.891362856,-17.000947199
2083.354466395,-686.109234470,15.655099229,-17.011711328
2084.354516878,-685.137553143,15.418835603,-17.022475457
2085.354567361,-684.165871816,15.182571976,-17.033239587
2086.354617844,-683.194190489,14.946308350,-17.044003716
2087.354668327,-682.222509162,14.710044724,-17.054767846
2088.354718811,-681.250827834,14.473781097,-17.065531975
2089.354769448,-680.279159180,14.237465430,-17.076311956
2090.354822152,-679.307641222,14.000530924,-17.087280434
2091.354874855,-678.336123264,13.763596419,-17.098248912
2092.354927559,-677.364605306,13.526661913,-17.109217390
2093.354980268,-676.393087312,13.289727557,-17.120186407
2094.355033009,-675.421569127,13.052793981,-17.131158235
2095.355085749,-674.450050942,12.815860406,-17.142130063
2096.355138490,-673.478532757,12.578926830,-17.153101891
2097.355191230,-672.507014573,12.341993255,-17.164073719
2098.355243970,-671.535496388,12.105059679,-17.175045547
2099.355298504,-670.563950389,11.868240203,-17.186180102
2100.355354376,-669.592384041,11.631504203,-17.197433707
2101.355410247,-668.620817693,11.394768202,-17.208687312
2102.355466120,-667.649251344,11.158032201,-17.219940917
2103.355521991,-666.677684996,10.921296201,-17.231194522
2104.355577863,-665.706118648,10.684560200,-17.242448126
2105.355633734,-664.734552300,10.447824200,-17.253701731
2106.355689606,-663.762985952,10.211088199,-17.264955336
2107.355745477,-662.791419604,9.974352199,-17.276208941
2108.355801528,-661.819887717,9.737475343,-17.287489525
2109.355861380,-660.848766401,9.498920336,-17.299091542
2110.355921233,-659.877645085,9.260365329,-17.310693558
2111.355981086,-658.906523768,9.021810322,-17.322295575
2112.356040939,-657.935402452,8.783255314,-17.333897592
2113.356100792,-656.964281135,8.544700307,-17.345499608
2114.356160645,-655.993159819,8.306145300,-17.357101625
2115.356220498,-655.022038502,8.067590293,-17.368703641
2116.356280351,-654.050917186,7.829035286,-17.380305658
2117.356340203,-653.079795870,7.590480279,-17.391907675
2118.356402460,-652.108469020,7.352764677,-17.403738203
2119.356466983,-651.136991717,7.115663532,-17.415736006
2120.356531506,-650.165514415,6.878562387,-17.427733808
2121.356596029,-649.194037112,6.641461242,-17.439731611
2122.356660552,-648.222559809,6.404360097,-17.451729414
2123.356725074,-647.251082507,6.167258952,-17.463727216
2124.356789597,-646.279605204,5.930157807,-17.475725019
2125.356854120,-645.308127901,5.693056662,-17.487722822
2126.356918643,-644.336650599,5.455955517,-17.499720624
2127.356983569,-643.365171860,5.218860257,-17.511752027
2128.357053403,-642.393675975,4.981835260,-17.524184568
2129.357123235,-641.422180091,4.744810263,-17.536617108
2130.357193069,-640.450684206,4.507785266,-17.549049649
2131.357262901,-639.479188322,4.270760269,-17.561482189
2132.357332733,-638.507692438,4.033735273,-17.573914730
2133.357402567,-637.536196553,3.796710276,-17.586347270
2134.357472399,-636.564700669,3.559685279,-17.598779810
2135.357542233,-635.593204784,3.322660282,-17.611212351
2136.357612065,-634.621708900,3.085635285,-17.623644891
2137.357685123,-633.650307123,2.848225142,-17.636338702
2138.357760685,-632.678974275,2.610532903,-17.649223878
2139.357836248,-631.707641427,2.372840663,-17.662109054
2140.357911810,-630.736308579,2.135148424,-17.674994230
2141.357987372,-629.764975731,1.897456184,-17.687879407
2142.358062934,-628.793642883,1.659763945,-17.700764583
2143.358138497,-627.822310034,1.422071705,-17.713649759
2144.358214059,-626.850977186,1.184379466,-17.726534935
2145.358289622,-625.879644338,0.946687226,-17.739420111
2146.358365378,-624.908360371,0.708796373,-17.752339723
2147.358446790,-623.937661065,0.468529939,-17.765671210
2148.358528202,-622.966961759,0.228263504,-17.779002697
2149.358609614,-621.996262453,-0.012002930,-17.792334184
2150.358691027,-621.025563146,-0.252269364,-17.805665671
2151.358772440,-620.054863840,-0.492535799,-17.818997158
2152.358853851,-619.084164534,-0.732802233,-17.832328645
2153.358935263,-618.113465228,-0.973068667,-17.845660132
2154.359016677,-617.142765921,-1.213335102,-17.858991619
2155.359098089,-616.172066615,-1.453601536,-17.872323106
2156.359181562,-615.200956544,-1.692197774,-17.885888460
2157.359268458,-614.229545452,-1.929570039,-17.899625199
2158.359355354,-613.258134360,-2.166942305,-17.913361938
2159.359442252,-612.286723267,-2.404314571,-17.927098678
2160.359529148,-611.315312175,-2.641686836,-17.940835417
2161.359616044,-610.343901083,-2.879059102,-17.954572156
2162.359702941,-609.372489991,-3.116431368,-17.968308895
2163.359789838,-608.401078898,-3.353803633,-17.982045634
2164.359876734,-607.429667806,-3.591175899,-17.995782374
2165.359963941,-606.458241541,-3.828485958,-18.009543517
2166.360055240,-605.486633440,-4.065050540,-18.023597108
2167.360146539,-604.515025340,-4.301615123,-18.037650699
2168.360237838,-603.543417239,-4.538179706,-18.051704291
2169.360329137,-602.571809139,-4.774744288,-18.065757882
2170.360420436,-601.600201038,-5.011308871,-18.079811474
2171.360511735,-600.628592938,-5.247873454,-18.093865065
2172.360603033,-599.656984838,-5.484438037,-18.107918656
2173.360694332,-598.685376737,-5.721002619,-18.121972248
2174.360785631,-597.713768637,-5.957567202,-18.136025839
2175.360877032,-596.742601925,-6.195932053,-18.150175986
2176.360970697,-595.771758855,-6.435616922,-18.164396929
2177.361064362,-594.800915785,-6.675301790,-18.178617873
2178.361158026,-593.830072715,-6.914986658,-18.192838816
2179.361251691,-592.859229645,-7.154671526,-18.207059760
2180.361345355,-591.888386575,-7.394356394,-18.221280703
2181.361439020,-590.917543505,-7.634041262,-18.235501647
2182.361532684,-589.946700435,-7.873726130,-18.249722590
2183.361626349,-588.975857365,-8.113410998,-18.263943534
2184.361719293,-588.005095301,-8.353420936,-18.278161246
2185.361812361,-587.035305851,-8.597333881,-18.292340160
2186.361905429,-586.065516401,-8.841246827,-18.306519074
2187.361998496,-585.095726951,-9.085159772,-18.320697988
2188.362091564,-584.125937501,-9.329072718,-18.334876902
2189.362184627,-583.156147939,-9.572985220,-18.349055448
2190.362277661,-582.186357790,-9.816895385,-18.363232055
2191.362370697,-581.216567640,-10.060805551,-18.377408663
2192.362463732,-580.246777491,-10.304715717,-18.391585270
2193.362556767,-579.276987342,-10.548625883,-18.405761878
2194.362647035,-578.306883598,-10.791283267,-18.419785552
2195.362736346,-577.336549790,-11.033021561,-18.433697029
2196.362825658,-576.366215981,-11.274759854,-18.447608506
2197.362914970,-575.395882173,-11.516498147,-18.461519983
2198.363004282,-574.425548364,-11.758236440,-18.475431461
2199.363093594,-573.455214555,-11.999974733,-18.489342938
2200.363182906,-572.484880747,-12.241713027,-18.503254415
2201.363272218,-571.514546938,-12.483451320,-18.517165892
2202.363361530,-570.544213129,-12.725189613,-18.531077369
2203.363450327,-569.573855654,-12.966832650,-18.544955964
2204.363533771,-568.603213494,-13.207329841,-18.558439024
2205.363617216,-567.632571333,-13.447827032,-18.571922084
2206.363700659,-566.661929173,-13.688324223,-18.585405144
2207.363784104,-565.691287012,-13.928821414,-18.598888204
2208.363867548,-564.720644852,-14.169318605,-18.612371264
2209.363950993,-563.750002691,-14.409815796,-18.625854324
2210.364034436,-562.779360531,-14.650312987,-18.639337384
2211.364117881,-561.808718370,-14.890810178,-18.652820444
2212.364201325,-560.838076210,-15.131307369,-18.666303504
2213.364280692,-559.867301463,-15.371268344,-18.679489118
2214.364357315,-558.896429390,-15.610835705,-18.692456388
2215.364433938,-557.925557317,-15.850403066,-18.705423659
2216.364510562,-556.954685244,-16.089970427,-18.718390930
2217.364587185,-555.983813171,-16.329537788,-18.731358200
2218.364663809,-555.012941098,-16.569105149,-18.744325471
2219.364740432,-554.042069025,-16.808672511,-18.757292741
2220.364817056,-553.071196952,-17.048239872,-18.770260012
2221.364893679,-552.100324879,-17.287807233,-18.783227283
2222.364969757,-551.129459119,-17.527400158,-18.796152781
2223.365039460,-550.158669446,-17.767301208,-18.808574798
2224.365109162,-549.187879773,-18.007202257,-18.820996816
2225.365178864,-548.217090100,-18.247103306,-18.833418833
2226.365248566,-547.246300427,-18.487004356,-18.845840850
2227.365318268,-546.275510754,-18.726905405,-18.858262868
2228.365387971,-545.304721081,-18.966806455,-18.870684885
2229.365457673,-544.333931408,-19.206707504,-18.883106903
2230.365527375,-543.363141735,-19.446608554,-18.895528920
2231.365597077,-542.392352062,-19.686509603,-18.907950937
2232.365663108,-541.421629277,-19.926681041,-18.920076185
2233.365726550,-540.450955618,-20.167051071,-18.931983463
2234.365789990,-539.480281960,-20.407421101,-18.943890741
2235.365853431,-538.509608301,-20.647791131,-18.955798019
2236.365916872,-537.538934643,-20.888161162,-18.967705298
2237.365980313,-536.568260985,-21.128531192,-18.979612576
2238.366043754,-535.597587326,-21.368901222,-18.991519854
2239.366107195,-534.626913668,-21.609271253,-19.003427132
2240.366170636,-533.656240009,-21.849641283,-19.015334410
2241.366233677,-532.685563428,-22.089999505,-19.027208203
2242.366292001,-531.714851546,-22.330215127,-19.038677598
2243.366350324,-530.744139664,-22.570430748,-19.050146993
2244.366408647,-529.773427782,-22.810646369,-19.061616388
2245.366466970,-528.802715900,-23.050861990,-19.073085784
2246.366525293,-527.832004018,-23.291077611,-19.084555179
2247.366583616,-526.861292136,-23.531293233,-19.096024574
2248.366641939,-525.890580254,-23.771508854,-19.107493970
2249.366700262,-524.919868372,-24.011724475,-19.118963365
2250.366758585,-523.949156490,-24.251940096,-19.130432760
2251.366814693,-522.978296702,-24.491556655,-19.141719703
2252.366869436,-522.007328220,-24.730732970,-19.152872563
2253.366924179,-521.036359738,-24.969909285,-19.164025423
2254.366978922,-520.065391256,-25.209085601,-19.175178283
2255.367033665,-519.094422774,-25.448261916,-19.186331143
2256.367088408,-518.123454292,-25.687438231,-19.197484003
2257.367143151,-517.152485810,-25.926614547,-19.208636864
2258.367197893,-516.181517329,-26.165790862,-19.219789724
2259.367251767,-515.210467914,-26.404635427,-19.230927855
2260.367304377,-514.238439335,-26.639466311,-19.241887791
2261.367356987,-513.266410756,-26.874297196,-19.252847728
2262.367409597,-512.294382177,-27.109128081,-19.263807664
2263.367462207,-511.322353598,-27.343958965,-19.274767600
2264.367514818,-510.350325019,-27.578789850,-19.285727537
2265.367567428,-509.378296440,-27.813620735,-19.296687473
2266.367620037,-508.406267862,-28.048451619,-19.307647409
2267.367671815,-507.434157147,-28.282939043,-19.318600277
2268.367723414,-506.461052062,-28.513268365,-19.329467567
2269.367775013,-505.487946978,-28.743597688,-19.340334857
2270.367826612,-504.514841893,-28.973927010,-19.351202147
2271.367878211,-503.541736808,-29.204256332,-19.362069436
2272.367929810,-502.568631724,-29.434585655,-19.372936726
2273.367981409,-501.595526639,-29.664914977,-19.383804016
2274.368033008,-500.622421554,-29.895244299,-19.394671306
2275.368084607,-499.649316469,-30.125573622,-19.405538596
2276.368136206,-498.676211385,-30.355902944,-19.416405886
2277.368187330,-497.702814926,-30.584995173,-19.427284096
2278.368239135,-496.729204186,-30.813177619,-19.438170337
2279.368290940,-495.755593445,-31.041360065,-19.449056578
2280.368342745,-494.781982705,-31.269542511,-19.459942819
2281.368394550,-493.808371964,-31.497724957,-19.470829059
2282.368446355,-492.834761224,-31.725907403,-19.481715300
2283.368498160,-491.861150484,-31.954089849,-19.492601541
2284.368549965,-490.887539743,-32.182272295,-19.503487782
2285.368601770,-489.913929003,-32.410454741,-19.514374022
2286.368653557,-488.940285107,-32.638495107,-19.525270444
2287.368706827,-487.966239051,-32.864812108,-19.536290360
2288.368760096,-486.992192996,-33.091129108,-19.547310277
2289.368813365,-486.018146941,-33.317446109,-19.558330193
2290.368866633,-485.044100886,-33.543763110,-19.569350109
2291.368919903,-484.070054830,-33.770080111,-19.580370025
2292.368973172,-483.096008775,-33.996397111,-19.591389941
2293.369026441,-482.121962720,-34.222714112,-19.602409857
2294.369079711,-481.147916664,-34.449031113,-19.613429773
2295.369132980,-480.173870609,-34.675348113,-19.624449689
2296.369186829,-479.199500244,-34.900261356,-19.635590929
2297.369242441,-478.224891241,-35.124141665,-19.646821444
2298.369298053,-477.250282237,-35.348021975,-19.658051959
2299.369353665,-476.275673234,-35.571902284,-19.669282474
2300.369409277,-475.301064230,-35.795782593,-19.680512989
2301.369464889,-474.326455227,-36.019662903,-19.691743504
2302.369520501,-473.351846223,-36.243543212,-19.702974019
2303.369576113,-472.377237220,-36.467423521,-19.714204534
2304.369631648,-471.402578397,-36.691085480,-19.725455293
2305.369690286,-470.427314187,-36.912094134,-19.736952052
2306.369748923,-469.452049978,-37.133102788,-19.748448810
2307.369807560,-468.476785769,-37.354111442,-19.759945568
2308.369866198,-467.501521560,-37.575120096,-19.771442326
2309.369924835,-466.526257351,-37.796128750,-19.782939084
2310.369983472,-465.550993142,-38.017137404,-19.794435843
2311.370042110,-464.575728933,-38.238146059,-19.805932601
2312.370100747,-463.600464724,-38.459154713,-19.817429359
2313.370159384,-462.625200515,-38.680163367,-19.828926117
2314.370219912,-461.649764418,-38.900411127,-19.840605360
2315.370282242,-460.674201776,-39.120098710,-19.852418951
2316.370344572,-459.698639134,-39.339786293,-19.864232541
2317.370406902,-458.723076492,-39.559473876,-19.876046131
2318.370469231,-457.747513850,-39.779161459,-19.887859721
2319.370531562,-456.771951208,-39.998849043,-19.899673312
2320.370593891,-455.796388566,-40.218536626,-19.911486902
2321.370656221,-454.820825924,-40.438224209,-19.923300492
2322.370718551,-453.845263282,-40.657911792,-19.935114082
2323.370781030,-452.869666802,-40.877448391,-19.946952678
2324.370847307,-451.893658281,-41.095146507,-19.959095753
2325.370913583,-450.917649760,-41.312844624,-19.971238829
2326.370979859,-449.941641239,-41.530542740,-19.983381904
2327.371046135,-448.965632719,-41.748240856,-19.995524980
2328.371112411,-447.989624198,-41.965938972,-20.007668055
2329.371178688,-447.013615677,-42.183637089,-20.019811131
2330.371244964,-446.037607156,-42.401335205,-20.031954206
2331.371311240,-445.061598635,-42.619033321,-20.044097282
2332.371377517,-444.085590114,-42.836731437,-20.056240357
2333.371445336,-443.109819345,-43.055490750,-20.068545314
2334.371515065,-442.134223711,-43.275031775,-20.080969518
2335.371584794,-441.158628077,-43.494572800,-20.093393722
2336.371654524,-440.183032443,-43.714113825,-20.105817926
2337.371724253,-439.207436809,-43.933654850,-20.118242130
2338.371793982,-438.231841175,-44.153195875,-20.130666334
2339.371863712,-437.256245541,-44.372736899,-20.143090537
2340.371934321,-436.281013500,-44.593882943,-20.155665002
2341.372007326,-435.306049343,-44.816211518,-20.168350174
2342.372080332,-434.331085186,-45.038540093,-20.181035346
2343.372153337,-433.356121029,-45.260868668,-20.193720517
2344.372226343,-432.381156872,-45.483197243,-20.206405689
2345.372299348,-431.406192715,-45.705525818,-20.219090861
2346.372372354,-430.431228558,-45.927854393,-20.231776033
2347.372445359,-429.456264401,-46.150182968,-20.244461205
2348.372518365,-428.481300244,-46.372511543,-20.257146377
2349.372591592,-427.506317802,-46.594759731,-20.269852270
2350.372668106,-426.531112138,-46.816026576,-20.282811119
2351.372744620,-425.555906475,-47.037293420,-20.295769968
2352.372821135,-424.580700811,-47.258560264,-20.308728817
2353.372897648,-423.605495148,-47.479827108,-20.321687666
2354.372974163,-422.630289484,-47.701093952,-20.334646515
2355.373050678,-421.655083820,-47.922360797,-20.347605364
2356.373127192,-420.679878157,-48.143627641,-20.360564213
2357.373203706,-419.704672493,-48.364894485,-20.373523062
2358.373280220,-418.729466830,-48.586161329,-20.386481912
2359.373358560,-417.754332728,-48.807743166,-20.399583760
2360.373438323,-416.779251383,-49.029557213,-20.412791028
2361.373518087,-415.804170037,-49.251371260,-20.425998295
2362.373597851,-414.829088691,-49.473185307,-20.439205562
2363.373677615,-413.854007345,-49.694999354,-20.452412830
2364.373757380,-412.878925999,-49.916813402,-20.465620097
2365.373837144,-411.903844653,-50.138627449,-20.478827364
2366.373916908,-410.928763307,-50.360441496,-20.492034632
2367.373996672,-409.953681961,-50.582255543,-20.505241899
2368.374076610,-408.978580117,-50.803979225,-20.518466269
2369.374159388,-408.003227514,-51.024597452,-20.531899863
2370.374242166,-407.027874911,-51.245215679,-20.545333457
2371.374324945,-406.052522308,-51.465833906,-20.558767050
2372.374407723,-405.077169705,-51.686452133,-20.572200644
2373.374490503,-404.101817101,-51.907070360,-20.585634237
2374.374573281,-403.126464498,-52.127688587,-20.599067831
2375.374656060,-402.151111895,-52.348306814,-20.612501425
2376.374738838,-401.175759292,-52.568925041,-20.625935018
2377.374821616,-400.200406689,-52.789543268,-20.639368612
2378.374905927,-399.224967237,-53.009776926,-20.652919964
2379.374991475,-398.249463725,-53.229726922,-20.666558176
2380.375077023,-397.273960213,-53.449676918,-20.680196389
2381.375162571,-396.298456701,-53.669626913,-20.693834601
2382.375248125,-395.322953129,-53.889576642,-20.707473310
2383.375333717,-394.347449235,-54.109524944,-20.721114669
2384.375419308,-393.371945341,-54.329473247,-20.734756029
2385.375504899,-392.396441447,-54.549421549,-20.748397388
2386.375590490,-391.420937553,-54.769369851,-20.762038748
2387.375676263,-390.445423804,-54.989274383,-20.775694369
2388.375764451,-389.469789255,-55.208642408,-20.789524789
2389.375852638,-388.494154707,-55.428010433,-20.803355210
2390.375940826,-387.518520158,-55.647378457,-20.817185631
2391.376029014,-386.542885610,-55.866746482,-20.831016052
2392.376117202,-385.567251061,-56.086114507,-20.844846473
2393.376205389,-384.591616513,-56.305482532,-20.858676893
2394.376293577,-383.615981964,-56.524850557,-20.872507314
2395.376381764,-382.640347416,-56.744218582,-20.886337735
2396.376469953,-381.664712867,-56.963586607,-20.900168156
2397.376481669,-380.688817299,-57.181788091,-20.906443961
2398.376474465,-379.712729086,-57.399128614,-20.907144115
2399.376467262,-378.736640873,-57.616469137,-20.907844269
2400.376460058,-377.760552660,-57.833809661,-20.908544423
2401.376452855,-376.784464447,-58.051150184,-20.909244576
2402.376445651,-375.808376234,-58.268490707,-20.909944730
2403.376438447,-374.832288021,-58.485831230,-20.910644884
2404.376441996,-373.856196467,-58.703156739,-20.915335206
2405.378500570,-372.880054984,-58.920257888,-20.979649142
2406.380323902,-371.903926354,-59.137416718,-21.040187801
2407.380416820,-370.927955586,-59.355284023,-21.054356117
2408.380509738,-369.951984818,-59.573151328,-21.068524433
2409.380602655,-368.976014050,-59.791018633,-21.082692750
2410.380695573,-368.000043282,-60.008885938,-21.096861066
2411.380788491,-367.024072514,-60.226753244,-21.111029382
2412.380881408,-366.048101746,-60.444620549,-21.125197699
2413.380974326,-365.072130978,-60.662487854,-21.139366015
2414.381067243,-364.096160210,-60.880355159,-21.153534331
2415.381160161,-363.120189442,-61.098222464,-21.167702647
2416.381254179,-362.144228466,-61.316133626,-21.181948467
2417.381349014,-361.168274721,-61.534077175,-21.196251522
2418.381443849,-360.192320977,-61.752020724,-21.210554577
2419.381538685,-359.216367232,-61.969964274,-21.224857631
2420.381633521,-358.240413487,-62.187907823,-21.239160686
2421.381728356,-357.264459742,-62.405851372,-21.253463740
2422.381823192,-356.288505997,-62.623794921,-21.267766795
2423.381918027,-355.312552253,-62.841738470,-21.282069850
2424.382012862,-354.336598508,-63.059682019,-21.296372904
2425.382107785,-353.360638321,-63.277596695,-21.310682445
2426.382203859,-352.384598853,-63.495156019,-21.325071812
2427.382299933,-351.408559385,-63.712715343,-21.339461180
2428.382396006,-350.432519917,-63.930274667,-21.353850547
2429.382492080,-349.456480449,-64.147833992,-21.368239914
2430.382588154,-348.480440981,-64.365393316,-21.382629281
2431.382684227,-347.504401513,-64.582952640,-21.397018649
2432.382780301,-346.528362045,-64.800511965,-21.411408016
2433.382876375,-345.552322577,-65.018071289,-21.425797383
2434.382972448,-344.576283109,-65.235630613,-21.440186750
2435.383068497,-343.600410778,-65.453937422,-21.454589440
2436.383164903,-342.624661945,-65.672796545,-21.469001972
2437.383261311,-341.648913111,-65.891655669,-21.483414504
2438.383357718,-340.673164277,-66.110514792,-21.497827037
2439.383454125,-339.697415443,-66.329373915,-21.512239569
2440.383550533,-338.721666609,-66.548233038,-21.526652102
2441.383646940,-337.745917775,-66.767092162,-21.541064634
2442.383743348,-336.770168941,-66.985951285,-21.555477167
2443.383839755,-335.794420107,-67.204810408,-21.569889699
2444.383935271,-334.818753824,-67.424033332,-21.584299952
2445.384031241,-333.844105492,-67.647742365,-21.598682088
2446.384127210,-332.869457160,-67.871451399,-21.613064224
2447.384223180,-331.894808828,-68.095160432,-21.627446360
2448.384319150,-330.920160496,-68.318869465,-21.641828497
2449.384414550,-329.945679770,-68.543306549,-21.656185406
2450.384509890,-328.971322934,-68.768281789,-21.670523669
2451.384605230,-327.996966098,-68.993257030,-21.684861932
2452.384700570,-327.022609262,-69.218232271,-21.699200195
2453.384795908,-326.048252427,-69.443207511,-21.713538458
2454.384891248,-325.073895591,-69.668182752,-21.727876721
2455.384980369,-324.098662371,-69.889301973,-21.742184301
2456.385074945,-323.122781271,-70.107570573,-21.756469198
2457.385169521,-322.146900172,-70.325839174,-21.770754095
2458.385264097,-321.171019072,-70.544107774,-21.785038992
2459.385358673,-320.195137972,-70.762376374,-21.799323889
2460.385453249,-319.219256872,-70.980644974,-21.813608785
2461.385547825,-318.243375773,-71.198913575,-21.827893682
2462.385642401,-317.267494673,-71.417182175,-21.842178579
2463.385736600,-316.291503854,-71.634959206,-21.856443665
2464.385830685,-315.315431903,-71.852372752,-21.870694103
2465.385924770,-314.339359952,-72.069786298,-21.884944540
2466.386018853,-313.363288002,-72.287199844,-21.899194977
2467.386112938,-312.387216051,-72.504613390,-21.913445414
2468.386207022,-311.411144101,-72.722026936,-21.927695851
2469.386301107,-310.435072150,-72.939440482,-21.941946288
2470.386395191,-309.459000200,-73.156854028,-21.956196725
2471.386489276,-308.482928249,-73.374267574,-21.970447162
2472.386583228,-307.506826233,-73.591545548,-21.984696734
2473.386677169,-306.530352272,-73.807146353,-21.998937066
2474.386771220,-305.553876879,-74.022740666,-22.013185225
2475.386865272,-304.577401485,-74.238334979,-22.027433384
2476.386959324,-303.600926091,-74.453929292,-22.041681542
2477.387053376,-302.624450697,-74.669523605,-22.055929701
2478.387147428,-301.647975303,-74.885117919,-22.070177860
2479.387241480,-300.671499909,-75.100712232,-22.084426019
2480.387335532,-299.695024516,-75.316306545,-22.098674178
2481.387429584,-298.718549122,-75.531900858,-22.112922336
2482.387522666,-297.742484780,-75.749342468,-22.127195395
2483.387617336,-296.766724549,-75.968150772,-22.141486874
2484.387712006,-295.790964318,-76.186959077,-22.155778354
2485.387806676,-294.815204087,-76.405767382,-22.170069834
2486.387901346,-293.839443856,-76.624575686,-22.184361313
2487.387996016,-292.863683625,-76.843383991,-22.198652793
2488.388090686,-291.887923394,-77.062192296,-22.212944273
2489.388185356,-290.912163163,-77.281000600,-22.227235753
2490.388280026,-289.936402932,-77.499808905,-22.241527232
2491.388374780,-288.960647983,-77.718640749,-22.255824766
2492.388470610,-287.984958469,-77.937764171,-22.270197281
2493.388566442,-287.009268954,-78.156887593,-22.284569796
2494.388662273,-286.033579440,-78.376011015,-22.298942311
2495.388758104,-285.057889926,-78.595134436,-22.313314826
2496.388853936,-284.082200411,-78.814257858,-22.327687341
2497.388949767,-283.106510897,-79.033381280,-22.342059856
2498.389045598,-282.130821382,-79.252504701,-22.356432371
2499.389141429,-281.155131868,-79.471628123,-22.370804886
2500.389237261,-280.179442353,-79.690751545,-22.385177402
2501.389333934,-279.203733076,-79.909786936,-22.399608598
2502.389431239,-278.228009168,-80.128757161,-22.414083233
2503.389528543,-277.252285261,-80.347727386,-22.428557869
2504.389625846,-276.276561354,-80.566697610,-22.443032504
2505.389723150,-275.300837447,-80.785667835,-22.457507140
2506.389820455,-274.325113539,-81.004638060,-22.471981776
2507.389917759,-273.349389632,-81.223608285,-22.486456411
2508.390015063,-272.373665725,-81.442578510,-22.500931047
2509.390112368,-271.397941817,-81.661548735,-22.515405682
2510.390209740,-270.422199538,-81.880436877,-22.529888087
2511.390308558,-269.446229215,-82.098306177,-22.544466919
2512.390407375,-268.470258892,-82.316175476,-22.559045751
2513.390506192,-267.494288570,-82.534044776,-22.573624583
2514.390605010,-266.518318247,-82.751914076,-22.588203415
2515.390703828,-265.542347924,-82.969783375,-22.602782248
2516.390802646,-264.566377601,-83.187652675,-22.617361080
2517.390901463,-263.590407279,-83.405521974,-22.631939912
2518.391000281,-262.614436956,-83.623391274,-22.646518744
2519.391099099,-261.638466633,-83.841260574,-22.661097576
2520.391094520,-260.662590592,-84.059551473,-22.658672943
2521.391199851,-259.686784385,-84.278154649,-22.643653906
2522.391305183,-258.710978178,-84.496757826,-22.628634868
2523.391313248,-257.735175194,-84.715375388,-22.623064569
2524.391785473,-256.759384678,-84.934048596,-22.654041504
2525.392257698,-255.783594162,-85.152721803,-22.685018440
2526.392729923,-254.807803646,-85.371395011,-22.715995376
2527.393202148,-253.832013130,-85.590068218,-22.746972311
2528.393674374,-252.856222614,-85.808741426,-22.777949247
2529.394109835,-251.880444380,-86.027469339,-22.807715834
2530.394210595,-250.904818905,-86.246877714,-22.822427309
2531.394311355,-249.929193430,-86.466286089,-22.837138783
2532.394412115,-248.953567955,-86.685694465,-22.851850258
2533.394512875,-247.977942480,-86.905102840,-22.866561733
2534.394613635,-247.002317005,-87.124511215,-22.881273207
2535.394714395,-246.026691530,-87.343919591,-22.895984682
2536.394815155,-245.051066055,-87.563327966,-22.910696156
2537.394915914,-244.075440580,-87.782736341,-22.925407631
2538.395016674,-243.099815105,-88.002144716,-22.940119106
2539.395117328,-242.124185255,-88.221533636,-22.954823325
2540.395217902,-241.148552162,-88.440908137,-22.969522168
2541.395318476,-240.172919070,-88.660282637,-22.984221011
2542.395419051,-239.197285977,-88.879657138,-22.998919853
2543.395519625,-238.221652885,-89.099031638,-23.013618696
2544.395620199,-237.246019792,-89.318406139,-23.028317539
2545.395720773,-236.270386700,-89.537780640,-23.043016382
2546.395821348,-235.294753607,-89.757155140,-23.057715225
2547.395921922,-234.319120515,-89.976529641,-23.072414067
2548.396022369,-233.343468187,-90.195818360,-23.087107514
2549.396121877,-232.367576133,-90.414037973,-23.101733714
2550.396221387,-231.391684078,-90.632257587,-23.116359914
2551.396320896,-230.415792023,-90.850477200,-23.130986114
2552.396420405,-229.439899968,-91.068696813,-23.145612314
2553.396519914,-228.464007913,-91.286916427,-23.160238514
2554.396619424,-227.488115858,-91.505136040,-23.174864714
2555.396718933,-226.512223803,-91.723355654,-23.189490914
2556.396818442,-225.536331748,-91.941575267,-23.204117115
2557.396917952,-224.560439693,-92.159794881,-23.218743315
2558.397016268,-223.584644606,-92.378447356,-23.233292763
2559.397113832,-222.608921425,-92.597420819,-23.247785297
2560.397211395,-221.633198245,-92.816394282,-23.262277831
2561.397308959,-220.657475064,-93.035367745,-23.276770365
2562.397406521,-219.681751884,-93.254341208,-23.291262899
2563.397504085,-218.706028703,-93.473314670,-23.305755433
2564.397601649,-217.730305522,-93.692288133,-23.320247967
2565.397699211,-216.754582342,-93.911261596,-23.334740501
2566.397796775,-215.778859161,-94.130235059,-23.349233035
2567.397894097,-214.803118726,-94.349131447,-23.363711604
2568.397988959,-213.827162901,-94.567065680,-23.378016489
2569.398083876,-212.851207540,-94.785001993,-23.392325246
2570.398178793,-211.875252180,-95.002938306,-23.406634004
2571.398273710,-210.899296819,-95.220874619,-23.420942761
2572.398368627,-209.923341458,-95.438810932,-23.435251518
2573.398463544,-208.947386098,-95.656747245,-23.449560275
2574.398558461,-207.971430737,-95.874683558,-23.463869033
2575.398653378,-206.995475376,-96.092619871,-23.478177790
2576.398748295,-206.019520016,-96.310556184,-23.492486547
2577.398841372,-205.043615968,-96.528722065,-23.506667550
2578.398933130,-204.067749993,-96.747058276,-23.520753765
2579.399024887,-203.091884018,-96.965394487,-23.534839979
2580.399116646,-202.116018042,-97.183730698,-23.548926194
2581.399208404,-201.140152067,-97.402066909,-23.563012408
2582.399300161,-200.164286092,-97.620403120,-23.577098623
2583.399391919,-199.188420117,-97.838739332,-23.591184838
2584.399483677,-198.212554142,-98.057075543,-23.605271052
2585.399575435,-197.236688166,-98.275411754,-23.619357267
2586.399666928,-196.260826256,-98.493766124,-23.633424787
2587.399755158,-195.285015218,-98.712347731,-23.647258363
2588.399843390,-194.309204179,-98.930929339,-23.661091940
2589.399931621,-193.333393140,-99.149510946,-23.674925516
2590.400019853,-192.357582101,-99.368092554,-23.688759093
2591.400108084,-191.381771062,-99.586674161,-23.702592669
2592.400196315,-190.405960024,-99.805255769,-23.716426246
2593.400284546,-189.430148985,-100.023837376,-23.730259822
2594.400372778,-188.454337946,-100.242418984,-23.744093399
2595.400461009,-187.478526907,-100.461000592,-23.757926975
2596.400546674,-186.502528783,-100.678744055,-23.771593818
2597.400630929,-185.526391768,-100.895865291,-23.785136879
2598.400715184,-184.550254753,-101.112986526,-23.798679941
2599.400799439,-183.574117738,-101.330107761,-23.812223002
2600.400883694,-182.597980723,-101.547228996,-23.825766063
2601.400967950,-181.621843708,-101.764350231,-23.839309125
2602.401052205,-180.645706693,-101.981471466,-23.852852186
2603.401136460,-179.669569678,-102.198592702,-23.866395248
2604.401220715,-178.693432663,-102.415713937,-23.879938309
2605.401304631,-177.717300552,-102.632857203,-23.893456569
2606.401384395,-176.741229935,-102.850276734,-23.906663835
2607.401464158,-175.765159318,-103.067696264,-23.919871101
2608.401543923,-174.789088700,-103.285115795,-23.933078367
2609.401623687,-173.813018083,-103.502535326,-23.946285632
2610.401703451,-172.836947465,-103.719954856,-23.959492898
2611.401783215,-171.860876848,-103.937374387,-23.972700164
2612.401862979,-170.884806230,-104.154793917,-23.985907429
2613.401942743,-169.908735613,-104.372213448,-23.999114695
2614.402022507,-168.932664995,-104.589632978,-24.012321961
2615.402099272,-167.956536853,-104.806793981,-24.025302140
2616.402173888,-166.980365981,-105.023762945,-24.038113634
2617.402248504,-166.004195109,-105.240731909,-24.050925129
2618.402323119,-165.028024237,-105.457700873,-24.063736623
2619.402397735,-164.051853365,-105.674669836,-24.076548118
2620.402472351,-163.075682493,-105.891638800,-24.089359612
2621.402546967,-162.099511621,-106.108607764,-24.102171107
2622.402621582,-161.123340749,-106.325576728,-24.114982601
2623.402696198,-160.147169877,-106.542545691,-24.127794096
2624.402770362,-159.171001235,-106.759524687,-24.140570280
2625.402838956,-158.194860618,-106.976629727,-24.152902808
2626.402907550,-157.218720002,-107.193734768,-24.165235335
2627.402976145,-156.242579385,-107.410839808,-24.177567862
2628.403044739,-155.266438768,-107.627944849,-24.189900390
2629.403113334,-154.290298151,-107.845049889,-24.202232917
2630.403181929,-153.314157534,-108.062154930,-24.214565444
2631.403250523,-152.338016917,-108.279259970,-24.226897972
2632.403319118,-151.361876300,-108.496365010,-24.239230499
2633.403387712,-150.385735683,-108.713470051,-24.251563026
2634.403452208,-149.409596465,-108.930581379,-24.263558629
2635.403513733,-148.433458285,-109.147697380,-24.275303811
2636.403575257,-147.457320106,-109.364813381,-24.287048993
2637.403636781,-146.481181927,-109.581929382,-24.298794176
2638.403698305,-145.505043748,-109.799045383,-24.310539358
2639.403759829,-144.528905569,-110.016161384,-24.322284540
2640.403821353,-143.552767390,-110.233277385,-24.334029722
2641.403882877,-142.576629211,-110.450393386,-24.345774905
2642.403944401,-141.600491032,-110.667509387,-24.357520087
2643.404005313,-140.624349718,-110.884611288,-24.369213147
2644.404058768,-139.648168932,-111.101535644,-24.380249909
2645.404112223,-138.671988146,-111.318459999,-24.391286671
2646.404165679,-137.695807360,-111.535384355,-24.402323434
2647.404219133,-136.719626575,-111.752308710,-24.413360196
2648.404272588,-135.743445789,-111.969233065,-24.424396958
2649.404326043,-134.767265003,-112.186157421,-24.435433720
2650.404379498,-133.791084217,-112.403081776,-24.446470482
2651.404432953,-132.814903431,-112.620006132,-24.457507244
2652.404486408,-131.838722645,-112.836930487,-24.468544006
2653.404534777,-130.862542812,-113.053859130,-24.479109895
2654.404579507,-129.886363688,-113.270790961,-24.489325613
2655.404624239,-128.910184563,-113.487722793,-24.499541331
2656.404668969,-127.934005439,-113.704654624,-24.509757050
2657.404713700,-126.957826314,-113.921586455,-24.519972768
2658.404758430,-125.981647190,-114.138518286,-24.530188486
2659.404803161,-125.005468065,-114.355450117,-24.540404204
2660.404847893,-124.029288940,-114.572381949,-24.550619923
2661.404892623,-123.053109816,-114.789313780,-24.560835641
2662.404936631,-122.076948556,-115.006325787,-24.570984613
2663.404972491,-121.101012682,-115.224349350,-24.580291477
2664.405008353,-120.125076819,-115.442372956,-24.589598629
2665.405044230,-119.149141006,-115.660396791,-24.598907350
2666.405080107,-118.173205194,-115.878420627,-24.608216071
2667.405115983,-117.197269382,-116.096444462,-24.617524792
2668.405151861,-116.221333569,-116.314468297,-24.626833513
2669.405187737,-115.245397757,-116.532492133,-24.636142234
2670.405223614,-114.269461945,-116.750515968,-24.645450955
2671.405259491,-113.293526132,-116.968539803,-24.654759676
2672.405290307,-112.317571234,-117.186478175,-24.663508106
2673.405317564,-111.341602135,-117.404352955,-24.671839626
2674.405344823,-110.365633035,-117.622227735,-24.680171145
2675.405372080,-109.389663936,-117.840102514,-24.688502665
2676.405399338,-108.413694837,-118.057977294,-24.696834184
2677.405426597,-107.437725737,-118.275852073,-24.705165704
2678.405453854,-106.461756638,-118.493726853,-24.713497224
2679.405481113,-105.485787538,-118.711601632,-24.721828743
2680.405508371,-104.509818439,-118.929476412,-24.730160263
2681.405535001,-103.533850342,-119.147355684,-24.738416096
2682.405554189,-102.557894929,-119.365291759,-24.745714988
2683.405573377,-101.581939515,-119.583227834,-24.753013881
2684.405592565,-100.605984101,-119.801163909,-24.760312774
2685.405611753,-99.630028687,-120.019099984,-24.767611667
2686.405630941,-98.654073273,-120.237036058,-24.774910559
2687.405650129,-97.678117859,-120.454972133,-24.782209452
2688.405669317,-96.702162445,-120.672908208,-24.789508345
2689.405688506,-95.726207031,-120.890844283,-24.796807237
2690.405707694,-94.750251617,-121.108780358,-24.804106130
2691.405722014,-93.773964936,-121.325223599,-24.810835277
2692.405734443,-92.797431619,-121.540555400,-24.817140239
2693.405746869,-91.820898303,-121.755887200,-24.823445200
2694.405759297,-90.844364986,-121.971219000,-24.829750161
2695.405771725,-89.867831669,-122.186550800,-24.836055123
2696.405784152,-88.891298353,-122.401882601,-24.842360084
2697.405796580,-87.914765036,-122.617214401,-24.848665045
2698.405809007,-86.938231720,-122.832546201,-24.854970007
2699.405814874,-85.961060178,-123.044947192,-24.860743351
2700.405821884,-84.983413371,-123.255165704,-24.866120818
2701.405828894,-84.005766563,-123.465384216,-24.871498285
2702.405835904,-83.028119756,-123.675602728,-24.876875751
2703.405842914,-82.050472949,-123.885821240,-24.882253218
2704.405849924,-81.072826141,-124.096039752,-24.887630684
2705.405856934,-80.095179334,-124.306258264,-24.893008151
2706.405863943,-79.117532527,-124.516476776,-24.898385618
2707.405866259,-78.139397240,-124.724400713,-24.903246412
2708.405868827,-77.160898124,-124.930615608,-24.907722380
2709.405871396,-76.182399008,-125.136830504,-24.912198347
2710.405873965,-75.203899892,-125.343045399,-24.916674314
2711.405876532,-74.225400777,-125.549260294,-24.921150282
2712.405879101,-73.246901661,-125.755475189,-24.925626249
2713.405881670,-72.268402545,-125.961690085,-24.930102217
2714.405882786,-71.289814671,-126.167477494,-24.934523475
2715.405882282,-70.310100874,-126.367842104,-24.938250724
2716.405881780,-69.330387076,-126.568206715,-24.941977973
2717.405881278,-68.350673278,-126.768571325,-24.945705223
2718.405880776,-67.370959480,-126.968935935,-24.949432472
2719.405880273,-66.391245682,-127.169300545,-24.953159721
2720.405873746,-65.410834127,-127.366198918,-24.956500195
2721.405870955,-64.429902679,-127.560514632,-24.959552487
2722.405868165,-63.448971231,-127.754830347,-24.962604778
2723.405865375,-62.468039783,-127.949146062,-24.965657070
2724.405862584,-61.487108335,-128.143461777,-24.968709361
2725.405859794,-60.506176887,-128.337777491,-24.971761653
2726.405855937,-59.525173555,-128.531725377,-24.974756287
2727.405851048,-58.543257426,-128.721002469,-24.977018773
2728.405846159,-57.561341296,-128.910279561,-24.979281260
2729.405841270,-56.579425167,-129.099556654,-24.981543746
2730.405836380,-55.597509038,-129.288833746,-24.983806232
2731.405831491,-54.615592909,-129.478110838,-24.986068718
2732.405826602,-53.633676779,-129.667387930,-24.988331205
2733.405821713,-52.651760650,-129.856665023,-24.990593691
2734.405816123,-51.669788768,-130.045649678,-24.992794628
2735.405809680,-50.687108418,-130.230918216,-24.994213441
2736.405803239,-49.704428067,-130.416186755,-24.995632254
2737.405796796,-48.721747717,-130.601455293,-24.997051066
2738.405790354,-47.739067366,-130.786723831,-24.998469879
2739.405783911,-46.756387016,-130.971992370,-24.999888692
2740.405777470,-45.773706665,-131.157260908,-25.001307505
2741.405771027,-44.791026315,-131.342529447,-25.002726317
2742.405764585,-43.808345964,-131.527797985,-25.004145130
2743.405753129,-42.825028042,-131.709627145,-25.005197972
2744.405745984,-41.841234784,-131.888892111,-25.005977968
2745.405738841,-40.857441525,-132.068157077,-25.006757965
2746.405731696,-39.873648267,-132.247422042,-25.007537961
2747.405724551,-38.889855009,-132.426687008,-25.008317958
2748.405708115,-37.905195136,-132.601076669,-25.008873106
2749.405700742,-36.919889104,-132.771831249,-25.009260604
2750.405693368,-35.934583072,-132.942585828,-25.009648103
2751.405685994,-34.949277041,-133.113340408,-25.010035602
2752.405666892,-33.963042327,-133.278576115,-25.010248586
2753.405659446,-32.976115140,-133.439696658,-25.010331443
2754.405652000,-31.989187953,-133.600817202,-25.010414299
2755.405640782,-31.002140743,-133.761177312,-25.010477802
2756.405633350,-30.013565725,-133.911857555,-25.010294946
2757.405625918,-29.024990706,-134.062537798,-25.010112089
2758.405618486,-28.036415688,-134.213218040,-25.009929232
2759.405596871,-27.046943169,-134.357789147,-25.009614353
2760.405589507,-26.056801368,-134.497804562,-25.009201022
2761.405582144,-25.066659567,-134.637819976,-25.008787691
2762.405568078,-24.075937260,-134.773617224,-25.008252483
2763.405558683,-23.084668580,-134.905401978,-25.007625754
2764.405551432,-22.092763592,-135.032325563,-25.006995498
2765.405541525,-21.100779322,-135.158606904,-25.006349974
2766.405534429,-20.107785216,-135.276707741,-25.005509977
2767.405527334,-19.114791109,-135.394808578,-25.004669980
2768.405520238,-18.121797003,-135.512909416,-25.003829983
2769.405499614,-17.128120605,-135.625003383,-25.002875430
2770.405492706,-16.133935307,-135.732617026,-25.001835432
2771.405485798,-15.139750009,-135.840230669,-25.000795434
2772.405475909,-14.145494126,-135.947162189,-24.999741792
2773.405469214,-13.150338902,-136.045402625,-24.998514300
2774.405462518,-12.155183679,-136.143643062,-24.997286807
2775.405455823,-11.160028455,-136.241883498,-24.996059315
2776.405447104,-10.164819816,-136.339560434,-24.994817091
2777.405440678,-9.168930346,-136.430055004,-24.993387099
2778.405434251,-8.173040877,-136.520549575,-24.991957107
2779.405427825,-7.177151408,-136.611044145,-24.990527115
2780.405421399,-6.181261938,-136.701538715,-24.989097123
2781.405413162,-5.185325931,-136.791499308,-24.987652388
2782.405407046,-4.188796508,-136.874651049,-24.986019670
2783.405400930,-3.192267085,-136.957802790,-24.984386951
2784.405394815,-2.195737662,-137.040954530,-24.982754232
2785.405388699,-1.199208239,-137.124106271,-24.981121513
2786.405382583,-0.202678816,-137.207258012,-24.979488795
2787.405372610,0.794115475,-137.287121152,-24.977735353
2788.405366861,1.791107396,-137.364530540,-24.975891836
2789.405361112,2.788099316,-137.441939928,-24.974048318
2790.405355362,3.785091236,-137.519349317,-24.972204801
2791.405349613,4.782083157,-137.596758705,-24.970361284
2792.405343863,5.779075077,-137.674168093,-24.968517766
2793.405338114,6.776066997,-137.751577481,-24.966674249
2794.405332365,7.773058918,-137.828986869,-24.964830732
2795.405326013,8.770074413,-137.906083894,-24.962973627
2796.405320627,9.767390899,-137.979192929,-24.960943052
2797.405315240,10.764707384,-138.052301964,-24.958912476
2798.405309853,11.762023869,-138.125410999,-24.956881901
2799.405304465,12.759340354,-138.198520033,-24.954851326
2800.405299078,13.756656839,-138.271629068,-24.952820750
2801.405293692,14.753973325,-138.344738103,-24.950790175
2802.405288305,15.751289810,-138.417847138,-24.948759600
2803.405282917,16.748606295,-138.490956172,-24.946729024
2804.405274762,17.746119774,-138.561285138,-24.944634921
2805.405269607,18.743780304,-138.629538857,-24.942493395
2806.405264450,19.741440833,-138.697792576,-24.940351869
2807.405259295,20.739101363,-138.766046296,-24.938210344
2808.405254140,21.736761893,-138.834300015,-24.936068818
2809.405248983,22.734422422,-138.902553734,-24.933927292
2810.405242792,23.732109448,-138.970403630,-24.931781007
2811.405237779,24.730135213,-139.033090747,-24.929573878
2812.405232765,25.728160978,-139.095777864,-24.927366749
2813.405227752,26.726186743,-139.158464981,-24.925159620
2814.405222739,27.724212508,-139.221152098,-24.922952491
2815.405217726,28.722238273,-139.283839215,-24.920745362
2816.405212714,29.720264039,-139.346526332,-24.918538232
2817.405206633,30.718314336,-139.408804412,-24.916328052
2818.405201713,31.716678468,-139.465849665,-24.914078837
2819.405196794,32.715042601,-139.522894918,-24.911829622
2820.405191875,33.713406734,-139.579940172,-24.909580407
2821.405186956,34.711770867,-139.636985425,-24.907331192
2822.405182037,35.710135000,-139.694030678,-24.905081977
2823.405177118,36.708499133,-139.751075931,-24.902832762
2824.405166966,37.707065143,-139.804372264,-24.900570094
2825.405162099,38.705781927,-139.854868668,-24.898297378
2826.405157233,39.704498712,-139.905365073,-24.896024662
2827.405152367,40.703215496,-139.955861477,-24.893751946
2828.405147501,41.701932281,-140.006357881,-24.891479230
2829.405141026,42.700672656,-140.056353335,-24.889205724
2830.405136185,43.699715149,-140.099933128,-24.886922100
2831.405131344,44.698757643,-140.143512922,-24.884638476
2832.405126503,45.697800137,-140.187092716,-24.882354852
2833.405121661,46.696842630,-140.230672510,-24.880071227
2834.405116820,47.695885124,-140.274252304,-24.877787603
2835.405107059,48.695074412,-140.314202409,-24.875499897
2836.405102234,49.694373361,-140.351441007,-24.873209142
2837.405097409,50.693672310,-140.388679606,-24.870918387
2838.405092584,51.692971259,-140.425918205,-24.868627632
2839.405087759,52.692270208,-140.463156804,-24.866336877
2840.405082934,53.691569157,-140.500395403,-24.864046122
2841.405077222,54.690881004,-140.537262202,-24.861755465
2842.405072393,55.690358205,-140.569362453,-24.859466070
2843.405067566,56.689835407,-140.601462704,-24.857176675
2844.405062738,57.689312609,-140.633562954,-24.854887279
2845.405057910,58.688789810,-140.665663205,-24.852597884
2846.405053082,59.688267012,-140.697763456,-24.850308488
2847.405048254,60.687744214,-140.729863706,-24.848019093
2848.405043426,61.687221415,-140.761963957,-24.845729697
2849.405038598,62.686698617,-140.794064207,-24.843440302
2850.405032399,63.686233808,-140.824260082,-24.841156895
2851.405027548,64.685812338,-140.853032733,-24.838877964
2852.405022696,65.685390868,-140.881805384,-24.836599033
2853.405017843,66.684969397,-140.910578035,-24.834320102
2854.405012992,67.684547927,-140.939350686,-24.832041171
2855.405008140,68.684126457,-140.968123337,-24.829762240
2856.405003288,69.683704987,-140.996895988,-24.827483309
2857.404998436,70.683283517,-141.025668639,-24.825204378
2858.404993584,71.682862046,-141.054441290,-24.822925447
2859.404988701,72.682442405,-141.083149406,-24.820648341
2860.404983792,73.682046253,-141.111028590,-24.818394674
2861.404978883,74.681650102,-141.138907774,-24.816141006
2862.404973974,75.681253950,-141.166786958,-24.813887339
2863.404969064,76.680857798,-141.194666142,-24.811633672
2864.404964155,77.680461647,-141.222545326,-24.809380005
2865.404959246,78.680065495,-141.250424510,-24.807126338
2866.404954337,79.679669344,-141.278303694,-24.804872671
2867.404949428,80.679273192,-141.306182878,-24.802619003
2868.404944518,81.678877040,-141.334062062,-24.800365336
2869.404939462,82.678493139,-141.361495782,-24.798144191
2870.404934427,83.678118399,-141.388596397,-24.795947365
2871.404929391,84.677743658,-141.415697012,-24.793750538
2872.404924355,85.677368917,-141.442797627,-24.791553712
2873.404919320,86.676994177,-141.469898242,-24.789356885
2874.404914283,87.676619436,-141.496998857,-24.787160059
2875.404909248,88.676244696,-141.524099472,-24.784963233
2876.404904212,89.675869955,-141.551200087,-24.782766406
2877.404899177,90.675495215,-141.578300702,-24.780569580
2878.404894115,91.675121518,-141.605362429,-24.778380266
2879.404888855,92.674761256,-141.631923601,-24.776287650
2880.404883597,93.674400995,-141.658484772,-24.774195035
2881.404878337,94.674040733,-141.685045944,-24.772102419
2882.404873078,95.673680472,-141.711607116,-24.770009803
2883.404867819,96.673320210,-141.738168287,-24.767917187
2884.404862560,97.672959949,-141.764729459,-24.765824572
2885.404857300,98.672599687,-141.791290631,-24.763731956
2886.404852042,99.672239426,-141.817851802,-24.761639340
2887.404846782,100.671879164,-141.844412974,-24.759546725
2888.404841261,101.671507916,-141.871382146,-24.757551652
2889.404835660,102.671128448,-141.898656583,-24.755629561
2890.404830058,103.670748980,-141.925931021,-24.753707470
2891.404824457,104.670369512,-141.953205458,-24.751785379
2892.404818856,105.669990044,-141.980479896,-24.749863288
2893.404813253,106.669610575,-142.007754333,-24.747941198
2894.404807652,107.669231107,-142.035028770,-24.746019107
2895.404802051,108.668851639,-142.062303208,-24.744097016
2896.404796449,109.668472171,-142.089577645,-24.742174925
2897.404790807,110.668093458,-142.116824190,-24.740271388
2898.404784743,111.667724493,-142.143710941,-24.738607189
2899.404778679,112.667355527,-142.170597693,-24.736942990
2900.404772615,113.666986562,-142.197484444,-24.735278791
2901.404766552,114.666617597,-142.224371195,-24.733614593
2902.404760488,115.666248631,-142.251257946,-24.731950394
2903.404754424,116.665879666,-142.278144698,-24.730286195
2904.404748360,117.665510700,-142.305031449,-24.728621996
2905.404742296,118.665141735,-142.331918200,-24.726957797
2906.404736232,119.664772769,-142.358804952,-24.725293598
2907.404764862,120.664405023,-142.385646322,-24.716798983
2908.404849997,121.664038188,-142.412453719,-24.703190994
2909.404935134,122.663671354,-142.439261116,-24.689583004
2910.405020271,123.663304520,-142.466068513,-24.675975015
2911.405105407,124.662937686,-142.492875911,-24.662367025
2912.405190543,125.662570851,-142.519683308,-24.648759036
2913.405275679,126.662204017,-142.546490705,-24.635151047
2914.405360816,127.661837183,-142.573298102,-24.621543057
2915.405660322,128.661453994,-142.600700764,-24.646330700
2916.407825745,129.661054520,-142.628695115,-24.712290083
2917.407818658,130.660699688,-142.655051142,-24.711440088
2918.407811570,131.660344856,-142.681407168,-24.710590094
2919.407804482,132.659990024,-142.707763195,-24.709740099
2920.407797395,133.659635193,-142.734119222,-24.708890104
2921.407790308,134.659280361,-142.760475249,-24.708040109
2922.407783220,135.658925529,-142.786831276,-24.707190115
2923.407773302,136.658585044,-142.812528291,-24.706364418
2924.407765984,137.658430122,-142.829701615,-24.705852992
2925.407758666,138.658275200,-142.846874939,-24.705341567
2926.407751349,139.658120278,-142.864048264,-24.704830141
2927.407727536,140.658040752,-142.874596645,-24.704439598
2928.407720133,141.658017701,-142.880182761,-24.704139600
2929.407708262,142.657994481,-142.884938313,-24.703853087
2930.407700819,143.657969075,-142.878945553,-24.703741087
2931.407693376,144.657943669,-142.872952793,-24.703629088
2932.407667343,145.657832657,-142.859916465,-24.703629146
2933.407659897,146.657657518,-142.841603909,-24.703713146
2934.407647328,147.657460560,-142.822401586,-24.703812066
2935.407639922,148.656981234,-142.791684745,-24.704104066
2936.407632516,149.656501909,-142.760967904,-24.704396066
2937.407605381,150.655753221,-142.722989446,-24.704822231
2938.407598070,151.654802759,-142.679571450,-24.705348897
2939.407590761,152.653852298,-142.636153453,-24.705875563
2940.407565543,153.652558900,-142.585812297,-24.706550876
2941.407558404,154.651008612,-142.530285050,-24.707337539
2942.407551264,155.649458324,-142.474757803,-24.708124201
2943.407528612,156.647512682,-142.412779517,-24.709065226
2944.407521721,157.645270865,-142.345968509,-24.710121890
2945.407514831,158.643029048,-142.279157501,-24.711178554
2946.407491085,159.640297045,-142.205621244,-24.712391486
2947.407484521,160.637197813,-142.127046683,-24.713721488
2948.407477957,161.634098581,-142.048472122,-24.715051490
2949.407455333,162.630443459,-141.963328549,-24.716537753
2950.407449170,163.626371893,-141.873263813,-24.718141078
2951.407443007,164.622300328,-141.783199078,-24.719744402
2952.407422588,165.617633889,-141.686933155,-24.721515697
2953.407416939,166.612521774,-141.586021318,-24.723412834
2954.407411290,167.607409659,-141.485109480,-24.725309971
2955.407402544,168.602223905,-141.383505154,-24.727229353
2956.407397532,169.596084453,-141.272932489,-24.729436826
2957.407392519,170.589945000,-141.162359824,-24.731644300
2958.407385902,171.583723456,-141.051066208,-24.733852713
2959.407376732,172.576586682,-140.931908301,-24.736233535
2960.407372422,173.569139716,-140.810156190,-24.738739244
2961.407368113,174.561692751,-140.688404080,-24.741244953
2962.407359750,175.554144534,-140.565862827,-24.743769360
2963.407356129,176.545284492,-140.433097292,-24.746536015
2964.407352507,177.536424449,-140.300331757,-24.749302670
2965.407344130,178.527445061,-140.166714174,-24.752083749
2966.407341085,179.516919113,-140.022055258,-24.755051738
2967.407338041,180.506393166,-139.877396342,-24.758019726
2968.407313782,181.494721255,-139.725246240,-24.761088318
2969.407311275,182.482190581,-139.567482390,-24.764232300
2970.407301933,183.469490184,-139.408703122,-24.767387457
2971.407299930,184.454589636,-139.236760767,-24.770687471
2972.407297926,185.439689087,-139.064818412,-24.773987485
2973.407271079,186.423323459,-138.884823083,-24.777365231
2974.407269533,187.405859912,-138.698792923,-24.780801227
2975.407262466,188.388218298,-138.511854430,-24.784246105
2976.407261354,189.368268624,-138.313142425,-24.787806098
2977.407260242,190.348318950,-138.114430419,-24.791366091
2978.407242459,191.326996300,-137.909145361,-24.794988955
2979.407241745,192.304644723,-137.698934363,-24.798658935
2980.407241031,193.282293146,-137.488723366,-24.802328916
2981.407226059,194.258602691,-137.272446109,-24.806054158
2982.407225704,195.233908796,-137.051622414,-24.809820817
2983.407225349,196.209214901,-136.830798719,-24.813587475
2984.407212428,197.183205980,-136.604301349,-24.817392238
2985.407212326,198.156211469,-136.373551657,-24.821225560
2986.407212225,199.129216959,-136.142801966,-24.825058881
2987.407198783,200.100810258,-135.906233391,-24.828917246
2988.407198850,201.071345105,-135.665303498,-24.832794381
2989.407198918,202.041879952,-135.424373605,-24.836671516
2990.407195632,203.012237959,-135.182746354,-24.840549468
2991.407195743,203.980302318,-134.932074260,-24.844438023
2992.407195855,204.948366678,-134.681402167,-24.848326578
2993.407195967,205.916431037,-134.430730073,-24.852215133
2994.407185845,206.883167279,-134.175023560,-24.856084814
2995.407185829,207.848907992,-133.915543354,-24.859940349
2996.407185812,208.814648705,-133.656063148,-24.863795884
2997.407185797,209.780389419,-133.396582941,-24.867651418
2998.407184207,210.746002493,-133.136634042,-24.871495983
2999.407183612,211.709959098,-132.870602526,-24.875198180
3000.407183016,212.673915702,-132.604571010,-24.878900377
3001.407182420,213.637872306,-132.338539494,-24.882602574
3002.407181825,214.601828911,-132.072507978,-24.886304771
3003.407181230,215.565785515,-131.806476461,-24.890006968
3004.407180634,216.529742119,-131.540444945,-24.893709165
3005.407180039,217.493698724,-131.274413429,-24.897411361
3006.407179443,218.457655328,-131.008381913,-24.901113558
3007.407178738,219.421601544,-130.742312794,-24.904788885
3008.407176822,220.385412811,-130.475755212,-24.908115178
3009.407174905,221.349224078,-130.209197631,-24.911441470
3010.407172989,222.313035345,-129.942640050,-24.914767762
3011.407171072,223.276846612,-129.676082468,-24.918094054
3012.407169155,224.240657879,-129.409524887,-24.921420346
3013.407167239,225.204469146,-129.142967306,-24.924746638
3014.407165322,226.168280413,-128.876409724,-24.928072930
3015.407163406,227.132091680,-128.609852143,-24.931399222
3016.407161489,228.095902947,-128.343294562,-24.934725514
3017.407158237,229.059968649,-128.077659970,-24.937739036
3018.407154650,230.024225191,-127.812717666,-24.940517965
3019.407151062,230.988481733,-127.547775362,-24.943296894
3020.407147474,231.952738274,-127.282833058,-24.946075823
3021.407143887,232.916994816,-127.017890754,-24.948854752
3022.407140300,233.881251358,-126.752948450,-24.951633681
3023.407136712,234.845507899,-126.488006146,-24.954412610
3024.407133125,235.809764441,-126.223063842,-24.957191539
3025.407129537,236.774020983,-125.958121538,-24.959970468
3026.407125819,237.738277964,-125.693180833,-24.962701856
3027.407120601,238.702540660,-125.428260931,-24.964814470
3028.407115384,239.666803357,-125.163341029,-24.966927083
3029.407110168,240.631066054,-124.898421127,-24.969039697
3030.407104950,241.595328750,-124.633501225,-24.971152311
3031.407099733,242.559591447,-124.368581324,-24.973264925
3032.407094516,243.523854144,-124.103661422,-24.975377539
3033.407089299,244.488116841,-123.838741520,-24.977490153
3034.407084081,245.452379537,-123.573821618,-24.979602767
3035.407078865,246.416642234,-123.308901716,-24.981715380
3036.407072760,247.380779557,-123.043526214,-24.983405259
3037.407066253,248.344822789,-122.777808789,-24.984777880
3038.407059747,249.308866021,-122.512091364,-24.986150502
3039.407053240,250.272909253,-122.246373940,-24.987523124
3040.407046733,251.236952484,-121.980656515,-24.988895745
3041.407040226,252.200995716,-121.714939091,-24.990268367
3042.407033720,253.165038948,-121.449221666,-24.991640989
3043.407027213,254.129082180,-121.183504241,-24.993013610
3044.407020707,255.093125412,-120.917786817,-24.994386232
3045.407014080,256.057146169,-120.651988041,-24.995703991
3046.407006812,257.020873752,-120.385128062,-24.996306093
3047.406999545,257.984601335,-120.118268083,-24.996908194
3048.406992277,258.948328918,-119.851408104,-24.997510295
3049.406985010,259.912056501,-119.584548125,-24.998112396
3050.406977742,260.875784084,-119.317688146,-24.998714497
3051.406970475,261.839511667,-119.050828167,-24.999316598
3052.406963207,262.803239250,-118.783968188,-24.999918699
3053.406955940,263.766966833,-118.517108209,-25.000520800
3054.406948673,264.730694416,-118.250248230,-25.001122901
3055.406941230,265.694387154,-117.983262469,-25.001282960
3056.406933796,266.658053726,-117.716182256,-25.001111090
3057.406926362,267.621720277,-117.449101966,-25.000939270
3058.406918929,268.585386679,-117.182021137,-25.000767794
3059.406911494,269.549053080,-116.914940308,-25.000596317
3060.406904061,270.512719482,-116.647859479,-25.000424841
3061.406896626,271.476385883,-116.380778650,-25.000253364
3062.406889192,272.440052285,-116.113697822,-25.000081888
3063.406881758,273.403718686,-115.846616993,-24.999910411
3064.406874335,274.367383051,-115.579528815,-24.999685890
3065.406867307,275.331020784,-115.312344569,-24.998768002
3066.406860279,276.294658518,-115.045160324,-24.997850114
3067.406853252,277.258296251,-114.777976078,-24.996932226
3068.406846224,278.221933985,-114.510791833,-24.996014338
3069.406839197,279.185571719,-114.243607588,-24.995096450
3070.406832169,280.149209452,-113.976423342,-24.994178562
3071.406825142,281.112847186,-113.709239097,-24.993260673
3072.406818115,282.076484920,-113.442054852,-24.992342785
3073.406811087,283.040122653,-113.174870606,-24.991424897
3074.406804484,284.003697242,-112.907458804,-24.990108516
3075.406798340,284.967224389,-112.639876033,-24.988492739
3076.406792197,285.930751536,-112.372293261,-24.986876961
3077.406786054,286.894278683,-112.104710490,-24.985261184
3078.406779911,287.857805831,-111.837127719,-24.983645407
3079.406773768,288.821332978,-111.569544948,-24.982029630
3080.406767624,289.784860125,-111.301962177,-24.980413852
3081.406761481,290.748387272,-111.034379406,-24.978798075
3082.406755337,291.711914419,-110.766796634,-24.977182298
3083.406749126,292.675480849,-110.499355888,-24.975521128
3084.406744222,293.639561857,-110.233775556,-24.973265355
3085.406739317,294.603642865,-109.968195223,-24.971009583
3086.406734413,295.567723873,-109.702614891,-24.968753810
3087.406729508,296.531804880,-109.437034559,-24.966498037
3088.406724604,297.495885888,-109.171454226,-24.964242264
3089.406719699,298.459966896,-108.905873894,-24.961986491
3090.406714795,299.424047904,-108.640293561,-24.959730719
3091.406709891,300.388128912,-108.374713229,-24.957474946
3092.406704986,301.352209920,-108.109132897,-24.955219173
3093.406700566,302.316053961,-107.842694965,-24.952640118
3094.406697099,303.279719861,-107.575612327,-24.949818035
3095.406693633,304.243385762,-107.308529690,-24.946995952
3096.406690166,305.207051662,-107.041447053,-24.944173868
3097.406686699,306.170717562,-106.774364416,-24.941351785
3098.406683233,307.134383463,-106.507281779,-24.938529701
3099.406679766,308.098049363,-106.240199141,-24.935707618
3100.406676299,309.061715263,-105.973116504,-24.932885535
3101.406672833,310.025381164,-105.706033867,-24.930063451
3102.406669465,310.989048763,-105.438957359,-24.927206647
3103.406667502,311.952738660,-105.171961322,-24.923894038
3104.406665541,312.916428558,-104.904965284,-24.920581429
3105.406663578,313.880118455,-104.637969247,-24.917268820
3106.406661616,314.843808353,-104.370973210,-24.913956211
3107.406659654,315.807498250,-104.103977172,-24.910643601
3108.406657692,316.771188148,-103.836981135,-24.907330992
3109.406655730,317.734878045,-103.569985097,-24.904018383
3110.406653768,318.698567943,-103.302989060,-24.900705774
3111.406651807,319.662257841,-103.035993023,-24.897393165
3112.406650632,320.625967768,-102.769069301,-24.893849868
3113.406650092,321.589692763,-102.502199973,-24.890133053
3114.406649550,322.553417757,-102.235330645,-24.886416238
3115.406649009,323.517142751,-101.968461317,-24.882699423
3116.406648467,324.480867745,-101.701591989,-24.878982607
3117.406647926,325.444592739,-101.434722661,-24.875265792
3118.406647384,326.408317733,-101.167853333,-24.871548977
3119.406646844,327.372042728,-100.900984005,-24.867832162
3120.406646302,328.335767722,-100.634114677,-24.864115347
3121.406645833,329.299482082,-100.367206989,-24.860376370
3122.406646507,330.263056556,-100.099794692,-24.856345874
3123.406647180,331.226631029,-99.832382396,-24.852315377
3124.406647855,332.190205503,-99.564970099,-24.848284880
3125.406648528,333.153779977,-99.297557803,-24.844254383
3126.406649202,334.117354450,-99.030145506,-24.840223886
3127.406649876,335.080928924,-98.762733210,-24.836193389
3128.406650550,336.044503398,-98.495320913,-24.832162893
3129.406651223,337.008077871,-98.227908617,-24.828132396
3130.406651897,337.971652345,-97.960496320,-24.824101899
3131.406653066,338.935285598,-97.693295985,-24.819945876
3132.406654651,339.898963089,-97.426255172,-24.815695382
3133.406656235,340.862640580,-97.159214359,-24.811444889
3134.406657820,341.826318071,-96.892173546,-24.807194395
3135.406659405,342.789995563,-96.625132733,-24.802943901
3136.406660990,343.753673054,-96.358091920,-24.798693407
3137.406662574,344.717350545,-96.091051107,-24.794442913
3138.406664159,345.681028036,-95.824010294,-24.790192419
3139.406665744,346.644705527,-95.556969481,-24.785941926
3140.406667330,347.608402359,-95.289998603,-24.781682823
3141.406669441,348.572354156,-95.023949670,-24.777310225
3142.406671552,349.536305953,-94.757900736,-24.772937628
3143.406673664,350.500257751,-94.491851803,-24.768565031
3144.406675774,351.464209548,-94.225802870,-24.764192434
3145.406677886,352.428161346,-93.959753937,-24.759819837
3146.406679997,353.392113143,-93.693705004,-24.755447240
3147.406682108,354.356064941,-93.427656070,-24.751074643
3148.406684219,355.320016738,-93.161607137,-24.746702045
3149.406686330,356.283968535,-92.895558204,-24.742329448
3150.406688479,357.247837392,-92.629209077,-24.737939928
3151.406690720,358.211643788,-92.362633886,-24.733537665
3152.406692961,359.175450185,-92.096058695,-24.729135401
3153.406695202,360.139256630,-91.829483678,-24.724733385
3154.406697434,361.103063407,-91.562909864,-24.720333070
3155.406699667,362.066870184,-91.296336049,-24.715932756
3156.406701900,363.030676962,-91.029762235,-24.711532441
3157.406704132,363.994483739,-90.763188420,-24.707132126
3158.406706365,364.958290516,-90.496614606,-24.702731812
3159.406708576,365.922091966,-90.230021538,-24.698335817
3160.406710540,366.885823023,-89.963174107,-24.693996900
3161.406712505,367.849554081,-89.696326676,-24.689657983
3162.406714469,368.813285138,-89.429479246,-24.685319066
3163.406716434,369.777016196,-89.162631815,-24.680980149
3164.406718398,370.740747253,-88.895784384,-24.676641231
3165.406720363,371.704478311,-88.628936953,-24.672302314
3166.406722326,372.668209368,-88.362089522,-24.667963397
3167.406724291,373.631940426,-88.095242091,-24.663624480
3168.406726255,374.595671483,-87.828394660,-24.659285563
3169.406727882,375.559406232,-87.561560561,-24.655025289
3170.406729257,376.523143762,-87.294736507,-24.650824272
3171.406730633,377.486881292,-87.027912453,-24.646623255
3172.406732008,378.450618822,-86.761088399,-24.642422238
3173.406733384,379.414356352,-86.494264345,-24.638221221
3174.406734760,380.378093883,-86.227440291,-24.634020203
3175.406736136,381.341831413,-85.960616237,-24.629819186
3176.406737511,382.305568943,-85.693792183,-24.625618169
3177.406738887,383.269306473,-85.426968130,-24.621417152
3178.406740193,384.233053365,-85.160177923,-24.617230769
3179.406740715,385.196924222,-84.893835899,-24.613238166
3180.406741236,386.160795079,-84.627493875,-24.609245564
3181.406741757,387.124665935,-84.361151850,-24.605252961
3182.406742279,388.088536792,-84.094809826,-24.601260359
3183.406742801,389.052407649,-83.828467802,-24.597267756
3184.406743323,390.016278506,-83.562125778,-24.593275154
3185.406743845,390.980149363,-83.295783754,-24.589282551
3186.406744366,391.944020220,-83.029441730,-24.585289949
3187.406744888,392.907891077,-82.763099706,-24.581297346
3188.406744591,393.871970029,-82.497512782,-24.577454780
3189.406744097,394.836205870,-82.232495149,-24.573725331
3190.406743602,395.800441711,-81.967477516,-24.569995882
3191.406743108,396.764677552,-81.702459883,-24.566266433
3192.406742614,397.728913393,-81.437442250,-24.562536984
3193.406742120,398.693149234,-81.172424617,-24.558807535
3194.406741625,399.657385074,-80.907406985,-24.555078086
3195.406741130,400.621620915,-80.642389352,-24.551348637
3196.406740636,401.585856756,-80.377371719,-24.547619188
3197.406740059,402.550088128,-80.112337834,-24.543911503
3198.406738455,403.514260206,-79.847088317,-24.540492584
3199.406736851,404.478432285,-79.581838800,-24.537073664
3200.406735247,405.442604363,-79.316589283,-24.533654745
3201.406733643,406.406776441,-79.051339766,-24.530235826
3202.406732038,407.370948519,-78.786090249,-24.526816906
3203.406730434,408.335120597,-78.520840732,-24.523397987
3204.406728831,409.299292676,-78.255591215,-24.519979068
3205.406727226,410.263464754,-77.990341698,-24.516560149
3206.406725622,411.227636832,-77.725092181,-24.513141229
3207.406723328,412.191860679,-77.460030969,-24.509925709
3208.406720568,413.156123579,-77.195111805,-24.506863626
3209.406717807,414.120386478,-76.930192642,-24.503801542
3210.406715047,415.084649378,-76.665273479,-24.500739459
3211.406712286,416.048912277,-76.400354315,-24.497677375
3212.406709526,417.013175177,-76.135435152,-24.494615292
3213.406706766,417.977438077,-75.870515989,-24.491553208
3214.406704005,418.941700976,-75.605596825,-24.488491125
3215.406701244,419.905963876,-75.340677662,-24.485429041
3216.406698373,420.870242772,-75.075816822,-24.482395302
3217.406694453,421.834734387,-74.811731559,-24.479738479
3218.406690534,422.799226003,-74.547646296,-24.477081656
3219.406686615,423.763717619,-74.283561034,-24.474424833
3220.406682695,424.728209234,-74.019475771,-24.471768010
3221.406678776,425.692700850,-73.755390508,-24.469111186
3222.406674857,426.657192466,-73.491305245,-24.466454363
3223.406670938,427.621684081,-73.227219982,-24.463797540
3224.406667018,428.586175697,-72.963134720,-24.461140717
3225.406663098,429.550667312,-72.699049457,-24.458483894
3226.406658359,430.514981888,-72.434319094,-24.456085012
3227.406653339,431.479162836,-72.169101823,-24.453880818
3228.406648320,432.443343785,-71.903884552,-24.451676624
3229.406643301,433.407524734,-71.638667281,-24.449472429
3230.406638281,434.371705682,-71.373450010,-24.447268235
3231.406633261,435.335886631,-71.108232739,-24.445064041
3232.406628242,436.300067580,-70.843015468,-24.442859847
3233.406623222,437.264248528,-70.577798197,-24.440655653
3234.406618203,438.228429477,-70.312580926,-24.438451459
3235.406613076,439.192592173,-70.047297427,-24.436282092
3236.406607081,440.156511632,-69.781131354,-24.434576842
3237.406601087,441.120431092,-69.514965280,-24.432871593
3238.406595091,442.084350551,-69.248799207,-24.431166343
3239.406589097,443.048270010,-68.982633133,-24.429461094
3240.406583102,444.012189470,-68.716467060,-24.427755844
3241.406577107,444.976108929,-68.450300986,-24.426050595
3242.406571112,445.940028388,-68.184134913,-24.424345346
3243.406565117,446.903947847,-67.917968839,-24.422640096
3244.406559123,447.867867307,-67.651802766,-24.420934847
3245.406552648,448.831792892,-67.385658879,-24.419539368
3246.406545873,449.795723103,-67.119531748,-24.418377838
3247.406539100,450.759653315,-66.853404617,-24.417216308
3248.406532325,451.723583496,-66.587277376,-24.416054874
3249.406525550,452.687513468,-66.321149376,-24.414894105
3250.406518775,453.651443439,-66.055021376,-24.413733336
3251.406512000,454.615373411,-65.788893376,-24.412572567
3252.406505225,455.579303383,-65.522765376,-24.411411798
3253.406498450,456.543233354,-65.256637376,-24.410251029
3254.406491622,457.507155502,-64.990481062,-24.409131011
3255.406484340,458.470973166,-64.723946611,-24.408555226
3256.406477057,459.434790830,-64.457412161,-24.407979441
3257.406469774,460.398608494,-64.190877710,-24.407403656
3258.406462491,461.362426158,-63.924343259,-24.406827871
3259.406455208,462.326243822,-63.657808809,-24.406252085
3260.406447925,463.290061486,-63.391274358,-24.405676300
3261.406440643,464.253879150,-63.124739907,-24.405100515
3262.406433359,465.217696813,-62.858205457,-24.404524730
3263.406426076,466.181514477,-62.591671006,-24.403948945
3264.406418583,467.145218580,-62.324726503,-24.403726303
3265.406411136,468.108836871,-62.057472143,-24.403770513
3266.406403688,469.072455161,-61.790217783,-24.403814723
3267.406396241,470.036073452,-61.522963423,-24.403858933
3268.406388793,470.999691742,-61.255709063,-24.403903144
3269.406381345,471.963310032,-60.988454703,-24.403947354
3270.406373897,472.926928323,-60.721200343,-24.403991564
3271.406366449,473.890546613,-60.453945983,-24.404035774
3272.406359002,474.854164904,-60.186691623,-24.404079984
3273.406351544,475.817794964,-59.919479751,-24.404169054
3274.406344333,476.781582545,-59.652836542,-24.404858522
3275.406337122,477.745370126,-59.386193333,-24.405547991
3276.406329911,478.709157708,-59.119550125,-24.406237459
3277.406322700,479.672945289,-58.852906916,-24.406926927
3278.406315489,480.636732870,-58.586263707,-24.407616396
3279.406308277,481.600520451,-58.319620499,-24.408305864
3280.406301067,482.564308033,-58.052977290,-24.408995332
3281.406293856,483.528095614,-57.786334081,-24.409684800
3282.406286644,484.491883195,-57.519690873,-24.410374269
3283.406279760,485.455643206,-57.252948043,-24.411440169
3284.406273224,486.419382370,-56.986129891,-24.412790686
3285.406266687,487.383121534,-56.719311739,-24.414141203
3286.406260150,488.346860698,-56.452493587,-24.415491720
3287.406253613,489.310599862,-56.185675435,-24.416842237
3288.406247076,490.274339026,-55.918857283,-24.418192754
3289.406240539,491.238078190,-55.652039131,-24.419543272
3290.406234003,492.201817354,-55.385220979,-24.420893789
3291.406227466,493.165556518,-55.118402827,-24.422244306
3292.406220990,494.129301389,-54.851605298,-24.423640979
3293.406215573,495.093122795,-54.585084381,-24.425656754
3294.406210155,496.056944201,-54.318563463,-24.427672529
3295.406204738,497.020765607,-54.052042545,-24.429688303
3296.406199321,497.984587013,-53.785521628,-24.431704078
3297.406193905,498.948408420,-53.519000710,-24.433719853
3298.406188487,499.912229826,-53.252479793,-24.435735628
3299.406183070,500.876051232,-52.985958875,-24.437751402
3300.406177653,501.839872638,-52.719437958,-24.439767177
3301.406172237,502.803694045,-52.452917040,-24.441782952
3302.406167643,503.767487124,-52.186293721,-24.444174469
3303.406163774,504.731258774,-51.919592936,-24.446850238
3304.406159905,505.695030424,-51.652892150,-24.449526007
3305.406156036,506.658802074,-51.386191365,-24.452201776
3306.406152168,507.622573725,-51.119490579,-24.454877545
3307.406148299,508.586345375,-50.852789793,-24.457553314
3308.406144430,509.550117025,-50.586089008,-24.460229083
3309.406140561,510.513888675,-50.319388222,-24.462904852
3310.406136692,511.477660325,-50.052687437,-24.465580621
3311.406132939,512.441425857,-49.785964556,-24.468300484
3312.406130977,513.405109143,-49.518944655,-24.471613091
3313.406129015,514.368792429,-49.251924755,-24.474925697
3314.406127053,515.332475714,-48.984904854,-24.478238303
3315.406125091,516.296159000,-48.717884953,-24.481550910
3316.406123129,517.259842286,-48.450865053,-24.484863516
3317.406121167,518.223525572,-48.183845152,-24.488176123
3318.406119204,519.187208857,-47.916825252,-24.491488729
3319.406117243,520.150892143,-47.649805351,-24.494801336
3320.406115281,521.114575429,-47.382785450,-24.498113942
3321.406114488,522.078300249,-47.115915529,-24.501765052
3322.406114673,523.042056509,-46.849159135,-24.505672393
3323.406114858,524.005812769,-46.582402741,-24.509579734
3324.406115043,524.969569030,-46.315646347,-24.513487075
3325.406115228,525.933325290,-46.048889953,-24.517394416
3326.406115413,526.897081550,-45.782133558,-24.521301757
3327.406115598,527.860837810,-45.515377164,-24.525209098
3328.406115783,528.824594070,-45.248620770,-24.529116439
3329.406115968,529.788350330,-44.981864376,-24.533023780
3330.406116292,530.752115547,-44.715140373,-24.536968435
3331.406118733,531.716001430,-44.448852732,-24.541415771
3332.406121173,532.679887312,-44.182565092,-24.545863108
3333.406123614,533.643773195,-43.916277451,-24.550310444
3334.406126055,534.607659078,-43.649989810,-24.554757781
3335.406128496,535.571544961,-43.383702169,-24.559205117
3336.406130936,536.535430844,-43.117414529,-24.563652454
3337.406133376,537.499316726,-42.851126888,-24.568099790
3338.406135817,538.463202609,-42.584839247,-24.572547126
3339.406138258,539.427088492,-42.318551607,-24.576994463
3340.406141771,540.391163196,-42.052949112,-24.581717239
3341.406146481,541.355380917,-41.787865560,-24.586648648
3342.406151193,542.319598702,-41.522782241,-24.591580219
3343.406155904,543.283816486,-41.257698922,-24.596511789
3344.406160615,544.248034271,-40.992615603,-24.601443360
3345.406165327,545.212252056,-40.727532284,-24.606374930
3346.406170039,546.176469841,-40.462448965,-24.611306501
3347.406174750,547.140687626,-40.197365646,-24.616238072
3348.406179462,548.104905411,-39.932282327,-24.621169642
3349.406184304,549.069135854,-39.667245116,-24.626130828
3350.406191225,550.033537204,-39.402830406,-24.631491839
3351.406198147,550.997938554,-39.138415695,-24.636852850
3352.406205069,551.962339904,-38.874000984,-24.642213862
3353.406211990,552.926741253,-38.609586274,-24.647574873
3354.406218912,553.891142603,-38.345171563,-24.652935884
3355.406225833,554.855543953,-38.080756853,-24.658296895
3356.406232755,555.819945303,-37.816342142,-24.663657907
3357.406239676,556.784346652,-37.551927431,-24.669018918
3358.406246597,557.748748002,-37.287512721,-24.674379929
3359.406254676,558.713167935,-37.023165804,-24.679952926
3360.406263665,559.677601950,-36.758870262,-24.685686569
3361.406272653,560.642035965,-36.494574721,-24.691420211
3362.406281642,561.606469980,-36.230279179,-24.697153854
3363.406290631,562.570903995,-35.965983637,-24.702887496
3364.406299619,563.535338010,-35.701688096,-24.708621139
3365.406308608,564.499772025,-35.437392554,-24.714354781
3366.406317597,565.464206040,-35.173097012,-24.720088424
3367.406326585,566.428640055,-34.908801471,-24.725822066
3368.406335562,567.393037166,-34.644371797,-24.731576427
3369.406346321,568.356934945,-34.378127222,-24.737611116
3370.406357082,569.320832725,-34.111882647,-24.743645805
3371.406367842,570.284730504,-33.845638071,-24.749680494
3372.406378602,571.248628283,-33.579393496,-24.755715184
3373.406389361,572.212526062,-33.313148921,-24.761749873
3374.406400121,573.176423841,-33.046904345,-24.767784562
3375.406410882,574.140321621,-32.780659770,-24.773819251
3376.406421642,575.104219400,-32.514415195,-24.779853940
3377.406432402,576.068117179,-32.248170619,-24.785888630
3378.406443803,577.032107035,-31.982259791,-24.792036054
3379.406455778,577.996166709,-31.716602028,-24.798268960
3380.406467755,578.960226384,-31.450944265,-24.804501867
3381.406479730,579.924286058,-31.185286502,-24.810734773
3382.406491706,580.888345732,-30.919628739,-24.816967679
3383.406503682,581.852405407,-30.653970977,-24.823200586
3384.406515657,582.816465081,-30.388313214,-24.829433492
3385.406527633,583.780524755,-30.122655451,-24.835666399
3386.406538252,584.744703380,-29.857434978,-24.841904828
3387.406550731,585.710494561,-29.598142679,-24.848218123
3388.406563211,586.676285742,-29.338850379,-24.854531419
3389.406575692,587.642076924,-29.079558080,-24.860844715
3390.406588172,588.607868105,-28.820265780,-24.867158010
3391.406593355,589.574784203,-28.565229183,-24.873479361
3392.406605924,590.542553536,-28.313420485,-24.879806821
3393.406618494,591.510322869,-28.061611786,-24.886134281
3394.406631063,592.478092202,-27.809803088,-24.892461742
3395.406634879,593.447049243,-27.562639337,-24.898783523
3396.406647385,594.416907237,-27.318999083,-24.905100998
3397.406659891,595.386765231,-27.075358829,-24.911418472
3398.406672399,596.356623226,-26.831718575,-24.917735946
3399.406674951,597.327697320,-26.593012446,-24.924028309
3400.406687180,598.299693966,-26.358049423,-24.930301621
3401.406699408,599.271690612,-26.123086399,-24.936574933
3402.406711636,600.243687258,-25.888123376,-24.942848245
3403.406721860,601.215808354,-25.653684168,-24.949115701
3404.406733558,602.189618776,-25.426355407,-24.955303663
3405.406745254,603.163429197,-25.199026646,-24.961491626
3406.406756951,604.137239619,-24.971697884,-24.967679588
3407.406768647,605.111050040,-24.744369123,-24.973867551
3408.406778793,606.084965545,-24.517497566,-24.980046323
3409.406789670,607.060308161,-24.296835190,-24.986100287
3410.406800546,608.035650777,-24.076172814,-24.992154250
3411.406811422,609.010993393,-23.855510439,-24.998208213
3412.406822299,609.986336009,-23.634848063,-25.004262176
3413.406831310,610.961790136,-23.414687300,-25.010304212
3414.406841148,611.938759382,-23.201342053,-25.016184188
3415.406850986,612.915728628,-22.987996807,-25.022064163
3416.406860825,613.892697875,-22.774651560,-25.027944138
3417.406870663,614.869667121,-22.561306313,-25.033824114
3418.406871877,615.847594307,-22.352434006,-25.039586595
3419.406880522,616.826248483,-22.146956251,-25.045259909
3420.406889166,617.804902658,-21.941478497,-25.050933222
3421.406897811,618.783556834,-21.736000742,-25.056606536
3422.406904361,619.762320120,-21.531053065,-25.062261532
3423.406911524,620.742566715,-21.333311529,-25.067667498
3424.406918687,621.722813310,-21.135569993,-25.073073465
3425.406925851,622.703059906,-20.937828458,-25.078479431
3426.406933014,623.683306501,-20.740086922,-25.083885398
3427.406938037,624.663658830,-20.542880515,-25.089269647
3428.406943537,625.645449253,-20.352952454,-25.094358512
3429.406949036,626.627239675,-20.163024393,-25.099447378
3430.406954536,627.609030098,-19.973096332,-25.104536244
3431.406960036,628.590820521,-19.783168271,-25.109625109
3432.406954675,629.573559954,-19.598267099,-25.114528436
3433.406958568,630.557019796,-19.417181918,-25.119290917
3434.406962459,631.540479637,-19.236096738,-25.124053397
3435.406966351,632.523939479,-19.055011558,-25.128815878
3436.406958416,633.508345369,-18.879203931,-25.133382243
3437.406960725,634.493469468,-18.707402845,-25.137799723
3438.406963033,635.478593566,-18.535601758,-25.142217204
3439.406965341,636.463717664,-18.363800672,-25.146634684
3440.406956362,637.449718206,-18.197165780,-25.150852081
3441.406957151,638.436385863,-18.034463481,-25.154910996
3442.406957940,639.423053520,-17.871761182,-25.158969911
3443.406956147,640.409816757,-17.709654876,-25.163003877
3444.406955522,641.397881424,-17.555663589,-25.166698153
3445.406954897,642.385946091,-17.401672303,-25.170392429
3446.406954272,643.374010758,-17.247681017,-25.174086705
3447.406943228,644.362828456,-17.098666151,-25.177556860
3448.406941224,645.352217926,-16.953429865,-25.180856840
3449.406939220,646.341607396,-16.808193578,-25.184156821
3450.406934560,647.331083086,-16.663563520,-25.187425514
3451.406931151,648.321733297,-16.527191739,-25.190268000
3452.406927742,649.312383507,-16.390819957,-25.193110487
3453.406924333,650.303033718,-16.254448176,-25.195952974
3454.406918608,651.293759245,-16.118640909,-25.198757459
3455.406913773,652.285511056,-15.990525931,-25.201044113
3456.406908938,653.277262867,-15.862410954,-25.203330768
3457.406904105,654.269014679,-15.734295977,-25.205617422
3458.406899270,655.260766490,-15.606181000,-25.207904077
3459.406886046,656.253074905,-15.482512654,-25.209828256
3460.406879957,657.245806056,-15.362221490,-25.211477138
3461.406873867,658.238537207,-15.241930326,-25.213126019
3462.406867778,659.231268358,-15.121639161,-25.214774901
3463.406859711,660.224061010,-15.001872516,-25.216376714
3464.406852723,661.217692278,-14.889258101,-25.217336710
3465.406845735,662.211323546,-14.776643685,-25.218296706
3466.406838747,663.204954813,-14.664029269,-25.219256702
3467.406831759,664.198586081,-14.551414853,-25.220216698
3468.406817094,665.192696616,-14.443180865,-25.220780301
3469.406809680,666.187171208,-14.338274289,-25.221042799
3470.406802266,667.181645799,-14.233367712,-25.221305297
3471.406794851,668.176120390,-14.128461136,-25.221567795
3472.406778012,669.171095180,-14.028503787,-25.221435341
3473.406770657,670.166449970,-13.932306361,-25.221002843
3474.406763302,671.161804760,-13.836108936,-25.220570344
3475.406755946,672.157159550,-13.739911511,-25.220137845
3476.406739209,673.152977564,-13.648740069,-25.219256577
3477.406732507,674.149147507,-13.561387064,-25.218034360
3478.406725805,675.145317449,-13.474034059,-25.216812143
3479.406719103,676.141487392,-13.386681054,-25.215589926
3480.406710640,677.137700738,-13.299845642,-25.214303709
3481.406705524,678.134506652,-13.220076772,-25.212143724
3482.406700408,679.131312566,-13.140307902,-25.209983740
3483.406695292,680.128118480,-13.060539032,-25.207823755
3484.406690176,681.124924394,-12.980770163,-25.205663770
3485.406683639,682.121767054,-12.901481826,-25.203428380
3486.406681523,683.119111681,-12.828757697,-25.200162941
3487.406679405,684.116456307,-12.756033568,-25.196897503
3488.406677288,685.113800933,-12.683309439,-25.193632064
3489.406675171,686.111145560,-12.610585310,-25.190366625
3490.406673054,687.108490186,-12.537861181,-25.187101186
3491.406670073,688.106056042,-12.468292062,-25.183034466
3492.406673556,689.103790032,-12.401120719,-25.178358780
3493.406677038,690.101524021,-12.333949376,-25.173683095
3494.406680520,691.099258010,-12.266778033,-25.169007409
3495.406684002,692.096991999,-12.199606690,-25.164331723
3496.406687485,693.094725989,-12.132435347,-25.159656038
3497.406690967,694.092459978,-12.065264004,-25.154980352
3498.406697762,695.090365633,-12.000734326,-25.149165363
3499.406712631,696.088401775,-11.938212637,-25.142484365
3500.406727500,697.086437917,-11.875690949,-25.135803366
3501.406742369,698.084474059,-11.813169260,-25.129122368
3502.406757239,699.082510202,-11.750647571,-25.122441369
3503.406772108,700.080546344,-11.688125882,-25.115760371
3504.406786977,701.078582486,-11.625604193,-25.109079372
3505.406801845,702.076618628,-11.563082504,-25.102398374
3506.406816714,703.074654770,-11.500560815,-25.095717375
3507.406832673,704.072696185,-11.438124141,-25.088868077
3508.406867117,705.070809786,-11.376851466,-25.079714455
3509.406901563,706.068923388,-11.315578790,-25.070560834
3510.406936008,707.067036990,-11.254306115,-25.061407212
3511.406970453,708.065150591,-11.193033440,-25.052253591
3512.407004898,709.063264193,-11.131760764,-25.043099969
3513.407039343,710.061377795,-11.070488089,-25.033946347
3514.407073788,711.059491396,-11.009215414,-25.024792726
3515.407108233,712.057604998,-10.947942739,-25.015639104
3516.407142679,713.055718600,-10.886670063,-25.006485483
3517.407191634,714.053865916,-10.825951002,-24.995853277
3518.407253293,715.052038873,-10.765652999,-24.984096515
3519.407314954,716.050211831,-10.705354996,-24.972339753
3520.407376614,717.048384789,-10.645056993,-24.960582991
3521.407438275,718.046557747,-10.584758990,-24.948826230
3522.407499934,719.044730704,-10.524460987,-24.937069468
3523.407561594,720.042903662,-10.464162985,-24.925312706
3524.407623255,721.041076620,-10.403864982,-24.913555944
3525.407684914,722.039249577,-10.343566979,-24.901799183
3526.407748702,723.037419361,-10.283216762,-24.889861285
3527.407845261,724.035545593,-10.222150186,-24.875438234
3528.407941819,725.033671825,-10.161083609,-24.861015183
3529.408038378,726.031798058,-10.100017033,-24.846592131
3530.408134937,727.029924290,-10.038950456,-24.832169080
3531.408231496,728.028050523,-9.977883879,-24.817746029
3532.408328055,729.026176755,-9.916817303,-24.803322978
3533.408424614,730.024302988,-9.855750726,-24.788899926
3534.408521173,731.022429220,-9.794684150,-24.774476875
3535.408617731,732.020555452,-9.733617573,-24.760053824
3536.408737158,733.018693220,-9.672740059,-24.744122959
3537.408875534,734.016839766,-9.612006417,-24.727044675
3538.409013909,735.014986312,-9.551272775,-24.709966391
3539.409152290,736.013132874,-9.490539387,-24.692887833
3540.409290708,737.011279559,-9.429808034,-24.675807077
3541.409429125,738.009426244,-9.369076680,-24.658726321
3542.409567544,739.007572930,-9.308345327,-24.641645564
3543.409705961,740.005719615,-9.247613973,-24.624564808
3544.409844379,741.003866300,-9.186882620,-24.607484051
3545.409985769,742.002016666,-9.126212216,-24.590228612
3546.410171517,743.000217654,-9.066380026,-24.570570864
3547.410357265,743.998418642,-9.006547836,-24.550913116
3548.410543012,744.996619629,-8.946715646,-24.531255368
3549.410728760,745.994820617,-8.886883455,-24.511597619
3550.410914507,746.993021604,-8.827051265,-24.491939871
3551.411100255,747.991222592,-8.767219075,-24.472282123
3552.411286002,748.989423579,-8.707386885,-24.452624375
3553.411471750,749.987624567,-8.647554695,-24.432966627
3554.411657498,750.985825555,-8.587722504,-24.413308878
3555.411871363,751.984049100,-8.528268764,-24.392266513
3556.412108017,752.982289821,-8.469103193,-24.370169832
3557.412344672,753.980530542,-8.409937622,-24.348073152
3558.412581327,754.978771264,-8.350772051,-24.325976471
3559.412817982,755.977011985,-8.291606480,-24.303879791
3560.413054637,756.975252707,-8.232440909,-24.281783111
3561.413291292,757.973493428,-8.173275338,-24.259686430
3562.413527947,758.971734149,-8.114109768,-24.237589750
3563.413764602,759.969974871,-8.054944197,-24.215493070
3564.414004616,760.968212499,-7.995726774,-24.193244010
3565.414293570,761.966407493,-7.935794677,-24.168894705
3566.414582524,762.964602487,-7.875862580,-24.144545400
3567.414871477,763.962797481,-7.815930483,-24.120196095
3568.415160432,764.960992476,-7.755998386,-24.095846790
3569.415449386,765.959187470,-7.696066288,-24.071497485
3570.415738340,766.957382464,-7.636134191,-24.047148180
3571.416027293,767.955577458,-7.576202094,-24.022798875
3572.416316247,768.953772452,-7.516269997,-23.998449570
3573.416605201,769.951967446,-7.456337900,-23.974100265
3574.416922905,770.950173661,-7.396593203,-23.948596699
3575.417263428,771.948388424,-7.336991279,-23.922213736
3576.417603952,772.946603187,-7.277389355,-23.895830774
3577.417944475,773.944817950,-7.217787432,-23.869447812
3578.418284999,774.943032713,-7.158185508,-23.843064849
3579.418625523,775.941247477,-7.098583585,-23.816681887
3580.418966047,776.939462240,-7.038981661,-23.790298925
3581.419306570,777.937677003,-6.979379738,-23.763915963
3582.419647094,778.935891766,-6.919777814,-23.737533000
3583.419990813,779.934105391,-6.860156867,-23.711029091
3584.420380190,780.932303288,-6.800273148,-23.682854559
3585.420769568,781.930501186,-6.740389429,-23.654680026
3586.421158945,782.928699083,-6.680505710,-23.626505493
3587.421548323,783.926896981,-6.620621992,-23.598330961
3588.421937701,784.925094879,-6.560738273,-23.570156428
3589.422327078,785.923292776,-6.500854554,-23.541981895
3590.422716456,786.921490674,-6.440970835,-23.513807363
3591.423105834,787.919688572,-6.381087117,-23.485632830
3592.423495211,788.917886469,-6.321203398,-23.457458297
3593.423909422,789.916039390,-6.260578089,-23.428408133
3594.424343449,790.914158026,-6.199387465,-23.398690473
3595.424777476,791.912276661,-6.138196841,-23.368972814
3596.425211502,792.910395296,-6.077006217,-23.339255154
3597.425645529,793.908513931,-6.015815593,-23.309537495
3598.426079556,794.906632567,-5.954624969,-23.279819835
3599.426513583,795.904751202,-5.893434345,-23.250102176
3600.426947609,796.902869837,-5.832243721,-23.220384516
3601.427381637,797.900988473,-5.771053097,-23.190666857
3602.427818229,798.899111289,-5.709931246,-23.160861835
3603.428291618,799.897291988,-5.649761537,-23.129847325
3604.428765008,800.895472688,-5.589591828,-23.098832815
3605.429238396,801.893653387,-5.529422119,-23.067818305
3606.429711786,802.891834087,-5.469252409,-23.036803795
3607.430185175,803.890014786,-5.409082700,-23.005789285
3608.430658564,804.888195485,-5.348912991,-22.974774776
3609.431131953,805.886376185,-5.288743282,-22.943760266
3610.431605342,806.884556884,-5.228573572,-22.912745756
3611.432078732,807.882737584,-5.168403863,-22.881731246
3612.432570978,808.880941983,-5.108629613,-22.850112414
3613.433077956,809.879164458,-5.049157000,-22.818032635
3614.433584935,810.877386934,-4.989684387,-22.785952856
3615.434091914,811.875609410,-4.930211774,-22.753873078
3616.434598893,812.873831885,-4.870739160,-22.721793299
3617.435105872,813.872054361,-4.811266547,-22.689713520
3618.435612851,814.870276837,-4.751793934,-22.657633741
3619.436119829,815.868499312,-4.692321321,-22.625553963
3620.436626809,816.866721788,-4.632848708,-22.593474184
3621.437135582,817.864948599,-4.573449543,-22.561337297
3622.437670158,818.863235565,-4.515069436,-22.528408075
3623.438204733,819.861522530,-4.456689328,-22.495478852
3624.438739308,820.859809496,-4.398309220,-22.462549630
3625.439273883,821.858096461,-4.339929113,-22.429620408
3626.439808459,822.856383427,-4.281549005,-22.396691185
3627.440343034,823.854670393,-4.223168897,-22.363761963
3628.440877609,824.852957358,-4.164788790,-22.330832740
3629.441412185,825.851244324,-4.106408682,-22.297903518
3630.441946760,826.849531289,-4.048028574,-22.264974296
3631.442493231,827.847787542,-3.989127394,-22.231682474
3632.443049064,828.846020345,-3.929828370,-22.198113562
3633.443604995,829.844253065,-3.870527959,-22.164541709
3634.444160926,830.842485785,-3.811227547,-22.130969856
3635.444716857,831.840718505,-3.751927136,-22.097398003
3636.445272789,832.838951226,-3.692626725,-22.063826150
3637.445828721,833.837183946,-3.633326313,-22.030254297
3638.446384652,834.835416666,-3.574025902,-21.996682445
3639.446940583,835.833649386,-3.514725491,-21.963110592
3640.447497496,836.831878042,-3.455357234,-21.929508548
3641.448068628,837.830050175,-3.395045581,-21.895486692
3642.448639759,838.828222308,-3.334733928,-21.861464837
3643.449210891,839.826394441,-3.274422276,-21.827442981
3644.449782022,840.824566574,-3.214110623,-21.793421126
3645.450353154,841.822738707,-3.153798971,-21.759399270
3646.450924285,842.820910840,-3.093487318,-21.725377415
3647.451495417,843.819082973,-3.033175665,-21.691355559
3648.452066548,844.817255106,-2.972864013,-21.657333704
3649.452637680,845.815427239,-2.912552360,-21.623311848
3650.453213852,846.813561788,-2.851624259,-21.589137796
3651.453794147,847.811667638,-2.790225439,-21.554847526
3652.454374441,848.809773488,-2.728826618,-21.520557256
3653.454954736,849.807879338,-2.667427797,-21.486266986
3654.455535029,850.805985187,-2.606028976,-21.451976716
3655.456115324,851.804091037,-2.544630155,-21.417686446
3656.456695618,852.802196887,-2.483231334,-21.383396176
3657.457275912,853.800302737,-2.421832514,-21.349105906
3658.457856207,854.798408587,-2.360433693,-21.314815636
3659.458436719,855.796517441,-2.299084005,-21.280518528
3660.459020518,856.794668164,-2.238419054,-21.246126134
3661.459604317,857.792818887,-2.177754104,-21.211733740
3662.460188117,858.790969611,-2.117089153,-21.177341347
3663.460771915,859.789120334,-2.056424203,-21.142948953
3664.461355715,860.787271057,-1.995759252,-21.108556559
3665.461939513,861.785421780,-1.935094302,-21.074164165
3666.462523313,862.783572504,-1.874429351,-21.039771771
3667.463107113,863.781723227,-1.813764400,-21.005379377
3668.463690911,864.779873950,-1.753099450,-20.970986983
3669.464271627,865.778157485,-1.694694208,-20.936627426
3670.464853437,866.776542491,-1.638015442,-20.902292958
3671.465435247,867.774927497,-1.581336676,-20.867958489
3672.466017057,868.773312503,-1.524657911,-20.833624021
3673.466598867,869.771697509,-1.467979145,-20.799289552
3674.467180676,870.770082515,-1.411300380,-20.764955084
3675.467762486,871.768467521,-1.354621614,-20.730620615
3676.468344296,872.766852527,-1.297942848,-20.696286147
3677.468926106,873.765237533,-1.241264083,-20.661951678
3678.469507311,874.763611603,-1.184397361,-20.627627640
3679.470083776,875.761832922,-1.124905342,-20.593449277
3680.470660241,876.760054241,-1.065413323,-20.559270914
3681.471236706,877.758275560,-1.005921304,-20.525092551
3682.471813173,878.756496880,-0.946429285,-20.490914188
3683.472389638,879.754718199,-0.886937266,-20.456735825
3684.472966103,880.752939518,-0.827445247,-20.422557462
3685.473541581,881.751145595,-0.767705241,-20.388395381
3686.474109746,882.749138622,-0.704499063,-20.354460882
3687.474677912,883.747131649,-0.641292884,-20.320526382
3688.475246076,884.745124675,-0.578086705,-20.286591882
3689.475814241,885.743117702,-0.514880527,-20.252657383
3690.476382406,886.741110729,-0.451674348,-20.218722883
3691.476950571,887.739103756,-0.388468170,-20.184788383
3692.477518737,888.737096783,-0.325261991,-20.150853884
3693.478086902,889.735089810,-0.262055813,-20.116919384
3694.478655066,890.733082836,-0.198849634,-20.082984884
3695.479215442,891.731179234,-0.137314774,-20.049249035
3696.479771781,892.729354670,-0.077057799,-20.015665073
3697.480328118,893.727530105,-0.016800823,-19.982081111
3698.480884456,894.725705540,0.043456152,-19.948497150
3699.481440793,895.723880975,0.103713128,-19.914913188
3700.481997132,896.722056411,0.163970103,-19.881329226
3701.482553469,897.720231846,0.224227078,-19.847745264
3702.483109807,898.718407281,0.284484054,-19.814161303
3703.483666145,899.716582716,0.344741029,-19.780577341
3704.484221213,900.714772294,0.404756432,-19.747018979
3705.484764730,901.713159985,0.461387897,-19.713819221
3706.485308245,902.711547675,0.518019362,-19.680619462
3707.485851761,903.709935365,0.574650827,-19.647419704
3708.486395276,904.708323055,0.631282292,-19.614219945
3709.486938792,905.706710745,0.687913758,-19.581020187
3710.487482307,906.705098435,0.744545223,-19.547820429
3711.488025823,907.703486125,0.801176688,-19.514620670
3712.488569338,908.701873815,0.857808153,-19.481420912
3713.489112855,909.700261506,0.914439618,-19.448221153
3714.489649120,910.698709135,0.969996314,-19.415227147
3715.490180652,911.697202621,1.024730778,-19.382390547
3716.490712183,912.695696107,1.079465242,-19.349553947
3717.491243715,913.694189593,1.134199706,-19.316717348
3718.491775245,914.692683078,1.188934170,-19.283880748
3719.492306776,915.691176564,1.243668634,-19.251044148
3720.492838308,916.689670050,1.298403099,-19.218207548
3721.493369839,917.688163536,1.353137563,-19.185370949
3722.493901370,918.686657021,1.407872027,-19.152534349
3723.494432181,919.685142233,1.462754410,-19.119715013
3724.494955225,920.683511286,1.519713488,-19.087138046
3725.495478268,921.681880339,1.576672565,-19.054561080
3726.496001312,922.680249392,1.633631643,-19.021984113
3727.496524356,923.678618445,1.690590721,-18.989407147
3728.497047401,924.676987499,1.747549798,-18.956830181
3729.497570445,925.675356552,1.804508876,-18.924253214
3730.498092399,926.673706330,1.861791886,-18.891686989
3731.498610194,927.671785339,1.923625492,-18.859271651
3732.499127988,928.669864348,1.985459098,-18.826856314
3733.499645782,929.667943356,2.047292704,-18.794440977
3734.500163576,930.666022365,2.109126310,-18.762025639
3735.500681371,931.664101374,2.170959916,-18.729610302
3736.501199165,932.662180383,2.232793522,-18.697194965
3737.501716960,933.660259392,2.294627128,-18.664779627
3738.502234753,934.658338400,2.356460734,-18.632364290
3739.502752324,935.656409191,2.418424906,-18.599952154
3740.503268557,936.654364422,2.482225066,-18.567585042
3741.503784790,937.652319652,2.546025225,-18.535217930
3742.504301023,938.650274883,2.609825385,-18.502850817
3743.504817256,939.648230113,2.673625545,-18.470483705
3744.505333489,940.646185344,2.737425704,-18.438116593
3745.505849723,941.644140575,2.801225864,-18.405749481
3746.506365955,942.642095805,2.865026023,-18.373382368
3747.506882189,943.640051036,2.928826183,-18.341015256
3748.507398421,944.638006266,2.992626343,-18.308648144
3749.507916731,945.635900765,3.057364251,-18.276206508
3750.508437229,946.633748755,3.122820278,-18.243707803
3751.508957727,947.631596744,3.188276306,-18.211209097
3752.509478226,948.629444734,3.253732333,-18.178710392
3753.509998725,949.627292724,3.319188361,-18.146211687
3754.510519224,950.625140714,3.384644388,-18.113712981
3755.511039722,951.622988704,3.450100416,-18.081214276
3756.511560221,952.620836694,3.515556443,-18.048715571
3757.512080720,953.618684684,3.581012471,-18.016216865
3758.512601820,954.616539096,3.646369459,-17.983697518
3759.513132488,955.614484028,3.710330508,-17.950887226
3760.513663157,956.612428960,3.774291556,-17.918076933
3761.514193825,957.610373892,3.838252604,-17.885266641
3762.514724493,958.608318824,3.902213652,-17.852456348
3763.515255161,959.606263755,3.966174701,-17.819646056
3764.515785829,960.604208687,4.030135749,-17.786835764
3765.516316497,961.602153619,4.094096797,-17.754025471
3766.516847166,962.600098551,4.158057846,-17.721215179
3767.517377834,963.598043483,4.222018894,-17.688404886
3768.517917049,964.595965718,4.286332343,-17.655333546
3769.518462943,965.593870562,4.350915811,-17.622062184
3770.519008836,966.591775406,4.415499278,-17.588790822
3771.519554731,967.589680251,4.480082746,-17.555519460
3772.520100625,968.587585095,4.544666213,-17.522248099
3773.520646518,969.585489939,4.609249681,-17.488976737
3774.521192413,970.583394784,4.673833148,-17.455705375
3775.521738307,971.581299628,4.738416616,-17.422434014
3776.522284201,972.579204472,4.803000083,-17.389162652
3777.522830763,973.577090487,4.867865168,-17.355854327
3778.523395335,974.574710516,4.936708333,-17.322025927
3779.523959897,975.572330540,5.005551552,-17.288197814
3780.524524460,976.569950565,5.074394771,-17.254369700
3781.525089023,977.567570590,5.143237990,-17.220541587
3782.525653586,978.565190615,5.212081209,-17.186713474
3783.526218147,979.562810639,5.280924427,-17.152885360
3784.526782710,980.560430664,5.349767646,-17.119057247
3785.527347273,981.558050689,5.418610865,-17.085229134
3786.527911836,982.555670714,5.487454084,-17.051401020
3787.528487401,983.553279628,5.556457975,-17.017248736
3788.529071489,984.550880024,5.625585045,-16.982847929
3789.529655578,985.548480421,5.694712114,-16.948447121
3790.530239666,986.546080817,5.763839184,-16.914046313
3791.530823755,987.543681214,5.832966253,-16.879645506
3792.531407843,988.541281610,5.902093322,-16.845244698
3793.531991931,989.538882006,5.971220392,-16.810843891
3794.532576020,990.536482403,6.040347461,-16.776443083
3795.533160108,991.534082799,6.109474531,-16.742042275
3796.533745370,992.531685026,6.178575104,-16.707607230
3797.534347434,993.529313169,6.247300583,-16.672687496
3798.534949498,994.526941312,6.316026062,-16.637767761
3799.535551561,995.524569454,6.384751540,-16.602848026
3800.536153626,996.522197597,6.453477019,-16.567928291
3801.536755690,997.519825740,6.522202497,-16.533008557
3802.537357754,998.517453883,6.590927976,-16.498088822
3803.537959817,999.515082025,6.659653455,-16.463169087
3804.538561882,1000.512710168,6.728378933,-16.428249352
3805.539163946,1001.510338311,6.797104412,-16.393329618
3806.539773968,1002.507955488,6.865988748,-16.358182316
3807.540390147,1003.505564253,6.934994941,-16.322860451
3808.541006325,1004.503173018,7.004001134,-16.287538586
3809.541622504,1005.500781783,7.073007327,-16.252216721
3810.542238681,1006.498390547,7.142013520,-16.216894856
3811.542854860,1007.495999312,7.211019713,-16.181572991
3812.543471039,1008.493608077,7.280025906,-16.146251126
3813.544087217,1009.491216842,7.349032099,-16.110929262
3814.544703396,1010.488825607,7.418038292,-16.075607397
3815.545320108,1011.486436610,7.487012023,-16.040270217
3816.545944525,1012.484079358,7.555525162,-16.004715742
3817.546568941,1013.481722105,7.624038302,-15.969161267
3818.547193358,1014.479364853,7.692551441,-15.933606792
3819.547817774,1015.477007601,7.761064581,-15.898052317
3820.548442191,1016.474650349,7.829577720,-15.862497842
3821.549066608,1017.472293097,7.898090860,-15.826943367
3822.549691025,1018.469935845,7.966603999,-15.791388892
3823.550315442,1019.467578593,8.035117139,-15.755834418
3824.550939858,1020.465221340,8.103630278,-15.720279943
3825.551564885,1021.462908314,8.171493962,-15.684703731
3826.552190665,1022.460629242,8.238859039,-15.649110909
3827.552816424,1023.458350250,8.306222912,-15.613518673
3828.553442183,1024.456071259,8.373586785,-15.577926437
3829.554067943,1025.453792268,8.440950659,-15.542334202
3830.554693701,1026.451513276,8.508314532,-15.506741966
3831.555319460,1027.449234285,8.575678405,-15.471149730
3832.555945220,1028.446955294,8.643042279,-15.435557494
3833.556570979,1029.444676303,8.710406152,-15.399965258
3834.557196218,1030.442387473,8.777913407,-15.364383522
3835.557816305,1031.439958715,8.847459937,-15.328951124
3836.558436391,1032.437529957,8.917006467,-15.293518726
3837.559056478,1033.435101199,8.986552997,-15.258086328
3838.559676564,1034.432672441,9.056099527,-15.222653930
3839.560296651,1035.430243683,9.125646057,-15.187221532
3840.560916737,1036.427814925,9.195192587,-15.151789134
3841.561536823,1037.425386166,9.264739118,-15.116356736
3842.562156909,1038.422957408,9.334285648,-15.080924338
3843.562776996,1039.420528650,9.403832178,-15.045491940
3844.563389948,1040.418143481,9.472748394,-15.010257238
3845.563997720,1041.415791787,9.541180565,-14.975174357
3846.564605490,1042.413440092,9.609612735,-14.940091476
3847.565213261,1043.411088397,9.678044905,-14.905008595
3848.565821032,1044.408736702,9.746477076,-14.869925714
3849.566428803,1045.406385007,9.814909246,-14.834842833
3850.567036574,1046.404033312,9.883341417,-14.799759952
3851.567644344,1047.401681617,9.951773587,-14.764677071
3852.568252115,1048.399329922,10.020205757,-14.729594190
3853.568858640,1049.396975059,10.088683875,-14.694546432
3854.569447769,1050.394575039,10.157816962,-14.659999349
3855.570036897,1051.392175018,10.226950049,-14.625452266
3856.570626025,1052.389774998,10.296083135,-14.590905184
3857.571215193,1053.387375034,10.365215395,-14.556356940
3858.571804380,1054.384975097,10.434347284,-14.521808177
3859.572393566,1055.382575159,10.503479173,-14.487259413
3860.572982752,1056.380175222,10.572611061,-14.452710649
3861.573571938,1057.377775284,10.641742950,-14.418161885
3862.574161125,1058.375375347,10.710874839,-14.383613121
3863.574736068,1059.373005418,10.779571248,-14.349477186
3864.575300314,1060.370658549,10.847933034,-14.315658469
3865.575864558,1061.368311679,10.916294821,-14.281839751
3866.576428804,1062.365964810,10.984656608,-14.248021034
3867.576993048,1063.363617940,11.053018395,-14.214202316
3868.577557293,1064.361271070,11.121380182,-14.180383598
3869.578121538,1065.358924201,11.189741969,-14.146564881
3870.578685783,1066.356577331,11.258103756,-14.112746163
3871.579250028,1067.354230462,11.326465543,-14.078927446
3872.579812251,1068.351886267,11.394788129,-14.045168294
3873.580346134,1069.349580277,11.462550689,-14.012260107
3874.580880017,1070.347274287,11.530313249,-13.979351921
3875.581413900,1071.344968297,11.598075809,-13.946443734
3876.581947784,1072.342662308,11.665838369,-13.913535547
3877.582481667,1073.340356318,11.733600929,-13.880627360
3878.583015550,1074.338050328,11.801363489,-13.847719173
3879.583549433,1075.335744338,11.869126049,-13.814810987
3880.584083315,1076.333438348,11.936888609,-13.781902800
3881.584617199,1077.331132359,12.004651169,-13.748994613
3882.585131209,1078.328778546,12.073111455,-13.716690461
3883.585630522,1079.326387968,12.142108158,-13.684850697
3884.586129833,1080.323997389,12.211104862,-13.653010934
3885.586629145,1081.321606810,12.280101566,-13.621171170
3886.587128457,1082.319216232,12.349098269,-13.589331406
3887.587627769,1083.316825653,12.418094973,-13.557491643
3888.588127081,1084.314435074,12.487091677,-13.525651879
3889.588626393,1085.312044496,12.556088381,-13.493812115
3890.589125705,1086.309653917,12.625085084,-13.461972352
3891.589622514,1087.307260655,12.694120423,-13.430210994
3892.590084324,1088.304828967,12.763708960,-13.399572276
3893.590546135,1089.302397280,12.833297496,-13.368933558
3894.591007944,1090.299965592,12.902886033,-13.338294841
3895.591469755,1091.297533905,12.972474569,-13.307656123
3896.591931564,1092.295102217,13.042063106,-13.277017405
3897.592393375,1093.292670530,13.111651642,-13.246378688
3898.592855186,1094.290238843,13.181240179,-13.215739970
3899.593316995,1095.287807155,13.250828715,-13.185101252
3900.593778806,1096.285375468,13.320417252,-13.154462535
3901.594218059,1097.282936766,13.390106203,-13.124569292
3902.594640347,1098.280492670,13.459872399,-13.095249508
3903.595062633,1099.278048573,13.529638596,-13.065929725
3904.595484921,1100.275604477,13.599404792,-13.036609941
3905.595907207,1101.273160380,13.669170988,-13.007290158
3906.596329495,1102.270716284,13.738937184,-12.977970374
3907.596751781,1103.268272187,13.808703380,-12.948650590
3908.597174068,1104.265828090,13.878469577,-12.919330807
3909.597596356,1105.263383994,13.948235773,-12.890011023
3910.598015897,1106.260945797,14.017916808,-12.860783281
3911.598397770,1107.258592273,14.086375641,-12.832876485
3912.598779643,1108.256238749,14.154834474,-12.804969689
3913.599161544,1109.253885139,14.223294555,-12.777061880
3914.599543471,1110.251531450,14.291755789,-12.749153134
3915.599925399,1111.249177761,14.360217023,-12.721244388
3916.600307326,1112.246824072,14.428678257,-12.693335642
3917.600689254,1113.244470384,14.497139491,-12.665426896
3918.601071182,1114.242116695,14.565600725,-12.637518150
3919.601453109,1115.239763006,14.634061959,-12.609609404
3920.601812092,1116.237394786,14.702734363,-12.582534932
3921.602153919,1117.235015382,14.771569301,-12.556102588
3922.602495755,1118.232635969,14.840404375,-12.529669925
3923.602837661,1119.230256479,14.909240566,-12.503234617
3924.603179566,1120.227876988,14.978076757,-12.476799309
3925.603521472,1121.225497498,15.046912948,-12.450364001
3926.603863378,1122.223118008,15.115749139,-12.423928692
3927.604205283,1123.220738518,15.184585330,-12.397493384
3928.604547188,1124.218359027,15.253421522,-12.371058076
3929.604886513,1125.215978154,15.322277711,-12.344720527
3930.605189805,1126.213577387,15.391421565,-12.319789145
3931.605493098,1127.211176621,15.460565418,-12.294857762
3932.605796390,1128.208775854,15.529709271,-12.269926380
3933.606099682,1129.206375087,15.598853124,-12.244994998
3934.606402974,1130.203974320,15.667996978,-12.220063616
3935.606706267,1131.201573554,15.737140831,-12.195132234
3936.607009559,1132.199172787,15.806284684,-12.170200852
3937.607312851,1133.196772020,15.875428537,-12.145269470
3938.607616143,1134.194371253,15.944572391,-12.120338088
3939.607898484,1135.191964056,16.013808908,-12.096261810
3940.608165195,1136.189551907,16.083116790,-12.072844081
3941.608431906,1137.187139758,16.152424672,-12.049426351
3942.608698617,1138.184727609,16.221732553,-12.026008622
3943.608965328,1139.182315460,16.291040435,-12.002590893
3944.609232038,1140.179903310,16.360348317,-11.979173164
3945.609498749,1141.177491161,16.429656199,-11.955755435
3946.609765460,1142.175079012,16.498964080,-11.932337706
3947.610032171,1143.172666863,16.568271962,-11.908919977
3948.610296560,1144.170260379,16.637497548,-11.885599536
3949.610529278,1145.167935572,16.705536596,-11.863681793
3950.610761996,1146.165610765,16.773575645,-11.841764050
3951.610994713,1147.163285957,16.841614693,-11.819846307
3952.611227431,1148.160961150,16.909653742,-11.797928564
3953.611460149,1149.158636343,16.977692791,-11.776010821
3954.611692867,1150.156311536,17.045731839,-11.754093078
3955.611925585,1151.153986729,17.113770888,-11.732175335
3956.612158303,1152.151661922,17.181809936,-11.710257592
3957.612391021,1153.149337115,17.249848985,-11.688339849
3958.612605740,1154.147035006,17.317553734,-11.667257411
3959.612807144,1155.144750389,17.385000888,-11.646818622
3960.613008547,1156.142465771,17.452448041,-11.626379834
3961.613209949,1157.140181153,17.519895194,-11.605941045
3962.613411353,1158.137896536,17.587342347,-11.585502256
3963.613612756,1159.135611918,17.654789501,-11.565063468
3964.613814159,1160.133327300,17.722236654,-11.544624679
3965.614015562,1161.131042683,17.789683807,-11.524185890
3966.614216965,1162.128758065,17.857130960,-11.503747102
3967.614416308,1163.126464019,17.924715415,-11.483402667
3968.614588981,1164.124033721,17.994284022,-11.464421739
3969.614761656,1165.121603424,18.063852628,-11.445440811
3970.614934331,1166.119173127,18.133421235,-11.426459883
3971.615107004,1167.116742829,18.202989842,-11.407478955
3972.615279679,1168.114312532,18.272558449,-11.388498027
3973.615452353,1169.111882235,18.342127055,-11.369517099
3974.615625027,1170.109451937,18.411695662,-11.350536171
3975.615797702,1171.107021640,18.481264269,-11.331555243
3976.615970375,1172.104591342,18.550832875,-11.312574315
3977.616127869,1173.102185524,18.620048881,-11.294408278
3978.616274196,1174.099798578,18.688993038,-11.276870507
3979.616420523,1175.097411632,18.757937195,-11.259332737
3980.616566850,1176.095024686,18.826881352,-11.241794967
3981.616713179,1177.092637741,18.895825509,-11.224257197
3982.616859506,1178.090250795,18.964769665,-11.206719427
3983.617005833,1179.087863849,19.033713822,-11.189181657
3984.617152160,1180.085476903,19.102657979,-11.171643887
3985.617298487,1181.083089957,19.171602136,-11.154106117
3986.617443220,1182.080704794,19.240520421,-11.136659250
3987.617565858,1183.078345449,19.309064031,-11.120528848
3988.617688497,1184.075986104,19.377607641,-11.104398445
3989.617811136,1185.073626759,19.446151251,-11.088268043
3990.617933774,1186.071267413,19.514694861,-11.072137641
3991.618056413,1187.068908068,19.583238471,-11.056007239
3992.618179052,1188.066548723,19.651782081,-11.039876837
3993.618301691,1189.064189378,19.720325691,-11.023746435
3994.618424330,1190.061830033,19.788869302,-11.007616033
3995.618546968,1191.059470687,19.857412912,-10.991485631
3996.618657717,1192.057139769,19.925540534,-10.976105728
3997.618759797,1193.054830779,19.993347252,-10.961304779
3998.618861878,1194.052521789,20.061153970,-10.946503830
3999.618963958,1195.050212799,20.128960689,-10.931702881
4000.619066038,1196.047903809,20.196767407,-10.916901932
4001.619168118,1197.045594819,20.264574126,-10.902100983
4002.619270198,1198.043285829,20.332380844,-10.887300034
4003.619372278,1199.040976839,20.400187563,-10.872499085
4004.619474358,1200.038667849,20.467994281,-10.857698135
4005.619575119,1201.036348088,20.535956692,-10.842974595
4006.619660146,1202.033871982,20.606179090,-10.829374702
4007.619745172,1203.031395875,20.676401488,-10.815774808
4008.619830198,1204.028919768,20.746623886,-10.802174914
4009.619915224,1205.026443661,20.816846283,-10.788575020
4010.620000250,1206.023967554,20.887068681,-10.774975126
4011.620085276,1207.021491447,20.957291079,-10.761375233
4012.620170303,1208.019015341,21.027513477,-10.747775339
4013.620255329,1209.016539234,21.097735875,-10.734175445
4014.620340355,1210.014063127,21.167958273,-10.720575551
4015.620417698,1211.011620196,21.237706553,-10.707546261
4016.620489486,1212.009202872,21.307088877,-10.694957399
4017.620561274,1213.006785548,21.376471202,-10.682368538
4018.620633063,1214.004368224,21.445853527,-10.669779676
4019.620704851,1215.001950900,21.515235852,-10.657190815
4020.620776638,1215.999533555,21.584618486,-10.644602088
4021.620848411,1216.997116030,21.654003697,-10.632014481
4022.620920183,1217.994698505,21.723388908,-10.619426874
4023.620991956,1218.992280981,21.792774119,-10.606839267
4024.621063000,1219.989871495,21.862042208,-10.594301704
4025.621125281,1220.987578979,21.929606101,-10.582492309
4026.621187560,1221.985286462,21.997169993,-10.570682914
4027.621249841,1222.982993946,22.064733886,-10.558873519
4028.621312121,1223.980701430,22.132297779,-10.547064123
4029.621374401,1224.978408913,22.199861672,-10.535254728
4030.621436681,1225.976116397,22.267425565,-10.523445333
4031.621498962,1226.973823881,22.334989458,-10.511635938
4032.621561242,1227.971531364,22.402553351,-10.499826543
4033.621623522,1228.969238848,22.470117243,-10.488017148
4034.621682222,1229.966912208,22.538181737,-10.476506509
4035.621738390,1230.964559214,22.606632839,-10.465226596
4036.621794558,1231.962206221,22.675083940,-10.453946683
4037.621850726,1232.959853227,22.743535041,-10.442666770
4038.621906893,1233.957500233,22.811986143,-10.431386857
4039.621963062,1234.955147240,22.880437244,-10.420106943
4040.622019230,1235.952794246,22.948888345,-10.408827030
4041.622075398,1236.950441253,23.017339447,-10.397547117
4042.622131566,1237.948088259,23.085790548,-10.386267204
4043.622187502,1238.945735358,23.154240300,-10.375007825
4044.622240112,1239.943383807,23.222670372,-10.364047910
4045.622292722,1240.941032256,23.291100445,-10.353087996
4046.622345332,1241.938680705,23.359530517,-10.342128081
4047.622397941,1242.936329154,23.427960589,-10.331168167
4048.622450551,1243.933977603,23.496390661,-10.320208252
4049.622503161,1244.931626052,23.564820733,-10.309248338
4050.622555771,1245.929274501,23.633250806,-10.298288423
4051.622608381,1246.926922950,23.701680878,-10.287328508
4052.622660990,1247.924571399,23.770110950,-10.276368594
4053.622712366,1248.922238732,23.838264711,-10.265519116
4054.622762850,1249.919920659,23.906204953,-10.254754977
4055.622813333,1250.917602585,23.974145195,-10.243990838
4056.622863816,1251.915284511,24.042085437,-10.233226700
4057.622914300,1252.912966438,24.110025678,-10.222462561
4058.622964783,1253.910648364,24.177965920,-10.211698423
4059.623015267,1254.908330291,24.245906162,-10.200934284
4060.623065750,1255.906012217,24.313846404,-10.190170145
4061.623116233,1256.903694143,24.381786646,-10.179406007
4062.623166556,1257.901371278,24.449796688,-10.168653462
4063.623215107,1258.898978374,24.518827008,-10.158070388
4064.623263658,1259.896585470,24.587857328,-10.147487314
4065.623312208,1260.894192565,24.656887648,-10.136904240
4066.623360759,1261.891799661,24.725917968,-10.126321166
4067.623409311,1262.889406757,24.794948288,-10.115738092
4068.623457862,1263.887013853,24.863978608,-10.105155017
4069.623506412,1264.884620948,24.933008928,-10.094571943
4070.623554963,1265.882228044,25.002039249,-10.083988869
4071.623603514,1266.879835140,25.071069569,-10.073405795
4072.623650492,1267.877482095,25.139519501,-10.062959847
4073.623696500,1268.875159870,25.207520687,-10.052619923
4074.623742507,1269.872837644,25.275521872,-10.042279999
4075.623788514,1270.870515418,25.343523058,-10.031940074
4076.623834522,1271.868193193,25.411524244,-10.021600150
4077.623880529,1272.865870967,25.479525430,-10.011260226
4078.623926535,1273.863548741,25.547526615,-10.000920301
4079.623972543,1274.861226516,25.615527801,-9.990580377
4080.624018550,1275.858904290,25.683528987,-9.980240453
4081.624064332,1276.856578828,25.751577387,-9.969920770
4082.624107113,1277.854205956,25.820317600,-9.959897685
4083.624149895,1278.851833084,25.889057813,-9.949874599
4084.624192676,1279.849460211,25.957798026,-9.939851514
4085.624235458,1280.847087339,26.026538239,-9.929828428
4086.624278239,1281.844714466,26.095278453,-9.919805343
4087.624321021,1282.842341594,26.164018666,-9.909782257
4088.624363803,1283.839968722,26.232758879,-9.899759171
4089.624406584,1284.837595849,26.301499092,-9.889736086
4090.624449366,1285.835222977,26.370239305,-9.879713000
4091.624490160,1286.832860133,26.438833692,-9.869889332
4092.624529460,1287.830505049,26.507315264,-9.860219936
4093.624568758,1288.828149964,26.575796836,-9.850550540
4094.624608057,1289.825794879,26.644278408,-9.840881144
4095.624647356,1290.823439794,26.712759980,-9.831211748
4096.624686656,1291.821084710,26.781241552,-9.821542352
4097.624725955,1292.818729625,26.849723124,-9.811872956
4098.624765254,1293.816374540,26.918204696,-9.802203560
4099.624804553,1294.814019455,26.986686268,-9.792534164
4100.624843636,1295.811662904,27.055189153,-9.782886842
4101.624879646,1296.809284811,27.124005089,-9.773563744
4102.624915657,1297.806906718,27.192821024,-9.764240647
4103.624951668,1298.804528625,27.261636960,-9.754917549
4104.624987679,1299.802150533,27.330452896,-9.745594452
4105.625023690,1300.799772440,27.399268831,-9.736271354
4106.625059700,1301.797394347,27.468084767,-9.726948257
4107.625095711,1302.795016254,27.536900703,-9.717625159
4108.625131722,1303.792638161,27.605716638,-9.708302062
4109.625167732,1304.790260068,27.674532574,-9.698978964
4110.625202050,1305.787900905,27.743073100,-9.689835975
4111.625235133,1306.785556395,27.811400445,-9.680832400
4112.625268216,1307.783211885,27.879727790,-9.671828825
4113.625301299,1308.780867375,27.948055135,-9.662825250
4114.625334382,1309.778522865,28.016382479,-9.653821675
4115.625367465,1310.776178355,28.084709824,-9.644818100
4116.625400557,1311.773833763,28.153038369,-9.635813645
4117.625433653,1312.771489109,28.221367816,-9.626808528
4118.625466750,1313.769144455,28.289697264,-9.617803412
4119.625499680,1314.766800008,28.358023684,-9.608816838
4120.625530194,1315.764458611,28.426305550,-9.600103218
4121.625560709,1316.762117215,28.494587416,-9.591389598
4122.625591224,1317.759775819,28.562869282,-9.582675978
4123.625621737,1318.757434422,28.631151149,-9.573962358
4124.625652252,1319.755093026,28.699433015,-9.565248738
4125.625682766,1320.752751629,28.767714881,-9.556535118
4126.625713281,1321.750410233,28.835996747,-9.547821498
4127.625743796,1322.748068837,28.904278613,-9.539107878
4128.625774309,1323.745727440,28.972560479,-9.530394259
4129.625803323,1324.743336606,29.041557990,-9.521831308
4130.625831544,1325.740907482,29.111109765,-9.513385050
4131.625859765,1326.738478359,29.180661540,-9.504938792
4132.625887985,1327.736049235,29.250213315,-9.496492534
4133.625916205,1328.733620111,29.319765090,-9.488046276
4134.625944426,1329.731190987,29.389316865,-9.479600018
4135.625972647,1330.728761864,29.458868640,-9.471153760
4136.626000867,1331.726332740,29.528420414,-9.462707502
4137.626029087,1332.723903616,29.597972189,-9.454261244
4138.626057094,1333.721481674,29.667419733,-9.445830888
4139.626083230,1334.719165678,29.735329456,-9.437635159
4140.626109366,1335.716849682,29.803239178,-9.429439431
4141.626135501,1336.714533686,29.871148901,-9.421243702
4142.626161637,1337.712217690,29.939058624,-9.413047973
4143.626187773,1338.709901694,30.006968346,-9.404852244
4144.626213910,1339.707585699,30.074878069,-9.396656516
4145.626240046,1340.705269703,30.142787792,-9.388460787
4146.626266181,1341.702953707,30.210697514,-9.380265058
4147.626292317,1342.700637711,30.278607237,-9.372069330
4148.626316967,1343.698246508,30.347606267,-9.363999514
4149.626341297,1344.695797027,30.417449423,-9.356027271
4150.626365626,1345.693347545,30.487292579,-9.348055027
4151.626389955,1346.690898063,30.557135735,-9.340082784
4152.626414285,1347.688448581,30.626978891,-9.332110541
4153.626438614,1348.685999099,30.696822047,-9.324138298
4154.626462935,1349.683549540,30.766666299,-9.316167042
4155.626487249,1350.681099902,30.836511691,-9.308196814
4156.626511561,1351.678650263,30.906357083,-9.300226587
4157.626535718,1352.676207680,30.976100527,-9.292266344
4158.626558788,1353.673869449,31.044336138,-9.284453770
4159.626581857,1354.671531217,31.112571749,-9.276641196
4160.626604927,1355.669192986,31.180807360,-9.268828622
4161.626627995,1356.666854754,31.249042970,-9.261016048
4162.626651064,1357.664516522,31.317278581,-9.253203474
4163.626674134,1358.662178291,31.385514192,-9.245390900
4164.626697203,1359.659840059,31.453749803,-9.237578326
4165.626720272,1360.657501827,31.521985414,-9.229765753
4166.626743342,1361.655163596,31.590221025,-9.221953179
4167.626766082,1362.652806831,31.658726650,-9.214179142
4168.626788618,1363.650435696,31.727441639,-9.206434987
4169.626811156,1364.648064562,31.796156627,-9.198690831
4170.626833693,1365.645693427,31.864871615,-9.190946676
4171.626856229,1366.643322292,31.933586603,-9.183202521
4172.626878767,1367.640951158,32.002301591,-9.175458365
4173.626901304,1368.638580023,32.071016580,-9.167714210
4174.626923841,1369.636208889,32.139731568,-9.159970054
4175.626946378,1370.633837754,32.208446556,-9.152225899
4176.626968856,1371.631473310,32.277063290,-9.144480081
4177.626991597,1372.629208052,32.344223452,-9.136709614
4178.627014338,1373.626942794,32.411383614,-9.128939147
4179.627037080,1374.624677536,32.478543775,-9.121168680
4180.627059821,1375.622412278,32.545703937,-9.113398214
4181.627082562,1376.620147020,32.612864099,-9.105627747
4182.627105303,1377.617881762,32.680024261,-9.097857280
4183.627128044,1378.615616504,32.747184422,-9.090086813
4184.627150785,1379.613351246,32.814344584,-9.082316347
4185.627173526,1380.611085987,32.881504746,-9.074545880
4186.627196493,1381.608765143,32.949481844,-9.066713174
4187.627220098,1382.606401172,33.018092737,-9.058832181
4188.627243705,1383.604037202,33.086703630,-9.050951189
4189.627267311,1384.601673232,33.155314524,-9.043070196
4190.627290917,1385.599309262,33.223925417,-9.035189203
4191.627314523,1386.596945292,33.292536310,-9.027308211
4192.627338129,1387.594581321,33.361147203,-9.019427218
4193.627361735,1388.592217351,33.429758096,-9.011546226
4194.627385341,1389.589853381,33.498368989,-9.003665233
4195.627409031,1390.587491418,33.566950590,-8.995772692
4196.627434099,1391.585159292,33.635096885,-8.987708534
4197.627459165,1392.582827165,33.703243180,-8.979644376
4198.627484231,1393.580495038,33.771389475,-8.971580218
4199.627509297,1394.578162911,33.839535770,-8.963516060
4200.627534363,1395.575830784,33.907682065,-8.955451902
4201.627559429,1396.573498657,33.975828360,-8.947387744
4202.627584496,1397.571166530,34.043974655,-8.939323585
4203.627609563,1398.568834404,34.112120949,-8.931259427
4204.627634629,1399.566502277,34.180267244,-8.923195269
4205.627660704,1400.564163978,34.248503794,-8.915006560
4206.627687579,1401.561820888,34.316810404,-8.906721169
4207.627714453,1402.559477797,34.385117014,-8.898435778
4208.627741328,1403.557134707,34.453423624,-8.890150386
4209.627768203,1404.554791617,34.521730233,-8.881864995
4210.627795078,1405.552448527,34.590036843,-8.873579604
4211.627821951,1406.550105476,34.658342878,-8.865294456
4212.627848806,1407.547762757,34.726644059,-8.857011369
4213.627876137,1408.545320599,34.796371168,-8.848576582
4214.627905261,1409.542801234,34.867205374,-8.840024014
4215.627934385,1410.540281869,34.938039579,-8.831471447
4216.627963510,1411.537762505,35.008873785,-8.822918879
4217.627992633,1412.535243140,35.079707991,-8.814366311
4218.628021757,1413.532723775,35.150542197,-8.805813743
4219.628050882,1414.530204411,35.221376403,-8.797261176
4220.628080006,1415.527685046,35.292210609,-8.788708608
4221.628109129,1416.525165681,35.363044814,-8.780156040
4222.628138349,1417.522653767,35.433772827,-8.771582495
4223.628170383,1418.520252925,35.502917778,-8.762696241
4224.628202416,1419.517852082,35.572062728,-8.753809986
4225.628234450,1420.515451239,35.641207679,-8.744923732
4226.628266483,1421.513050396,35.710352629,-8.736037477
4227.628298516,1422.510649553,35.779497580,-8.727151223
4228.628330551,1423.508248711,35.848642531,-8.718264968
4229.628362584,1424.505847868,35.917787481,-8.709378714
4230.628394617,1425.503447025,35.986932432,-8.700492459
4231.628426651,1426.501046182,36.056077383,-8.691606205
4232.628460457,1427.498656880,36.125055466,-8.682521497
4233.628495686,1428.496276544,36.193903922,-8.673282623
4234.628530915,1429.493896207,36.262752377,-8.664043749
4235.628566144,1430.491515870,36.331600832,-8.654804876
4236.628601373,1431.489135534,36.400449288,-8.645566002
4237.628636602,1432.486755197,36.469297743,-8.636327128
4238.628671832,1433.484374861,36.538146199,-8.627088254
4239.628707060,1434.481994524,36.606994654,-8.617849381
4240.628742289,1435.479614187,36.675843109,-8.608610507
4241.628777713,1436.477231599,36.744724072,-8.599349779
4242.628816221,1437.474815360,36.814090793,-8.589762485
4243.628854730,1438.472399121,36.883457514,-8.580175190
4244.628893239,1439.469982883,36.952824235,-8.570587896
4245.628931748,1440.467566644,37.022190956,-8.561000601
4246.628970256,1441.465150405,37.091557677,-8.551413306
4247.629008765,1442.462734166,37.160924398,-8.541826012
4248.629047273,1443.460317927,37.230291119,-8.532238717
4249.629085783,1444.457901689,37.299657840,-8.522651422
4250.629124291,1445.455485450,37.369024561,-8.513064128
4251.629164552,1446.453053826,37.438611915,-8.503293822
4252.629206232,1447.450610243,37.508370769,-8.493381260
4253.629247912,1448.448166660,37.578129623,-8.483468698
4254.629289592,1449.445723077,37.647888477,-8.473556136
4255.629331271,1450.443279493,37.717647331,-8.463643574
4256.629372951,1451.440835910,37.787406185,-8.453731013
4257.629414631,1452.438392327,37.857165038,-8.443818451
4258.629456311,1453.435948744,37.926923892,-8.433905889
4259.629497991,1454.433505161,37.996682746,-8.423993327
4260.629539791,1455.431067139,38.066361336,-8.414063770
4261.629584199,1456.428712414,38.134837663,-8.403879639
4262.629628608,1457.426357690,38.203313989,-8.393695508
4263.629673017,1458.424002965,38.271790316,-8.383511376
4264.629717425,1459.421648240,38.340266643,-8.373327245
4265.629761833,1460.419293515,38.408742969,-8.363143114
4266.629806243,1461.416938791,38.477219296,-8.352958983
4267.629850651,1462.414584066,38.545695623,-8.342774852
4268.629895059,1463.412229341,38.614171950,-8.332590721
4269.629939468,1464.409874617,38.682648276,-8.322406590
4270.629984943,1465.407521716,38.751098021,-8.312118241
4271.630031255,1466.405170233,38.819527092,-8.301748836
4272.630077568,1467.402818751,38.887956163,-8.291379432
4273.630123881,1468.400467269,38.956385234,-8.281010028
4274.630170194,1469.398115787,39.024814304,-8.270640624
4275.630216505,1470.395764304,39.093243375,-8.260271219
4276.630262818,1471.393412822,39.161672446,-8.249901815
4277.630309131,1472.391061340,39.230101517,-8.239532411
4278.630355443,1473.388709857,39.298530588,-8.229163007
4279.630401798,1474.386356718,39.366983748,-8.218789067
4280.630448867,1475.383978701,39.435798586,-8.208347040
4281.630495935,1476.381600684,39.504613425,-8.197905013
4282.630543003,1477.379222667,39.573428263,-8.187462986
4283.630590071,1478.376844649,39.642243102,-8.177020959
4284.630637139,1479.374466632,39.711057940,-8.166578932
4285.630684207,1480.372088615,39.779872779,-8.156136905
4286.630731276,1481.369710598,39.848687617,-8.145694877
4287.630778344,1482.367332581,39.917502456,-8.135252850
4288.630825412,1483.364954564,39.986317294,-8.124810823
4289.630871763,1484.362516927,40.055986961,-8.114410236
4290.630918064,1485.360032896,40.126321833,-8.104041897
4291.630964366,1486.357548865,40.196656706,-8.093673557
4292.631010667,1487.355064834,40.266991578,-8.083305218
4293.631056969,1488.352580803,40.337326451,-8.072936878
4294.631103270,1489.350096772,40.407661324,-8.062568539
4295.631149572,1490.347612741,40.477996196,-8.052200200
4296.631195873,1491.345128710,40.548331069,-8.041831860
4297.631242175,1492.342644679,40.618665941,-8.031463521
4298.631288268,1493.340166688,40.688914280,-8.021109717
4299.631332178,1494.337779624,40.757860152,-8.010974696
4300.631376088,1495.335392560,40.826806024,-8.000839674
4301.631419997,1496.333005495,40.895751896,-7.990704653
4302.631463907,1497.330618431,40.964697767,-7.980569632
4303.631507817,1498.328231367,41.033643639,-7.970434611
4304.631551726,1499.325844302,41.102589511,-7.960299590
4305.631595636,1500.323457242,41.171535325,-7.950164599
4306.631639531,1501.321070355,41.240478625,-7.940030956
4307.631683427,1502.318683469,41.309421925,-7.929897313
4308.631725138,1503.316273577,41.378696686,-7.919977333
4309.631765255,1504.313845773,41.448229531,-7.910223717
4310.631805372,1505.311417969,41.517762376,-7.900470101
4311.631845489,1506.308990165,41.587295221,-7.890716486
4312.631885606,1507.306562361,41.656828067,-7.880962870
4313.631925723,1508.304134557,41.726360912,-7.871209254
4314.631965840,1509.301706753,41.795893757,-7.861455638
4315.632005956,1510.299278948,41.865426602,-7.851702022
4316.632046073,1511.296851144,41.934959447,-7.841948406
4317.632085867,1512.294419195,42.004551365,-7.832225349
4318.632121310,1513.291924700,42.075034471,-7.822963314
4319.632156753,1514.289430206,42.145517577,-7.813701278
4320.632192196,1515.286935712,42.216000683,-7.804439243
4321.632227640,1516.284441218,42.286483789,-7.795177208
4322.632263083,1517.281946724,42.356966895,-7.785915172
4323.632298527,1518.279452230,42.427450002,-7.776653137
4324.632333970,1519.276957736,42.497933108,-7.767391101
4325.632369413,1520.274463242,42.568416214,-7.758129066
4326.632404857,1521.271968748,42.638899320,-7.748867031
4327.632437457,1522.269485004,42.709229988,-7.739916214
4328.632467926,1523.267009636,42.779441897,-7.731207856
4329.632498394,1524.264534267,42.849653807,-7.722499499
4330.632528863,1525.262058899,42.919865716,-7.713791142
4331.632559331,1526.259583530,42.990077625,-7.705082784
4332.632589800,1527.257108162,43.060289535,-7.696374427
4333.632620268,1528.254632793,43.130501444,-7.687666070
4334.632650738,1529.252157425,43.200713353,-7.678957712
4335.632681206,1530.249682056,43.270925262,-7.670249355
4336.632711290,1531.247213395,43.341040805,-7.661577102
4337.632736858,1532.244846170,43.409699001,-7.653450848
4338.632762428,1533.242478946,43.478357197,-7.645324595
4339.632787996,1534.240111721,43.547015393,-7.637198341
4340.632813566,1535.237744497,43.615673589,-7.629072088
4341.632839134,1536.235377272,43.684331785,-7.620945834
4342.632864704,1537.233010048,43.752989981,-7.612819581
4343.632890272,1538.230642823,43.821648177,-7.604693328
4344.632915842,1539.228275599,43.890306373,-7.596567074
4345.632941410,1540.225908374,43.958964569,-7.588440821
4346.632964292,1541.223542896,44.027597390,-7.580652322
4347.632985158,1542.221178778,44.096210429,-7.573127109
4348.633006023,1543.218814660,44.164823468,-7.565601896
4349.633026888,1544.216450542,44.233436507,-7.558076683
4350.633047754,1545.214086425,44.302049546,-7.550551470
4351.633068620,1546.211722307,44.370662585,-7.543026257
4352.633089485,1547.209358189,44.439275624,-7.535501044
4353.633110350,1548.206994071,44.507888663,-7.527975831
4354.633131216,1549.204629953,44.576501702,-7.520450618
4355.633151786,1550.202264573,44.645133054,-7.512964406
4356.633168108,1551.199880061,44.714041990,-7.506069390
4357.633184430,1552.197495549,44.782950927,-7.499174374
4358.633200751,1553.195111036,44.851859864,-7.492279359
4359.633217074,1554.192726524,44.920768801,-7.485384343
4360.633233395,1555.190342011,44.989677738,-7.478489327
4361.633249717,1556.187957499,45.058586674,-7.471594311
4362.633266045,1557.185572941,45.127496271,-7.464698355
4363.633282384,1558.183188311,45.196406909,-7.457800915
4364.633298722,1559.180803681,45.265317548,-7.450903475
4365.633312602,1560.178371869,45.334905282,-7.444344703
4366.633324965,1561.175903259,45.405021113,-7.438050073
4367.633337327,1562.173434648,45.475136944,-7.431755443
4368.633349690,1563.170966038,45.545252776,-7.425460812
4369.633362052,1564.168497427,45.615368607,-7.419166182
4370.633374414,1565.166028816,45.685484438,-7.412871552
4371.633386777,1566.163560206,45.755600270,-7.406576922
4372.633398372,1567.161072627,45.825977993,-7.400321041
4373.633406983,1568.158296956,45.900333498,-7.394653717
4374.633415593,1569.155521284,45.974689004,-7.388986392
4375.633424204,1570.152745613,46.049044510,-7.383319067
4376.633432814,1571.149969941,46.123400016,-7.377651743
4377.633441426,1572.147194270,46.197755522,-7.371984418
4378.633450037,1573.144418599,46.272111027,-7.366317093
4379.633458647,1574.141642927,46.346466533,-7.360649769
4380.633467258,1575.138867256,46.420822039,-7.354982444
4381.633475868,1576.136091584,46.495177545,-7.349315119
4382.633482256,1577.133350885,46.569061339,-7.344038022
4383.633487170,1578.130637475,46.642577051,-7.339065425
4384.633492085,1579.127924065,46.716092762,-7.334092828
4385.633496999,1580.125210655,46.789608473,-7.329120231
4386.633501914,1581.122497245,46.863124184,-7.324147634
4387.633506829,1582.119783835,46.936639896,-7.319175037
4388.633511743,1583.117070425,47.010155607,-7.314202440
4389.633516659,1584.114357016,47.083671318,-7.309229843
4390.633521573,1585.111643606,47.157187029,-7.304257246
4391.633526264,1586.108935008,47.230636985,-7.299323185
4392.633528265,1587.106299672,47.303085788,-7.294975848
4393.633530265,1588.103664336,47.375534590,-7.290628511
4394.633532267,1589.101029001,47.447983393,-7.286281174
4395.633534268,1590.098393665,47.520432196,-7.281933837
4396.633536268,1591.095758329,47.592880999,-7.277586500
4397.633538269,1592.093122993,47.665329802,-7.273239163
4398.633540271,1593.090487658,47.737778604,-7.268891826
4399.633542271,1594.087852322,47.810227407,-7.264544489
4400.633544272,1595.085216986,47.882676210,-7.260197152
4401.633544237,1596.082468226,47.956657447,-7.256114252
4402.633544301,1597.079630911,48.031835119,-7.252237808
4403.633544366,1598.076793596,48.107012791,-7.248361365
4404.633544431,1599.073956281,48.182190463,-7.244484922
4405.633544496,1600.071118966,48.257368136,-7.240608479
4406.633544560,1601.068281651,48.332545808,-7.236732036
4407.633544625,1602.065444336,48.407723480,-7.232855593
4408.633544690,1603.062607021,48.482901152,-7.228979150
4409.633544651,1604.059764799,48.558143457,-7.225121135
4410.633543600,1605.056847699,48.634372015,-7.221544318
4411.633542548,1606.053930599,48.710600572,-7.217967501
4412.633541496,1607.051013499,48.786829130,-7.214390683
4413.633540444,1608.048096399,48.863057687,-7.210813866
4414.633539392,1609.045179299,48.939286244,-7.207237049
4415.633538340,1610.042262199,49.015514802,-7.203660232
4416.633537288,1611.039345099,49.091743359,-7.200083414
4417.633536236,1612.036427999,49.167971917,-7.196506597
4418.633535185,1613.033510900,49.244200474,-7.192929780
4419.633533593,1614.030663179,49.319511643,-7.189411700
4420.633532173,1615.027869655,49.394106201,-7.185939501
4421.633530752,1616.025076130,49.468700759,-7.182467303
4422.633529332,1617.022282606,49.543295317,-7.178995104
4423.633527911,1618.019489081,49.617889875,-7.175522906
4424.633526490,1619.016695556,49.692484433,-7.172050707
4425.633525070,1620.013902032,49.767078991,-7.168578509
4426.633523649,1621.011108507,49.841673549,-7.165106310
4427.633522228,1622.008314982,49.916268107,-7.161634112
4428.633516401,1623.005767281,49.987435444,-7.158103241
4429.633515349,1624.003411651,50.055924962,-7.154526528
4430.633514297,1625.001056021,50.124414479,-7.150949815
4431.633513244,1625.998700390,50.192903997,-7.147373102
4432.633512192,1626.996344760,50.261393514,-7.143796388
4433.633511140,1627.993989130,50.329883032,-7.140219675
4434.633510088,1628.991633500,50.398372549,-7.136642962
4435.633509036,1629.989277870,50.466862067,-7.133066249
4436.633507982,1630.986922153,50.535352851,-7.129489909
4437.633507321,1631.984520848,50.604502014,-7.125759738
4438.633507285,1632.982083953,50.674165150,-7.121909177
4439.633507250,1633.979647059,50.743828286,-7.118058615
4440.633507214,1634.977210165,50.813491421,-7.114208054
4441.633507179,1635.974773271,50.883154557,-7.110357492
4442.633507144,1636.972336377,50.952817693,-7.106506931
4443.633507109,1637.969899483,51.022480829,-7.102656369
4444.633507073,1638.967462588,51.092143965,-7.098805808
4445.633506433,1639.965004234,51.162104025,-7.094936088
4446.633507651,1640.962217007,51.236614343,-7.090772777
4447.633508868,1641.959429780,51.311124662,-7.086609466
4448.633510087,1642.956642554,51.385634980,-7.082446154
4449.633511305,1643.953855327,51.460145298,-7.078282843
4450.633512522,1644.951068100,51.534655616,-7.074119531
4451.633512353,1645.948246932,51.609599459,-7.069941270
4452.633514617,1646.944905347,51.691190549,-7.065533790
4453.633516882,1647.941563763,51.772781640,-7.061126310
4454.633519146,1648.938222178,51.854372730,-7.056718829
4455.633518909,1649.934830766,51.936539096,-7.052298801
4456.633522097,1650.930675110,52.027528897,-7.047686319
4457.633525286,1651.926519455,52.118518699,-7.043073838
4458.633528474,1652.922363799,52.209508501,-7.038461356
4459.633530637,1653.918172087,52.300879750,-7.033827289
4460.633535515,1654.913427184,52.398103175,-7.028862059
4461.633540393,1655.908682281,52.495326599,-7.023896829
4462.633545271,1656.903937378,52.592550024,-7.018931600
4463.633550149,1657.899192475,52.689773448,-7.013966370
4464.633555027,1658.894447572,52.786996873,-7.009001140
4465.633559905,1659.889702669,52.884220297,-7.004035910
4466.633564783,1660.884957766,52.981443722,-6.999070681
4467.633569662,1661.880212864,53.078667146,-6.994105451
4468.633574540,1662.875467961,53.175890571,-6.989140221
4469.633577209,1663.870434030,53.275995826,-6.983963591
4470.633584029,1664.865174044,53.378355033,-6.978621618
4471.633590848,1665.859914058,53.480714239,-6.973279646
4472.633597668,1666.854654072,53.583073446,-6.967937674
4473.633604487,1667.849394086,53.685432652,-6.962595701
4474.633609729,1668.843861075,53.790385925,-6.957054840
4475.633618505,1669.838114501,53.897368294,-6.951358407
4476.633627280,1670.832367927,54.004350663,-6.945661973
4477.633636056,1671.826621353,54.111333032,-6.939965540
4478.633644832,1672.820874779,54.218315401,-6.934269106
4479.633653608,1673.815128205,54.325297769,-6.928572673
4480.633662385,1674.809381632,54.432280138,-6.922876239
4481.633671160,1675.803635058,54.539262507,-6.917179806
4482.633677107,1676.797819123,54.646860138,-6.911462400
4483.633687899,1677.790936360,54.763921045,-6.905422421
4484.633698691,1678.784053597,54.880981951,-6.899382442
4485.633709484,1679.777170835,54.998042858,-6.893342463
4486.633711195,1680.769669057,55.120157947,-6.887129080
4487.633723901,1681.761682949,55.246227535,-6.880780022
4488.633736607,1682.753696840,55.372297124,-6.874430964
4489.633749314,1683.745710732,55.498366712,-6.868081906
4490.633762021,1684.737724624,55.624436301,-6.861732848
4491.633774214,1685.729699369,55.750807898,-6.855352298
4492.633790331,1686.721071572,55.881827963,-6.848487016
4493.633806448,1687.712443775,56.012848027,-6.841621735
4494.633822566,1688.703815979,56.143868091,-6.834756453
4495.633838683,1689.695188182,56.274888156,-6.827891171
4496.633854800,1690.686560385,56.405908220,-6.821025890
4497.633870917,1691.677932588,56.536928284,-6.814160608
4498.633887035,1692.669304792,56.667948348,-6.807295327
4499.633900259,1693.660180993,56.802628625,-6.800082431
4500.633920823,1694.650668979,56.940173720,-6.792597461
4501.633941386,1695.641156964,57.077718815,-6.785112490
4502.633961950,1696.631644950,57.215263911,-6.777627520
4503.633982513,1697.622132935,57.352809006,-6.770142550
4504.634003077,1698.612620921,57.490354101,-6.762657579
4505.634025916,1699.602953176,57.629012452,-6.754811263
4506.634051508,1700.593163530,57.768542224,-6.746682097
4507.634077101,1701.583373884,57.908071996,-6.738552930
4508.634102694,1702.573584238,58.047601769,-6.730423764
4509.634128286,1703.563794592,58.187131541,-6.722294598
4510.634153879,1704.554004946,58.326661313,-6.714165432
4511.634178138,1705.544277807,58.465735011,-6.705999231
4512.634208861,1706.535514989,58.597772702,-6.697261683
4513.634239585,1707.526752171,58.729810392,-6.688524136
4514.634270308,1708.517989353,58.861848083,-6.679786589
4515.634301036,1709.509226513,58.993885941,-6.671048485
4516.634330885,1710.500923654,59.122384613,-6.661852266
4517.634369082,1711.492980957,59.248112141,-6.652297597
4518.634407278,1712.485038259,59.373839670,-6.642742928
4519.634445474,1713.477095561,59.499567198,-6.633188259
4520.634483671,1714.469152864,59.625294727,-6.623633590
4521.634521867,1715.461210166,59.751022255,-6.614078921
4522.634560065,1716.453267469,59.876749784,-6.604524252
4523.634598261,1717.445324771,60.002477312,-6.594969583
4524.634636457,1718.437382073,60.128204841,-6.585414914
4525.634673714,1719.429383236,60.254363007,-6.575806315
4526.634720779,1720.420517105,60.387173983,-6.565364557
4527.634767844,1721.411650975,60.519984959,-6.554922800
4528.634814909,1722.402784844,60.652795935,-6.544481043
4529.634861975,1723.393918714,60.785606911,-6.534039285
4530.634909040,1724.385052583,60.918417887,-6.523597528
4531.634961056,1725.376067097,61.052114228,-6.512663332
4532.635017675,1726.366988120,61.186504062,-6.501343416
4533.635074296,1727.357909144,61.320893897,-6.490023500
4534.635130916,1728.348830168,61.455283731,-6.478703585
4535.635187535,1729.339751191,61.589673565,-6.467383669
4536.635244156,1730.330672215,61.724063400,-6.456063753
4537.635300775,1731.321593238,61.858453234,-6.444743838
4538.635357395,1732.312514262,61.992843068,-6.433423922
4539.635414016,1733.303435286,62.127232903,-6.422104006
4540.635471322,1734.294366807,62.261544955,-6.410719438
4541.635540566,1735.285460796,62.394653207,-6.398334265
4542.635609812,1736.276554786,62.527761459,-6.385949091
4543.635679057,1737.267648775,62.660869711,-6.373563918
4544.635748303,1738.258742765,62.793977963,-6.361178745
4545.635817547,1739.249836754,62.927086214,-6.348793571
4546.635886792,1740.240930743,63.060194466,-6.336408398
4547.635956038,1741.232024733,63.193302718,-6.324023225
4548.636025283,1742.223118722,63.326410970,-6.311638051
4549.636094528,1743.214212712,63.459519222,-6.299252878
4550.636169242,1744.205032054,63.594644664,-6.286307671
4551.636251357,1745.195636148,63.731351036,-6.272923549
4552.636333473,1746.186240242,63.868057408,-6.259539428
4553.636415587,1747.176844335,64.004763780,-6.246155306
4554.636497703,1748.167448429,64.141470152,-6.232771184
4555.636579819,1749.158052523,64.278176525,-6.219387063
4556.636661933,1750.148656616,64.414882897,-6.206002941
4557.636744049,1751.139260710,64.551589269,-6.192618819
4558.636826164,1752.129864804,64.688295641,-6.179234698
4559.636908806,1753.120485026,64.824884291,-6.165803128
4560.637001713,1754.111355439,64.959646771,-6.151635516
4561.637094621,1755.102225853,65.094409250,-6.137467905
4562.637187529,1756.093096267,65.229171730,-6.123300293
4563.637280436,1757.083966680,65.363934209,-6.109132682
4564.637373344,1758.074837094,65.498696689,-6.094965071
4565.637466252,1759.065707508,65.633459169,-6.080797459
4566.637555513,1760.057158544,65.763822145,-6.066345195
4567.637655744,1761.049064816,65.890735699,-6.051669749
4568.637755974,1762.040971088,66.017649253,-6.036994303
4569.637856205,1763.032877360,66.144562807,-6.022318857
4570.637956788,1764.024784553,66.271469158,-6.007619345
4571.638062936,1765.016706053,66.398263640,-5.992546036
4572.638169084,1766.008627553,66.525058121,-5.977472727
4573.638275233,1767.000549053,66.651852603,-5.962399418
4574.638381381,1767.992470553,66.778647084,-5.947326109
4575.638486823,1768.983896274,66.909218005,-5.931925803
4576.638601934,1769.974933217,67.042750327,-5.916269072
4577.638717045,1770.965970159,67.176282649,-5.900612342
4578.638832157,1771.957007102,67.309814971,-5.884955612
4579.638947268,1772.948044045,67.443347294,-5.869298881
4580.639062379,1773.939080987,67.576879616,-5.853642151
4581.639177491,1774.930117930,67.710411938,-5.837985420
4582.639292601,1775.921154872,67.843944260,-5.822328690
4583.639407713,1776.912191815,67.977476582,-5.806671960
4584.639523520,1777.903229877,68.111000594,-5.790970841
4585.639650402,1778.894285343,68.244395363,-5.774579387
4586.639777286,1779.885340810,68.377790133,-5.758187932
4587.639904169,1780.876396277,68.511184903,-5.741796477
4588.640031052,1781.867451743,68.644579673,-5.725405022
4589.640157935,1782.858507210,68.777974442,-5.709013568
4590.640284819,1783.849562677,68.911369212,-5.692622113
4591.640411701,1784.840618143,69.044763982,-5.676230658
4592.640538585,1785.831673610,69.178158751,-5.659839204
4593.640665468,1786.822729077,69.311553521,-5.643447749
4594.640798585,1787.813881229,69.444226421,-5.626667876
4595.640937069,1788.805109242,69.576332924,-5.609583240
4596.641075553,1789.796337255,69.708439428,-5.592498604
4597.641214036,1790.787565268,69.840545932,-5.575413968
4598.641352521,1791.778793282,69.972652435,-5.558329332
4599.641491005,1792.770021295,70.104758939,-5.541244696
4600.641629492,1793.761249335,70.236865240,-5.524159896
4601.641768003,1794.752477612,70.368969763,-5.507073666
4602.641906515,1795.743705890,70.501074286,-5.489987436
4603.642045531,1796.734954885,70.633021778,-5.472860220
4604.642195890,1797.726526875,70.762521164,-5.455094036
4605.642346249,1798.718098866,70.892020549,-5.437327851
4606.642496608,1799.709670856,71.021519934,-5.419561666
4607.642646966,1800.701242846,71.151019319,-5.401795482
4608.642797324,1801.692814836,71.280518704,-5.384029297
4609.642947684,1802.684386827,71.410018090,-5.366263112
4610.643098042,1803.675958817,71.539517475,-5.348496928
4611.643248401,1804.667530807,71.669016860,-5.330730743
4612.643398759,1805.659102797,71.798516245,-5.312964558
4613.643555064,1806.650476182,71.929520470,-5.294816844
4614.643717752,1807.641693649,72.061706075,-5.276369608
4615.643880440,1808.632911117,72.193891679,-5.257922373
4616.644043129,1809.624128585,72.326077284,-5.239475137
4617.644205817,1810.615346053,72.458262889,-5.221027902
4618.644368506,1811.606563521,72.590448493,-5.202580666
4619.644531194,1812.597780989,72.722634098,-5.184133430
4620.644693882,1813.588998456,72.854819702,-5.165686195
4621.644856570,1814.580215924,72.987005307,-5.147238959
4622.645020003,1815.571432903,73.119194577,-5.128751398
4623.645195284,1816.562642241,73.251441134,-5.109633629
4624.645370564,1817.553851578,73.383687690,-5.090515859
4625.645545845,1818.545060916,73.515934247,-5.071398090
4626.645721125,1819.536270253,73.648180804,-5.052280320
4627.645896406,1820.527479591,73.780427360,-5.033162551
4628.646071687,1821.518688929,73.912673917,-5.014044781
4629.646246967,1822.509898266,74.044920473,-4.994927012
4630.646422248,1823.501107604,74.177167030,-4.975809242
4631.646597527,1824.492316941,74.309413586,-4.956691473
4632.646779491,1825.483611252,74.441020442,-4.937218805
4633.646967084,1826.474972307,74.572124831,-4.917467375
4634.647154678,1827.466333363,74.703229221,-4.897715945
4635.647342271,1828.457694418,74.834333610,-4.877964515
4636.647529864,1829.449055473,74.965438000,-4.858213085
4637.647717457,1830.440416528,75.096542390,-4.838461655
4638.647905050,1831.431777583,75.227646779,-4.818710226
4639.648092644,1832.423138638,75.358751169,-4.798958796
4640.648280236,1833.414499693,75.489855558,-4.779207366
4641.648493230,1834.405840164,75.621114065,-4.758200039
4642.649312929,1835.396858169,75.754786861,-4.717518745
4643.650132629,1836.387876174,75.888459657,-4.676837451
4644.650952328,1837.378894179,76.022132453,-4.636156156
4645.651772027,1838.369912184,76.155805248,-4.595474862
4646.652354524,1839.360925073,76.289515937,-4.561120258
4647.652348140,1840.351909001,76.423441126,-4.562579892
4648.652341757,1841.342892930,76.557366316,-4.564039526
4649.652335374,1842.333876858,76.691291505,-4.565499159
4650.652328990,1843.324860786,76.825216695,-4.566958793
4651.652379874,1844.315561291,76.961210036,-4.556000128
4652.652587028,1845.306039049,77.098828758,-4.535281795
4653.652794183,1846.296516807,77.236447480,-4.514563463
4654.653001338,1847.286994566,77.374066202,-4.493845130
4655.653208492,1848.277472324,77.511684924,-4.473126797
4656.653415647,1849.267950083,77.649303646,-4.452408464
4657.653621853,1850.258372150,77.787313715,-4.431676742
4658.653833663,1851.247920140,77.931465988,-4.410734859
4659.654045472,1852.237468130,78.075618261,-4.389792977
4660.654257282,1853.227016120,78.219770534,-4.368851094
4661.654469093,1854.216564111,78.363922807,-4.347909212
4662.654679650,1855.206048934,78.508498093,-4.326958588
4663.654894528,1856.194541868,78.659715895,-4.305870702
4664.655109406,1857.183034801,78.810933697,-4.284782815
4665.655324283,1858.171527734,78.962151500,-4.263694929
4666.655539161,1859.160020667,79.113369302,-4.242607042
4667.655752456,1860.148441706,79.265045186,-4.221514099
4668.655969119,1861.135733267,79.423917705,-4.200341723
4669.656185781,1862.123024827,79.582790223,-4.179169346
4670.656402445,1863.110316388,79.741662742,-4.157996970
4671.656616992,1864.097522126,79.901054043,-4.136821883
4672.656834614,1865.083379012,80.068598971,-4.115604201
4673.657052237,1866.069235898,80.236143899,-4.094386518
4674.657269860,1867.055092784,80.403688827,-4.073168835
4675.657487482,1868.040949670,80.571233755,-4.051951152
4676.657697561,1869.026058741,80.743077434,-4.030736311
4677.657915076,1870.010579765,80.918301452,-4.009523704
4678.658132591,1870.995100789,81.093525469,-3.988311096
4679.658350106,1871.979621813,81.268749486,-3.967098489
4680.658567621,1872.964142837,81.443973503,-3.945885882
4681.658783978,1873.948598325,81.619559285,-3.924677720
4682.658999919,1874.932022869,81.800836062,-3.903539491
4683.659215860,1875.915447413,81.982112838,-3.882401262
4684.659431800,1876.898871956,82.163389615,-3.861263033
4685.659647741,1877.882296500,82.344666391,-3.840124804
4686.659863680,1878.865721043,82.525943168,-3.818986574
4687.660078602,1879.849087492,82.707530500,-3.797859428
4688.660290638,1880.831539556,82.894005819,-3.776906723
4689.660502675,1881.813991620,83.080481137,-3.755954017
4690.660714712,1882.796443684,83.266956456,-3.735001312
4691.660926748,1883.778895748,83.453431774,-3.714048607
4692.661138785,1884.761347812,83.639907093,-3.693095901
4693.661350822,1885.743799876,83.826382411,-3.672143196
4694.661561417,1886.726180242,84.013229051,-3.651205580
4695.661768189,1887.707431089,84.205925386,-3.630505674
4696.661974962,1888.688681936,84.398621721,-3.609805769
4697.662181736,1889.669932784,84.591318055,-3.589105864
4698.662388509,1890.651183631,84.784014390,-3.568405959
4699.662587785,1891.631818556,84.979797174,-3.547842912
4700.662789517,1892.611252184,85.181526872,-3.527388067
4701.662991248,1893.590685812,85.383256571,-3.506933223
4702.663192980,1894.570119440,85.584986269,-3.486478378
4703.663381429,1895.548495689,85.791733290,-3.466167796
4704.663577922,1896.526039965,86.002428071,-3.445970723
4705.663774415,1897.503584241,86.213122852,-3.425773651
4706.663967632,1898.480996162,86.424416735,-3.405591916
4707.664158964,1899.456321176,86.645156899,-3.385652019
4708.664350297,1900.431646189,86.865897064,-3.365712123
4709.664537474,1901.406813181,87.087316938,-3.345788118
4710.664723528,1902.379487883,87.319457040,-3.326114751
4711.664909583,1903.352162585,87.551597142,-3.306441384
4712.665091071,1904.324662228,87.784451226,-3.286783606
4713.665272017,1905.294401132,88.028565053,-3.267371668
4714.665452964,1906.264140036,88.272678881,-3.247959729
4715.665614699,1907.232268923,88.523036313,-3.228695518
4716.665790557,1908.199130851,88.778306983,-3.209547555
4717.665962329,1909.165812262,89.034245648,-3.190415809
4718.666133016,1910.129646198,89.300721248,-3.171539859
4719.666303704,1911.093480135,89.567196847,-3.152663909
4720.666454213,1912.055521699,89.840009961,-3.133953611
4721.666619359,1913.016152739,90.117810446,-3.115373675
4722.666780266,1913.976584450,90.396285270,-3.096811856
4723.666939811,1914.933871125,90.685399997,-3.078535890
4724.667099354,1915.891157799,90.974514725,-3.060259923
4725.667239065,1916.846531740,91.269832477,-3.042163000
4726.667392814,1917.800400355,91.570032024,-3.024206985
4727.667542252,1918.754053400,91.870902650,-3.006272785
4728.667689496,1919.704304975,92.182362193,-2.988682825
4729.667836740,1920.654556550,92.493821736,-2.971092864
4730.667979987,1921.604595211,92.805918703,-2.953527536
4731.668120046,1922.551273927,93.128074738,-2.936350940
4732.668260105,1923.497952643,93.450230774,-2.919174344
4733.668396342,1924.444418379,93.773001637,-2.902025804
4734.668528425,1925.387522385,94.105477106,-2.885320125
4735.668660508,1926.330626391,94.437952574,-2.868614445
4736.668792590,1927.273730396,94.770428043,-2.851908765
4737.668906862,1928.214894150,95.108318338,-2.835492467
4738.669030440,1929.154530771,95.450470530,-2.819303935
4739.669154018,1930.094167392,95.792622723,-2.803115403
4740.669274691,1931.033614713,96.135287456,-2.786960741
4741.669389227,1931.970073232,96.486044559,-2.771340835
4742.669503763,1932.906531751,96.836801663,-2.755720929
4743.669618298,1933.842990269,97.187558767,-2.740101023
4744.669729945,1934.779256754,97.538821560,-2.724518179
4745.669834952,1935.712489966,97.898071994,-2.709520745
4746.669939959,1936.645723178,98.257322428,-2.694523312
4747.670044967,1937.578956391,98.616572862,-2.679525878
4748.670147565,1938.512017097,98.976266137,-2.664570200
4749.670242298,1939.442352114,99.342956548,-2.650274267
4750.670337032,1940.372687132,99.709646959,-2.635978335
4751.670431766,1941.303022150,100.076337370,-2.621682403
4752.670526500,1942.233357168,100.443027781,-2.607386470
4753.670619487,1943.163563796,100.810041161,-2.593145974
4754.670701337,1944.091740950,101.182159791,-2.579781773
4755.670783185,1945.019918103,101.554278420,-2.566417572
4756.670865034,1945.948095257,101.926397049,-2.553053371
4757.670946883,1946.876272410,102.298515679,-2.539689170
4758.671028732,1947.804449564,102.670634308,-2.526324969
4759.671110581,1948.732626717,103.042752938,-2.512960767
4760.671190915,1949.660694774,103.415141767,-2.499659757
4761.671259126,1950.587036958,103.791805093,-2.487358401
4762.671327337,1951.513379142,104.168468419,-2.475057046
4763.671395548,1952.439721326,104.545131745,-2.462755690
4764.671463759,1953.366063510,104.921795071,-2.450454335
4765.671531968,1954.292405693,105.298458397,-2.438152979
4766.671600179,1955.218747877,105.675121723,-2.425851624
4767.671666785,1956.144957461,106.052108428,-2.413602279
4768.671724610,1957.069067783,106.434214715,-2.402176350
4769.671782436,1957.993178106,106.816321002,-2.390750422
4770.671840261,1958.917288428,107.198427289,-2.379324493
4771.671898087,1959.841398751,107.580533575,-2.367898564
4772.671953690,1960.765324122,107.963082097,-2.356507941
4773.672004900,1961.686319802,108.352635766,-2.345676566
4774.672056108,1962.607315481,108.742189434,-2.334845192
4775.672107318,1963.528311161,109.131743103,-2.324013818
4776.672142761,1964.447027360,109.526609312,-2.313425604
4777.672189357,1965.363947907,109.925660452,-2.303028938
4778.672235952,1966.280868454,110.324711592,-2.292632272
4779.672264987,1967.195265479,110.729473836,-2.282450056
4780.672307670,1968.107674608,111.138734980,-2.272436774
4781.672350353,1969.020083737,111.547996123,-2.262423492
4782.672374158,1969.929784484,111.963202137,-2.252619026
4783.672413173,1970.837351580,112.383091490,-2.242979064
4784.672452188,1971.744918675,112.802980844,-2.233339101
4785.672471918,1972.649659305,113.228885405,-2.223896754
4786.672507590,1973.552173153,113.659528944,-2.214610094
4787.672543261,1974.454687001,114.090172482,-2.205323435
4788.672560434,1975.354358275,114.526685022,-2.196226941
4789.672593006,1976.251790057,114.967821395,-2.187280268
4790.672625579,1977.149221839,115.408957768,-2.178333595
4791.672642631,1978.043999977,115.855420850,-2.169564080
4792.672672420,1978.936687489,116.306080488,-2.160934137
4793.672702208,1979.829375000,116.756740126,-2.152304194
4794.672717205,1980.719425450,117.212556829,-2.143858803
4795.672744201,1981.607398169,117.672436761,-2.135558822
4796.672771196,1982.495370888,118.132316694,-2.127258840
4797.672796853,1983.383165166,118.592538451,-2.118978233
4798.672820366,1984.267957057,119.058507083,-2.111005129
4799.672844684,1985.150656932,119.528428390,-2.103034497
4800.672868999,1986.033356806,119.998349696,-2.095063864
4801.672884756,1986.914033066,120.472037380,-2.087265385
4802.672906667,1987.793114752,120.948692909,-2.079602559
4803.672928577,1988.672196437,121.425348438,-2.071939733
4804.672947918,1989.551011445,121.902490347,-2.064293675
4805.672967701,1990.425594154,122.387351346,-2.056913728
4806.672987484,1991.300176862,122.872212346,-2.049533781
4807.673007267,1992.174759570,123.357073345,-2.042153834
4808.673011295,1993.046346912,123.847268322,-2.034911812
4809.673029288,1993.915573575,124.341667058,-2.027778490
4810.673047281,1994.784800238,124.836065794,-2.020645168
4811.673048160,1995.650813292,125.336039651,-2.013624439
4812.673064737,1996.514293619,125.840407401,-2.006692446
4813.673077652,1997.377431274,126.345354231,-1.999770167
4814.673093107,1998.235127372,126.859496727,-1.993002152
4815.673108561,1999.092823470,127.373639223,-1.986234137
4816.673105512,1999.947027270,127.893528949,-1.979567552
4817.673119755,2000.798478737,128.417948153,-1.972980905
4818.673133999,2001.649930204,128.942367358,-1.966394258
4819.673128314,2002.497678541,129.472715682,-1.959910146
4820.673141367,2003.342508279,130.007737006,-1.953506847
4821.673154419,2004.187338016,130.542758330,-1.947103548
4822.673147992,2005.028431310,131.083599777,-1.940799030
4823.673159929,2005.866579555,131.629028619,-1.934572370
4824.673171866,2006.704727801,132.174457460,-1.928345709
4825.673163201,2007.538949928,132.725836180,-1.922212239
4826.673174113,2008.370077466,133.281904626,-1.916152222
4827.673185027,2009.201205005,133.837973073,-1.910092204
4828.673177384,2010.028539780,134.399636904,-1.904123552
4829.673187319,2010.852885181,134.965710893,-1.898226911
4830.673197256,2011.677230583,135.531784882,-1.892330271
4831.673191971,2012.498088971,136.102877843,-1.886519377
4832.673201015,2013.316198822,136.677926862,-1.880776071
4833.673210059,2014.134308674,137.252975880,-1.875032764
4834.673205725,2014.949104728,137.832688475,-1.869373332
4835.673213919,2015.761288630,138.416077206,-1.863780016
4836.673222112,2016.573472532,138.999465937,-1.858186699
4837.673215196,2017.382072474,139.587787221,-1.852675929
4838.673222575,2018.187847199,140.179996808,-1.847230229
4839.673229954,2018.993621924,140.772206395,-1.841784530
4840.673234161,2019.799022805,141.364919040,-1.836348129
4841.673240696,2020.598480751,141.965628699,-1.831059566
4842.673247231,2021.397938697,142.566338358,-1.825771002
4843.673253768,2022.197396644,143.167048017,-1.820482438
4844.673248302,2022.993582845,143.772068305,-1.815281158
4845.673254024,2023.787189798,144.380486834,-1.810148686
4846.673259746,2024.580796751,144.988905363,-1.805016215
4847.673265469,2025.374403705,145.597323892,-1.799883744
4848.673258273,2026.164562112,146.210194019,-1.794833335
4849.673263253,2026.952001645,146.826573841,-1.789847624
4850.673268233,2027.739441178,147.442953662,-1.784861913
4851.673269504,2028.526458632,148.059866363,-1.779883047
4852.673273914,2029.306762767,148.685254690,-1.775013056
4853.673278324,2030.087066901,149.310643018,-1.770143065
4854.673278855,2030.866932680,149.936571742,-1.765278635
4855.673282812,2031.639825577,150.571096504,-1.760502667
4856.673286768,2032.412718473,151.205621266,-1.755726699
4857.673272703,2033.181315558,151.845314947,-1.750995446
4858.673276280,2033.946525438,152.489084271,-1.746299452
4859.673275275,2034.711244134,153.133429904,-1.741607952
4860.673278498,2035.468146845,153.786946076,-1.736987958
4861.673281722,2036.225049557,154.440462249,-1.732367964
4862.673264937,2036.977281938,155.099318729,-1.727783748
4863.673267867,2037.725831713,155.762386099,-1.723227744
4864.673266595,2038.473897459,156.425993195,-1.718676038
4865.673269197,2039.214260914,157.098188894,-1.714192714
4866.673271799,2039.954624368,157.770384594,-1.709709390
4867.673270599,2040.694521560,158.443087862,-1.705230655
4868.673272855,2041.426998343,159.123868932,-1.700824958
4869.673275112,2042.159475126,159.804650002,-1.696419260
4870.673277368,2042.891951908,160.485431072,-1.692013562
4871.673266301,2043.620474543,161.170422725,-1.687646476
4872.673268254,2044.345879068,161.858734701,-1.683309837
4873.673270209,2045.071283594,162.547046677,-1.678973197
4874.673256346,2045.792321796,163.239908606,-1.674668218
4875.673258057,2046.509916596,163.936358752,-1.670388205
4876.673259767,2047.227511396,164.632808898,-1.666108193
4877.673242841,2047.940303906,165.334146844,-1.661857265
4878.673244330,2048.649309330,166.039339308,-1.657629273
4879.673241934,2049.357819775,166.745023585,-1.653403408
4880.673243271,2050.058448794,167.458538883,-1.649211428
4881.673244609,2050.759077813,168.172054181,-1.645019448
4882.673229464,2051.455079499,168.890061116,-1.640847599
4883.673230651,2052.147431826,169.611610391,-1.636691626
4884.673227723,2052.839263051,170.333653635,-1.632537777
4885.673228762,2053.522792683,171.063566195,-1.628417769
4886.673229800,2054.206322315,171.793478754,-1.624297761
4887.673226837,2054.889332227,172.523872194,-1.620179723
4888.673227739,2055.564063443,173.261925640,-1.616093057
4889.673228641,2056.238794659,173.999979086,-1.612006392
4890.673226670,2056.913081152,174.738434973,-1.607921599
4891.673227442,2057.580283474,175.483301514,-1.603866628
4892.673228215,2058.247485797,176.228168054,-1.599811657
4893.673228987,2058.914688119,176.973034595,-1.595756686
4894.673228537,2059.581598614,177.718160801,-1.591703536
4895.673229185,2060.243858054,178.467425465,-1.587679398
4896.673229833,2060.906117494,179.216690129,-1.583655259
4897.673230481,2061.568376934,179.965954793,-1.579631121
4900.523953852,2063.263502220,182.257934821,-1.578387011
4903.374677222,2064.958627507,184.549914850,-1.577142901
4906.225400592,2066.653752793,186.841894878,-1.575898791
4909.076123963,2068.348878079,189.133874906,-1.574654681
4911.926847333,2070.044003366,191.425854934,-1.573410571
4914.777570703,2071.739128652,193.717834963,-1.572166461
4917.628294074,2073.434253938,196.009814991,-1.570922351
4920.479017444,2075.129379224,198.301795019,-1.569678241
4923.329740814,2076.824504511,200.593775047,-1.568434131
4926.180464185,2078.519629797,202.885755076,-1.567190021
4929.031187555,2080.214755083,205.177735104,-1.565945911
4931.881910925,2081.909880370,207.469715132,-1.564701801
4934.732634296,2083.605005656,209.761695161,-1.563457691
4937.583357666,2085.300130942,212.053675189,-1.562213580
4940.434081036,2086.995256229,214.345655217,-1.560969470
4943.284804407,2088.690381515,216.637635245,-1.559725360
4946.135527777,2090.385506801,218.929615274,-1.558481250
4948.986251147,2092.080632088,221.221595302,-1.557237140
4951.836974517,2093.775757374,223.513575330,-1.555993030
4954.687697888,2095.470882660,225.805555358,-1.554748920
4957.538421258,2097.166007946,228.097535387,-1.553504810
4960.389144628,2098.861133233,230.389515415,-1.552260700
4963.239867999,2100.556258519,232.681495443,-1.551016590
4966.090591369,2102.251383805,234.973475471,-1.549772480
4966.170062577,2102.295509542,235.039570538,-1.549586807
4966.382780528,2102.413619439,235.216485014,-1.549089823
4966.838041539,2102.666050147,235.595272834,-1.541272336
4967.564334219,2103.068502562,236.199628196,-1.524310403
4968.429148597,2103.547488373,236.919423958,-1.505060425
4969.367747773,2104.067422572,237.700669137,-1.487948609
4970.432679997,2104.659383252,238.585869911,-1.497047161
4971.477192372,2105.241379910,239.452523122,-1.531662226
4972.384166333,2105.747428333,240.203905032,-1.575730184
4973.348535809,2106.284910978,241.003922668,-1.608785803
4974.435339852,2106.887908756,241.908099771,-1.609475544
4975.455326198,2107.454948448,242.755462688,-1.580940982
4976.383184232,2107.977123864,243.521866736,-1.551306534
4977.401260891,2108.551146199,244.362319921,-1.526469322
4978.488816463,2109.164314074,245.260462763,-1.514564940
4979.461562607,2109.715828206,246.061560063,-1.532181399
4980.375130066,2110.230630492,246.816005397,-1.552089825
4981.411907856,2110.804556288,247.679430907,-1.555798660
4982.494706266,2111.400196184,248.583679465,-1.555564970
4983.449547423,2111.925535532,249.381012258,-1.556354069
4984.379298583,2112.437795498,250.156912728,-1.558679520
4985.442758680,2113.025601167,251.043148025,-1.563023550
4986.508682530,2113.617026637,251.929935203,-1.567274461
4987.438620747,2114.134307352,252.702723469,-1.569285503
4988.382324812,2114.658330689,253.487565427,-1.569354399
4989.457680578,2115.252571215,254.383812150,-1.566187029
4990.510214391,2115.831079323,255.263084079,-1.560131214
4991.440794880,2116.340234787,256.041999989,-1.554584634
4992.399016673,2116.864514762,256.844063825,-1.550963048
4993.471675466,2117.453810549,257.740343222,-1.547706774
4994.512170228,2118.033184961,258.604606552,-1.545825884
4995.441831190,2118.573779948,259.360927763,-1.543637070
4996.404096087,2119.148846659,260.132436160,-1.538459974
4997.471479567,2119.783451950,260.990659557,-1.532441874
4998.505902445,2120.399290576,261.821770588,-1.527156750
4999.435902263,2120.951571988,262.570009328,-1.522289290
5000.396368737,2121.495000320,263.361949304,-1.518744026
5001.460605398,2122.057730878,264.265234823,-1.515700856
5002.497179031,2122.586841583,265.156587685,-1.511597821
5003.433864145,2123.059717465,265.965133679,-1.507039459
5004.400575834,2123.549415355,266.798626553,-1.502904824
5005.469139095,2124.101709478,267.713389767,-1.500277049
5006.510617647,2124.661851979,268.591408695,-1.499430935
5007.450053070,2125.182817777,269.373158626,-1.500202661
5008.412180945,2125.716750764,270.173535205,-1.501919108
5009.479269986,2126.308591756,271.061455443,-1.502874049
5010.530928384,2126.891159541,271.937012188,-1.502133605
5011.473330261,2127.413060871,272.721700935,-1.500166031
5012.422093410,2127.940055614,273.510636694,-1.497264313
5013.479985405,2128.549458882,274.375369647,-1.497041158
5014.534827157,2129.178855034,275.221854661,-1.500878953
5015.472284011,2129.744093192,275.969724511,-1.505554854
5016.410458422,2130.310178824,276.717850652,-1.510610472
5017.441651152,2130.926961157,277.544232648,-1.516160110
5018.446551461,2131.508322852,278.363888589,-1.518870890
5019.428057243,2132.055891548,279.178457259,-1.518798390
5020.460991591,2132.631870311,280.035896337,-1.519041566
5021.494505629,2133.207909566,280.893992948,-1.519540705
5022.486120610,2133.759867691,281.717790281,-1.520214221
5023.504018921,2134.324897702,282.564464167,-1.521392716
5024.498422963,2134.875260902,283.392677911,-1.522712314
5025.440809232,2135.395078409,284.178731852,-1.523629650
5026.404504039,2135.925334808,284.983427187,-1.524746951
5027.383980054,2136.463911896,285.801536319,-1.527078099
5028.306767863,2136.971278414,286.572319246,-1.530277140
5029.222649088,2137.475173059,287.337112666,-1.534707952
5030.214729839,2138.021902750,288.164923966,-1.540977988
5031.260535403,2138.598832475,289.037164823,-1.548544734
5032.306340967,2139.175762201,289.909405681,-1.556111481
5033.352146531,2139.752691926,290.781646539,-1.563678228
5034.397952095,2140.329621652,291.653887397,-1.571244974
5035.443757659,2140.906551377,292.526128254,-1.578811721
5036.489563223,2141.483481102,293.398369112,-1.586378468
5037.535368787,2142.060410828,294.270609970,-1.593945214
5038.581174351,2142.637340553,295.142850828,-1.601511961
5039.626979915,2143.214270279,296.015091686,-1.609078707
5040.672785479,2143.791200004,296.887332543,-1.616645454
5041.659374599,2144.335152548,297.710380904,-1.624715028
5042.570068155,2144.836838487,298.470379612,-1.633429072
5043.501990029,2145.349524438,299.248531429,-1.643976260
5044.490401280,2145.892547547,300.074315034,-1.656788111
5045.442169726,2146.415354518,300.869520696,-1.670352849
5046.375897683,2146.928881467,301.649241734,-1.683508517
5047.397453927,2147.490872015,302.502211223,-1.697177254
5048.453644425,2148.071923855,303.384103743,-1.710694312
5049.423075651,2148.605638384,304.193308512,-1.722241877
5050.353232558,2149.117628032,304.969807863,-1.732597039
5051.327964173,2149.654761417,305.783117673,-1.743395190
5052.281342285,2150.181937411,306.577410286,-1.754097612
5053.169448042,2150.675291705,307.315808359,-1.764180381
5054.078420092,2151.181885757,308.070443995,-1.775029790
5055.053907541,2151.726660432,308.879544593,-1.787380525
5056.052658209,2152.284788177,309.707693450,-1.800256324
5057.051408877,2152.842915922,310.535842308,-1.813132124
5058.050159545,2153.401043667,311.363991166,-1.826007923
5059.048910213,2153.959171412,312.192140024,-1.838883723
5060.047660881,2154.517299157,313.020288882,-1.851759522
5061.046411548,2155.075426902,313.848437739,-1.864635322
5062.045162216,2155.633554647,314.676586597,-1.877511121
5063.043912884,2156.191682392,315.504735455,-1.890386921
5064.042663552,2156.749810137,316.332884313,-1.903262720
5065.041414220,2157.307937882,317.161033171,-1.916138519
5066.040164888,2157.866065627,317.989182028,-1.929014319
5067.038915556,2158.424193372,318.817330886,-1.941890118
5068.037666223,2158.982321117,319.645479744,-1.954765918
5069.036416891,2159.540448862,320.473628602,-1.967641717
5070.035167559,2160.098576607,321.301777460,-1.980517517
5071.033918227,2160.656704352,322.129926317,-1.993393316
5072.032668895,2161.214832097,322.958075175,-2.006269116
5073.031419563,2161.772959842,323.786224033,-2.019144915
5074.030170231,2162.331087586,324.614372891,-2.032020715
5075.028920898,2162.889215331,325.442521748,-2.044896514
5076.027671566,2163.447343076,326.270670606,-2.057772314
5077.026422234,2164.005470821,327.098819464,-2.070648113
5078.025172902,2164.563598566,327.926968322,-2.083523913
5079.023923570,2165.121726311,328.755117180,-2.096399712
5080.022674238,2165.679854056,329.583266037,-2.109275512
5081.021424906,2166.237981801,330.411414895,-2.122151311
5082.020175574,2166.796109546,331.239563753,-2.135027111
5083.018926241,2167.354237291,332.067712611,-2.147902910
5084.017676909,2167.912365036,332.895861469,-2.160778710
5085.016427577,2168.470492781,333.724010326,-2.173654509
5086.015178245,2169.028620526,334.552159184,-2.186530309
5087.013928913,2169.586748271,335.380308042,-2.199406108
5088.012679581,2170.144876016,336.208456900,-2.212281908
5089.011430249,2170.703003761,337.036605758,-2.225157707
5090.010180916,2171.261131506,337.864754615,-2.238033507
5091.008931584,2171.819259251,338.692903473,-2.250909306
5092.007682252,2172.377386996,339.521052331,-2.263785106
5093.006432920,2172.935514741,340.349201189,-2.276660905
5094.005183588,2173.493642486,341.177350046,-2.289536704
5095.003934256,2174.051770231,342.005498904,-2.302412504
5096.002684924,2174.609897975,342.833647762,-2.315288303
5097.001435591,2175.168025720,343.661796620,-2.328164103
5098.000186259,2175.726153465,344.489945478,-2.341039902
5098.998936927,2176.284281210,345.318094335,-2.353915702
5099.997687595,2176.842408955,346.146243193,-2.366791501
5100.996438263,2177.400536700,346.974392051,-2.379667301
5101.995188931,2177.958664445,347.802540909,-2.392543100
5102.993939599,2178.516792190,348.630689767,-2.405418900
5103.992690267,2179.074919935,349.458838624,-2.418294699
5104.991440934,2179.633047680,350.286987482,-2.431170499
5105.990191602,2180.191175425,351.115136340,-2.444046298
5106.988942270,2180.749303170,351.943285198,-2.456922098
5107.987692938,2181.307430915,352.771434056,-2.469797897
5108.986443606,2181.865558660,353.599582913,-2.482673697
5109.985194274,2182.423686405,354.427731771,-2.495549496
5110.983944942,2182.981814150,355.255880629,-2.508425296
5111.982695609,2183.539941895,356.084029487,-2.521301095
5112.981446277,2184.098069640,356.912178344,-2.534176895
5113.980196945,2184.656197385,357.740327202,-2.547052694
5114.978947613,2185.214325130,358.568476060,-2.559928494
5115.977698281,2185.772452875,359.396624918,-2.572804293
5116.976448949,2186.330580620,360.224773776,-2.585680093
5117.975199617,2186.888708365,361.052922633,-2.598555892
5118.973950285,2187.446836109,361.881071491,-2.611431692
5119.972700952,2188.004963854,362.709220349,-2.624307491
5120.971451620,2188.563091599,363.537369207,-2.637183290
5121.970202288,2189.121219344,364.365518065,-2.650059090
5122.968952956,2189.679347089,365.193666922,-2.662934889
5123.967703624,2190.237474834,366.021815780,-2.675810689
5124.966454292,2190.795602579,366.849964638,-2.688686488
5125.965204960,2191.353730324,367.678113496,-2.701562288
5126.963955627,2191.911858069,368.506262354,-2.714438087
5127.962706295,2192.469985814,369.334411211,-2.727313887
5128.961456963,2193.028113559,370.162560069,-2.740189686
5129.960207631,2193.586241304,370.990708927,-2.753065486
5130.958958299,2194.144369049,371.818857785,-2.765941285
5131.957708967,2194.702496794,372.647006642,-2.778817085
5132.956459635,2195.260624539,373.475155500,-2.791692884
5133.955210302,2195.818752284,374.303304358,-2.804568684
5134.953960970,2196.376880029,375.131453216,-2.817444483
5135.952711638,2196.935007774,375.959602074,-2.830320283
5136.951462306,2197.493135519,376.787750931,-2.843196082
5137.950212974,2198.051263264,377.615899789,-2.856071882
5138.948963642,2198.609391009,378.444048647,-2.868947681
5139.947714310,2199.167518754,379.272197505,-2.881823481
5140.946464978,2199.725646499,380.100346363,-2.894699280
5141.945215645,2200.283774243,380.928495220,-2.907575080
5142.943966313,2200.841901988,381.756644078,-2.920450879
5143.942716981,2201.400029733,382.584792936,-2.933326679
5144.941467649,2201.958157478,383.412941794,-2.946202478
5145.940218317,2202.516285223,384.241090651,-2.959078278
5146.938968985,2203.074412968,385.069239509,-2.971954077
5147.937719653,2203.632540713,385.897388367,-2.984829876
5148.936470320,2204.190668458,386.725537225,-2.997705676
5149.935220988,2204.748796203,387.553686083,-3.010581475
5150.933971656,2205.306923948,388.381834940,-3.023457275
5151.932722324,2205.865051693,389.209983798,-3.036333074
5152.931472992,2206.423179438,390.038132656,-3.049208874
5153.930223660,2206.981307183,390.866281514,-3.062084673
5154.928974328,2207.539434928,391.694430372,-3.074960473
5155.927724995,2208.097562673,392.522579229,-3.087836272
5156.926475663,2208.655690418,393.350728087,-3.100712072
5157.925226331,2209.213818163,394.178876945,-3.113587871
5158.923976999,2209.771945908,395.007025803,-3.126463671
5159.922727667,2210.330073653,395.835174661,-3.139339470
5160.921478335,2210.888201398,396.663323518,-3.152215270
5161.920229003,2211.446329143,397.491472376,-3.165091069
5162.918979671,2212.004456888,398.319621234,-3.177966869
5163.917730338,2212.562584632,399.147770092,-3.190842668
5164.916481006,2213.120712377,399.975918949,-3.203718468
5165.915231674,2213.678840122,400.804067807,-3.216594267
5166.913982342,2214.236967867,401.632216665,-3.229470067
5167.912733010,2214.795095612,402.460365523,-3.242345866
5168.911483678,2215.353223357,403.288514381,-3.255221666
5169.910234346,2215.911351102,404.116663238,-3.268097465
5170.908985013,2216.469478847,404.944812096,-3.280973265
5171.907735681,2217.027606592,405.772960954,-3.293849064
5172.906486349,2217.585734337,406.601109812,-3.306724864
5173.905237017,2218.143862082,407.429258670,-3.319600663
5174.903987685,2218.701989827,408.257407527,-3.332476463
5175.902738353,2219.260117572,409.085556385,-3.345352262
5176.901489021,2219.818245317,409.913705243,-3.358228061
5177.900239689,2220.376373062,410.741854101,-3.371103861
5178.898990356,2220.934500807,411.570002959,-3.383979660
5179.897741024,2221.492628552,412.398151816,-3.396855460
5180.896491692,2222.050756297,413.226300674,-3.409731259
5181.895242360,2222.608884042,414.054449532,-3.422607059
5182.893993028,2223.167011787,414.882598390,-3.435482858
5183.892743696,2223.725139532,415.710747247,-3.448358658
5184.891494364,2224.283267277,416.538896105,-3.461234457
5185.890245031,2224.841395022,417.367044963,-3.474110257
5186.888995699,2225.399522766,418.195193821,-3.486986056
5187.887746367,2225.957650511,419.023342679,-3.499861856
5188.886497035,2226.515778256,419.851491536,-3.512737655
5189.885247703,2227.073906001,420.679640394,-3.525613455
5190.883998371,2227.632033746,421.507789252,-3.538489254
5191.882749039,2228.190161491,422.335938110,-3.551365054
5192.881499706,2228.748289236,423.164086968,-3.564240853
5193.880250374,2229.306416981,423.992235825,-3.577116653
5194.879001042,2229.864544726,424.820384683,-3.589992452
5195.877751710,2230.422672471,425.648533541,-3.602868252
5196.876502378,2230.980800216,426.476682399,-3.615744051
5197.875253046,2231.538927961,427.304831257,-3.628619851
5198.874003714,2232.097055706,428.132980114,-3.641495650
5199.872754382,2232.655183451,428.961128972,-3.654371450
5200.871505049,2233.213311196,429.789277830,-3.667247249
5201.870255717,2233.771438941,430.617426688,-3.680123049
5202.869006385,2234.329566686,431.445575545,-3.692998848
5203.867757053,2234.887694431,432.273724403,-3.705874647
5204.866507721,2235.445822176,433.101873261,-3.718750447
5205.865258389,2236.003949921,433.930022119,-3.731626246
5206.864009057,2236.562077666,434.758170977,-3.744502046
5207.862759724,2237.120205411,435.586319834,-3.757377845
5208.861510392,2237.678333155,436.414468692,-3.770253645
5209.860261060,2238.236460900,437.242617550,-3.783129444
5210.859011728,2238.794588645,438.070766408,-3.796005244
5211.857762396,2239.352716390,438.898915266,-3.808881043
5212.856513064,2239.910844135,439.727064123,-3.821756843
5213.855263732,2240.468971880,440.555212981,-3.834632642
5214.854014399,2241.027099625,441.383361839,-3.847508442
5215.852765067,2241.585227370,442.211510697,-3.860384241
5216.851515735,2242.143355115,443.039659555,-3.873260041
5217.850266403,2242.701482860,443.867808412,-3.886135840
5218.849017071,2243.259610605,444.695957270,-3.899011640
5219.847767739,2243.817738350,445.524106128,-3.911887439
5220.846518407,2244.375866095,446.352254986,-3.924763239
5221.845269075,2244.933993840,447.180403843,-3.937639038
5222.844019742,2245.492121585,448.008552701,-3.950514838
5223.842770410,2246.050249330,448.836701559,-3.963390637
5224.841521078,2246.608377075,449.664850417,-3.976266437
5225.840271746,2247.166504820,450.492999275,-3.989142236
5226.839022414,2247.724632565,451.321148132,-4.002018036
5227.837773082,2248.282760310,452.149296990,-4.014893835
5228.836523750,2248.840888055,452.977445848,-4.027769635
5229.835274417,2249.399015800,453.805594706,-4.040645434
5230.834025085,2249.957143545,454.633743564,-4.053521233
5231.832775753,2250.515271289,455.461892421,-4.066397033
5232.831526421,2251.073399034,456.290041279,-4.079272832
5233.830277089,2251.631526779,457.118190137,-4.092148632
5234.829027757,2252.189654524,457.946338995,-4.105024431
5235.827778425,2252.747782269,458.774487853,-4.117900231
5236.825222461,2253.301739390,459.603818934,-4.133264820
5237.817336551,2253.837836754,460.438212622,-4.159287090
5238.814758273,2254.354191709,461.291507882,-4.148570172
5239.828786191,2254.849566856,462.172800572,-4.069961803
5240.864798574,2255.323962195,463.082090691,-3.923461980
5241.929089527,2255.781548350,464.018196018,-3.706581916
5243.030713719,2256.236014455,464.977236167,-3.411152718
5244.148461025,2256.689243161,465.945372174,-3.084571256
5245.266208330,2257.142471867,466.913508181,-2.757989793
5246.383955636,2257.595700573,467.881644187,-2.431408330
5247.501702942,2258.048929279,468.849780194,-2.104826867
5248.619450247,2258.502157985,469.817916201,-1.778245404
5249.737197553,2258.955386691,470.786052208,-1.451663942
5250.854944859,2259.408615397,471.754188215,-1.125082479
5251.949116998,2259.868984194,472.701614677,-0.829014344
5253.001732634,2260.342590608,473.610645963,-0.589517450
5254.044912087,2260.844625586,474.507573998,-0.411460294
5255.071269769,2261.368802542,475.382520013,-0.296926097
5256.063111074,2261.903299769,476.216627220,-0.248686529
5257.063811321,2262.455961287,477.050760767,-0.234995114
5258.093460487,2263.025107087,477.908792805,-0.229383938
5259.103813462,2263.583239159,478.750991007,-0.227405334
5260.101814710,2264.134195208,479.583129154,-0.227245024
5261.099343948,2264.684477418,480.415147056,-0.226715552
5262.084950444,2265.228431106,481.237055885,-0.227369986
5263.054536404,2265.763344637,482.045734707,-0.229105088
5264.027161050,2266.300346453,482.856676846,-0.229878235
5265.007205629,2266.842154663,483.673334608,-0.228720078
5266.008036835,2267.395671762,484.507162151,-0.225038816
5267.032886176,2267.959601954,485.362890643,-0.219779603
5268.053671683,2268.519624853,486.216309994,-0.212512108
5269.058403074,2269.071264508,487.056021646,-0.204562288
5270.080745845,2269.630794311,487.911638816,-0.199048829
5271.107254020,2270.190583661,488.772068751,-0.195144413
5272.113862493,2270.738434934,489.616522717,-0.191009098
5273.124183570,2271.288208290,490.464158790,-0.187689280
5274.149593439,2271.845312694,491.325027258,-0.185330072
5275.157647802,2272.392708741,492.171499051,-0.181247414
5276.145125485,2272.931160528,492.999243338,-0.176638241
5277.120373413,2273.465871092,493.814822350,-0.171738393
5278.097289564,2274.002147540,494.631358495,-0.165299295
5279.075788053,2274.537465011,495.450421433,-0.159785593
5280.055167263,2275.070826339,496.271821823,-0.156509740
5281.047657358,2275.607755632,497.106513725,-0.150769419
5282.051854241,2276.148212551,497.952834197,-0.143065027
5283.054509789,2276.686764119,498.798535545,-0.134723253
5284.055990917,2277.225676584,499.642599726,-0.125055707
5285.056147284,2277.768197362,500.482752213,-0.113752390
5286.056358688,2278.316833530,501.319030999,-0.106071258
5287.058999072,2278.870332535,502.155034907,-0.101166664
5288.069867848,2279.428122705,502.998074513,-0.097999234
5289.099067816,2279.991922887,503.859097310,-0.093343872
5290.115578456,2280.535826895,504.717846760,-0.089924243
5291.117310440,2281.049857709,505.577630503,-0.086576711
5292.114051439,2281.530130251,506.451017595,-0.081488497
5293.099456222,2281.972697376,507.331446836,-0.080358112
5294.062619517,2282.373040060,508.207444980,-0.086401252
5295.034653383,2282.744861535,509.105527354,-0.093233289
5296.017520398,2283.090628997,510.025527113,-0.101769958
5296.998773982,2283.409938527,510.953263725,-0.116080826
5297.975577135,2283.668133980,511.894320077,-0.159583119
5298.952637197,2283.868519754,512.847965652,-0.230660707
5299.931138161,2284.021545337,513.809074068,-0.332237869
5300.913573566,2284.131972901,514.776398876,-0.463644850
5301.901791619,2284.204345288,515.748944235,-0.623309132
5302.890009672,2284.276717675,516.721489593,-0.782973415
5303.878227725,2284.349090063,517.694034952,-0.942637697
5304.866445778,2284.421462450,518.666580311,-1.102301980
5305.854663831,2284.493834837,519.639125670,-1.261966262
5306.842881884,2284.566207224,520.611671028,-1.421630545
5307.831099937,2284.638579612,521.584216387,-1.581294827
5308.819317990,2284.710951999,522.556761746,-1.740959110
5309.807536043,2284.783324386,523.529307104,-1.900623392
5310.795754096,2284.855696773,524.501852463,-2.060287675
5311.783972149,2284.928069160,525.474397822,-2.219951957
5312.772190202,2285.000441548,526.446943181,-2.379616240
5313.760408255,2285.072813935,527.419488539,-2.539280522
5314.748626308,2285.145186322,528.392033898,-2.698944805
5315.736844361,2285.217558709,529.364579257,-2.858609087
5316.725062414,2285.289931096,530.337124616,-3.018273370
5317.713280467,2285.362303484,531.309669974,-3.177937652
5318.701498520,2285.434675871,532.282215333,-3.337601935
5319.689716574,2285.507048258,533.254760692,-3.497266217
5320.677934627,2285.579420645,534.227306051,-3.656930500
5321.655536755,2285.655456285,535.191765071,-3.797441357
5322.617441351,2285.738202601,536.143996904,-3.905460034
5323.589807399,2285.835854631,537.108503326,-3.980873394
5324.565844366,2285.937353239,538.078754694,-4.011832677
5325.540230163,2286.031662664,539.048235166,-3.986514162
5326.535206350,2286.151647903,540.035286376,-3.950305527
5327.557282548,2286.299547995,541.046071395,-3.917457977
5328.585404162,2286.474298841,542.058838609,-3.889195525
5329.618782770,2286.691501942,543.069034635,-3.875118965
5330.666732294,2286.964246818,544.080801031,-3.886832071
5331.710994805,2287.260001087,545.082237897,-3.898571226
5332.736457289,2287.573908085,546.058426798,-3.908107071
5333.737395141,2287.901644249,547.004171475,-3.913816220
5334.754142995,2288.255742287,547.957253062,-3.918941467
5335.777849005,2288.634738608,548.908208631,-3.923333582
5336.800977848,2289.035082475,549.849754673,-3.926243476
5337.834447635,2289.464400153,550.789825646,-3.929806673
5338.879357155,2289.921160768,551.729604473,-3.934432786
5339.903769404,2290.389710614,552.640572275,-3.938810397
5340.918881128,2290.875419852,553.531929584,-3.943337778
5341.933292054,2291.380978183,554.411370471,-3.948239332
5342.948956536,2291.903918099,555.282054519,-3.952419448
5343.964932536,2292.444811247,556.142055313,-3.958780839
5344.981166533,2293.003638353,556.990773860,-3.969764163
5345.996739801,2293.581277544,557.825972684,-3.982607453
5347.005336291,2294.172494057,558.643022199,-3.995256798
5347.996236615,2294.767702351,559.435180722,-4.005024766
5348.985526710,2295.378883002,560.213069810,-4.011479952
5349.976064705,2296.007502847,560.978576139,-4.013114414
5350.966848515,2296.649483008,561.733237610,-4.013423458
5351.963043688,2297.305062304,562.483317658,-4.014151401
5352.973791237,2297.978056177,563.237420978,-4.018398511
5353.985590997,2298.656780601,563.987771927,-4.025133727
5355.007049867,2299.345719551,564.741883717,-4.032667363
5356.048249859,2300.049005790,565.509635506,-4.039230673
5357.092694039,2300.756322067,566.278100782,-4.044564658
5358.130695139,2301.461200107,567.040054858,-4.048948468
5359.148410489,2302.152964262,567.786511935,-4.051901361
5360.162640517,2302.842132750,568.530624504,-4.054315537
5361.167222872,2303.525248676,569.267191331,-4.057081810
5362.150961939,2304.201312790,569.981801498,-4.060570919
5363.147321264,2304.898862178,570.693231267,-4.065514491
5364.177485267,2305.635370548,571.413480308,-4.071397739
5365.184827400,2306.375126299,572.097200653,-4.076505705
5366.186110067,2307.131226963,572.753578783,-4.083325901
5367.224530874,2307.929512752,573.417615823,-4.093926953
5368.240971725,2308.717290287,574.059856007,-4.103206178
5369.240169100,2309.497205469,574.684423239,-4.109799919
5370.273213514,2310.305714529,575.327444112,-4.114044590
5371.291707083,2311.104588774,575.959208404,-4.115768263
5372.275577370,2311.877325270,576.568205089,-4.114323722
5373.293292710,2312.679840447,577.194068747,-4.117253758
5374.312594642,2313.484552616,577.819687258,-4.121282818
5375.293506794,2314.257173278,578.424038007,-4.123759481
5376.304160715,2315.050529289,579.050141439,-4.122317025
5377.344583059,2315.863325835,579.699580705,-4.114006323
5378.371472588,2316.660644293,580.346356441,-4.092407058
5379.383317845,2317.442991510,580.987561086,-4.067502058
5380.402766274,2318.230144956,581.634941468,-4.043770348
5381.428555229,2319.023224865,582.284956025,-4.016415008
5382.437194280,2319.804239272,582.922727627,-3.991583286
5383.417996283,2320.566084531,583.540222009,-3.975302654
5384.430949825,2321.358027929,584.171743718,-3.966310295
5385.460352414,2322.165893477,584.809716876,-3.962677782
5386.440782188,2322.933527339,585.419612349,-3.965560247
5387.432988554,2323.707124271,586.040880028,-3.972468956
5388.463166009,2324.507687077,586.689201123,-3.979142953
5389.478646559,2325.292811031,587.333229549,-3.976225902
5390.476410086,2326.060253425,587.970808544,-3.968659236
5391.476533620,2326.827083335,588.612819820,-3.962295930
5392.486661755,2327.595802405,589.268036863,-3.951320111
5393.476501619,2328.341262539,589.919134894,-3.939341038
5394.440100473,2329.055480704,590.565957131,-3.933327956
5395.435578283,2329.776238133,591.252584289,-3.928041695
5396.458699947,2330.497046775,591.978644300,-3.920991713
5397.458672546,2331.179869963,592.709171278,-3.915697587
5398.459989759,2331.846545193,593.456285244,-3.914687336
5399.481267249,2332.508937341,594.233616685,-3.915118414
5400.478052690,2333.128261058,595.014653984,-3.914826025
5401.463508661,2333.715445476,595.806065645,-3.912477970
5402.448540127,2334.280650776,596.612795814,-3.908429537
5403.430877124,2334.815243940,597.436911405,-3.902987214
5404.401492019,2335.312452565,598.270457344,-3.894153979
5405.354038958,2335.778616735,599.101083970,-3.884353754
5406.304960029,2336.220717286,599.942927388,-3.874472220
5407.254356501,2336.636094710,600.796599204,-3.866746370
5408.205874301,2337.027317111,601.663926451,-3.858109145
5409.186828508,2337.402565313,602.570222242,-3.848734482
5410.196986170,2337.763245690,603.513760429,-3.840743474
5411.206062070,2338.094256098,604.466988736,-3.836044839
5412.202887250,2338.391326030,605.418510260,-3.831960224
5413.187933699,2338.657519857,606.366889311,-3.826084007
5414.157513038,2338.900046097,607.305634564,-3.821344150
5415.108054554,2339.101310526,608.234609942,-3.816191373
5415.863762313,2339.250517016,608.975426824,-3.811502417
5416.435738966,2339.356902782,609.537410374,-3.807780753
