s,x,y,z
0.000000000,2061.777128277,185.404828809,-1.586271121
0.999860810,2061.125790412,184.646224416,-1.590898506
1.999721621,2060.474452547,183.887620023,-1.595525892
2.999576970,2059.814331883,183.136653028,-1.600134764
3.999437780,2059.153503145,182.386301764,-1.604742144
4.999280149,2058.488777206,181.639425476,-1.609339044
5.999140960,2057.818779829,180.897249516,-1.613921770
6.999001770,2057.148782451,180.155073557,-1.618504496
7.998846286,2056.475163873,179.416204782,-1.623077314
8.998707096,2055.796639206,178.681816659,-1.627636709
9.998567907,2055.118114538,177.947428535,-1.632196103
10.998414247,2054.436215359,177.216192448,-1.636745798
11.998275058,2053.749736850,176.489233786,-1.641282328
12.998135868,2053.063258341,175.762275124,-1.645818859
13.997996679,2052.376779832,175.035316461,-1.650355389
14.997853183,2051.682911988,174.315413382,-1.654868178
15.997713993,2050.988434541,173.596092372,-1.659379008
16.997574803,2050.293957093,172.876771362,-1.663889839
17.997422282,2049.596313156,172.160539614,-1.668393403
18.997283093,2048.894355666,171.448516213,-1.672887070
19.997143903,2048.192398177,170.736492812,-1.677380737
20.997004713,2047.490440688,170.024469411,-1.681874404
21.996862198,2046.782162596,169.318737780,-1.686360175
22.996723009,2046.073356053,168.613532190,-1.690845286
23.996583819,2045.364549510,167.908326599,-1.695330397
24.996433221,2044.652876217,167.206030402,-1.699811885
25.996294031,2043.937282414,166.507713031,-1.704288418
26.996154841,2043.221688611,165.809395661,-1.708764952
27.996015652,2042.506094808,165.111078291,-1.713241485
28.995872805,2041.784045401,164.419443286,-1.717720663
29.995733615,2041.061449067,163.728374420,-1.722200066
30.995594426,2040.338852733,163.037305554,-1.726679468
31.995450922,2039.609340728,162.353547374,-1.731164998
32.995311732,2038.879239561,161.670412010,-1.735651051
33.995172542,2038.149138394,160.987276645,-1.740137104
34.995028558,2037.411853619,160.311907701,-1.744635444
35.994889368,2036.673953379,159.637204154,-1.749134837
36.994733062,2035.932710368,158.966200271,-1.753640964
37.994593873,2035.186865293,158.300289793,-1.758156360
38.994454683,2034.441020218,157.634379315,-1.762671756
39.994309304,2033.687265419,156.977444793,-1.767205577
40.994170115,2032.932826680,156.321286406,-1.771740991
41.994009264,2032.174740088,155.669379171,-1.776288159
42.993870074,2031.411617859,155.023340393,-1.780851550
43.993730884,2030.648495629,154.377301614,-1.785414942
44.993585615,2029.877803698,153.740321686,-1.790007750
45.993446425,2029.106451360,153.104132083,-1.794603124
46.993289735,2028.331923117,152.471840500,-1.799215275
47.993150546,2027.552998588,151.844944801,-1.803850648
48.993011356,2026.774074058,151.218049102,-1.808486022
49.992866797,2025.988277318,150.599798032,-1.813161850
50.992727607,2025.201875509,149.982308085,-1.817841240
51.992588418,2024.415473699,149.364818139,-1.822520631
52.992444156,2023.622510177,148.755785832,-1.827258174
53.992304967,2022.828965886,148.147502100,-1.832000864
54.992165777,2022.035421595,147.539218368,-1.836743555
55.992022510,2021.236093400,146.938562125,-1.841556637
56.991883320,2020.436250490,146.338584659,-1.846375983
57.991744131,2019.636407581,145.738607192,-1.851195329
58.991594029,2018.834205143,145.141806498,-1.856060160
59.991454840,2018.028714815,144.549432485,-1.860988372
60.991315650,2017.223224487,143.957058471,-1.865916583
61.991176461,2016.417734159,143.364684457,-1.870844795
62.991037271,2015.612243831,142.772310444,-1.875773007
63.990896004,2014.802755280,142.185415418,-1.880859674
64.990756815,2013.992905733,141.599015084,-1.885960648
65.990617625,2013.183056186,141.012614751,-1.891061622
66.990478435,2012.373206639,140.426214417,-1.896162596
67.990339246,2011.563357092,139.839814083,-1.901263571
68.990200056,2010.753507545,139.253413749,-1.906364545
69.990058489,2009.939447729,138.672876496,-1.911644958
70.989919299,2009.125003693,138.092874296,-1.916941747
71.989780110,2008.310559656,137.512872096,-1.922238536
72.989640920,2007.496115620,136.932869897,-1.927535325
73.989496514,2006.675541745,136.361582120,-1.932980894
74.989357324,2005.854404551,135.791095180,-1.938440135
75.989218135,2005.033267356,135.220608241,-1.943899376
76.989071656,2004.205034626,134.660485390,-1.949483131
77.988932466,2003.376146301,134.101320132,-1.955078390
78.988769505,2002.544043565,133.546992486,-1.960727200
79.988630315,2001.707411322,132.999481636,-1.966451469
80.988468522,2000.867711726,132.456728444,-1.972221374
81.988329332,2000.023685298,131.920686441,-1.978055653
82.988162456,1999.176341921,131.389955361,-1.983950024
83.988023267,1998.324314863,130.866723546,-1.989929250
84.987884077,1997.472287806,130.343491730,-1.995908476
85.987736210,1996.613228651,129.831904342,-2.002041230
86.987597020,1995.753510039,129.321408947,-2.008188381
87.987436272,1994.891005885,128.815676692,-2.014417757
88.987297083,1994.024557564,128.316688769,-2.020763558
89.987157893,1993.158109243,127.817700845,-2.027109358
90.987001069,1992.289198577,127.323048816,-2.033562278
91.986861879,1991.416795482,126.834546534,-2.040167127
92.986722690,1990.544392387,126.346044251,-2.046771977
93.986583500,1989.671989292,125.857541969,-2.053376826
94.986440181,1988.795078369,125.377187291,-2.060252919
95.986300992,1987.917738161,124.897608518,-2.067154844
96.986161802,1987.040397953,124.418029744,-2.074056768
97.986011085,1986.161145018,123.941991022,-2.081094757
98.985871895,1985.279168755,123.470992603,-2.088326473
99.985732706,1984.397191949,122.999995199,-2.095560755
100.985593516,1983.515215114,122.528997850,-2.102795177
101.985450025,1982.628830912,122.066357512,-2.110331726
102.985310835,1981.742021939,121.604522600,-2.117897394
103.985171645,1980.855212966,121.142687689,-2.125463063
104.985028083,1979.964058982,120.689303224,-2.133326497
105.984888893,1979.072484168,120.236737215,-2.141218771
106.984749704,1978.180909355,119.784171207,-2.149111045
107.984605653,1977.284860213,119.340540894,-2.157347806
108.984466463,1976.388375547,118.897780366,-2.165618100
109.984327274,1975.491890882,118.455019839,-2.173888393
110.984173538,1974.593434118,118.016308093,-2.182325160
111.984034349,1973.692149005,117.583403041,-2.191000682
112.983895159,1972.790863891,117.150497988,-2.199676203
113.983742741,1971.887741082,116.721470741,-2.208511763
114.983603551,1970.981978365,116.298014084,-2.217577223
115.983464362,1970.076215648,115.874557427,-2.226642683
116.983311413,1969.168622129,115.455071872,-2.235892811
117.983172224,1968.258394261,115.041300354,-2.245408659
118.983033034,1967.348166393,114.627528836,-2.254924506
119.982893845,1966.437938526,114.213757318,-2.264440354
120.982750266,1965.523867421,113.808557517,-2.274413499
121.982611077,1964.609414097,113.404210191,-2.284432124
122.982471887,1963.694960774,112.999862866,-2.294450748
123.982321963,1962.778965215,112.599048307,-2.304684402
124.982182774,1961.860741727,112.203337218,-2.315228689
125.982043584,1960.942518239,111.807626129,-2.325772976
126.981904395,1960.024294751,111.411915039,-2.336317263
127.981761510,1959.102716686,111.024090179,-2.347392361
128.981622320,1958.180801128,110.637058728,-2.358520862
129.981483131,1957.258885570,110.250027277,-2.369649363
130.981343941,1956.336970012,109.862995826,-2.380777863
131.981201321,1955.411902729,109.483568228,-2.392526756
132.981062131,1954.486516303,109.104910596,-2.404338470
133.980922942,1953.561129876,108.726252965,-2.416150183
134.980783752,1952.635743450,108.347595333,-2.427961897
135.980638387,1951.709263166,107.971638454,-2.440145468
136.980499198,1950.781191989,107.599609516,-2.452869863
137.980360008,1949.853120812,107.227580578,-2.465594258
138.980220819,1948.925049635,106.855551639,-2.478318653
139.980081629,1947.996978459,106.483522701,-2.491043048
140.979942439,1947.068907282,106.111493762,-2.503767443
141.979803250,1946.140836105,105.739464824,-2.516491838
142.979663114,1945.211180460,105.371415737,-2.530287477
143.979523925,1944.281361455,105.003776978,-2.544193563
144.979384735,1943.351542450,104.636138218,-2.558099649
145.979245545,1942.421723444,104.268499458,-2.572005736
146.979106356,1941.491904439,103.900860699,-2.585911822
147.978967166,1940.562085434,103.533221939,-2.599817908
148.978827977,1939.632266428,103.165583180,-2.613723994
149.978685727,1938.701700958,102.799846355,-2.628075780
150.978546537,1937.770041115,102.436897905,-2.643080995
151.978407347,1936.838381271,102.073949456,-2.658086211
152.978268158,1935.906721428,101.711001007,-2.673091426
153.978128968,1934.975061585,101.348052557,-2.688096642
154.977989779,1934.043401742,100.985104108,-2.703101857
155.977848130,1933.109284912,100.628533681,-2.718821927
156.977708940,1932.174909412,100.272634727,-2.734617256
157.977569750,1931.240533912,99.916735772,-2.750412585
158.977430561,1930.306158413,99.560836818,-2.766207914
159.977287795,1929.368893565,99.212628411,-2.782553124
160.977148606,1928.431322587,98.865234827,-2.798956594
161.977009416,1927.493751610,98.517841243,-2.815360064
162.976857938,1926.554782774,98.174279615,-2.831968457
163.976718748,1925.613749354,97.836377642,-2.848879512
164.976579559,1924.672715935,97.498475669,-2.865790568
165.976425343,1923.730183192,97.164823723,-2.882885808
166.976286153,1922.785432285,96.837459456,-2.900253539
167.976146964,1921.840681378,96.510095189,-2.917621270
168.975990547,1920.894379158,96.187296022,-2.935166251
169.975851358,1919.945778118,95.871261679,-2.952973891
170.975712168,1918.997177078,95.555227335,-2.970781530
171.975555681,1918.047077712,95.243781922,-2.988756832
172.975416492,1917.094754368,94.939147895,-3.006980996
173.975277302,1916.142431025,94.634513869,-3.025205159
174.975122001,1915.188715105,94.334321654,-3.043576192
175.974982811,1914.232928628,94.040733761,-3.062165596
176.974843622,1913.277142152,93.747145868,-3.080755001
177.974698186,1912.318272422,93.463812157,-3.099625934
178.974558997,1911.359066816,93.181595493,-3.118527536
179.974399804,1910.398431341,92.904357103,-3.137549518
180.974260615,1909.435663959,92.634541224,-3.156750985
181.974121425,1908.472896577,92.364725344,-3.175952453
182.973974457,1907.506992113,92.106394836,-3.195406177
183.973835268,1906.540743411,91.849324640,-3.214887583
184.973675680,1905.573184719,91.597310694,-3.234473122
185.973536491,1904.603667462,91.352856347,-3.254214351
186.973397301,1903.634150204,91.108401999,-3.273955580
187.973250919,1902.661914552,90.875024422,-3.293913081
188.973111729,1901.689378315,90.642871657,-3.313894496
189.972953157,1900.715692985,90.415671834,-3.333974319
190.972813967,1899.740284818,90.195897981,-3.354201687
191.972674777,1898.764876650,89.976124129,-3.374429054
192.972520020,1897.788493018,89.760797605,-3.394758563
193.972380830,1896.810644487,89.552149838,-3.415241461
194.972241641,1895.832795956,89.343502072,-3.435724360
195.972102451,1894.854947425,89.134854305,-3.456207259
196.971959936,1893.875523625,88.933747339,-3.476932417
197.971820747,1892.895922580,88.733488926,-3.497682614
198.971681557,1891.916321454,88.533230906,-3.518432582
199.971542367,1890.936720328,88.332972886,-3.539182549
200.971397063,1889.956558971,88.135506111,-3.560031846
201.971257874,1888.975552426,87.942250324,-3.581030993
202.971118684,1887.994545881,87.748994538,-3.602030140
203.970979494,1887.013539337,87.555738751,-3.623029287
204.970840305,1886.032532792,87.362482965,-3.644028434
205.970695369,1885.051002940,87.171932974,-3.665102727
206.970556179,1884.068681364,86.985476643,-3.686290710
207.970416990,1883.086359789,86.799020313,-3.707478693
208.970277800,1882.104038214,86.612563983,-3.728666676
209.970138611,1881.121716639,86.426107653,-3.749854659
210.969999421,1880.139395064,86.239651323,-3.771042642
211.969858596,1879.156092747,86.058447229,-3.792331498
212.969719406,1878.172678039,85.877845038,-3.813631913
213.969580216,1877.189263330,85.697242847,-3.834932328
214.969441027,1876.205848622,85.516640657,-3.856232743
215.969301837,1875.222433913,85.336038466,-3.877533159
216.969162648,1874.239019205,85.155436275,-3.898833574
217.969021586,1873.254594424,84.980434138,-3.920152503
218.968882396,1872.270052858,84.806079488,-3.941473572
219.968743207,1871.285511291,84.631724838,-3.962794642
220.968604017,1870.300969725,84.457370188,-3.984115711
221.968464828,1869.316428158,84.283015538,-4.005436780
222.968322547,1868.330645514,84.115838874,-4.026712490
223.968183358,1867.344718311,83.949498284,-4.047982916
224.968044168,1866.358791109,83.783157694,-4.069253342
225.967904978,1865.372863907,83.616817104,-4.090523768
226.967758974,1864.386451521,83.453419982,-4.111749420
227.967619785,1863.399296192,83.294530098,-4.132906513
228.967480595,1862.412140862,83.135640213,-4.154063605
229.967341405,1861.424985533,82.976750329,-4.175220698
230.967202216,1860.437830203,82.817860444,-4.196377791
231.967063026,1859.450674873,82.658970560,-4.217534883
232.966921515,1858.462545309,82.506271630,-4.238529236
233.966782326,1857.474300602,82.354304404,-4.259504355
234.966643136,1856.486055894,82.202337177,-4.280479473
235.966503947,1855.497811186,82.050369950,-4.301454592
236.966364757,1854.509566479,81.898402724,-4.322429710
237.966222887,1853.520326753,81.753071915,-4.343192187
238.966083697,1852.530968572,81.608531162,-4.363929349
239.965944507,1851.541610390,81.463990409,-4.384666511
240.965805318,1850.552252209,81.319449656,-4.405403673
241.965666128,1849.562894028,81.174908903,-4.426140835
242.965521714,1848.573168488,81.032942186,-4.446760155
243.965382524,1847.582875229,80.894953415,-4.467197360
244.965243335,1846.592581970,80.756964645,-4.487634566
245.965104145,1845.602288710,80.618975874,-4.508071772
246.964964956,1844.611995451,80.480987104,-4.528508978
247.964825766,1843.621702192,80.342998334,-4.548946183
248.964684126,1842.630552986,80.211316925,-4.550120680
249.964544937,1841.639300266,80.080398304,-4.548965622
250.964405747,1840.648047546,79.949479682,-4.547810563
251.964266558,1839.656794827,79.818561061,-4.546655505
252.964126956,1838.665597070,79.687230085,-4.558942855
253.963987767,1837.674660715,79.553938001,-4.635160597
254.963845615,1836.683469080,79.422580250,-4.689193197
255.963706425,1835.691880187,79.294232642,-4.708702047
256.963567236,1834.700291295,79.165885034,-4.728210896
257.963428046,1833.708702402,79.037537426,-4.747719745
258.963288856,1832.717113510,78.909189818,-4.767228595
259.963149667,1831.725524617,78.780842210,-4.786737444
260.963010477,1830.733935725,78.652494602,-4.806246293
261.962871288,1829.742346832,78.524146994,-4.825755143
262.962732098,1828.750757940,78.395799386,-4.845263992
263.962592909,1827.759169047,78.267451778,-4.864772841
264.962453398,1826.767875562,78.136844645,-4.883682299
265.962314208,1825.776618631,78.005957907,-4.902517585
266.962175018,1824.785361701,77.875071170,-4.921352871
267.962035829,1823.794104770,77.744184433,-4.940188157
268.961896639,1822.802847840,77.613297695,-4.959023443
269.961757450,1821.811590909,77.482410958,-4.977858729
270.961618260,1820.820333979,77.351524220,-4.996694015
271.961479071,1819.829077048,77.220637483,-5.015529301
272.961339881,1818.837820118,77.089750746,-5.034364587
273.961199030,1817.846756116,76.957423646,-5.052947951
274.961059840,1816.855995700,76.822830041,-5.071134898
275.960920650,1815.865235284,76.688236436,-5.089321846
276.960781461,1814.874474868,76.553642831,-5.107508793
277.960642271,1813.883714453,76.419049226,-5.125695741
278.960503082,1812.892954037,76.284455622,-5.143882689
279.960363892,1811.902193621,76.149862017,-5.162069636
280.960224703,1810.911433205,76.015268412,-5.180256584
281.960085513,1809.920672789,75.880674807,-5.198443532
282.959946323,1808.929912373,75.746081202,-5.216630479
283.959806929,1807.938912279,75.613265373,-5.234392083
284.959667740,1806.947881726,75.480675468,-5.252099633
285.959528550,1805.956851172,75.348085563,-5.269807183
286.959389361,1804.965820619,75.215495658,-5.287514733
287.959250171,1803.974790066,75.082905752,-5.305222283
288.959110981,1802.983759513,74.950315847,-5.322929833
289.958970898,1801.992241422,74.821429353,-5.340281286
290.958831708,1801.000660860,74.693017407,-5.357587108
291.958692519,1800.009080572,74.564603341,-5.374890843
292.958553329,1799.017500327,74.436188938,-5.392194246
293.958414139,1798.025920083,74.307774535,-5.409497650
294.958274950,1797.034339838,74.179360132,-5.426801053
295.958135760,1796.042759593,74.050945729,-5.444104456
296.957996571,1795.051179349,73.922531326,-5.461407860
297.957857381,1794.059599104,73.794116923,-5.478711263
298.957717727,1793.068117555,73.664946302,-5.495851743
299.957578538,1792.076793596,73.534568207,-5.512732080
300.957439348,1791.085469636,73.404190112,-5.529612417
301.957300158,1790.094145677,73.273812016,-5.546492753
302.957160969,1789.102821718,73.143433921,-5.563373090
303.957021779,1788.111497758,73.013055826,-5.580253427
304.956882590,1787.120173799,72.882677731,-5.597133764
305.956743400,1786.128849839,72.752299636,-5.614014101
306.956603729,1785.137883415,72.619234905,-5.630480792
307.956464539,1784.146963877,72.485817854,-5.646893238
308.956325350,1783.156044339,72.352400803,-5.663305684
309.956186160,1782.165124801,72.218983752,-5.679718130
310.956046970,1781.174205263,72.085566701,-5.696130576
311.955907781,1780.183285725,71.952149649,-5.712543022
312.955768591,1779.192366187,71.818732598,-5.728955468
313.955629402,1778.201446649,71.685315547,-5.745367914
314.955490212,1777.210527111,71.551898496,-5.761780360
315.955351012,1776.219622518,71.418370568,-5.777961988
316.955211823,1775.228742028,71.284663824,-5.793771364
317.955072633,1774.237861537,71.150957080,-5.809580741
318.954933444,1773.246981046,71.017250336,-5.825390118
319.954794254,1772.256100556,70.883543593,-5.841199494
320.954655065,1771.265220065,70.749836849,-5.857008871
321.954515875,1770.274339574,70.616130105,-5.872818248
322.954376685,1769.283459083,70.482423361,-5.888627624
323.954237496,1768.292578593,70.348716617,-5.904437001
324.954098306,1767.301698102,70.215009874,-5.920246378
325.953958747,1766.311134341,70.078979234,-5.935435173
326.953819557,1765.320613192,69.942635940,-5.950540477
327.953680367,1764.330092043,69.806292647,-5.965645781
328.953541178,1763.339570894,69.669949353,-5.980751085
329.953401988,1762.349049745,69.533606060,-5.995856388
330.953262799,1761.358528596,69.397262766,-6.010961692
331.953123609,1760.368007447,69.260919473,-6.026066996
332.952984420,1759.377486298,69.124576179,-6.041172299
333.952845230,1758.386965149,68.988232886,-6.056277603
334.952704414,1757.396254043,68.853288848,-6.071149752
335.952565225,1756.405233162,68.720626673,-6.085641678
336.952426035,1755.414212280,68.587964497,-6.100133605
337.952286846,1754.423191399,68.455302322,-6.114625532
338.952147656,1753.432170518,68.322640146,-6.129117459
339.952007228,1752.440988388,68.191197569,-6.143386113
340.951868039,1751.449542501,68.061749923,-6.157289552
341.951728849,1750.458096614,67.932302277,-6.171192991
342.951589660,1749.466650727,67.802854630,-6.185096430
343.951450470,1748.475204840,67.673406984,-6.198999869
344.951311281,1747.483758953,67.543959338,-6.212903308
345.951172091,1746.492313065,67.414511691,-6.226806748
346.951032901,1745.500867178,67.285064045,-6.240710187
347.950891985,1744.510081843,67.150666845,-6.253873956
348.950752796,1743.519387967,67.015584334,-6.266935311
349.950613606,1742.528694092,66.880501823,-6.279996667
350.950474417,1741.538000216,66.745419312,-6.293058022
351.950335227,1740.547306340,66.610336800,-6.306119377
352.950196037,1739.556612476,66.475254208,-6.319181688
353.950056848,1738.565918628,66.340171490,-6.332245491
354.949917658,1737.575224781,66.205088772,-6.345309295
355.949778469,1736.584530933,66.070006054,-6.358373098
356.949639246,1735.593809998,65.935122393,-6.371055797
357.949500056,1734.603044310,65.800567601,-6.383108862
358.949360867,1733.612278622,65.666012808,-6.395161927
359.949221677,1732.621512935,65.531458015,-6.407214991
360.949082487,1731.630747247,65.396903223,-6.419268056
361.948943298,1730.639981559,65.262348430,-6.431321121
362.948804108,1729.649215871,65.127793637,-6.443374186
363.948664919,1728.658450184,64.993238845,-6.455427250
364.948525729,1727.667684496,64.858684052,-6.467480315
365.948386540,1726.676918808,64.724129259,-6.479533380
366.948247289,1725.686029298,64.590489828,-6.490630644
367.948108100,1724.695122218,64.456980281,-6.501592286
368.947968910,1723.704215138,64.323470734,-6.512553928
369.947829721,1722.713308058,64.189961187,-6.523515570
370.947690531,1721.722400978,64.056451640,-6.534477211
371.947551342,1720.731493898,63.922942093,-6.545438853
372.947412152,1719.740586818,63.789432546,-6.556400495
373.947272962,1718.749679738,63.655922999,-6.567362137
374.947133773,1717.758772658,63.522413452,-6.578323778
375.946994573,1716.767851026,63.389012031,-6.588853508
376.946855384,1715.776905081,63.255791263,-6.598661610
377.946716194,1714.785959135,63.122570495,-6.608469713
378.946577005,1713.795013189,62.989349726,-6.618277815
379.946437815,1712.804067244,62.856128958,-6.628085917
380.946298625,1711.813121298,62.722908190,-6.637894020
381.946159436,1710.822175352,62.589687422,-6.647702122
382.946020246,1709.831229407,62.456466654,-6.657510225
383.945881057,1708.840283461,62.323245886,-6.667318327
384.945741867,1707.849337516,62.190025118,-6.677126430
385.945602670,1706.858347810,62.057130315,-6.685918268
386.945463480,1705.867351745,61.924282891,-6.694562392
387.945324290,1704.876355679,61.791435467,-6.703206516
388.945185101,1703.885359613,61.658588043,-6.711850640
389.945045911,1702.894363316,61.525742345,-6.720494682
390.944906722,1701.903366983,61.392896914,-6.729138710
391.944767532,1700.912370651,61.260051484,-6.737782738
392.944628343,1699.921374318,61.127206053,-6.746426767
393.944489153,1698.930377985,60.994360623,-6.755070795
394.944349862,1697.939427934,60.861171161,-6.763305540
395.944210672,1696.948556087,60.727400375,-6.770848701
396.944071482,1695.957684240,60.593629590,-6.778391862
397.943932293,1694.966812393,60.459858804,-6.785935024
398.943793103,1693.975940546,60.326088018,-6.793478185
399.943653914,1692.985068699,60.192317232,-6.801021346
400.943514724,1691.994196852,60.058546447,-6.808564508
401.943375535,1691.003325005,59.924775661,-6.816107669
402.943236345,1690.012453158,59.791004875,-6.823650830
403.943097155,1689.021581311,59.657234090,-6.831193992
404.942956605,1688.030147794,59.527702235,-6.838048293
405.942817416,1687.038630692,59.398801200,-6.844800081
406.942678226,1686.047113590,59.269900166,-6.851551869
407.942539036,1685.055596488,59.140999131,-6.858303657
408.942399847,1684.064079386,59.012098096,-6.865055445
409.942254501,1683.072225536,58.885863122,-6.871629218
410.942115311,1682.079797557,58.764173574,-6.877899491
411.941976121,1681.087369578,58.642484027,-6.884169764
412.941836932,1680.094941598,58.520794479,-6.890440036
413.941697742,1679.102513619,58.399104931,-6.896710309
414.941554822,1678.109257362,58.284404505,-6.902625235
415.941415632,1677.115876348,58.170756799,-6.908486638
416.941276442,1676.122495334,58.057109093,-6.914348042
417.941137253,1675.129114320,57.943461387,-6.920209445
418.940991631,1674.135432045,57.832536583,-6.925901132
419.940852441,1673.141233420,57.726278710,-6.931301933
420.940713252,1672.147034796,57.620020837,-6.936702734
421.940574062,1671.152836171,57.513762964,-6.942103536
422.940434873,1670.158637547,57.407505091,-6.947504337
423.940295683,1669.164438923,57.301247218,-6.952905138
424.940156493,1668.170240298,57.194989346,-6.958305939
425.940016130,1667.175633745,57.092631649,-6.963218535
426.939876940,1666.180964929,56.990869250,-6.968056615
427.939737751,1665.186296113,56.889106851,-6.972894695
428.939598561,1664.191627296,56.787344451,-6.977732774
429.939459372,1663.196958480,56.685582052,-6.982570854
430.939320182,1662.202289664,56.583819653,-6.987408933
431.939180993,1661.207620847,56.482057253,-6.992247013
432.939041803,1660.212952031,56.380294854,-6.997085093
433.938900293,1659.217742047,56.283992789,-7.001522273
434.938761104,1658.222448664,56.188532204,-7.005897671
435.938621914,1657.227155282,56.093071619,-7.010273070
436.938482724,1656.231861899,55.997611035,-7.014648468
437.938343535,1655.236568517,55.902150450,-7.019023866
438.938200969,1654.240670104,55.813261540,-7.023103683
439.938061779,1653.244677895,55.725391400,-7.027137676
440.937922590,1652.248685687,55.637521259,-7.031171670
441.937783400,1651.252693479,55.549651119,-7.035205663
442.937644211,1650.256701271,55.461780978,-7.039239657
443.937501378,1649.260534923,55.375949969,-7.043117352
444.937362188,1648.264065660,55.293666029,-7.046723167
445.937222998,1647.267596396,55.211382089,-7.050328982
446.937083809,1646.271127132,55.129098149,-7.053934797
447.936944619,1645.274657869,55.046814208,-7.057540612
448.936805430,1644.278188605,54.964530268,-7.061146428
449.936666240,1643.281719341,54.882246328,-7.064752243
450.936527051,1642.285250078,54.799962388,-7.068358058
451.936387861,1641.288780814,54.717678448,-7.071963873
452.936248671,1640.292311550,54.635394508,-7.075569688
453.936109279,1639.295711688,54.554710260,-7.078853842
454.935970089,1638.299091218,54.474278436,-7.082087240
455.935830899,1637.302470747,54.393846611,-7.085320638
456.935691710,1636.305850277,54.313414787,-7.088554036
457.935552520,1635.309229807,54.232982962,-7.091787434
458.935413331,1634.312609336,54.152551138,-7.095020832
459.935267577,1633.315779221,54.074845055,-7.098186210
460.935128388,1632.318580966,54.001925370,-7.101230025
461.934989198,1631.321382724,53.929005507,-7.104273320
462.934850009,1630.324184482,53.856085644,-7.107316615
463.934710819,1629.326986240,53.783165781,-7.110359910
464.934571267,1628.329741812,53.710885307,-7.113360339
465.934432078,1627.332416031,53.639731053,-7.116285264
466.934292888,1626.335090251,53.568576800,-7.119210189
467.934153699,1625.337764470,53.497422546,-7.122135114
468.934014509,1624.340438690,53.426268293,-7.125060040
469.933875320,1623.343112909,53.355114039,-7.127984965
470.933736130,1622.345787129,53.283959786,-7.130909890
471.933596940,1621.348461348,53.212805532,-7.133834815
472.933456114,1620.351467922,53.137158503,-7.136753130
473.933316924,1619.354528110,53.060786694,-7.139670378
474.933177734,1618.357588299,52.984414886,-7.142587626
475.933038545,1617.360648488,52.908043078,-7.145504875
476.932899355,1616.363708677,52.831671269,-7.148422123
477.932760166,1615.366768866,52.755299461,-7.151339371
478.932620976,1614.369829055,52.678927652,-7.154256619
479.932481786,1613.372889243,52.602555844,-7.157173868
480.932342293,1612.375994566,52.525601089,-7.160147486
481.932203103,1611.379180152,52.447609654,-7.163221349
482.932063914,1610.382365738,52.369618220,-7.166295212
483.931924724,1609.385551323,52.291626785,-7.169369075
484.931785535,1608.388736909,52.213635350,-7.172442939
485.931646345,1607.391922495,52.135643916,-7.175516802
486.931507155,1606.395108081,52.057652481,-7.178590665
487.931356414,1605.398031095,51.983248020,-7.181752714
488.931217225,1604.400485209,51.915249150,-7.185072246
489.931078035,1603.402939323,51.847250280,-7.188391779
490.930938846,1602.405393438,51.779251410,-7.191711311
491.930799656,1601.407847552,51.711252540,-7.195030843
492.930659582,1600.410235451,51.644245324,-7.198509121
493.930520392,1599.412504741,51.579014430,-7.202271758
494.930381202,1598.414774030,51.513783536,-7.206034395
495.930242013,1597.417043320,51.448552642,-7.209797032
496.930102823,1596.419312609,51.383321749,-7.213559669
497.929963634,1595.421581899,51.318090855,-7.217322306
498.929824444,1594.423851188,51.252859961,-7.221084943
499.929685255,1593.426120478,51.187629067,-7.224847580
500.929546065,1592.428389767,51.122398173,-7.228610217
501.929406875,1591.430659057,51.057167279,-7.232372854
502.929266788,1590.433148512,50.988665031,-7.236677485
503.929127599,1589.435674720,50.919616672,-7.241072596
504.928988409,1588.438200929,50.850568313,-7.245467706
505.928849220,1587.440727138,50.781519955,-7.249862817
506.928710030,1586.443253346,50.712471596,-7.254257927
507.928570840,1585.445779555,50.643423237,-7.258653037
508.928431651,1584.448305764,50.574374878,-7.263048148
509.928291747,1583.451038181,50.502419482,-7.268061339
510.928152557,1582.453805292,50.429974981,-7.273178521
511.928013368,1581.456572403,50.357530481,-7.278295704
512.927874178,1580.459339514,50.285085981,-7.283412886
513.927734988,1579.462106625,50.212641480,-7.288530068
514.927595799,1578.464873736,50.140196980,-7.293647251
515.927456609,1577.467640848,50.067752479,-7.298764433
516.927317420,1576.470407959,49.995307979,-7.303881615
517.927178230,1575.473175070,49.922863478,-7.308998797
518.927038772,1574.475903225,49.850960967,-7.314416838
519.926899582,1573.478560497,49.780044661,-7.320382322
520.926760393,1572.481217769,49.709128355,-7.326347807
521.926621203,1571.483875041,49.638212048,-7.332313291
522.926482013,1570.486532312,49.567295742,-7.338278775
523.926342824,1569.489189584,49.496379436,-7.344244259
524.926203634,1568.491846856,49.425463130,-7.350209743
525.926064445,1567.494504127,49.354546824,-7.356175228
526.925925255,1566.497161399,49.283630517,-7.362140712
527.925786066,1565.499818671,49.212714211,-7.368106196
528.925646804,1564.502541164,49.140887538,-7.374746175
529.925507615,1563.505274866,49.068904399,-7.381502081
530.925368425,1562.508008569,48.996921259,-7.388257987
531.925229236,1561.510742271,48.924938120,-7.395013893
532.925090046,1560.513475974,48.852954980,-7.401769799
533.924950856,1559.516209677,48.780971841,-7.408525705
534.924811667,1558.518943379,48.708988701,-7.415281611
535.924672477,1557.521677082,48.637005562,-7.422037516
536.924533288,1556.524410785,48.565022422,-7.428793422
537.924394084,1555.527135433,48.493165038,-7.435796711
538.924254894,1554.529843414,48.421539139,-7.443255371
539.924115704,1553.532551395,48.349913240,-7.450714030
540.923976515,1552.535259376,48.278287340,-7.458172690
541.923837325,1551.537967358,48.206661441,-7.465631350
542.923698136,1550.540675323,48.135035761,-7.473088714
543.923558946,1549.543383287,48.063410099,-7.480545971
544.923419756,1548.546091251,47.991784436,-7.488003228
545.923280567,1547.548799216,47.920158774,-7.495460485
546.923141377,1546.551507180,47.848533112,-7.502917742
547.923001963,1545.554101972,47.778504251,-7.510906498
548.922862773,1544.556676901,47.708755636,-7.518988535
549.922723584,1543.559251831,47.639007021,-7.527070571
550.922584394,1542.561826761,47.569258406,-7.535152608
551.922445205,1541.564401690,47.499509792,-7.543234644
552.922306015,1540.566976620,47.429761177,-7.551316681
553.922166825,1539.569551550,47.360012562,-7.559398717
554.922027636,1538.572126479,47.290263947,-7.567480754
555.921888446,1537.574701409,47.220515332,-7.575562790
556.921749151,1536.577253029,47.151102374,-7.583840818
557.921609962,1535.579761242,47.082314481,-7.592483824
558.921470772,1534.582269454,47.013526587,-7.601126829
559.921331582,1533.584777667,46.944738694,-7.609769834
560.921192393,1532.587285879,46.875950800,-7.618412839
561.921053203,1531.589794092,46.807162907,-7.627055844
562.920914014,1530.592302305,46.738375013,-7.635698849
563.920774824,1529.594810517,46.669587120,-7.644341854
564.920635635,1528.597318730,46.600799226,-7.652984859
565.920496445,1527.599826942,46.532011333,-7.661627864
566.920357066,1526.602436544,46.461771361,-7.670699308
567.920217876,1525.605064311,46.391271224,-7.679847515
568.920078686,1524.607692078,46.320771087,-7.688995723
569.919939497,1523.610319845,46.250270950,-7.698143930
570.919800307,1522.612947613,46.179770812,-7.707292137
571.919661118,1521.615575380,46.109270675,-7.716440344
572.919521928,1520.618203147,46.038770538,-7.725588551
573.919382739,1519.620830914,45.968270400,-7.734736758
574.919243549,1518.623458681,45.897770263,-7.743884965
575.919104252,1517.626062809,45.827606883,-7.753186080
576.918965062,1516.628622401,45.758077954,-7.762775273
577.918825873,1515.631181992,45.688549025,-7.772364467
578.918686683,1514.633741584,45.619020097,-7.781953660
579.918547494,1513.636301176,45.549491168,-7.791542853
580.918408304,1512.638860767,45.479962239,-7.801132047
581.918269115,1511.641420359,45.410433310,-7.810721240
582.918129925,1510.643979950,45.340904382,-7.820310433
583.917990735,1509.646539542,45.271375453,-7.829899627
584.917851546,1508.649099134,45.201846524,-7.839488820
585.917712355,1507.651665327,45.132222969,-7.849375458
586.917573166,1506.654232562,45.062584481,-7.859316206
587.917433976,1505.656799753,44.992946613,-7.869256882
588.917294787,1504.659366944,44.923308746,-7.879197558
589.917155597,1503.661934136,44.853670878,-7.889138234
590.917016407,1502.664501327,44.784033010,-7.899078910
591.916877218,1501.667068519,44.714395143,-7.909019586
592.916738028,1500.669635710,44.644757275,-7.918960262
593.916598839,1499.672202902,44.575119408,-7.928900938
594.916459594,1498.674753495,44.505720478,-7.938923113
595.916320405,1497.677272448,44.436777013,-7.949100643
596.916181215,1496.679791401,44.367833548,-7.959278173
597.916042026,1495.682310354,44.298890083,-7.969455703
598.915902836,1494.684829307,44.229946618,-7.979633234
599.915763647,1493.687348260,44.161003153,-7.989810764
600.915624457,1492.689867213,44.092059688,-7.999988294
601.915485267,1491.692386167,44.023116223,-8.010165824
602.915346078,1490.694905120,43.954172758,-8.020343354
603.915206888,1489.697424073,43.885229293,-8.030520884
604.915067644,1488.699995965,43.815524909,-8.040779132
605.914928455,1487.702577734,43.745678562,-8.051052440
606.914789265,1486.705159502,43.675832215,-8.061325747
607.914650076,1485.707741271,43.605985868,-8.071599055
608.914510886,1484.710323040,43.536139521,-8.081872363
609.914371697,1483.712904809,43.466293175,-8.092145670
610.914232507,1482.715486577,43.396446828,-8.102418978
611.914093317,1481.718068346,43.326600481,-8.112692285
612.913954128,1480.720650115,43.256754134,-8.122965593
613.913814937,1479.723234424,43.186871536,-8.133224527
614.913675747,1478.725823633,43.116919019,-8.143455738
615.913536558,1477.728412843,43.046966501,-8.153686949
616.913397368,1476.731002052,42.977013984,-8.163918160
617.913258179,1475.733591261,42.907061467,-8.174149371
618.913118989,1474.736180470,42.837108950,-8.184380582
619.912979799,1473.738769679,42.767156432,-8.194611793
620.912840610,1472.741358889,42.697203915,-8.204843004
621.912701420,1471.743948098,42.627251398,-8.215074215
622.912562231,1470.746537307,42.557298881,-8.225305426
623.912422909,1469.749044792,42.488523471,-8.235402232
624.912283719,1468.751536724,42.419972060,-8.245473462
625.912144529,1467.754028657,42.351420650,-8.255544692
626.912005340,1466.756520590,42.282869239,-8.265615922
627.911866150,1465.759012523,42.214317829,-8.275687152
628.911726961,1464.761504455,42.145766418,-8.285758382
629.911587771,1463.763996388,42.077215008,-8.295829611
630.911448582,1462.766488321,42.008663597,-8.305900841
631.911309392,1461.768980253,41.940112186,-8.315972071
632.911170175,1460.771483804,41.871392328,-8.325958435
633.911030985,1459.774010029,41.802343735,-8.335779176
634.910891795,1458.776536254,41.733295142,-8.345599918
635.910752606,1457.779062479,41.664246549,-8.355420660
636.910613416,1456.781588704,41.595197956,-8.365241402
637.910474227,1455.784114929,41.526149364,-8.375062143
638.910335037,1454.786641154,41.457100771,-8.384882885
639.910195848,1453.789167379,41.388052178,-8.394703627
640.910056658,1452.791693604,41.319003585,-8.404524369
641.909917468,1451.794219828,41.249954992,-8.414345111
642.909778145,1450.796828106,41.179733033,-8.423908469
643.909638955,1449.799452306,41.109283382,-8.433421881
644.909499765,1448.802076505,41.038833731,-8.442935294
645.909360576,1447.804700705,40.968384080,-8.452448706
646.909221386,1446.807324905,40.897934429,-8.461962119
647.909082197,1445.809949105,40.827484778,-8.471475531
648.908943007,1444.812573305,40.757035127,-8.480988944
649.908803818,1443.815197504,40.686585476,-8.490502356
650.908664628,1442.817821704,40.616135825,-8.500015769
651.908524704,1441.820386265,40.546546186,-8.509416318
652.908385515,1440.822833055,40.478654851,-8.518593992
653.908246325,1439.825279845,40.410763516,-8.527771666
654.908107136,1438.827726635,40.342872181,-8.536949340
655.907967946,1437.830173425,40.274980846,-8.546127014
656.907828757,1436.832620215,40.207089510,-8.555304688
657.907689567,1435.835067005,40.139198175,-8.564482362
658.907550377,1434.837513795,40.071306840,-8.573660036
659.907411188,1433.839960585,40.003415505,-8.582837710
660.907271998,1432.842407375,39.935524170,-8.592015384
661.907132647,1431.844942041,39.866356087,-8.600903975
662.906993457,1430.847494091,39.796935430,-8.609735377
663.906854267,1429.850046141,39.727514772,-8.618566779
664.906715078,1428.852598192,39.658094114,-8.627398181
665.906575888,1427.855150242,39.588673457,-8.636229583
666.906436699,1426.857702292,39.519252799,-8.645060984
667.906297509,1425.860254342,39.449832141,-8.653892386
668.906158320,1424.862806392,39.380411484,-8.662723788
669.906019130,1423.865358443,39.310990826,-8.671555190
670.905879829,1422.867887527,39.241902549,-8.680274858
671.905740640,1421.870370717,39.173478469,-8.688771248
672.905601450,1420.872853907,39.105054388,-8.697267638
673.905462261,1419.875337098,39.036630308,-8.705764028
674.905323071,1418.877820288,38.968206227,-8.714260418
675.905183882,1417.880303479,38.899782146,-8.722756808
676.905044692,1416.882786669,38.831358066,-8.731253197
677.904905502,1415.885269860,38.762933985,-8.739749587
678.904766313,1414.887753100,38.694509170,-8.748242858
679.904627123,1413.890236343,38.626084327,-8.756736015
680.904487731,1412.892623653,38.559075718,-8.764976106
681.904348541,1411.894991619,38.492352658,-8.773165172
682.904209351,1410.897359586,38.425629599,-8.781354238
683.904070162,1409.899727553,38.358906539,-8.789543304
684.903930972,1408.902095520,38.292183480,-8.797732371
685.903791783,1407.904463535,38.225459697,-8.805920218
686.903652593,1406.906831564,38.158735704,-8.814107713
687.903513403,1405.909199594,38.092011712,-8.822295208
688.903374214,1404.911567623,38.025287719,-8.830482702
689.903234757,1403.913970376,37.958050540,-8.838583413
690.903095567,1402.916443349,37.889775572,-8.846508625
691.902956378,1401.918916323,37.821500603,-8.854433838
692.902817188,1400.921389296,37.753225635,-8.862359050
693.902677998,1399.923862270,37.684950667,-8.870284262
694.902538809,1398.926335243,37.616675698,-8.878209475
695.902399619,1397.928808216,37.548400730,-8.886134687
696.902260430,1396.931281190,37.480125762,-8.894059899
697.902121240,1395.933754163,37.411850793,-8.901985112
698.901982051,1394.936227136,37.343575825,-8.909910324
699.901842860,1393.938693550,37.275396772,-8.917669648
700.901703670,1392.941158617,37.207237427,-8.925394888
701.901564481,1391.943623683,37.139078081,-8.933120128
702.901425291,1390.946088749,37.070918736,-8.940845368
703.901286102,1389.948553816,37.002759390,-8.948570608
704.901146912,1388.951018882,36.934600045,-8.956295848
705.901007723,1387.953483948,36.866440699,-8.964021088
706.900868533,1386.955949015,36.798281354,-8.971746328
707.900729343,1385.958414081,36.730122008,-8.979471568
708.900590126,1384.960867968,36.662126882,-8.987159499
709.900450937,1383.963298975,36.594467849,-8.994771074
710.900311747,1382.965729983,36.526808815,-9.002382648
711.900172557,1381.968160990,36.459149782,-9.009994223
712.900033368,1380.970591997,36.391490749,-9.017605798
713.899894178,1379.973023004,36.323831715,-9.025217372
714.899754989,1378.975454011,36.256172682,-9.032828947
715.899615799,1377.977885018,36.188513648,-9.040440522
716.899476609,1376.980316026,36.120854615,-9.048052097
717.899337420,1375.982747033,36.053195582,-9.055663671
718.899198118,1374.985248903,35.984501360,-9.063271765
719.899058928,1373.987765606,35.915590458,-9.070879130
720.898919738,1372.990282309,35.846679556,-9.078486495
721.898780549,1371.992799012,35.777768655,-9.086093860
722.898641359,1370.995315715,35.708857753,-9.093701225
723.898502170,1369.997832418,35.639946852,-9.101308590
724.898362980,1369.000349121,35.571035950,-9.108915955
725.898223791,1368.002865824,35.502125048,-9.116523321
726.898084601,1367.005382527,35.433214147,-9.124130686
727.897945349,1366.007916226,35.364058570,-9.131774372
728.897806160,1365.010485128,35.294396200,-9.139493292
729.897666970,1364.013054031,35.224733830,-9.147212211
730.897527780,1363.015622933,35.155071460,-9.154931131
731.897388591,1362.018191835,35.085409090,-9.162650051
732.897249401,1361.020760738,35.015746720,-9.170368970
733.897110212,1360.023329640,34.946084350,-9.178087890
734.896971022,1359.025898543,34.876421980,-9.185806809
735.896831832,1358.028467445,34.806759610,-9.193525729
736.896692643,1357.031036348,34.737097241,-9.201244648
737.896553356,1356.033539250,34.668387814,-9.209144025
738.896414166,1355.036028080,34.599881555,-9.217081876
739.896274977,1354.038516911,34.531375296,-9.225019726
740.896135787,1353.041005742,34.462869037,-9.232957577
741.895996598,1352.043494573,34.394362778,-9.240895428
742.895857408,1351.045983404,34.325856519,-9.248833278
743.895718219,1350.048472234,34.257350260,-9.256771129
744.895579029,1349.050961065,34.188844001,-9.264708979
745.895439839,1348.053449896,34.120337742,-9.272646830
746.895300504,1347.055964466,34.051459836,-9.280674330
747.895161315,1346.058532996,33.981802803,-9.288889772
748.895022125,1345.061101525,33.912145771,-9.297105214
749.894882936,1344.063670055,33.842488738,-9.305320656
750.894743746,1343.066238584,33.772831706,-9.313536098
751.894604556,1342.068807114,33.703174673,-9.321751541
752.894465367,1341.071375719,33.633516561,-9.329966703
753.894326177,1340.073944627,33.563854107,-9.338180743
754.894186751,1339.076546890,33.493719094,-9.346496260
755.894047562,1338.079219431,33.422588366,-9.355025599
756.893908372,1337.081891972,33.351457638,-9.363554938
757.893769182,1336.084564514,33.280326910,-9.372084277
758.893629993,1335.087237055,33.209196183,-9.380613616
759.893490803,1334.089909596,33.138065455,-9.389142955
760.893351614,1333.092582138,33.066934727,-9.397672294
761.893212424,1332.095254679,32.995803999,-9.406201633
762.893073235,1331.097927221,32.924673271,-9.414730973
763.892934045,1330.100599762,32.853542543,-9.423260312
764.892794423,1329.103133248,32.784395392,-9.432066863
765.892655233,1328.105636318,32.715682114,-9.440934049
766.892516044,1327.108139387,32.646968836,-9.449801236
767.892376854,1326.110642457,32.578255558,-9.458668423
768.892237665,1325.113145527,32.509542280,-9.467535609
769.892098475,1324.115648597,32.440829002,-9.476402796
770.891959285,1323.118151667,32.372115724,-9.485269983
771.891820096,1322.120654737,32.303402447,-9.494137169
772.891680906,1321.123157807,32.234689169,-9.503004356
773.891541650,1320.125643795,32.166225279,-9.511972793
774.891402460,1319.128093353,32.098293289,-9.521157179
775.891263271,1318.130542911,32.030361298,-9.530341565
776.891124081,1317.132992468,31.962429308,-9.539525951
777.890984892,1316.135442026,31.894497318,-9.548710337
778.890845702,1315.137891584,31.826565327,-9.557894723
779.890706513,1314.140341142,31.758633337,-9.567079109
780.890567323,1313.142790763,31.690700415,-9.576262444
781.890428133,1312.145240395,31.622767328,-9.585445593
782.890288944,1311.147690027,31.554834241,-9.594628742
783.890149584,1310.150224623,31.485667295,-9.604059628
784.890010394,1309.152778137,31.416225612,-9.613545677
785.889871205,1308.155331651,31.346783929,-9.623031725
786.889732015,1307.157885164,31.277342247,-9.632517774
787.889592826,1306.160438678,31.207900564,-9.642003822
788.889453636,1305.162992192,31.138458882,-9.651489870
789.889314446,1304.165545706,31.069017199,-9.660975919
790.889175257,1303.168099219,30.999575516,-9.670461967
791.889036067,1302.170652733,30.930133834,-9.679948015
792.888896789,1301.173186500,30.860977647,-9.689529351
793.888757600,1300.175677637,30.792437822,-9.699316405
794.888618410,1299.178168774,30.723897998,-9.709103459
795.888479221,1298.180659910,30.655358173,-9.718890513
796.888340031,1297.183151047,30.586818348,-9.728677566
797.888200841,1296.185642183,30.518278524,-9.738464620
798.888061652,1295.188133320,30.449738699,-9.748251674
799.887922462,1294.190624456,30.381198875,-9.758038728
800.887783273,1293.193115593,30.312659050,-9.767825781
801.887644083,1292.195606729,30.244119225,-9.777612835
802.887504888,1291.198113503,30.175352290,-9.787645292
803.887365698,1290.200623820,30.106533882,-9.797733365
804.887226508,1289.203134137,30.037715475,-9.807821439
805.887087319,1288.205644455,29.968897067,-9.817909513
806.886948129,1287.208154772,29.900078660,-9.827997587
807.886808940,1286.210665090,29.831260252,-9.838085661
808.886669750,1285.213175407,29.762441845,-9.848173734
809.886530561,1284.215685724,29.693623438,-9.858261808
810.886391371,1283.218196042,29.624805030,-9.868349882
811.886252170,1282.220699273,29.556089581,-9.878526168
812.886112980,1281.223187016,29.487599151,-9.888895248
813.885973791,1280.225674760,29.419108722,-9.899264327
814.885834601,1279.228162504,29.350618292,-9.909633406
815.885695411,1278.230650248,29.282127862,-9.920002485
816.885556222,1277.233137992,29.213637433,-9.930371565
817.885417032,1276.235625735,29.145147003,-9.940740644
818.885277843,1275.238113479,29.076656573,-9.951109723
819.885138653,1274.240601223,29.008166144,-9.961478802
820.884999464,1273.243088967,28.939675714,-9.971847882
821.884860248,1272.245544421,28.871657575,-9.982406834
822.884721059,1271.247992428,28.803748360,-9.993009576
823.884581869,1270.250440435,28.735839145,-10.003612318
824.884442679,1269.252888442,28.667929929,-10.014215060
825.884303490,1268.255336449,28.600020714,-10.024817802
826.884164300,1267.257784456,28.532111499,-10.035420544
827.884025111,1266.260232463,28.464202284,-10.046023286
828.883885921,1265.262680470,28.396293069,-10.056626028
829.883746732,1264.265128477,28.328383853,-10.067228770
830.883607509,1263.267588314,28.260301570,-10.077883272
831.883468319,1262.270074327,28.191836363,-10.088652297
832.883329129,1261.272560339,28.123371155,-10.099421321
833.883189940,1260.275046351,28.054905947,-10.110190346
834.883050750,1259.277532364,27.986440740,-10.120959370
835.882911561,1258.280018376,27.917975532,-10.131728395
836.882772371,1257.282504388,27.849510324,-10.142497419
837.882633182,1256.284990401,27.781045117,-10.153266444
838.882493992,1255.287476413,27.712579909,-10.164035468
839.882354802,1254.289962425,27.644114702,-10.174804492
840.882215613,1253.292448554,27.575647795,-10.185674107
841.882076423,1252.294934711,27.507180489,-10.196567323
842.881937234,1251.297420867,27.438713184,-10.207460540
843.881798044,1250.299907023,27.370245878,-10.218353757
844.881658855,1249.302393180,27.301778573,-10.229246973
845.881519665,1248.304879336,27.233311267,-10.240140190
846.881380475,1247.307365492,27.164843962,-10.251033406
847.881241286,1246.309851649,27.096376656,-10.261926623
848.881102096,1245.312337805,27.027909350,-10.272819840
849.880962906,1244.314825410,26.959420944,-10.283765032
850.880823717,1243.317316262,26.890885267,-10.294826658
851.880684527,1242.319807114,26.822349590,-10.305888285
852.880545337,1241.322297965,26.753813914,-10.316949911
853.880406148,1240.324788817,26.685278237,-10.328011537
854.880266958,1239.327279668,26.616742560,-10.339073164
855.880127769,1238.329770520,26.548206884,-10.350134790
856.879988579,1237.332261371,26.479671207,-10.361196416
857.879849389,1236.334752223,26.411135530,-10.372258042
858.879710200,1235.337243074,26.342599853,-10.383319669
859.879570947,1234.339684404,26.274789723,-10.394635346
860.879431758,1233.342113915,26.207152766,-10.406011661
861.879292568,1232.344543425,26.139515809,-10.417387975
862.879153378,1231.346972935,26.071878852,-10.428764289
863.879014189,1230.349402445,26.004241895,-10.440140604
864.878874999,1229.351831955,25.936604938,-10.451516918
865.878735810,1228.354261465,25.868967982,-10.462893232
866.878596620,1227.356690975,25.801331025,-10.474269547
867.878457431,1226.359120485,25.733694068,-10.485645861
868.878317802,1225.361592701,25.665436598,-10.497194012
869.878178613,1224.364161776,25.595771764,-10.509131901
870.878039423,1223.366730850,25.526106930,-10.521069790
871.877900233,1222.369299925,25.456442096,-10.533007678
872.877761044,1221.371868999,25.386777262,-10.544945567
873.877621854,1220.374438074,25.317112428,-10.556883456
874.877482665,1219.377007148,25.247447595,-10.568821344
875.877343475,1218.379576223,25.177782761,-10.580759233
876.877204286,1217.382145213,25.108119136,-10.592698842
877.877065096,1216.384714182,25.038455814,-10.604638881
878.876925851,1215.387236302,24.969467344,-10.617259300
879.876786661,1214.389747050,24.900642692,-10.630044877
880.876647472,1213.392257798,24.831818039,-10.642830454
881.876508282,1212.394768547,24.762993386,-10.655616031
882.876369093,1211.397279295,24.694168733,-10.668401608
883.876229903,1210.399790043,24.625344081,-10.681187185
884.876090713,1209.402300791,24.556519428,-10.693972762
885.875951524,1208.404811540,24.487694775,-10.706758339
886.875812334,1207.407322288,24.418870123,-10.719543916
887.875672977,1206.409806946,24.350427108,-10.732667275
888.875533787,1205.412231683,24.282860577,-10.746566397
889.875394597,1204.414656421,24.215294046,-10.760465519
890.875255408,1203.417081159,24.147727514,-10.774364640
891.875116218,1202.419505896,24.080160983,-10.788263762
892.874977029,1201.421930634,24.012594452,-10.802162884
893.874837839,1200.424355371,23.945027920,-10.816062005
894.874698650,1199.426780109,23.877461389,-10.829961127
895.874559460,1198.429204847,23.809894858,-10.843860249
896.874420270,1197.431629584,23.742328327,-10.857759370
897.874281068,1196.434032972,23.675077943,-10.872717006
898.874141879,1195.436431089,23.607905601,-10.887935939
899.874002689,1194.438829206,23.540733259,-10.903154872
900.873863500,1193.441227323,23.473560917,-10.918373804
901.873724310,1192.443625440,23.406388575,-10.933592737
902.873585121,1191.446023558,23.339216233,-10.948811669
903.873445931,1190.448421675,23.272043891,-10.964030602
904.873306741,1189.450819792,23.204871549,-10.979249535
905.873167552,1188.453217909,23.137699207,-10.994468467
906.873028110,1187.455647673,23.070062235,-11.010124778
907.872888920,1186.458151035,23.001344713,-11.026798260
908.872749731,1185.460654397,22.932627192,-11.043471743
909.872610541,1184.463157759,22.863909670,-11.060145226
910.872471352,1183.465661122,22.795192149,-11.076818708
911.872332162,1182.468164484,22.726474627,-11.093492191
912.872192973,1181.470667846,22.657757106,-11.110165674
913.872053783,1180.473171208,22.589039584,-11.126839156
914.871914593,1179.475674570,22.520322063,-11.143512639
915.871775404,1178.478177933,22.451604541,-11.160186122
916.871636153,1177.480729640,22.382189691,-11.178084573
917.871496963,1176.483293481,22.312599834,-11.196290450
918.871357774,1175.485857321,22.243009977,-11.214496326
919.871218584,1174.488421162,22.173420121,-11.232702203
920.871079395,1173.490985003,22.103830264,-11.250908080
921.870940205,1172.493548843,22.034240407,-11.269113957
922.870801015,1171.496112684,21.964650551,-11.287319834
923.870661826,1170.498676524,21.895060694,-11.305525710
924.870522636,1169.501240365,21.825470837,-11.323731587
925.870383445,1168.503801325,21.755922317,-11.342402685
926.870244255,1167.506355499,21.686471146,-11.362169420
927.870105065,1166.508909673,21.617019975,-11.381936155
928.869965876,1165.511463848,21.547568804,-11.401702890
929.869826686,1164.514018022,21.478117634,-11.421469625
930.869687497,1163.516572196,21.408666463,-11.441236360
931.869548307,1162.519126371,21.339215292,-11.461003096
932.869409118,1161.521680545,21.269764122,-11.480769831
933.869269928,1160.524234719,21.200312951,-11.500536566
934.869130738,1159.526788894,21.130861780,-11.520303301
935.868991542,1158.529327297,21.061637572,-11.541316122
936.868852353,1157.531861678,20.992471266,-11.562646841
937.868713163,1156.534396058,20.923304959,-11.583977560
938.868573974,1155.536930439,20.854138653,-11.605308279
939.868434784,1154.539464819,20.784972346,-11.626638998
940.868295594,1153.541999199,20.715806040,-11.647969717
941.868156405,1152.544533580,20.646639734,-11.669300436
942.868017215,1151.547067960,20.577473427,-11.690631155
943.867878026,1150.549602341,20.508307121,-11.711961874
944.867738656,1149.552110105,20.439528338,-11.733751513
945.867599466,1148.554554391,20.371673812,-11.756635696
946.867460277,1147.556998676,20.303819286,-11.779519879
947.867321087,1146.559442962,20.235964760,-11.802404062
948.867181898,1145.561887247,20.168110234,-11.825288245
949.867042708,1144.564331533,20.100255708,-11.848172428
950.866903519,1143.566775818,20.032401182,-11.871056611
951.866764329,1142.569220104,19.964546656,-11.893940794
952.866625139,1141.571664389,19.896692131,-11.916824977
953.866485950,1140.574108675,19.828837605,-11.939709160
954.866346679,1139.576607238,19.760190973,-11.963811900
955.866207489,1138.579119875,19.691338954,-11.988230605
956.866068299,1137.581632512,19.622486934,-12.012649309
957.865929110,1136.584145149,19.553634914,-12.037068014
958.865789920,1135.586657786,19.484782894,-12.061486719
959.865650731,1134.589170422,19.415930874,-12.085905424
960.865511541,1133.591683059,19.347078854,-12.110324128
961.865372351,1132.594195696,19.278226834,-12.134742833
962.865233162,1131.596708333,19.209374814,-12.159161538
963.865093971,1130.599219184,19.140548684,-12.184021036
964.864954782,1129.601725721,19.071785095,-12.209945325
965.864815592,1128.604232258,19.003021506,-12.235869615
966.864676403,1127.606738795,18.934257917,-12.261793904
967.864537213,1126.609245331,18.865494328,-12.287718193
968.864398024,1125.611751868,18.796730738,-12.313642483
969.864258834,1124.614258405,18.727967149,-12.339566772
970.864119644,1123.616764965,18.659203231,-12.365489726
971.863980455,1122.619271530,18.590439224,-12.391412318
972.863841265,1121.621778096,18.521675217,-12.417334909
973.863702065,1120.624304311,18.452626922,-12.444417112
974.863562875,1119.626835704,18.383503715,-12.471804881
975.863423686,1118.629367096,18.314380509,-12.499192649
976.863284496,1117.631898489,18.245257302,-12.526580418
977.863145307,1116.634429882,18.176134095,-12.553968187
978.863006117,1115.636961275,18.107010888,-12.581355955
979.862866928,1114.639492667,18.037887682,-12.608743724
980.862727738,1113.642024060,17.968764475,-12.636131493
981.862588548,1112.644555453,17.899641268,-12.663519261
982.862449318,1111.647074203,17.830701342,-12.691314062
983.862310128,1110.649562019,17.762209864,-12.720104780
984.862170938,1109.652049834,17.693718385,-12.748895497
985.862031749,1108.654537650,17.625226906,-12.777686215
986.861892559,1107.657025466,17.556735428,-12.806476932
987.861753370,1106.659513282,17.488243949,-12.835267650
988.861614180,1105.662001098,17.419752471,-12.864058367
989.861474990,1104.664488914,17.351260992,-12.892849085
990.861335801,1103.666976729,17.282769513,-12.921639803
991.861196611,1102.669464545,17.214278035,-12.950430520
992.861057395,1101.671983231,17.145338831,-12.980262315
993.860918205,1100.674510182,17.076279750,-13.010372857
994.860779016,1099.677037133,17.007220668,-13.040483399
995.860639826,1098.679564084,16.938161587,-13.070593940
996.860500636,1097.682091035,16.869102505,-13.100704482
997.860361447,1096.684617986,16.800043423,-13.130815024
998.860222257,1095.687144937,16.730984342,-13.160925566
999.860083068,1094.689671888,16.661925260,-13.191036108
1000.859943878,1093.692198839,16.592866179,-13.221146649
1001.859804532,1092.694701471,16.524161534,-13.251606051
1002.859665343,1091.697143827,16.456335379,-13.282930119
1003.859526153,1090.699586183,16.388509223,-13.314254187
1004.859386963,1089.702028539,16.320683067,-13.345578255
1005.859247774,1088.704470895,16.252856912,-13.376902322
1006.859108584,1087.706913252,16.185030756,-13.408226390
1007.858969395,1086.709355608,16.117204600,-13.439550458
1008.858830205,1085.711797964,16.049378445,-13.470874526
1009.858691015,1084.714240320,15.981552289,-13.502198594
1010.858551826,1083.716682676,15.913726133,-13.533522661
1011.858412599,1082.719160660,15.845378542,-13.565698983
1012.858273410,1081.721648335,15.776889113,-13.598107127
1013.858134220,1080.724136010,15.708399685,-13.630515272
1014.857995030,1079.726623685,15.639910256,-13.662923416
1015.857855841,1078.729111360,15.571420828,-13.695331560
1016.857716651,1077.731599035,15.502931399,-13.727739705
1017.857577462,1076.734086710,15.434441971,-13.760147849
1018.857438272,1075.736574385,15.365952542,-13.792555994
1019.857299082,1074.739062061,15.297463114,-13.824964138
1020.857159889,1073.741553543,15.228918317,-13.857640281
1021.857020699,1072.744054583,15.160234504,-13.890989298
1022.856881510,1071.746555624,15.091550691,-13.924338314
1023.856742320,1070.749056664,15.022866878,-13.957687331
1024.856603131,1069.751557705,14.954183066,-13.991036347
1025.856463941,1068.754058745,14.885499253,-14.024385363
1026.856324752,1067.756559786,14.816815440,-14.057734380
1027.856185562,1066.759060827,14.748131628,-14.091083396
1028.856046372,1065.761561867,14.679447815,-14.124432413
1029.855907183,1064.764062908,14.610764002,-14.157781429
1030.855767916,1063.766512877,14.542827114,-14.191744001
1031.855628726,1062.768948734,14.475096607,-14.225876102
1032.855489537,1061.771384591,14.407366099,-14.260008204
1033.855350347,1060.773820449,14.339635592,-14.294140305
1034.855211157,1059.776256306,14.271905084,-14.328272406
1035.855071968,1058.778692164,14.204174576,-14.362404508
1036.854932778,1057.781128021,14.136444069,-14.396536609
1037.854793589,1056.783563878,14.068713561,-14.430668710
1038.854654399,1055.785999736,14.000983054,-14.464800812
1039.854515159,1054.788449177,13.933053521,-14.499106954
1040.854375969,1053.790933171,13.864617731,-14.533855802
1041.854236780,1052.793417164,13.796181942,-14.568604650
1042.854097590,1051.795901158,13.727746152,-14.603353498
1043.853958401,1050.798385152,13.659310362,-14.638102346
1044.853819211,1049.800869145,13.590874572,-14.672851195
1045.853680021,1048.803353139,13.522438782,-14.707600043
1046.853540832,1047.805837133,13.454002992,-14.742348891
1047.853401642,1046.808321126,13.385567202,-14.777097739
1048.853262453,1045.810805120,13.317131412,-14.811846587
1049.853123000,1044.813384015,13.247329888,-14.846939789
1050.852983811,1043.815989541,13.177145107,-14.882129625
1051.852844621,1042.818595067,13.106960325,-14.917319460
1052.852705431,1041.821200593,13.036775543,-14.952509296
1053.852566242,1040.823806119,12.966590762,-14.987699131
1054.852427052,1039.826411645,12.896405980,-15.022888967
1055.852287863,1038.829017171,12.826221198,-15.058078803
1056.852148673,1037.831622697,12.756036417,-15.093268638
1057.852009484,1036.834228223,12.685851635,-15.128458474
1058.851870139,1035.836809610,12.616012966,-15.163722462
1059.851730949,1034.839328784,12.547066306,-15.199177557
1060.851591760,1033.841847958,12.478119646,-15.234632652
1061.851452570,1032.844367132,12.409172986,-15.270087746
1062.851313381,1031.846886306,12.340226327,-15.305542841
1063.851174191,1030.849405480,12.271279667,-15.340997936
1064.851035001,1029.851924654,12.202333007,-15.376453031
1065.850895812,1028.854443827,12.133386347,-15.411908126
1066.850756622,1027.856963001,12.064439687,-15.447363221
1067.850617433,1026.859482175,11.995493028,-15.482818316
1068.850478174,1025.861953822,11.927238451,-15.518342170
1069.850338985,1024.864411925,11.859181092,-15.553885618
1070.850199795,1023.866870028,11.791123734,-15.589429066
1071.850060606,1022.869328131,11.723066375,-15.624972514
1072.849921416,1021.871786234,11.655009017,-15.660515962
1073.849782227,1020.874244337,11.586951658,-15.696059410
1074.849643037,1019.876702440,11.518894300,-15.731602858
1075.849503847,1018.879160543,11.450836941,-15.767146306
1076.849364658,1017.881618646,11.382779583,-15.802689754
1077.849225153,1016.884110627,11.314232075,-15.838208447
1078.849085963,1015.886691074,11.244404606,-15.873662493
1079.848946774,1014.889271521,11.174577137,-15.909116539
1080.848807584,1013.891851968,11.104749668,-15.944570586
1081.848668395,1012.894432415,11.034922199,-15.980024632
1082.848529205,1011.897012862,10.965094730,-16.015478678
1083.848390016,1010.899593309,10.895267261,-16.050932725
1084.848250826,1009.902173756,10.825439792,-16.086386771
1085.848111636,1008.904754203,10.755612323,-16.121840817
1086.847972447,1007.907334650,10.685784854,-16.157294864
1087.847833257,1006.909914123,10.615971289,-16.192543985
1088.847694068,1005.912493315,10.546161747,-16.227733813
1089.847554878,1004.915072507,10.476352206,-16.262923641
1090.847415688,1003.917651699,10.406542664,-16.298113468
1091.847276499,1002.920230892,10.336733122,-16.333303296
1092.847137309,1001.922810084,10.266923580,-16.368493124
1093.846998120,1000.925389276,10.197114038,-16.403682952
1094.846858930,999.927968468,10.127304497,-16.438872780
1095.846719741,998.930547660,10.057494955,-16.474062607
1096.846580386,997.933102425,9.988037679,-16.509136399
1097.846441196,996.935592552,9.919512539,-16.543903144
1098.846302007,995.938082680,9.850987399,-16.578669889
1099.846162817,994.940572808,9.782462260,-16.613436634
1100.846023628,993.943062935,9.713937120,-16.648203380
1101.845884438,992.945553063,9.645411980,-16.682970125
1102.845745249,991.948043191,9.576886841,-16.717736870
1103.845606059,990.950533318,9.508361701,-16.752503615
1104.845466869,989.953023446,9.439836561,-16.787270361
1105.845327680,988.955513573,9.371311421,-16.822037106
1106.845188475,987.958025982,9.302462940,-16.856393022
1107.845049285,986.960544935,9.233519475,-16.890628254
1108.844910096,985.963063888,9.164576010,-16.924863487
1109.844770906,984.965582841,9.095632545,-16.959098719
1110.844631716,983.968101794,9.026689080,-16.993333952
1111.844492527,982.970620747,8.957745615,-17.027569185
1112.844353337,981.973139700,8.888802150,-17.061804417
1113.844214148,980.975658654,8.819858685,-17.096039650
1114.844074958,979.978177607,8.750915220,-17.130274882
1115.843935753,978.980689181,8.682078815,-17.164355743
1116.843796564,977.983180970,8.613529503,-17.198022640
1117.843657374,976.985672758,8.544980190,-17.231689536
1118.843518184,975.988164547,8.476430877,-17.265356432
1119.843378995,974.990656335,8.407881564,-17.299023329
1120.843239805,973.993148124,8.339332252,-17.332690225
1121.843100616,972.995639913,8.270782939,-17.366357122
1122.842961426,971.998131701,8.202233626,-17.400024018
1123.842822236,971.000623490,8.133684314,-17.433690915
1124.842683047,970.003115278,8.065135001,-17.467357811
1125.842542781,969.005427585,7.999265771,-17.500624209
1126.842403592,968.007686371,7.934195732,-17.533771180
1127.842264402,967.009945157,7.869125693,-17.566918150
1128.842125213,966.012203943,7.804055654,-17.600065121
1129.841986023,965.014462729,7.738985616,-17.633212092
1130.841846834,964.016721515,7.673915577,-17.666359062
1131.841707644,963.018980300,7.608845538,-17.699506033
1132.841568454,962.021239086,7.543775499,-17.732653004
1133.841429265,961.023497872,7.478705461,-17.765799974
1134.841290029,960.025744683,7.413820026,-17.798839238
1135.841150839,959.027958946,7.349436303,-17.831585780
1136.841011650,958.030173209,7.285052581,-17.864332322
1137.840872460,957.032387472,7.220668858,-17.897078864
1138.840733270,956.034601736,7.156285135,-17.929825406
1139.840594081,955.036815999,7.091901412,-17.962571947
1140.840454891,954.039030262,7.027517690,-17.995318489
1141.840315702,953.041244525,6.963133967,-18.028065031
1142.840176512,952.043458765,6.898750615,-18.060813376
1143.840037322,951.045672997,6.834367373,-18.093562256
1144.839898056,950.047841549,6.770697231,-18.126131141
1145.839758866,949.049996275,6.707242916,-18.158645548
1146.839619676,948.052151002,6.643788600,-18.191159956
1147.839480487,947.054305728,6.580334285,-18.223674363
1148.839341297,946.056460454,6.516879970,-18.256188770
1149.839202108,945.058615181,6.453425655,-18.288703178
1150.839062918,944.060769907,6.389971340,-18.321217585
1151.838923729,943.062924633,6.326517025,-18.353731992
1152.838784539,942.065079360,6.263062709,-18.386246400
1153.838644874,941.067197453,6.200194675,-18.418745674
1154.838505684,940.069214633,6.138941659,-18.451203260
1155.838366495,939.071231814,6.077688643,-18.483660847
1156.838227305,938.073248994,6.016435627,-18.516118434
1157.838088116,937.075266175,5.955182611,-18.548576021
1158.837948926,936.077283355,5.893929595,-18.581033607
1159.837809737,935.079300535,5.832676580,-18.613491194
1160.837670547,934.081317716,5.771423564,-18.645948781
1161.837531357,933.083334896,5.710170548,-18.678406368
1162.837392168,932.085352076,5.648917532,-18.710863954
1163.837252968,931.087353456,5.587922671,-18.743398843
1164.837113778,930.089349982,5.527007107,-18.775957476
1165.836974589,929.091346508,5.466091544,-18.808516109
1166.836835399,928.093343034,5.405175980,-18.841074741
1167.836696210,927.095339559,5.344260416,-18.873633374
1168.836557020,926.097336085,5.283344852,-18.906192007
1169.836417831,925.099332611,5.222429289,-18.938750640
1170.836278641,924.101329137,5.161513725,-18.971309273
1171.836139451,923.103325663,5.100598161,-19.003867906
1172.836000150,922.105305116,5.039964805,-19.036487041
1173.835860961,921.107236894,4.980119461,-19.069275117
1174.835721771,920.109168672,4.920274116,-19.102063193
1175.835582581,919.111100451,4.860428772,-19.134851270
1176.835443392,918.113032229,4.800583428,-19.167639346
1177.835304202,917.114964008,4.740738084,-19.200427422
1178.835165013,916.116895786,4.680892739,-19.233215498
1179.835025823,915.118827564,4.621047395,-19.266003574
1180.834886634,914.120759343,4.561202051,-19.298791650
1181.834747444,913.122691121,4.501356707,-19.331579727
1182.834608143,912.124572715,4.442356165,-19.364609300
1183.834468953,911.126438666,4.383618945,-19.397714148
1184.834329764,910.128304617,4.324881725,-19.430818995
1185.834190574,909.130170569,4.266144505,-19.463923843
1186.834051384,908.132036520,4.207407286,-19.497028691
1187.833912195,907.133902471,4.148670066,-19.530133538
1188.833773005,906.135768422,4.089932846,-19.563238386
1189.833633816,905.137634374,4.031195626,-19.596343234
1190.833494626,904.139500325,3.972458407,-19.629448081
1191.833355352,903.141352050,3.913964884,-19.662647178
1192.833216163,902.143163503,3.856161214,-19.696113074
1193.833076973,901.144974955,3.798357544,-19.729578970
1194.832937783,900.146786408,3.740553874,-19.763044865
1195.832798594,899.148597861,3.682750204,-19.796510761
1196.832659404,898.150409313,3.624946534,-19.829976657
1197.832520215,897.152220766,3.567142864,-19.863442552
1198.832381025,896.154032219,3.509339194,-19.896908448
1199.832241836,895.155843671,3.451535524,-19.930374344
1200.832102646,894.157655124,3.393731854,-19.963840240
1201.831963434,893.159444838,3.336305215,-19.997574783
1202.831824244,892.161227676,3.278997815,-20.031394290
1203.831685055,891.163010514,3.221690415,-20.065213796
1204.831545865,890.164793352,3.164383016,-20.099033302
1205.831406675,889.166576190,3.107075616,-20.132852808
1206.831267486,888.168359028,3.049768217,-20.166672314
1207.831128296,887.170141867,2.992460817,-20.200491820
1208.830989107,886.171924705,2.935153418,-20.234311326
1209.830849917,885.173707543,2.877846018,-20.268130832
1210.830710635,884.175505090,2.820284603,-20.302026485
1211.830571445,883.177344847,2.761994201,-20.336140669
1212.830432256,882.179184605,2.703703798,-20.370254852
1213.830293066,881.181024363,2.645413396,-20.404369035
1214.830153876,880.182864121,2.587122993,-20.438483219
1215.830014687,879.184703878,2.528832591,-20.472597402
1216.829875497,878.186543636,2.470542189,-20.506711586
1217.829736308,877.188383394,2.412251786,-20.540825769
1218.829597118,876.190223152,2.353961384,-20.574939952
1219.829457928,875.192062909,2.295670981,-20.609054136
1220.829318682,874.193868088,2.237976752,-20.643313343
1221.829179492,873.195662171,2.180473812,-20.677619083
1222.829040303,872.197456255,2.122970871,-20.711924823
1223.828901113,871.199250338,2.065467931,-20.746230563
1224.828761923,870.201044421,2.007964991,-20.780536303
1225.828622734,869.202838504,1.950462051,-20.814842043
1226.828483544,868.204632588,1.892959111,-20.849147783
1227.828344355,867.206426671,1.835456171,-20.883453523
1228.828205165,866.208220754,1.777953231,-20.917759263
1229.828065861,865.210031101,1.720170640,-20.952078736
1230.827926672,864.211888774,1.661574271,-20.986438173
1231.827787482,863.213746446,1.602977902,-21.020797611
1232.827648293,862.215604119,1.544381532,-21.055157048
1233.827509103,861.217461792,1.485785163,-21.089516485
1234.827369913,860.219319464,1.427188793,-21.123875922
1235.827230724,859.221177137,1.368592424,-21.158235360
1236.827091534,858.223034809,1.309996055,-21.192594797
1237.826952345,857.224892482,1.251399685,-21.226954234
1238.826813155,856.226750155,1.192803316,-21.261313671
1239.826673872,855.228652629,1.133450284,-21.295589724
1240.826534682,854.230569686,1.073850963,-21.329838635
1241.826395493,853.232486743,1.014251642,-21.364087546
1242.826256303,852.234403800,0.954652321,-21.398336457
1243.826117114,851.236320857,0.895053000,-21.432585368
1244.825977924,850.238237914,0.835453679,-21.466834279
1245.825838734,849.240154971,0.775854357,-21.501083190
1246.825699545,848.242072028,0.716255036,-21.535332101
1247.825560355,847.243989085,0.656655715,-21.569581012
1248.825421138,846.245914411,0.596918546,-21.603758004
1249.825281948,845.247864138,0.536774611,-21.637722777
1250.825142758,844.249813865,0.476630676,-21.671687550
1251.825003569,843.251763592,0.416486742,-21.705652322
1252.824864379,842.253713319,0.356342807,-21.739617095
1253.824725190,841.255663046,0.296198872,-21.773581867
1254.824586000,840.257612773,0.236054937,-21.807546640
1255.824446811,839.259562500,0.175911002,-21.841511412
1256.824307621,838.261512227,0.115767067,-21.875476185
1257.824168431,837.263461954,0.055623133,-21.909440957
1258.824029218,836.265434502,-0.004897907,-21.943054067
1259.823890029,835.267414787,-0.065546809,-21.976551431
1260.823750839,834.269395142,-0.126196857,-22.010048916
1261.823611650,833.271375497,-0.186846904,-22.043546400
1262.823472460,832.273355852,-0.247496952,-22.077043884
1263.823333270,831.275336207,-0.308146999,-22.110541369
1264.823194081,830.277316562,-0.368797047,-22.144038853
1265.823054891,829.279296916,-0.429447095,-22.177536338
1266.822915702,828.281277271,-0.490097142,-22.211033822
1267.822776284,827.283234257,-0.550357619,-22.244366274
1268.822637095,826.285121309,-0.609452322,-22.277204870
1269.822497905,825.287008361,-0.668547025,-22.310043467
1270.822358715,824.288895414,-0.727641728,-22.342882063
1271.822219526,823.290782466,-0.786736431,-22.375720660
1272.822080336,822.292669518,-0.845831134,-22.408559256
1273.821941147,821.294556571,-0.904925837,-22.441397852
1274.821801957,820.296443623,-0.964020540,-22.474236449
1275.821662767,819.298330675,-1.023115243,-22.507075045
1276.821523578,818.300217728,-1.082209946,-22.539913642
1277.821384162,817.302174465,-1.142466335,-22.572115932
1278.821244972,816.304154536,-1.203111707,-22.604105161
1279.821105782,815.306134606,-1.263757078,-22.636094389
1280.820966593,814.308114677,-1.324402449,-22.668083618
1281.820827403,813.310094748,-1.385047820,-22.700072846
1282.820688214,812.312074819,-1.445693191,-22.732062075
1283.820549024,811.314054889,-1.506338562,-22.764051303
1284.820409834,810.316034960,-1.566983933,-22.796040532
1285.820270645,809.318015031,-1.627629304,-22.828029760
1286.820131455,808.319996401,-1.688296039,-22.859758673
1287.819992265,807.321981713,-1.749027612,-22.890697519
1288.819853075,806.323967026,-1.809759186,-22.921636364
1289.819713886,805.325952339,-1.870490759,-22.952575210
1290.819574696,804.327937651,-1.931222332,-22.983514056
1291.819435507,803.329922964,-1.991953906,-23.014452901
1292.819296317,802.331908277,-2.052685479,-23.045391747
1293.819157128,801.333893589,-2.113417052,-23.076330592
1294.819017938,800.335878902,-2.174148626,-23.107269438
1295.818878748,799.337864214,-2.234880199,-23.138208283
1296.818739459,798.339803406,-2.294847382,-23.168198027
1297.818600270,797.341726935,-2.354554997,-23.197865478
1298.818461080,796.343650465,-2.414262613,-23.227532929
1299.818321891,795.345573994,-2.473970228,-23.257200381
1300.818182701,794.347497524,-2.533677843,-23.286867832
1301.818043511,793.349421053,-2.593385458,-23.316535283
1302.817904322,792.351344583,-2.653093073,-23.346202735
1303.817765132,791.353268112,-2.712800689,-23.375870186
1304.817625943,790.355191642,-2.772508304,-23.405537638
1305.817486744,789.357110542,-2.832138332,-23.434834010
1306.817347554,788.359015191,-2.891529500,-23.462987988
1307.817208365,787.360919841,-2.950920669,-23.491141965
1308.817069175,786.362824490,-3.010311837,-23.519295943
1309.816929985,785.364729139,-3.069703005,-23.547449921
1310.816790796,784.366633788,-3.129094174,-23.575603898
1311.816651606,783.368538437,-3.188485342,-23.603757876
1312.816512417,782.370443087,-3.247876511,-23.631911854
1313.816373227,781.372347736,-3.307267679,-23.660065831
1314.816234038,780.374252385,-3.366658848,-23.688219809
1315.816094832,779.376175292,-3.426355783,-23.715063200
1316.815955642,778.378104485,-3.486158004,-23.741455309
1317.815816453,777.380033679,-3.545960226,-23.767847418
1318.815677263,776.381962873,-3.605762447,-23.794239527
1319.815538073,775.383892066,-3.665564669,-23.820631636
1320.815398884,774.385821260,-3.725366890,-23.847023745
1321.815259694,773.387750454,-3.785169112,-23.873415854
1322.815120505,772.389679647,-3.844971333,-23.899807963
1323.814981315,771.391608841,-3.904773555,-23.926200072
1324.814842125,770.393538829,-3.964589036,-23.952106155
1325.814702936,769.395471300,-4.024445929,-23.976494335
1326.814563746,768.397403771,-4.084302822,-24.000882515
1327.814424557,767.399336242,-4.144159715,-24.025270695
1328.814285367,766.401268713,-4.204016608,-24.049658875
1329.814146177,765.403201184,-4.263873501,-24.074047056
1330.814006988,764.405133655,-4.323730394,-24.098435236
1331.813867798,763.407066126,-4.383587287,-24.122823416
1332.813728609,762.408998597,-4.443444180,-24.147211596
1333.813589419,761.410931068,-4.503301073,-24.171599776
1334.813450213,760.412844959,-4.562847063,-24.194342704
1335.813311023,759.414752362,-4.622284505,-24.216511208
1336.813171833,758.416659766,-4.681721947,-24.238679711
1337.813032644,757.418567170,-4.741159389,-24.260848215
1338.812893454,756.420474573,-4.800596830,-24.283016719
1339.812754265,755.422381977,-4.860034272,-24.305185223
1340.812615075,754.424289381,-4.919471714,-24.327353727
1341.812475886,753.426196785,-4.978909156,-24.349522231
1342.812336696,752.428104188,-5.038346598,-24.371690735
1343.812197495,751.430016623,-5.097868274,-24.393283316
1344.812058305,750.431944999,-5.157656847,-24.413051096
1345.811919116,749.433873375,-5.217445420,-24.432818876
1346.811779926,748.435801751,-5.277233993,-24.452586655
1347.811640737,747.437730127,-5.337022566,-24.472354435
1348.811501547,746.439658503,-5.396811139,-24.492122215
1349.811362358,745.441586879,-5.456599712,-24.511889994
1350.811223168,744.443515255,-5.516388285,-24.531657774
1351.811083978,743.445443631,-5.576176858,-24.551425553
1352.810944789,742.447372007,-5.635965430,-24.571193333
1353.810805595,741.449291426,-5.695604229,-24.589087990
1354.810666406,740.451207675,-5.755190014,-24.606319639
1355.810527216,739.453123923,-5.814775799,-24.623551288
1356.810388027,738.455040297,-5.874363672,-24.640783661
1357.810248837,737.456956716,-5.933952308,-24.658016298
1358.810109647,736.458873135,-5.993540943,-24.675248935
1359.809970458,735.460789554,-6.053129579,-24.692481572
1360.809831268,734.462705973,-6.112718214,-24.709714208
1361.809692079,733.464622392,-6.172306850,-24.726946845
1362.809552843,732.466548955,-6.232064385,-24.743560163
1363.809413653,731.468508133,-6.292364943,-24.758182341
1364.809274464,730.470467310,-6.352665500,-24.772804520
1365.809135274,729.472426488,-6.412966058,-24.787426698
1366.808996085,728.474385666,-6.473266615,-24.802048876
1367.808856895,727.476344843,-6.533567173,-24.816671054
1368.808717706,726.478304021,-6.593867730,-24.831293233
1369.808578516,725.480263199,-6.654168288,-24.845915411
1370.808439326,724.482222376,-6.714468846,-24.860537589
1371.808300137,723.484181554,-6.774769403,-24.875159768
1372.808160935,722.486125024,-6.834809216,-24.887858733
1373.808021745,721.488062858,-6.894755465,-24.899867584
1374.807882556,720.490000692,-6.954701714,-24.911876435
1375.807743366,719.491938526,-7.014647963,-24.923885286
1376.807604177,718.493876360,-7.074594212,-24.935894137
1377.807464987,717.495814194,-7.134540461,-24.947902988
1378.807325798,716.497752028,-7.194486710,-24.959911839
1379.807186608,715.499689862,-7.254432959,-24.971920691
1380.807047418,714.501627695,-7.314379208,-24.983929542
1381.806908050,713.503585583,-7.374655457,-24.995341360
1382.806768861,712.505608899,-7.436008359,-25.004805309
1383.806629671,711.507632216,-7.497361260,-25.014269258
1384.806490482,710.509655532,-7.558714162,-25.023733207
1385.806351292,709.511678848,-7.620067063,-25.033197157
1386.806212103,708.513702164,-7.681419965,-25.042661106
1387.806072913,707.515725480,-7.742772866,-25.052125055
1388.805933723,706.517748796,-7.804125768,-25.061589004
1389.805794534,705.519772112,-7.865478669,-25.071052954
1390.805655344,704.521795428,-7.926831571,-25.080516903
1391.805515712,703.523916088,-7.989740852,-25.088202703
1392.805376523,702.526072154,-8.053216243,-25.095241729
1393.805237333,701.528228221,-8.116691633,-25.102280755
1394.805098144,700.530384288,-8.180167023,-25.109319781
1395.804958954,699.532540355,-8.243642413,-25.116358807
1396.804819764,698.534696421,-8.307117803,-25.123397833
1397.804680575,697.536852488,-8.370593194,-25.130436859
1398.804541385,696.539008555,-8.434068584,-25.137475884
1399.804402196,695.541164622,-8.497543974,-25.144514910
1400.804261870,694.543374746,-8.561845856,-25.151095370
1401.804122681,693.545763851,-8.628884230,-25.156157528
1402.803983491,692.548152957,-8.695922605,-25.161219686
1403.803844302,691.550542063,-8.762960979,-25.166281844
1404.803705112,690.552931168,-8.829999354,-25.171344002
1405.803565922,689.555320274,-8.897037728,-25.176406160
1406.803426733,688.557709380,-8.964076103,-25.181468318
1407.803285312,687.560178992,-9.032269257,-25.186197293
1408.803146123,686.562917617,-9.104320554,-25.189809936
1409.803006933,685.565656257,-9.176372061,-25.193422471
1410.802867744,684.568394897,-9.248423567,-25.197035006
1411.802728554,683.571133536,-9.320475074,-25.200647541
1412.802589365,682.573872176,-9.392526580,-25.204260076
1413.802446614,681.576720574,-9.466033052,-25.207608177
1414.802307425,680.579936073,-9.544405879,-25.210071840
1415.802168235,679.583151573,-9.622778706,-25.212535503
1416.802029045,678.586367073,-9.701151533,-25.214999165
1417.801889856,677.589582572,-9.779524360,-25.217462828
1418.801745210,676.592946436,-9.859693809,-25.219723081
1419.801606020,675.596808450,-9.945895618,-25.221300362
1420.801466830,674.600670463,-10.032097427,-25.222877644
1421.801327641,673.604532476,-10.118299236,-25.224454925
1422.801181981,672.608571818,-10.206452906,-25.225862823
1423.801042792,671.613208431,-10.301180769,-25.226700211
1424.800903602,670.617845044,-10.395908633,-25.227537599
1425.800764413,669.622481657,-10.490636497,-25.228374987
1426.800618073,668.627322396,-10.587411431,-25.229051379
1427.800478884,667.632852758,-10.691102211,-25.229183861
1428.800339694,666.638383119,-10.794792991,-25.229316343
1429.800200504,665.643913480,-10.898483771,-25.229448825
1430.800054487,664.649660797,-11.004170040,-25.229421517
1431.799915297,663.656143340,-11.116618708,-25.228852707
1432.799776108,662.662625883,-11.229067376,-25.228283896
1433.799636918,661.669108426,-11.341516044,-25.227715086
1434.799497729,660.675590969,-11.453964713,-25.227146275
1435.799351572,659.682784288,-11.572466203,-25.226071703
1436.799212383,658.690244204,-11.693237978,-25.224807431
1437.799073193,657.697704120,-11.814009753,-25.223543158
1438.798934004,656.705164035,-11.934781529,-25.222278886
1439.798789089,655.712852541,-12.057370637,-25.220876270
1440.798649899,654.721321158,-12.186161767,-25.219001526
1441.798510709,653.729789774,-12.314952897,-25.217126783
1442.798371520,652.738258390,-12.443744027,-25.215252040
1443.798226249,651.746977569,-12.574403178,-25.213255800
1444.798087059,650.756554524,-12.711457298,-25.210843630
1445.797947870,649.766131479,-12.848511418,-25.208431461
1446.797808680,648.775708434,-12.985565539,-25.206019291
1447.797663338,647.785552711,-13.124493511,-25.203493810
1448.797524148,646.796315010,-13.269856543,-25.200579205
1449.797384959,645.807077309,-13.415219576,-25.197664599
1450.797245769,644.817839608,-13.560582609,-25.194749994
1451.797103055,643.828814371,-13.707360230,-25.191731196
1452.796963865,642.840521027,-13.859010841,-25.188353472
1453.796824676,641.852227684,-14.010661452,-25.184975749
1454.796685355,640.864547430,-14.166254171,-25.181599586
1455.796543216,639.877084391,-14.323201577,-25.178127319
1456.796404026,638.890337202,-14.484606738,-25.174322835
1457.796264837,637.903590013,-14.646011899,-25.170518350
1458.796125647,636.916842825,-14.807417060,-25.166713865
1459.795980565,635.930400750,-14.970640493,-25.162820963
1460.795841375,634.945016418,-15.140167358,-25.158621543
1461.795702186,633.959632085,-15.309694222,-25.154422123
1462.795562996,632.974247753,-15.479221087,-25.150222704
1463.795416937,631.989209104,-15.650705090,-25.145943452
1464.795277748,631.005372662,-15.828995572,-25.141386561
1465.795138558,630.021536220,-16.007286054,-25.136829669
1466.794999368,629.037699779,-16.185576536,-25.132272778
1467.794853417,628.054222962,-16.365802698,-25.127644051
1468.794714227,627.072000703,-16.552781505,-25.122764720
1469.794575038,626.089778444,-16.739760311,-25.117885389
1470.794435848,625.107556185,-16.926739118,-25.113006058
1471.794290254,624.125699753,-17.115595626,-25.108058581
1472.794151064,623.145123569,-17.311023326,-25.102872619
1473.794011875,622.164547384,-17.506451027,-25.097686656
1474.793872685,621.183971199,-17.701878728,-25.092500694
1475.793733496,620.203395014,-17.897306428,-25.087314732
1476.793587115,619.224037539,-18.098716941,-25.081926747
1477.793447925,618.245150180,-18.302435322,-25.076460833
1478.793308736,617.266262821,-18.506153702,-25.070994918
1479.793169546,616.287375462,-18.709872082,-25.065529003
1480.793025199,615.308843093,-18.915263737,-25.060010051
1481.792886010,614.331561941,-19.126553085,-25.054304157
1482.792746820,613.354280788,-19.337842434,-25.048598264
1483.792607631,612.376999635,-19.549131782,-25.042892370
1484.792468441,611.399718482,-19.760421130,-25.037186477
1485.792323290,610.423629347,-19.977123042,-25.031331250
1486.792184100,609.448002850,-20.195925644,-25.025418064
1487.792044911,608.472376353,-20.414728245,-25.019504879
1488.791905721,607.496749856,-20.633530846,-25.013591693
1489.791766532,606.521123359,-20.852333448,-25.007678508
1490.791621141,605.546753240,-21.076637062,-25.001647461
1491.791481952,604.572872407,-21.303083003,-24.995570515
1492.791342762,603.598991574,-21.529528943,-24.989493569
1493.791203573,602.625110741,-21.755974884,-24.983416622
1494.791058847,601.651635947,-21.984135778,-24.977313873
1495.790919658,600.679608341,-22.218409066,-24.971119159
1496.790780468,599.707580735,-22.452682354,-24.964924444
1497.790641278,598.735553129,-22.686955642,-24.958729730
1498.790502089,597.763525523,-22.921228930,-24.952535016
1499.790355884,596.792924118,-23.161313342,-24.946284439
1500.790216695,595.822881519,-23.403674636,-24.940011974
1501.790077505,594.852838920,-23.646035930,-24.933739509
1502.789938315,593.882796322,-23.888397224,-24.927467044
1503.789793581,592.913186583,-24.132461778,-24.921184894
1504.789654392,591.945130821,-24.382641080,-24.914867973
1505.789515202,590.977075060,-24.632820383,-24.908551052
1506.789376013,590.009019299,-24.882999685,-24.902234131
1507.789236823,589.040963537,-25.133178987,-24.895917210
1508.789091606,588.074311976,-25.388706572,-24.889591530
1509.788952416,587.108213962,-25.646342491,-24.883262397
1510.788813227,586.142115948,-25.903978411,-24.876933263
1511.788674037,585.176017934,-26.161614330,-24.870604130
1512.788534848,584.209919919,-26.419250250,-24.864274996
1513.788390367,583.245172597,-26.681878627,-24.857968555
1514.788251177,582.280959527,-26.946481719,-24.851671090
1515.788111988,581.316746458,-27.211084811,-24.845373625
1516.787972798,580.352533388,-27.475687903,-24.839076160
1517.787833609,579.388320318,-27.740290996,-24.832778695
1518.787694419,578.424107249,-28.004894088,-24.826481230
1519.787554003,577.460556117,-28.271892970,-24.820265440
1520.787414813,576.497267876,-28.539843347,-24.814082087
1521.787275623,575.533979634,-28.807793723,-24.807898735
1522.787136434,574.570691393,-29.075744099,-24.801715383
1523.786997244,573.607403151,-29.343694476,-24.795532030
1524.786858055,572.644114910,-29.611644852,-24.789348678
1525.786718865,571.680826669,-29.879595229,-24.783165326
1526.786579676,570.717538427,-30.147545605,-24.776981973
1527.786440486,569.754250186,-30.415495982,-24.770798621
1528.786300764,568.790818072,-30.682926601,-24.764665370
1529.786161574,567.826858854,-30.948452995,-24.758715675
1530.786022384,566.862899636,-31.213979390,-24.752765979
1531.785883195,565.898940418,-31.479505784,-24.746816284
1532.785744005,564.934981200,-31.745032178,-24.740866588
1533.785604816,563.971021981,-32.010558573,-24.734916893
1534.785465626,563.007062763,-32.276084967,-24.728967197
1535.785326436,562.043103545,-32.541611362,-24.723017502
1536.785187247,561.079144327,-32.807137756,-24.717067806
1537.785048057,560.115185109,-33.072664150,-24.711118111
1538.784908867,559.151215802,-33.338153915,-24.705392572
1539.784769678,558.187242436,-33.603628942,-24.699757219
1540.784630488,557.223269070,-33.869103969,-24.694121867
1541.784491299,556.259295704,-34.134578996,-24.688486514
1542.784352109,555.295322338,-34.400054023,-24.682851161
1543.784212920,554.331348973,-34.665529050,-24.677215809
1544.784073730,553.367375607,-34.931004077,-24.671580456
1545.783934540,552.403401865,-35.196477739,-24.665945691
1546.783795351,551.439427530,-35.461949248,-24.660311854
1547.783656161,550.475456713,-35.727433528,-24.654758900
1548.783516971,549.511498986,-35.992965337,-24.649506998
1549.783377782,548.547541260,-36.258497146,-24.644255096
1550.783238592,547.583583533,-36.524028955,-24.639003194
1551.783099403,546.619625806,-36.789560764,-24.633751292
1552.782960213,545.655668080,-37.055092573,-24.628499390
1553.782821023,544.691710353,-37.320624383,-24.623247487
1554.782681834,543.727752627,-37.586156192,-24.617995585
1555.782542644,542.763794900,-37.851688001,-24.612743683
1556.782403455,541.799837174,-38.117219810,-24.607491781
1557.782264249,540.835804946,-38.382480948,-24.602556177
1558.782125059,539.871742355,-38.647631775,-24.597749480
1559.781985870,538.907679764,-38.912782601,-24.592942783
1560.781846680,537.943617173,-39.177933428,-24.588136086
1561.781707491,536.979554582,-39.443084254,-24.583329389
1562.781568301,536.015491991,-39.708235081,-24.578522692
1563.781429112,535.051429400,-39.973385908,-24.573715995
1564.781289922,534.087366809,-40.238536734,-24.568909298
1565.781150732,533.123304218,-40.503687561,-24.564102601
1566.781011525,532.159267045,-40.768930722,-24.559402435
1567.780872336,531.195325996,-41.034523071,-24.555105139
1568.780733146,530.231384948,-41.300115420,-24.550807844
1569.780593957,529.267443900,-41.565707768,-24.546510548
1570.780454767,528.303502852,-41.831300117,-24.542213253
1571.780315578,527.339561803,-42.096892465,-24.537915957
1572.780176388,526.375620755,-42.362484814,-24.533618662
1573.780037198,525.411679707,-42.628077162,-24.529321366
1574.779898009,524.447738658,-42.893669511,-24.525024071
1575.779758819,523.483797610,-43.159261859,-24.520726775
1576.779619607,522.519945618,-43.425177130,-24.516833243
1577.779480417,521.556130390,-43.691225709,-24.513106392
1578.779341227,520.592315162,-43.957274289,-24.509379541
1579.779202038,519.628499934,-44.223322868,-24.505652691
1580.779062848,518.664684706,-44.489371447,-24.501925840
1581.778923659,517.700869478,-44.755420026,-24.498198989
1582.778784469,516.737054250,-45.021468606,-24.494472138
1583.778645279,515.773239022,-45.287517185,-24.490745288
1584.778506090,514.809423794,-45.553565764,-24.487018437
1585.778366900,513.845607669,-45.819611092,-24.483420023
1586.778227711,512.881788094,-46.085643923,-24.480315192
1587.778088521,511.917968519,-46.351676754,-24.477210361
1588.777949332,510.954148944,-46.617709585,-24.474105530
1589.777810142,509.990329369,-46.883742416,-24.471000699
1590.777670952,509.026509794,-47.149775247,-24.467895868
1591.777531763,508.062690219,-47.415808078,-24.464791037
1592.777392573,507.098870644,-47.681840909,-24.461686206
1593.777253384,506.135051069,-47.947873740,-24.458581374
1594.777114194,505.171231494,-48.213906571,-24.455476543
1595.776974995,504.207469807,-48.480149000,-24.452837795
1596.776835805,503.243732324,-48.746479064,-24.450393924
1597.776696615,502.279994840,-49.012809129,-24.447950052
1598.776557426,501.316257357,-49.279139193,-24.445506180
1599.776418236,500.352519873,-49.545469258,-24.443062308
1600.776279047,499.388782390,-49.811799322,-24.440618436
1601.776139857,498.425044907,-50.078129387,-24.438174564
1602.776000668,497.461307423,-50.344459451,-24.435730692
1603.775861478,496.497569940,-50.610789516,-24.433286820
1604.775722288,495.533833094,-50.877121887,-24.430982617
1605.775583099,494.570098738,-51.143463269,-24.429223915
1606.775443909,493.606364382,-51.409804650,-24.427465213
1607.775304720,492.642630026,-51.676146032,-24.425706510
1608.775165530,491.678895670,-51.942487413,-24.423947808
1609.775026340,490.715161314,-52.208828794,-24.422189106
1610.774887151,489.751426958,-52.475170175,-24.420430404
1611.774747961,488.787692602,-52.741511557,-24.418671701
1612.774608772,487.823958246,-53.007852938,-24.416912999
1613.774469582,486.860223890,-53.274194320,-24.415154297
1614.774330393,485.896484232,-53.540516514,-24.413882855
1615.774191203,484.932742329,-53.806830584,-24.412817741
1616.774052013,483.969000425,-54.073144654,-24.411752627
1617.773912824,483.005258522,-54.339458723,-24.410687512
1618.773773634,482.041516618,-54.605772793,-24.409622398
1619.773634445,481.077774715,-54.872086863,-24.408557284
1620.773495255,480.114032812,-55.138400933,-24.407492170
1621.773356065,479.150290908,-55.404715003,-24.406427055
1622.773216876,478.186549005,-55.671029073,-24.405361941
1623.773077682,477.222795137,-55.937299827,-24.404434678
1624.772938493,476.258993766,-56.203398602,-24.404054731
1625.772799303,475.295192396,-56.469497378,-24.403674784
1626.772660114,474.331391025,-56.735596154,-24.403294837
1627.772520924,473.367589655,-57.001694930,-24.402914889
1628.772381734,472.403788284,-57.267793705,-24.402534942
1629.772242545,471.439986914,-57.533892481,-24.402154995
1630.772103355,470.476185543,-57.799991257,-24.401775048
1631.771964166,469.512384173,-58.066090032,-24.401395101
1632.771824976,468.548582802,-58.332188808,-24.401015153
1633.771685759,467.584877044,-58.598633540,-24.401101368
1634.771546569,466.621212286,-58.865226628,-24.401387488
1635.771407380,465.657547528,-59.131819717,-24.401673607
1636.771268190,464.693882770,-59.398412805,-24.401959726
1637.771129001,463.730218168,-59.665006457,-24.402244789
1638.770989811,462.766553640,-59.931600374,-24.402529356
1639.770850621,461.802889111,-60.198194290,-24.402813922
1640.770711432,460.839224582,-60.464788207,-24.403098489
1641.770572242,459.875560053,-60.731382123,-24.403383056
1642.770433043,458.911913733,-60.998041815,-24.403792928
1643.770293854,457.948340912,-61.264967007,-24.404708590
1644.770154664,456.984768091,-61.531892199,-24.405624253
1645.770015475,456.021195269,-61.798817391,-24.406539915
1646.769876285,455.057622448,-62.065742583,-24.407455577
1647.769737095,454.094049626,-62.332667775,-24.408371239
1648.769597906,453.130476805,-62.599592967,-24.409286901
1649.769458716,452.166903984,-62.866518158,-24.410202564
1650.769319527,451.203331162,-63.133443350,-24.411118226
1651.769180337,450.239758341,-63.400368542,-24.412033888
1652.769041143,449.276147332,-63.667155828,-24.413358292
1653.768901953,448.312519741,-63.933883228,-24.414860188
1654.768762764,447.348892150,-64.200610629,-24.416362084
1655.768623574,446.385264559,-64.467338029,-24.417863980
1656.768484385,445.421636968,-64.734065430,-24.419365876
1657.768345195,444.458009378,-65.000792830,-24.420867772
1658.768206006,443.494381787,-65.267520231,-24.422369668
1659.768066816,442.530754196,-65.534247631,-24.423871564
1660.767927626,441.567126605,-65.800975032,-24.425373460
1661.767788431,440.603485173,-66.067652402,-24.426979895
1662.767649242,439.639786932,-66.334124429,-24.429015400
1663.767510052,438.676088691,-66.600596456,-24.431050904
1664.767370863,437.712390451,-66.867068482,-24.433086409
1665.767231673,436.748692210,-67.133540509,-24.435121914
1666.767092483,435.784993969,-67.400012535,-24.437157419
1667.766953294,434.821295728,-67.666484562,-24.439192924
1668.766814104,433.857597487,-67.932956588,-24.441228429
1669.766674915,432.893899247,-68.199428615,-24.443263934
1670.766535725,431.930201006,-68.465900642,-24.445299438
1671.766396530,430.966462427,-68.732226724,-24.447664641
1672.766257341,430.002706112,-68.998488633,-24.450174818
1673.766118151,429.038949796,-69.264750542,-24.452684995
1674.765978962,428.075193480,-69.531012451,-24.455195172
1675.765839772,427.111437165,-69.797274360,-24.457705349
1676.765700583,426.147680849,-70.063536269,-24.460215525
1677.765561393,425.183924533,-70.329798178,-24.462725702
1678.765422203,424.220168217,-70.596060087,-24.465235879
1679.765283014,423.256411902,-70.862321996,-24.467746056
1680.765143762,422.292609759,-71.128417743,-24.470337187
1681.765004573,421.328616316,-71.393819855,-24.473266254
1682.764865383,420.364622873,-71.659221968,-24.476195321
1683.764726193,419.400629429,-71.924624080,-24.479124388
1684.764587004,418.436635986,-72.190026193,-24.482053455
1685.764447814,417.472642542,-72.455428305,-24.484982522
1686.764308625,416.508649099,-72.720830418,-24.487911590
1687.764169435,415.544655656,-72.986232530,-24.490840657
1688.764030246,414.580662212,-73.251634643,-24.493769724
1689.763891056,413.616668769,-73.517036755,-24.496698791
1690.763751854,412.652739128,-73.782670454,-24.499877649
1691.763612664,411.688837893,-74.048407257,-24.503167718
1692.763473474,410.724936657,-74.314144061,-24.506457787
1693.763334285,409.761035422,-74.579880864,-24.509747856
1694.763195095,408.797134187,-74.845617668,-24.513037924
1695.763055906,407.833232951,-75.111354472,-24.516327993
1696.762916716,406.869331716,-75.377091275,-24.519618062
1697.762777527,405.905430481,-75.642828079,-24.522908131
1698.762638337,404.941529245,-75.908564882,-24.526198200
1699.762499118,403.977659276,-76.174414960,-24.529547051
1700.762359928,403.013922064,-76.440746008,-24.533145499
1701.762220739,402.050184853,-76.707077057,-24.536743947
1702.762081549,401.086447641,-76.973408105,-24.540342395
1703.761942360,400.122710430,-77.239739153,-24.543940842
1704.761803170,399.158973218,-77.506070202,-24.547539290
1705.761663981,398.195236007,-77.772401250,-24.551137738
1706.761524791,397.231498795,-78.038732298,-24.554736186
1707.761385601,396.267761584,-78.305063347,-24.558334634
1708.761246412,395.304024372,-78.571394395,-24.561933081
1709.761107181,394.340401649,-78.838139225,-24.565707819
1710.760967991,393.376830531,-79.105070565,-24.569562018
1711.760828802,392.413259413,-79.372001906,-24.573416217
1712.760689612,391.449688295,-79.638933247,-24.577270416
1713.760550422,390.486117177,-79.905864588,-24.581124616
1714.760411233,389.522546059,-80.172795929,-24.584978815
1715.760272043,388.558974941,-80.439727270,-24.588833014
1716.760132854,387.595403823,-80.706658610,-24.592687213
1717.759993664,386.631832705,-80.973589951,-24.596541413
1718.759854392,385.668209624,-81.240333339,-24.600433993
1719.759715203,384.704362072,-81.506264790,-24.604492378
1720.759576013,383.740514520,-81.772196242,-24.608550762
1721.759436824,382.776666968,-82.038127693,-24.612609146
1722.759297634,381.812819416,-82.304059145,-24.616667530
1723.759158444,380.848971865,-82.569990596,-24.620725914
1724.759019255,379.885124313,-82.835922048,-24.624784298
1725.758880065,378.921276761,-83.101853500,-24.628842683
1726.758740876,377.957429209,-83.367784951,-24.632901067
1727.758601686,376.993581657,-83.633716403,-24.636959451
1728.758462497,376.029736478,-83.899656454,-24.641120005
1729.758323307,375.065892382,-84.165600429,-24.645327183
1730.758184117,374.102048285,-84.431544405,-24.649534360
1731.758044928,373.138204189,-84.697488380,-24.653741538
1732.757905738,372.174360022,-84.963432099,-24.657949473
1733.757766549,371.210515819,-85.229375691,-24.662157786
1734.757627359,370.246671617,-85.495319283,-24.666366100
1735.757488169,369.282827415,-85.761262874,-24.670574413
1736.757348980,368.318983212,-86.027206466,-24.674782726
1737.757209763,367.355109267,-86.293042135,-24.679006555
1738.757070573,366.391104577,-86.558403393,-24.683298590
1739.756931384,365.427099887,-86.823764651,-24.687590625
1740.756792194,364.463095196,-87.089125909,-24.691882660
1741.756653004,363.499090506,-87.354487167,-24.696174695
1742.756513815,362.535085816,-87.619848425,-24.700466729
1743.756374625,361.571081126,-87.885209684,-24.704758764
1744.756235436,360.607076435,-88.150570942,-24.709050799
1745.756096246,359.643071745,-88.415932200,-24.713342834
1746.755957057,358.679067055,-88.681293458,-24.717634869
1747.755817821,357.715180484,-88.947083276,-24.721931942
1748.755678632,356.751348481,-89.213071077,-24.726231343
1749.755539442,355.787516478,-89.479058877,-24.730530744
1750.755400253,354.823684475,-89.745046678,-24.734830145
1751.755261063,353.859852472,-90.011034479,-24.739129546
1752.755121873,352.896020469,-90.277022280,-24.743428947
1753.754982684,351.932188466,-90.543010080,-24.747728348
1754.754843494,350.968356463,-90.808997881,-24.752027748
1755.754704305,350.004524459,-91.074985682,-24.756327149
1756.754565112,349.040683180,-91.340939857,-24.760611746
1757.754425923,348.076800401,-91.606743595,-24.764830106
1758.754286733,347.112917621,-91.872547333,-24.769048466
1759.754147544,346.149034841,-92.138351071,-24.773266827
1760.754008354,345.185152061,-92.404154809,-24.777485187
1761.753869164,344.221269282,-92.669958547,-24.781703548
1762.753729975,343.257386502,-92.935762285,-24.785921908
1763.753590785,342.293503722,-93.201566023,-24.790140269
1764.753451596,341.329620942,-93.467369761,-24.794358629
1765.753312406,340.365738163,-93.733173499,-24.798576990
1766.753173216,339.401848910,-93.998953763,-24.802677026
1767.753034027,338.437956631,-94.264723050,-24.806721727
1768.752894837,337.474064351,-94.530492337,-24.810766429
1769.752755648,336.510172072,-94.796261624,-24.814811130
1770.752616458,335.546279792,-95.062030911,-24.818855832
1771.752477269,334.582387513,-95.327800197,-24.822900533
1772.752338079,333.618495233,-95.593569484,-24.826945235
1773.752198889,332.654602954,-95.859338771,-24.830989937
1774.752059700,331.690710674,-96.125108058,-24.835034638
1775.751920505,330.726830861,-96.390922535,-24.839031588
1776.751781316,329.763007823,-96.656942816,-24.842811062
1777.751642126,328.799184784,-96.922963098,-24.846590536
1778.751502936,327.835361745,-97.188983380,-24.850370010
1779.751363747,326.871538707,-97.455003661,-24.854149484
1780.751224557,325.907715668,-97.721023943,-24.857928958
1781.751085368,324.943892629,-97.987044225,-24.861708432
1782.750946178,323.980069590,-98.253064507,-24.865487907
1783.750806989,323.016246552,-98.519084788,-24.869267381
1784.750667799,322.052423513,-98.785105070,-24.873046855
1785.750528606,321.088567757,-99.051006772,-24.876588452
1786.750389416,320.124696515,-99.316852343,-24.880017449
1787.750250227,319.160825272,-99.582697915,-24.883446445
1788.750111037,318.196954029,-99.848543486,-24.886875442
1789.749971848,317.233082787,-100.114389057,-24.890304438
1790.749832658,316.269211544,-100.380234628,-24.893733435
1791.749693468,315.305340301,-100.646080200,-24.897162431
1792.749554279,314.341469059,-100.911925771,-24.900591428
1793.749415089,313.377597816,-101.177771342,-24.904020424
1794.749275899,312.413724466,-101.443609274,-24.907372682
1795.749136710,311.449841347,-101.709411781,-24.910369105
1796.748997520,310.485958228,-101.975214287,-24.913365528
1797.748858331,309.522075109,-102.241016794,-24.916361951
1798.748719141,308.558191989,-102.506819301,-24.919358374
1799.748579952,307.594308870,-102.772621808,-24.922354797
1800.748440762,306.630425751,-103.038424315,-24.925351220
1801.748301572,305.666542631,-103.304226821,-24.928347643
1802.748162383,304.702659512,-103.570029328,-24.931344066
1803.748023193,303.738776393,-103.835831835,-24.934340489
1804.747884004,302.774887494,-104.101613380,-24.936993234
1805.747744814,301.810995825,-104.367384883,-24.939481311
1806.747605624,300.847104156,-104.633156385,-24.941969388
1807.747466435,299.883212488,-104.898927887,-24.944457465
1808.747327245,298.919320819,-105.164699389,-24.946945542
1809.747188056,297.955429150,-105.430470891,-24.949433619
1810.747048866,296.991537482,-105.696242393,-24.951921695
1811.746909677,296.027645813,-105.962013895,-24.954409772
1812.746770487,295.063754144,-106.227785397,-24.956897849
1813.746631290,294.099877045,-106.493609706,-24.959284582
1814.746492101,293.136068745,-106.759683384,-24.961192738
1815.746352911,292.172260446,-107.025757061,-24.963100894
1816.746213722,291.208452146,-107.291830739,-24.965009049
1817.746074532,290.244643847,-107.557904416,-24.966917205
1818.745935342,289.280835547,-107.823978094,-24.968825361
1819.745796153,288.317027248,-108.090051772,-24.970733517
1820.745656963,287.353218948,-108.356125449,-24.972641673
1821.745517774,286.389410649,-108.622199127,-24.974549829
1822.745378584,285.425602349,-108.888272804,-24.976457985
1823.745239155,284.462059474,-109.155305176,-24.977933816
1824.745099965,283.498645525,-109.422803220,-24.979201511
1825.744960775,282.535231690,-109.690301675,-24.980470002
1826.744821586,281.571817855,-109.957800130,-24.981738494
1827.744682396,280.608404021,-110.225298584,-24.983006985
1828.744543207,279.644990186,-110.492797039,-24.984275477
1829.744404017,278.681576351,-110.760295494,-24.985543968
1830.744264827,277.718162516,-111.027793948,-24.986812460
1831.744125638,276.754748682,-111.295292403,-24.988080951
1832.743986445,275.791345494,-111.562829188,-24.989231113
1833.743847255,274.827993523,-111.830550349,-24.989812084
1834.743708065,273.864641552,-112.098271510,-24.990393056
1835.743568876,272.901289581,-112.365992671,-24.990974028
1836.743429686,271.937937610,-112.633713832,-24.991554999
1837.743290497,270.974585639,-112.901434993,-24.992135971
1838.743151307,270.011233668,-113.169156155,-24.992716943
1839.743012117,269.047881697,-113.436877316,-24.993297915
1840.742872928,268.084529726,-113.704598477,-24.993878886
1841.742733738,267.121177755,-113.972319638,-24.994459858
1842.742594529,266.157750787,-114.239770717,-24.994561460
1843.742455340,265.194287012,-114.507089243,-24.994427794
1844.742316150,264.230823237,-114.774407769,-24.994294129
1845.742176961,263.267359462,-115.041726295,-24.994160463
1846.742037771,262.303895687,-115.309044821,-24.994026797
1847.741898582,261.340431912,-115.576363348,-24.993893132
1848.741759392,260.376968137,-115.843681874,-24.993759466
1849.741620202,259.413504362,-116.111000400,-24.993625800
1850.741481013,258.450040587,-116.378318926,-24.993492135
1851.741341761,257.486534392,-116.645484284,-24.993235399
1852.741202572,256.522820302,-116.911898985,-24.992375519
1853.741063382,255.559106212,-117.178313687,-24.991515638
1854.740924193,254.595392123,-117.444728389,-24.990655758
1855.740785003,253.631678033,-117.711143091,-24.989795877
1856.740645813,252.667963943,-117.977557793,-24.988935997
1857.740506624,251.704249853,-118.243972494,-24.988076116
1858.740367434,250.740535763,-118.510387196,-24.987216236
1859.740228245,249.776821673,-118.776801898,-24.986356355
1860.740089055,248.813107584,-119.043216600,-24.985496475
1861.739949836,247.849302144,-119.309300526,-24.984164738
1862.739810647,246.885451333,-119.575220165,-24.982598641
1863.739671457,245.921600522,-119.841139804,-24.981032545
1864.739532268,244.957749711,-120.107059443,-24.979466448
1865.739393078,243.993898900,-120.372979081,-24.977900352
1866.739253888,243.030048089,-120.638898720,-24.976334255
1867.739114699,242.066197278,-120.904818359,-24.974768159
1868.738975509,241.102346467,-121.170737998,-24.973202062
1869.738836320,240.138495656,-121.436657636,-24.971635966
1870.738697114,239.174623696,-121.702500550,-24.969961189
1871.738557925,238.210646110,-121.967960251,-24.967743602
1872.738418735,237.246668523,-122.233419953,-24.965526014
1873.738279545,236.282690937,-122.498879654,-24.963308427
1874.738140356,235.318713351,-122.764339356,-24.961090840
1875.738001166,234.354735764,-123.029799057,-24.958873252
1876.737861977,233.390758178,-123.295258759,-24.956655665
1877.737722787,232.426780591,-123.560718460,-24.954438077
1878.737583598,231.462803005,-123.826178162,-24.952220490
1879.737444408,230.498825419,-124.091637863,-24.950002902
1880.737305042,229.535070740,-124.357905036,-24.947415489
1881.737165852,228.571428102,-124.624578067,-24.944642191
1882.737026663,227.607785463,-124.891251098,-24.941868893
1883.736887473,226.644142825,-125.157924129,-24.939095594
1884.736748284,225.680500186,-125.424597160,-24.936322296
1885.736609094,224.716857548,-125.691270191,-24.933548998
1886.736469905,223.753214909,-125.957943222,-24.930775700
1887.736330715,222.789572271,-126.224616253,-24.928002402
1888.736191525,221.825929632,-126.491289284,-24.925229103
1889.736052233,220.862233464,-126.757768419,-24.922393046
1890.735913043,219.898264779,-127.023260442,-24.919237483
1891.735773854,218.934296093,-127.288752465,-24.916081921
1892.735634664,217.970327408,-127.554244488,-24.912926359
1893.735495475,217.006358723,-127.819736511,-24.909770797
1894.735356285,216.042390038,-128.085228534,-24.906615235
1895.735217095,215.078421353,-128.350720557,-24.903459672
1896.735077906,214.114452668,-128.616212580,-24.900304110
1897.734933660,213.149313851,-128.877399476,-24.897026543
1898.734794471,212.183580630,-129.136399446,-24.893686999
1899.734655281,211.217847408,-129.395399416,-24.890347455
1900.734516092,210.252114186,-129.654399386,-24.887007912
1901.734372438,209.286045191,-129.912126784,-24.883655367
1902.734233249,208.318245969,-130.163296660,-24.880235827
1903.734094059,207.350446747,-130.414466535,-24.876816287
1904.733954870,206.382647525,-130.665636410,-24.873396747
1905.733811130,205.414520423,-130.915521294,-24.869971946
1906.733671941,204.444697059,-131.158758387,-24.866519925
1907.733532751,203.474873696,-131.401995480,-24.863067904
1908.733393561,202.505050332,-131.645232573,-24.859615883
1909.733249357,201.534894757,-131.887120508,-24.856164956
1910.733110167,200.563013465,-132.122000039,-24.852719710
1911.732970978,199.591132173,-132.356879570,-24.849274463
1912.732831788,198.619250881,-132.591759101,-24.845829216
1913.732683227,197.645976620,-132.820757165,-24.842410406
1914.732544038,196.671987817,-133.046738253,-24.839005158
1915.732404848,195.697999014,-133.272719341,-24.835599909
1916.732259185,194.723662202,-133.497166379,-24.832205662
1917.732119996,193.747504797,-133.713588099,-24.828868968
1918.731980806,192.771347392,-133.930009818,-24.825532274
1919.731841616,191.795189987,-134.146431537,-24.822195581
1920.731689222,190.817520799,-134.355855013,-24.818927825
1921.731550032,189.839072830,-134.561673411,-24.815695582
1922.731410843,188.860624861,-134.767491808,-24.812463338
1923.731262978,187.881814296,-134.971536335,-24.809254479
1924.731123788,186.901089138,-135.166215057,-24.806141571
1925.730984599,185.920363980,-135.360893779,-24.803028662
1926.730835695,184.939276837,-135.553689609,-24.799936967
1927.730696505,183.956276952,-135.736536179,-24.796957369
1928.730557316,182.973277068,-135.919382748,-24.793977771
1929.730407140,181.989917716,-136.100225377,-24.791020391
1930.730267951,181.004653164,-136.270447001,-24.788180766
1931.730128761,180.019388611,-136.440668625,-24.785341140
1932.729970232,179.032710036,-136.602373159,-24.782593677
1933.729831042,178.045297816,-136.759658722,-24.779894030
1934.729679224,177.057557888,-136.914791639,-24.777219040
1935.729540034,176.068072507,-137.058459033,-24.774675377
1936.729400845,175.078587125,-137.202126426,-24.772131713
1937.729240416,174.087865055,-137.336844454,-24.769693272
1938.729101227,173.096499465,-137.466905627,-24.767309582
1939.728950421,172.104876570,-137.594899547,-24.764953596
1940.728811231,171.111876404,-137.711828211,-24.762745894
1941.728672042,170.118876239,-137.828756875,-24.760538192
1942.728515755,169.124979084,-137.937641661,-24.758448745
1943.728376566,168.130613798,-138.042328421,-24.756421014
1944.728227568,167.136060168,-138.145115120,-24.754424837
1945.728088379,166.140493300,-138.237679965,-24.752598413
1946.727949189,165.144926432,-138.330244811,-24.750771989
1947.727800295,164.149195451,-138.420920322,-24.748981520
1948.727661105,163.152578921,-138.501400957,-24.747385070
1949.727521916,162.155962392,-138.581881592,-24.745788620
1950.727373560,161.159208567,-138.660527147,-24.744228030
1951.727234371,160.161711607,-138.729239990,-24.742861546
1952.727095181,159.164214646,-138.797952832,-24.741495062
1953.726946436,158.166600054,-138.864793366,-24.740163310
1954.726807247,157.168346811,-138.921468786,-24.739020127
1955.726668057,156.170093568,-138.978144207,-24.737876944
1956.726519197,155.171744937,-139.032937582,-24.736768923
1957.726380007,154.172876869,-139.077482184,-24.735852379
1958.726240818,153.174008800,-139.122026786,-24.734935834
1959.726092288,152.175069389,-139.164723580,-24.734053330
1960.725953098,151.175740293,-139.197327223,-24.733356757
1961.725813909,150.176411197,-139.229930866,-24.732660184
1962.725665994,149.177034225,-139.260750681,-24.731995504
1963.725526805,148.177394936,-139.281796628,-24.731505570
1964.725387615,147.177755647,-139.302842575,-24.731015636
1965.725240727,146.178090227,-139.322215095,-24.730557511
1966.725101537,145.178281192,-139.332390209,-24.730274217
1967.724962348,144.178472157,-139.342565323,-24.729990922
1968.724815976,143.178655181,-139.351126505,-24.729738840
1969.724676787,142.178794427,-139.350789478,-24.729658851
1970.724537597,141.178933674,-139.350452451,-24.729578862
1971.724398408,140.179072920,-139.350115423,-24.729498872
1972.724246954,139.179249807,-139.342983991,-24.673482582
1973.724107732,138.179444072,-139.332492716,-24.646891904
1974.723968542,137.179635591,-139.322263196,-24.682312516
1975.723829352,136.179827111,-139.312033676,-24.717733129
1976.723681006,135.180104973,-139.295940940,-24.730284695
1977.723541817,134.180428814,-139.276725910,-24.730657976
1978.723402627,133.180752655,-139.257510879,-24.731031258
1979.723263437,132.181076496,-139.238295849,-24.731404540
1980.723120840,131.181425586,-139.217976299,-24.731820955
1981.722981650,130.181915653,-139.191489844,-24.732478198
1982.722842461,129.182405719,-139.165003388,-24.733135441
1983.722703271,128.182895785,-139.138516933,-24.733792683
1984.722564082,127.183385851,-139.112030477,-24.734449926
1985.722424892,126.183875917,-139.085544021,-24.735107168
1986.722285702,125.184365983,-139.059057566,-24.735764411
1987.722146513,124.184856049,-139.032571110,-24.736421653
1988.722006839,123.185383109,-139.004741063,-24.737292988
1989.721867649,122.185930011,-138.976190285,-24.738279167
1990.721728459,121.186476914,-138.947639506,-24.739265345
1991.721589270,120.187023817,-138.919088728,-24.740251524
1992.721450080,119.187570720,-138.890537949,-24.741237702
1993.721310891,118.188117623,-138.861987171,-24.742223881
1994.721171701,117.188664526,-138.833436393,-24.743210059
1995.721032512,116.189211429,-138.804885614,-24.744196238
1996.720893322,115.189758332,-138.776334836,-24.745182416
1997.720754129,114.190306293,-138.747747187,-24.746210460
1998.720614939,113.190860269,-138.718949850,-24.747476601
1999.720475749,112.191414246,-138.690152514,-24.748742742
2000.720336560,111.191968222,-138.661355177,-24.750008882
2001.720197370,110.192522199,-138.632557840,-24.751275023
2002.720058181,109.193076176,-138.603760504,-24.752541164
2003.719918991,108.193630152,-138.574963167,-24.753807304
2004.719779802,107.194184129,-138.546165830,-24.755073445
2005.719640612,106.194738106,-138.517368494,-24.756339586
2006.719501422,105.195292082,-138.488571157,-24.757605726
2007.719362119,104.195827748,-138.460420550,-24.759008315
2008.719222930,103.196353476,-138.432620905,-24.760484951
2009.719083740,102.196879204,-138.404821259,-24.761961587
2010.718944550,101.197404932,-138.377021613,-24.763438223
2011.718805361,100.197930661,-138.349221968,-24.764914859
2012.718666171,99.198456389,-138.321422322,-24.766391495
2013.718526982,98.198982117,-138.293622677,-24.767868131
2014.718387792,97.199507845,-138.265823031,-24.769344766
2015.718248603,96.200033573,-138.238023386,-24.770821402
2016.718109365,95.200555799,-138.210351684,-24.772321119
2017.717970176,94.201057682,-138.183423001,-24.773954875
2018.717830986,93.201559564,-138.156494318,-24.775588631
2019.717691797,92.202061447,-138.129565635,-24.777222387
2020.717552607,91.202563352,-138.102636127,-24.778856861
2021.717413417,90.203065272,-138.075706061,-24.780491820
2022.717274228,89.203567192,-138.048775995,-24.782126780
2023.717135038,88.204069113,-138.021845930,-24.783761739
2024.716995849,87.204571033,-137.994915864,-24.785396699
2025.716856659,86.205072953,-137.967985798,-24.787031658
2026.716717467,85.205572415,-137.941147205,-24.788742427
2027.716578278,84.206070527,-137.914358830,-24.790494814
2028.716439088,83.206568640,-137.887570455,-24.792247202
2029.716299899,82.207066752,-137.860782080,-24.793999589
2030.716160709,81.207564865,-137.833993705,-24.795751977
2031.716021519,80.208062977,-137.807205330,-24.797504364
2032.715882330,79.208561089,-137.780416955,-24.799256752
2033.715743140,78.209059202,-137.753628580,-24.801009140
2034.715603951,77.209557314,-137.726840205,-24.802761527
2035.715464189,76.210067863,-137.699612792,-24.804526516
2036.715324999,75.210652182,-137.669780966,-24.806366261
2037.715185810,74.211236502,-137.639949141,-24.808206006
2038.715046620,73.211820821,-137.610117315,-24.810045750
2039.714907430,72.212405141,-137.580285490,-24.811885495
2040.714768241,71.212989460,-137.550453664,-24.813725239
2041.714629051,70.213573780,-137.520621839,-24.815564984
2042.714489862,69.214158099,-137.490790013,-24.817404728
2043.714350672,68.214742419,-137.460958188,-24.819244473
2044.714211483,67.215326738,-137.431126362,-24.821084218
2045.714072016,66.215941614,-137.400296819,-24.822965240
2046.713932827,65.216573460,-137.368913182,-24.824869186
2047.713793637,64.217205306,-137.337529545,-24.826773131
2048.713654448,63.217837152,-137.306145908,-24.828677077
2049.713515258,62.218468998,-137.274762271,-24.830581023
2050.713376068,61.219100844,-137.243378634,-24.832484969
2051.713236879,60.219732689,-137.211994998,-24.834388915
2052.713097689,59.220364535,-137.180611361,-24.836292861
2053.712958500,58.220996381,-137.149227724,-24.838196807
2054.712818697,57.221643062,-137.117394466,-24.840107142
2055.712679507,56.222379659,-137.082835921,-24.842056207
2056.712540318,55.223116257,-137.048277376,-24.844005273
2057.712401128,54.223852855,-137.013718831,-24.845954338
2058.712261938,53.224589452,-136.979160286,-24.847903403
2059.712122749,52.225326050,-136.944601740,-24.849852469
2060.711983559,51.226062648,-136.910043195,-24.851801534
2061.711844370,50.226799245,-136.875484650,-24.853750600
2062.711701911,49.227662912,-136.837515053,-24.855718239
2063.711562721,48.228597874,-136.797631613,-24.857696299
2064.711423532,47.229532835,-136.757748172,-24.859674359
2065.711284342,46.230467796,-136.717864732,-24.861652419
2066.711145153,45.231402758,-136.677981292,-24.863630480
2067.711005963,44.232337719,-136.638097852,-24.865608540
2068.710862042,43.233449316,-136.594119037,-24.867599179
2069.710722852,42.234660374,-136.547834149,-24.869596901
2070.710583663,41.235871433,-136.501549261,-24.871594623
2071.710444473,40.237082492,-136.455264373,-24.873592345
2072.710305284,39.238293550,-136.408979485,-24.875590067
2073.710160380,38.239728625,-136.358202480,-24.877595461
2074.710021191,37.241290222,-136.304888357,-24.879605188
2075.709882001,36.242851819,-136.251574234,-24.881614915
2076.709742812,35.244413416,-136.198260111,-24.883624642
2077.709603622,34.245975013,-136.144945988,-24.885634369
2078.709458370,33.247800035,-136.087013010,-24.887649317
2079.709319180,32.249774277,-136.026463642,-24.889667221
2080.709179991,31.251748519,-135.965914274,-24.891685126
2081.709040801,30.253722760,-135.905364906,-24.893703030
2082.708901611,29.255697002,-135.844815538,-24.895720935
2083.708759921,28.257728237,-135.783374635,-24.897738666
2084.708620731,27.260116597,-135.716347367,-24.899755311
2085.708481542,26.262504956,-135.649320098,-24.901771956
2086.708342352,25.264893316,-135.582292829,-24.903788601
2087.708203163,24.267281675,-135.515265561,-24.905805247
2088.708063973,23.269670034,-135.448238292,-24.907821892
2089.707924784,22.272058394,-135.381211023,-24.909838537
2090.707783751,21.274622190,-135.311648292,-24.911833684
2091.707644562,20.277286076,-135.240639024,-24.913816567
2092.707505372,19.279949962,-135.169629756,-24.915799449
2093.707366182,18.282613848,-135.098620488,-24.917782332
2094.707226993,17.285277734,-135.027611220,-24.919765215
2095.707087803,16.287941620,-134.956601952,-24.921748097
2096.706948614,15.290605506,-134.885592684,-24.923730980
2097.706809424,14.293269392,-134.814583416,-24.925713862
2098.706670235,13.295933278,-134.743574149,-24.927696745
2099.706530781,12.298617896,-134.672278003,-24.929665946
2100.706391591,11.301434883,-134.599150182,-24.931547790
2101.706252402,10.304251870,-134.526022361,-24.933429634
2102.706113212,9.307068856,-134.452894540,-24.935311479
2103.705974022,8.309885843,-134.379766720,-24.937193323
2104.705834833,7.312702830,-134.306638899,-24.939075167
2105.705695643,6.315519816,-134.233511078,-24.940957011
2106.705556454,5.318336803,-134.160383257,-24.942838856
2107.705417264,4.321153790,-134.087255436,-24.944720700
2108.705278075,3.323970776,-134.014127616,-24.946602544
2109.705136452,2.327006771,-133.938104288,-24.948388441
2110.704997262,1.330169144,-133.860410102,-24.950118972
2111.704858073,0.333331518,-133.782715917,-24.951849502
2112.704718883,-0.663506109,-133.705021731,-24.953580033
2113.704579694,-1.660343735,-133.627327546,-24.955310564
2114.704440504,-2.657181362,-133.549633361,-24.957041094
2115.704298667,-3.653945863,-133.471040248,-24.958750241
2116.704159478,-4.650234487,-133.386597271,-24.960320234
2117.704020288,-5.646523112,-133.302154293,-24.961890226
2118.703881099,-6.642811737,-133.217711316,-24.963460218
2119.703741909,-7.639100258,-133.133267115,-24.965033796
2120.703598323,-8.635285783,-133.047667767,-24.966588928
2121.703459133,-9.630797526,-132.954511931,-24.968006235
2122.703319944,-10.626309269,-132.861356094,-24.969423543
2123.703180754,-11.621821012,-132.768200258,-24.970840850
2124.703036203,-12.617207655,-132.673773843,-24.972238507
2125.702897013,-13.611771432,-132.570989925,-24.973506905
2126.702757824,-14.606335209,-132.468206006,-24.974775304
2127.702618634,-15.600898986,-132.365422088,-24.976043702
2128.702466136,-16.594732625,-132.255924488,-24.977212883
2129.702326946,-17.588140185,-132.142509057,-24.978324165
2130.702187757,-18.581547745,-132.029093625,-24.979435447
2131.702041295,-19.574779034,-131.914208004,-24.980523895
2132.701902106,-20.566841290,-131.789572053,-24.981460911
2133.701762916,-21.558903546,-131.664936103,-24.982397926
2134.701623727,-22.550965802,-131.540300153,-24.983334942
2135.701470302,-23.542120965,-131.408753140,-24.984147665
2136.701331112,-24.532744648,-131.273156832,-24.984887565
2137.701191922,-25.523368331,-131.137560524,-24.985627464
2138.701045771,-26.513788421,-131.000535838,-24.986339866
2139.700906581,-27.502846903,-130.853958356,-24.986868368
2140.700767392,-28.491905386,-130.707380875,-24.987396870
2141.700628202,-29.480963869,-130.560803394,-24.987925372
2142.700474794,-30.468965213,-130.407354541,-24.988309980
2143.700335604,-31.456344674,-130.249863459,-24.988609939
2144.700196415,-32.443724134,-130.092372376,-24.988909898
2145.700051353,-33.430889083,-129.933579240,-24.989177393
2146.699912163,-34.416607445,-129.766005517,-24.989225958
2147.699772973,-35.402325806,-129.598431794,-24.989274522
2148.699633784,-36.388044167,-129.430858071,-24.989323087
2149.699484387,-37.372750201,-129.257493560,-24.989190262
2150.699345197,-38.356858279,-129.080708572,-24.988950295
2151.699206007,-39.340966356,-128.903923584,-24.988710327
2152.699066818,-40.325074434,-128.727138595,-24.988470360
2153.698919483,-41.308233559,-128.545194962,-24.987980320
2154.698780293,-42.290830861,-128.360197170,-24.987342226
2155.698641104,-43.273428162,-128.175199377,-24.986704132
2156.698501914,-44.256025464,-127.990201585,-24.986066037
2157.698362725,-45.238622765,-127.805203793,-24.985427943
2158.698222349,-46.221109884,-127.619628117,-24.984701143
2159.698083160,-47.202842100,-127.430093173,-24.983366592
2160.697943970,-48.184574317,-127.240558229,-24.982032040
2161.697804780,-49.166306534,-127.051023285,-24.980697489
2162.697665591,-50.148038750,-126.861488341,-24.979362937
2163.697526401,-51.129770967,-126.671953397,-24.978028386
2164.697387212,-52.111503184,-126.482418453,-24.976693834
2165.697248022,-53.093235400,-126.292883509,-24.975359283
2166.697108833,-54.074967617,-126.103348566,-24.974024731
2167.696969643,-55.056699834,-125.913813622,-24.972690180
2168.696827990,-56.037881185,-125.721460118,-24.970813172
2169.696688800,-57.018733491,-125.527423027,-24.968612143
2170.696549611,-57.999585798,-125.333385935,-24.966411113
2171.696410421,-58.980438104,-125.139348843,-24.964210084
2172.696271231,-59.961290411,-124.945311751,-24.962009055
2173.696132042,-60.942142717,-124.751274660,-24.959808026
2174.695992852,-61.922995024,-124.557237568,-24.957606997
2175.695852376,-62.903728225,-124.362605978,-24.955309408
2176.695713186,-63.883627772,-124.163813330,-24.952335975
2177.695573997,-64.863527320,-123.965020682,-24.949362542
2178.695434807,-65.843426868,-123.766228034,-24.946389109
2179.695295618,-66.823326415,-123.567435386,-24.943415676
2180.695156428,-67.803225963,-123.368642738,-24.940442243
2181.695017239,-68.783125510,-123.169850090,-24.937468810
2182.694873784,-69.762265775,-122.967371811,-24.934062659
2183.694734594,-70.740948734,-122.762673726,-24.930395887
2184.694595405,-71.719631693,-122.557975641,-24.926729115
2185.694456215,-72.698314652,-122.353277557,-24.923062343
2186.694317026,-73.676997611,-122.148579472,-24.919395571
2187.694175812,-74.655523812,-121.943143186,-24.915640514
2188.694036623,-75.632935999,-121.732460827,-24.911258045
2189.693897433,-76.610348186,-121.521778467,-24.906875576
2190.693758243,-77.587760373,-121.311096107,-24.902493108
2191.693619054,-78.565172560,-121.100413747,-24.898110639
2192.693479864,-79.542584747,-120.889731387,-24.893728170
2193.693340675,-80.519996934,-120.679049027,-24.889345702
2194.693198386,-81.496727604,-120.465243877,-24.884355879
2195.693059197,-82.473044905,-120.249544622,-24.878997670
2196.692920007,-83.449362206,-120.033845367,-24.873639462
2197.692780818,-84.425679506,-119.818146112,-24.868281253
2198.692641628,-85.401996807,-119.602446858,-24.862923044
2199.692502439,-86.378314108,-119.386747603,-24.857564836
2200.692363249,-87.354631408,-119.171048348,-24.852206627
2201.692224059,-88.330948709,-118.955349093,-24.846848418
2202.692084870,-89.307266010,-118.739649838,-24.841490210
2203.691945604,-90.283551850,-118.523808588,-24.835991748
2204.691806414,-91.259609458,-118.306937230,-24.829475814
2205.691667224,-92.235667066,-118.090065872,-24.822959880
2206.691528035,-93.211724674,-117.873194514,-24.816443946
2207.691388845,-94.187782282,-117.656323156,-24.809928012
2208.691249656,-95.163839890,-117.439451798,-24.803412078
2209.691110466,-96.139897499,-117.222580440,-24.796896143
2210.690971276,-97.115955107,-117.005709082,-24.790380209
2211.690832087,-98.092012715,-116.788837724,-24.783864275
2212.690692897,-99.068070323,-116.571966366,-24.777348341
2213.690553615,-100.044008196,-116.354557256,-24.770134392
2214.690414425,-101.019872628,-116.136818306,-24.762492304
2215.690275235,-101.995737061,-115.919079356,-24.754850215
2216.690136046,-102.971601493,-115.701340406,-24.747208126
2217.689996856,-103.947465925,-115.483601456,-24.739566037
2218.689857667,-104.923330357,-115.265862506,-24.731923949
2219.689718477,-105.899194789,-115.048123556,-24.724281860
2220.689579288,-106.875059221,-114.830384606,-24.716639771
2221.689440098,-107.850923653,-114.612645656,-24.708997682
2222.689300895,-108.826774857,-114.394847491,-24.701228637
2223.689161705,-109.802527650,-114.176608798,-24.692515109
2224.689022516,-110.778280443,-113.958370105,-24.683801582
2225.688883326,-111.754033236,-113.740131412,-24.675088055
2226.688744136,-112.729786029,-113.521892720,-24.666374528
2227.688604947,-113.705538822,-113.303654027,-24.657661000
2228.688465757,-114.681291616,-113.085415334,-24.648947473
2229.688326568,-115.657044409,-112.867176642,-24.640233946
2230.688187378,-116.632797202,-112.648937949,-24.631520419
2231.688048188,-117.608549995,-112.430699256,-24.622806891
2232.687908814,-118.584470880,-112.213214325,-24.613476929
2233.687769624,-119.560496032,-111.996196944,-24.603764599
2234.687630435,-120.536521184,-111.779179563,-24.594052268
2235.687491245,-121.512546335,-111.562162183,-24.584339938
2236.687352056,-122.488571487,-111.345144802,-24.574627607
2237.687212866,-123.464596639,-111.128127421,-24.564915277
2238.687073676,-124.440621790,-110.911110041,-24.555202946
2239.686934487,-125.416646942,-110.694092660,-24.545490616
2240.686795297,-126.392672094,-110.477075279,-24.535778285
2241.686656052,-127.368723398,-110.260175807,-24.525960728
2242.686516862,-128.344974294,-110.044176205,-24.515340095
2243.686377673,-129.321225190,-109.828176603,-24.504719461
2244.686238483,-130.297476086,-109.612177000,-24.494098828
2245.686099294,-131.273726982,-109.396177398,-24.483478194
2246.685960104,-132.249977878,-109.180177795,-24.472857561
2247.685820915,-133.226228774,-108.964178193,-24.462236928
2248.685681725,-134.202479670,-108.748178590,-24.451616294
2249.685542535,-135.178730566,-108.532178988,-24.440995661
2250.685403346,-136.154981462,-108.316179385,-24.430375027
2251.685263638,-137.130953294,-108.098924730,-24.419266717
2252.685124448,-138.106750084,-107.880882839,-24.407852511
2253.684985259,-139.082546873,-107.662840949,-24.396438304
2254.684846069,-140.058343663,-107.444799059,-24.385024098
2255.684706879,-141.034140452,-107.226757168,-24.373609892
2256.684567690,-142.009937241,-107.008715278,-24.362195686
2257.684428500,-142.985734031,-106.790673387,-24.350781479
2258.684289311,-143.961530820,-106.572631497,-24.339367273
2259.684150121,-144.937327610,-106.354589606,-24.327953067
2260.684010872,-145.913151106,-106.136667543,-24.316463316
2261.683871683,-146.889183792,-105.919684050,-24.304381843
2262.683732493,-147.865216478,-105.702700558,-24.292300370
2263.683593304,-148.841249164,-105.485717066,-24.280218898
2264.683454114,-149.817281851,-105.268733574,-24.268137425
2265.683314925,-150.793314537,-105.051750081,-24.256055952
2266.683175735,-151.769347223,-104.834766589,-24.243974480
2267.683036545,-152.745379909,-104.617783097,-24.231893007
2268.682897356,-153.721412595,-104.400799605,-24.219811534
2269.682758166,-154.697445281,-104.183816112,-24.207730062
2270.682618936,-155.673400106,-103.966482872,-24.195312414
2271.682479746,-156.649305547,-103.748927794,-24.182681536
2272.682340557,-157.625210987,-103.531372715,-24.170050658
2273.682201367,-158.601116427,-103.313817636,-24.157419780
2274.682062178,-159.577021867,-103.096262558,-24.144788902
2275.681922988,-160.552927307,-102.878707479,-24.132158024
2276.681783798,-161.528832747,-102.661152401,-24.119527146
2277.681644609,-162.504738187,-102.443597322,-24.106896268
2278.681505419,-163.480643627,-102.226042244,-24.094265390
2279.681366228,-164.456544816,-102.008468102,-24.081584122
2280.681227039,-165.432411805,-101.790740614,-24.068497522
2281.681087849,-166.408278795,-101.573013126,-24.055410923
2282.680948659,-167.384145784,-101.355285638,-24.042324323
2283.680809470,-168.360012774,-101.137558150,-24.029237723
2284.680670280,-169.335879763,-100.919830662,-24.016151123
2285.680531091,-170.311746753,-100.702103174,-24.003064523
2286.680391901,-171.287613742,-100.484375687,-23.989977923
2287.680252712,-172.263480732,-100.266648199,-23.976891323
2288.680113522,-173.239347722,-100.048920711,-23.963804724
2289.679974293,-174.215290845,-99.831534921,-23.950480229
2290.679835104,-175.191282798,-99.614368284,-23.937003157
2291.679695914,-176.167274751,-99.397201647,-23.923526086
2292.679556724,-177.143266703,-99.180035010,-23.910049014
2293.679417535,-178.119258656,-98.962868373,-23.896571942
2294.679278345,-179.095250609,-98.745701736,-23.883094870
2295.679139156,-180.071242562,-98.528535099,-23.869617799
2296.678999966,-181.047234515,-98.311368462,-23.856140727
2297.678860776,-182.023226468,-98.094201825,-23.842663655
2298.678721505,-182.999187849,-97.876898214,-23.829149405
2299.678582316,-183.974896541,-97.658462436,-23.815327852
2300.678443126,-184.950605233,-97.440026659,-23.801506299
2301.678303937,-185.926313924,-97.221590881,-23.787684746
2302.678164747,-186.902022616,-97.003155103,-23.773863194
2303.678025558,-187.877731308,-96.784719326,-23.760041641
2304.677886368,-188.853440000,-96.566283548,-23.746220088
2305.677747178,-189.829148691,-96.347847770,-23.732398536
2306.677607989,-190.804857383,-96.129411992,-23.718576983
2307.677468799,-191.780565209,-95.910972347,-23.704757180
2308.677329540,-192.756373303,-95.692981373,-23.690750039
2309.677190351,-193.732246907,-95.475283533,-23.676620428
2310.677051161,-194.708120511,-95.257585692,-23.662490816
2311.676911971,-195.683994114,-95.039887852,-23.648361205
2312.676772782,-196.659867718,-94.822190012,-23.634231593
2313.676633592,-197.635741322,-94.604492172,-23.620101982
2314.676494403,-198.611614926,-94.386794331,-23.605972370
2315.676355213,-199.587488530,-94.169096491,-23.591842758
2316.676216023,-200.563362133,-93.951398651,-23.577713147
2317.676076825,-201.539245716,-93.733745588,-23.563554614
2318.675937635,-202.515214100,-93.516473055,-23.549150298
2319.675798446,-203.491182484,-93.299200522,-23.534745983
2320.675659256,-204.467150868,-93.081927988,-23.520341667
2321.675520067,-205.443119252,-92.864655455,-23.505937351
2322.675380877,-206.419087636,-92.647382922,-23.491533036
2323.675241687,-207.395056020,-92.430110389,-23.477128720
2324.675102498,-208.371024404,-92.212837856,-23.462724404
2325.674963308,-209.346992788,-91.995565323,-23.448320089
2326.674824119,-210.322961172,-91.778292790,-23.433915773
2327.674684706,-211.298749603,-91.560214521,-23.419366539
2328.674545516,-212.274420033,-91.341607905,-23.404722276
2329.674406326,-213.250090463,-91.123001290,-23.390078014
2330.674267137,-214.225760892,-90.904394674,-23.375433752
2331.674127947,-215.201431322,-90.685788058,-23.360789489
2332.673988758,-216.177101752,-90.467181442,-23.346145227
2333.673849568,-217.152772182,-90.248574826,-23.331500965
2334.673710379,-218.128442612,-90.029968210,-23.316856703
2335.673571189,-219.104113042,-89.811361594,-23.302212440
2336.673431999,-220.079783999,-89.592757331,-23.287547545
2337.673292810,-221.055459563,-89.374173633,-23.272702236
2338.673153620,-222.031135128,-89.155589936,-23.257856927
2339.673014431,-223.006810693,-88.937006238,-23.243011618
2340.672875241,-223.982486257,-88.718422541,-23.228166309
2341.672736052,-224.958161822,-88.499838844,-23.213321000
2342.672596862,-225.933837387,-88.281255146,-23.198475691
2343.672457672,-226.909512951,-88.062671449,-23.183630382
2344.672318483,-227.885188516,-87.844087752,-23.168785073
2345.672179293,-228.860864080,-87.625504054,-23.153939764
2346.672040072,-229.836472288,-87.406620062,-23.139005224
2347.671900883,-230.812035837,-87.187536966,-23.124011520
2348.671761693,-231.787599385,-86.968453869,-23.109017816
2349.671622503,-232.763162934,-86.749370773,-23.094024113
2350.671483314,-233.738726482,-86.530287676,-23.079030409
2351.671344124,-234.714290031,-86.311204580,-23.064036705
2352.671204935,-235.689853579,-86.092121484,-23.049043002
2353.671065745,-236.665417128,-85.873038387,-23.034049298
2354.670926556,-237.640980676,-85.653955291,-23.019055594
2355.670787324,-238.616565281,-85.434966167,-23.004053683
2356.670648135,-239.592339408,-85.216822883,-22.988977891
2357.670508945,-240.568113536,-84.998679600,-22.973902100
2358.670369756,-241.543887663,-84.780536316,-22.958826308
2359.670230566,-242.519661791,-84.562393033,-22.943750517
2360.670091376,-243.495435918,-84.344249749,-22.928674725
2361.669952187,-244.471210046,-84.126106466,-22.913598934
2362.669812997,-245.446984174,-83.907963182,-22.898523142
2363.669673808,-246.422758301,-83.689819898,-22.883447351
2364.669534618,-247.398532429,-83.471676615,-22.868371559
2365.669395211,-248.374130303,-83.252747418,-22.846007418
2366.669256021,-249.349610020,-83.033291358,-22.818757294
2367.669116832,-250.325089737,-82.813835298,-22.791507170
2368.668977642,-251.300569453,-82.594379238,-22.764257046
2369.668838453,-252.276049170,-82.374923178,-22.737006922
2370.668699263,-253.251528887,-82.155467118,-22.709756798
2371.668560074,-254.227008604,-81.936011058,-22.682506674
2372.668420884,-255.202488321,-81.716554998,-22.655256550
2373.668281694,-256.177968038,-81.497098938,-22.628006426
2374.668135830,-257.154405979,-81.281977485,-22.717569327
2375.667996640,-258.130102911,-81.063489189,-22.702550368
2376.667857451,-259.105799844,-80.845000894,-22.687531408
2377.667718261,-260.081496777,-80.626512598,-22.672512449
2378.667579072,-261.057193710,-80.408024303,-22.657493490
2379.667439882,-262.032890643,-80.189536007,-22.642474531
2380.667300692,-263.008587576,-79.971047712,-22.627455572
2381.667161503,-263.984284509,-79.752559416,-22.612436613
2382.667022313,-264.959981442,-79.534071120,-22.597417654
2383.666883124,-265.935678375,-79.315582825,-22.582398695
2384.666743934,-266.911369057,-79.097066620,-22.567449982
2385.666604744,-267.887055503,-78.878531496,-22.552548885
2386.666465555,-268.862741948,-78.659996372,-22.537647788
2387.666326365,-269.838428394,-78.441461248,-22.522746691
2388.666187176,-270.814114839,-78.222926125,-22.507845594
2389.666047986,-271.789801285,-78.004391001,-22.492944497
2390.665908796,-272.765487730,-77.785855877,-22.478043399
2391.665769607,-273.741174176,-77.567320754,-22.463142302
2392.665630417,-274.716860621,-77.348785630,-22.448241205
2393.665491228,-275.692546348,-77.130247298,-22.433356353
2394.665352038,-276.668225205,-76.911678298,-22.418626810
2395.665212848,-277.643904063,-76.693109298,-22.403897267
2396.665073659,-278.619582920,-76.474540298,-22.389167725
2397.664934469,-279.595261777,-76.255971297,-22.374438182
2398.664795280,-280.570940634,-76.037402297,-22.359708639
2399.664656090,-281.546619491,-75.818833297,-22.344979097
2400.664516901,-282.522298348,-75.600264297,-22.330249554
2401.664377711,-283.497977206,-75.381695296,-22.315520011
2402.664238521,-284.473656063,-75.163126296,-22.300790469
2403.664097763,-285.448863430,-74.942470242,-22.286192718
2404.663958573,-286.423747701,-74.720384003,-22.271685279
2405.663819384,-287.398631973,-74.498297765,-22.257177840
2406.663680194,-288.373516245,-74.276211526,-22.242670401
2407.663541005,-289.348400516,-74.054125288,-22.228162962
2408.663401815,-290.323284788,-73.832039049,-22.213655524
2409.663262625,-291.298169059,-73.609952811,-22.199148085
2410.663123436,-292.273053331,-73.387866572,-22.184640646
2411.662984246,-293.247937602,-73.165780334,-22.170133207
2412.662844228,-294.222912043,-72.944094017,-22.155645529
2413.662705038,-295.198775920,-72.726352579,-22.141352769
2414.662565849,-296.174639797,-72.508611142,-22.127060010
2415.662426659,-297.150503674,-72.290869704,-22.112767251
2416.662287469,-298.126367551,-72.073128266,-22.098474492
2417.662148280,-299.102231428,-71.855386828,-22.084181733
2418.662009090,-300.078095305,-71.637645390,-22.069888973
2419.661869901,-301.053959182,-71.419903952,-22.055596214
2420.661730711,-302.029823059,-71.202162515,-22.041303455
2421.661591522,-303.005686936,-70.984421077,-22.027010696
2422.661452143,-303.981711304,-70.767401043,-22.012795655
2423.661312953,-304.957846862,-70.550880810,-21.998634459
2424.661173764,-305.933982421,-70.334360577,-21.984473263
2425.661034574,-306.910117980,-70.117840344,-21.970312067
2426.660895384,-307.886253538,-69.901320111,-21.956150871
2427.660756195,-308.862389097,-69.684799878,-21.941989675
2428.660617005,-309.838524656,-69.468279645,-21.927828479
2429.660477816,-310.814660214,-69.251759412,-21.913667283
2430.660338626,-311.790795773,-69.035239179,-21.899506087
2431.660199338,-312.766901105,-68.818583176,-21.885351574
2432.660060148,-313.742698618,-68.600544524,-21.871265110
2433.659920959,-314.718496131,-68.382505871,-21.857178647
2434.659781769,-315.694293644,-68.164467219,-21.843092183
2435.659642580,-316.670091157,-67.946428566,-21.829005720
2436.659503390,-317.645888670,-67.728389914,-21.814919256
2437.659364200,-318.621686183,-67.510351262,-21.800832793
2438.659225011,-319.597483696,-67.292312609,-21.786746329
2439.659085821,-320.573281209,-67.074273957,-21.772659865
2440.658946632,-321.549078722,-66.856235305,-21.758573402
2441.658807150,-322.524676241,-66.637304870,-21.744516651
2442.658667960,-323.500133684,-66.417749826,-21.730480711
2443.658528770,-324.475591127,-66.198194783,-21.716444771
2444.658389581,-325.451048570,-65.978639739,-21.702408830
2445.658250391,-326.426506013,-65.759084696,-21.688372890
2446.658111202,-327.401963456,-65.539529652,-21.674336950
2447.657972012,-328.377420899,-65.319974609,-21.660301010
2448.657832823,-329.352878342,-65.100419565,-21.646265070
2449.657693633,-330.328335785,-64.880864521,-21.632229129
2450.657554291,-331.303830463,-64.661475669,-21.618197390
2451.657415101,-332.279717015,-64.443835881,-21.604209855
2452.657275912,-333.255603567,-64.226196093,-21.590222320
2453.657136722,-334.231490119,-64.008556304,-21.576234785
2454.656997532,-335.207376672,-63.790916516,-21.562247250
2455.656858343,-336.183263224,-63.573276728,-21.548259716
2456.656719153,-337.159149776,-63.355636939,-21.534272181
2457.656579964,-338.135036328,-63.137997151,-21.520284646
2458.656440774,-339.110922880,-62.920357363,-21.506297111
2459.656301585,-340.086809433,-62.702717575,-21.492309577
2460.656162213,-341.062539706,-62.484379050,-21.478354090
2461.656023024,-342.038159322,-62.265545770,-21.464421295
2462.655883834,-343.013778938,-62.046712489,-21.450488501
2463.655744645,-343.989398555,-61.827879209,-21.436555706
2464.655605455,-344.965018171,-61.609045929,-21.422622911
2465.655466266,-345.940637787,-61.390212649,-21.408690117
2466.655327076,-346.916257404,-61.171379369,-21.394757322
2467.655187886,-347.891877020,-60.952546088,-21.380824527
2468.655048697,-348.867496636,-60.733712808,-21.366891733
2469.654909504,-349.843110556,-60.514854152,-21.352964516
2470.654770314,-350.818662470,-60.295719251,-21.339098027
2471.654631124,-351.794214383,-60.076584350,-21.325231538
2472.654491935,-352.769766296,-59.857449449,-21.311365049
2473.654352745,-353.745318209,-59.638314547,-21.297498559
2474.654213556,-354.720870122,-59.419179646,-21.283632070
2475.654074366,-355.696422035,-59.200044745,-21.269765581
2476.653935176,-356.671973949,-58.980909844,-21.255899092
2477.653795987,-357.647525862,-58.761774943,-21.242032602
2478.653656797,-358.623077775,-58.542640041,-21.228166113
2479.653517597,-359.598666769,-58.323670331,-21.214344396
2480.653378408,-360.574282307,-58.104818869,-21.200554728
2481.653239218,-361.549897845,-57.885967407,-21.186765061
2482.653100029,-362.525513383,-57.667115945,-21.172975393
2483.652960839,-363.501128921,-57.448264484,-21.159185726
2484.652821650,-364.476744459,-57.229413022,-21.145396058
2485.652682460,-365.452359997,-57.010561560,-21.131606391
2486.652543270,-366.427975535,-56.791710098,-21.117816723
2487.652404081,-367.403591073,-56.572858636,-21.104027055
2488.652264879,-368.379196531,-56.353962298,-21.090244011
2489.652125690,-369.354688373,-56.134560141,-21.076535621
2490.651986500,-370.330180215,-55.915157985,-21.062827231
2491.651847311,-371.305672057,-55.695755828,-21.049118841
2492.651708121,-372.281163899,-55.476353672,-21.035410451
2493.651568931,-373.256655741,-55.256951515,-21.021702061
2494.651429742,-374.232147728,-55.037550003,-21.007993388
2495.651290552,-375.207639853,-54.818149107,-20.994284443
2496.651151363,-376.183131979,-54.598748210,-20.980575498
2497.651012173,-377.158624104,-54.379347314,-20.966866553
2498.650872960,-378.134172006,-54.160194664,-20.953209090
2499.650733771,-379.109760271,-53.941221655,-20.939588881
2500.650594581,-380.085348535,-53.722248645,-20.925968672
2501.650455391,-381.060936799,-53.503275635,-20.912348463
2502.650316202,-382.036525063,-53.284302626,-20.898728254
2503.650177012,-383.012113328,-53.065329616,-20.885108045
2504.650037823,-383.987701592,-52.846356606,-20.871487836
2505.649898633,-384.963289856,-52.627383597,-20.857867627
2506.649759443,-385.938878120,-52.408410587,-20.844247419
2507.649620237,-386.914478223,-52.189490408,-20.830634845
2508.649481047,-387.890216639,-51.971187443,-20.817111475
2509.649341858,-388.865955055,-51.752884478,-20.803588105
2510.649202668,-389.841693470,-51.534581514,-20.790064734
2511.649063478,-390.817431886,-51.316278549,-20.776541364
2512.648924289,-391.793170301,-51.097975584,-20.763017994
2513.648785099,-392.768908717,-50.879672619,-20.749494623
2514.648645910,-393.744647133,-50.661369654,-20.735971253
2515.648506720,-394.720385548,-50.443066689,-20.722447883
2516.648367531,-395.696123964,-50.224763724,-20.708924513
2517.648228326,-396.671818411,-50.006264395,-20.695466170
2518.648089137,-397.647480692,-49.787621414,-20.682055397
2519.647949947,-398.623142974,-49.568978434,-20.668644625
2520.647810757,-399.598805255,-49.350335453,-20.655233853
2521.647671568,-400.574467536,-49.131692472,-20.641823081
2522.647532378,-401.550129818,-48.913049492,-20.628412308
2523.647393189,-402.525792099,-48.694406511,-20.615001536
2524.647253999,-403.501454380,-48.475763531,-20.601590764
2525.647114810,-404.477116662,-48.257120550,-20.588179991
2526.646975620,-405.452778658,-48.038476298,-20.574779566
2527.646836430,-406.428437199,-47.819816627,-20.561504577
2528.646697241,-407.404095740,-47.601156957,-20.548229589
2529.646558051,-408.379754281,-47.382497286,-20.534954600
2530.646418862,-409.355412822,-47.163837615,-20.521679612
2531.646279672,-410.331071363,-46.945177944,-20.508404624
2532.646140482,-411.306729904,-46.726518274,-20.495129635
2533.646001293,-412.282388445,-46.507858603,-20.481854647
2534.645862103,-413.258046986,-46.289198932,-20.468579658
2535.645722914,-414.233705527,-46.070539261,-20.455304670
2536.645583721,-415.209383124,-45.851964650,-20.442125878
2537.645444532,-416.185074814,-45.633452940,-20.429018224
2538.645305342,-417.160766503,-45.414941230,-20.415910570
2539.645166153,-418.136458193,-45.196429521,-20.402802917
2540.645026963,-419.112149882,-44.977917811,-20.389695263
2541.644887773,-420.087841572,-44.759406101,-20.376587609
2542.644748584,-421.063533261,-44.540894392,-20.363479955
2543.644609394,-422.039224951,-44.322382682,-20.350372302
2544.644470205,-423.014916640,-44.103870972,-20.337264648
2545.644330944,-423.990585067,-43.885255741,-20.324171858
2546.644191755,-424.965960493,-43.665336624,-20.311266285
2547.644052565,-425.941335920,-43.445417507,-20.298360712
2548.643913375,-426.916711346,-43.225498390,-20.285455139
2549.643774186,-427.892086772,-43.005579272,-20.272549567
2550.643634996,-428.867462198,-42.785660155,-20.259643994
2551.643495807,-429.842837624,-42.565741038,-20.246738421
2552.643356617,-430.818213051,-42.345821920,-20.233832848
2553.643217428,-431.793588477,-42.125902803,-20.220927275
2554.643078238,-432.768963903,-41.905983686,-20.208021702
2555.642938684,-433.744121473,-41.685102209,-20.195255249
2556.642799495,-434.719116185,-41.463501328,-20.182592793
2557.642660305,-435.694110898,-41.241900448,-20.169930338
2558.642521116,-436.669105611,-41.020299567,-20.157267882
2559.642381926,-437.644100324,-40.798698686,-20.144605426
2560.642242737,-438.619095037,-40.577097806,-20.131942971
2561.642103547,-439.594089749,-40.355496925,-20.119280515
2562.641964357,-440.569084462,-40.133896045,-20.106618059
2563.641825168,-441.544079175,-39.912295164,-20.093955604
2564.641685959,-442.519085984,-39.690747598,-20.081313600
2565.641546769,-443.494251263,-39.469898515,-20.068939546
2566.641407580,-444.469416543,-39.249049431,-20.056565491
2567.641268390,-445.444581822,-39.028200347,-20.044191437
2568.641129200,-446.419747102,-38.807351264,-20.031817382
2569.640990011,-447.394912381,-38.586502180,-20.019443328
2570.640850821,-448.370077661,-38.365653096,-20.007069274
2571.640711632,-449.345242940,-38.144804012,-19.994695219
2572.640572442,-450.320408220,-37.923954929,-19.982321165
2573.640433252,-451.295573500,-37.703105845,-19.969947110
2574.640294012,-452.270819561,-37.482613991,-19.957762480
2575.640154823,-453.246126668,-37.262392083,-19.945720991
2576.640015633,-454.221433774,-37.042170175,-19.933679503
2577.639876443,-455.196740880,-36.821948267,-19.921638014
2578.639737254,-456.172047986,-36.601726360,-19.909596526
2579.639598064,-457.147355093,-36.381504452,-19.897555037
2580.639458875,-458.122662199,-36.161282544,-19.885513548
2581.639319685,-459.097969305,-35.941060636,-19.873472060
2582.639180496,-460.073276412,-35.720838728,-19.861430571
2583.639041215,-461.048558001,-35.500504258,-19.849413545
2584.638902025,-462.023491336,-35.278633501,-19.837730387
2585.638762836,-462.998424671,-35.056762744,-19.826047229
2586.638623646,-463.973358006,-34.834891987,-19.814364072
2587.638484457,-464.948291341,-34.613021230,-19.802680914
2588.638345267,-465.923224676,-34.391150473,-19.790997756
2589.638206078,-466.898158299,-34.169280985,-19.779314013
2590.638066888,-467.873092214,-33.947412776,-19.767629679
2591.637927698,-468.848026129,-33.725544567,-19.755945345
2592.637788509,-469.822960043,-33.503676358,-19.744261010
2593.637648754,-470.797622638,-33.280621801,-19.732776972
2594.637509564,-471.772077993,-33.056661088,-19.721445924
2595.637370374,-472.746533348,-32.832700374,-19.710114876
2596.637231185,-473.720988703,-32.608739661,-19.698783827
2597.637091995,-474.695444058,-32.384778947,-19.687452779
2598.636952806,-475.669899414,-32.160818234,-19.676121731
2599.636813616,-476.644354769,-31.936857520,-19.664790682
2600.636674427,-477.618810124,-31.712896807,-19.653459634
2601.636535237,-478.593265479,-31.488936093,-19.642128586
2602.636395728,-479.567673065,-31.264769062,-19.630818119
2603.636256538,-480.541400496,-31.037664393,-19.619800691
2604.636117349,-481.515127927,-30.810559725,-19.608783264
2605.635978159,-482.488855358,-30.583455056,-19.597765836
2606.635838970,-483.462582788,-30.356350387,-19.586748408
2607.635699780,-484.436310219,-30.129245719,-19.575730981
2608.635560591,-485.410037650,-29.902141050,-19.564713553
2609.635421401,-486.383765081,-29.675036381,-19.553696126
2610.635282211,-487.357492512,-29.447931712,-19.542678698
2611.635143022,-488.331219943,-29.220827044,-19.531661271
2612.635003630,-489.304782572,-28.993017818,-19.520771550
2613.634864440,-490.278217963,-28.764664628,-19.509980428
2614.634725251,-491.251653354,-28.536311438,-19.499189306
2615.634586061,-492.225088746,-28.307958248,-19.488398184
2616.634446872,-493.198524137,-28.079605058,-19.477607062
2617.634307682,-494.171959528,-27.851251869,-19.466815940
2618.634168493,-495.145394919,-27.622898679,-19.456024817
2619.634029303,-496.118830310,-27.394545489,-19.445233695
2620.633890113,-497.092265702,-27.166192299,-19.434442573
2621.633750710,-498.065662146,-26.937674083,-19.423657373
2622.633611520,-499.038479174,-26.706700772,-19.412960281
2623.633472331,-500.011296202,-26.475727462,-19.402263188
2624.633333141,-500.984113230,-26.244754152,-19.391566096
2625.633193952,-501.956930258,-26.013780842,-19.380869004
2626.633054762,-502.929747286,-25.782807532,-19.370171911
2627.632915573,-503.902564314,-25.551834221,-19.359474819
2628.632774769,-504.875272969,-25.320411907,-19.348775419
2629.632635580,-505.846342491,-25.082198509,-19.338041125
2630.632496390,-506.817412013,-24.843985111,-19.327306830
2631.632357201,-507.788481536,-24.605771713,-19.316572536
2632.632218011,-508.759551058,-24.367558315,-19.305838241
2633.632078821,-509.730620580,-24.129344917,-19.295103946
2634.631939632,-510.701690103,-23.891131519,-19.284369652
2635.631800442,-511.672759625,-23.652918121,-19.273635357
2636.631661253,-512.643829147,-23.414704723,-19.262901063
2637.631522063,-513.614898670,-23.176491326,-19.252166768
2638.631382873,-514.585959116,-22.938240933,-19.241315622
2639.631243683,-515.557012450,-22.699961556,-19.230372921
2640.631104494,-516.528065785,-22.461682178,-19.219430220
2641.630965304,-517.499119119,-22.223402800,-19.208487520
2642.630826115,-518.470172454,-21.985123423,-19.197544819
2643.630686925,-519.441225788,-21.746844045,-19.186602118
2644.630547735,-520.412279123,-21.508564668,-19.175659418
2645.630408546,-521.383332457,-21.270285290,-19.164716717
2646.630269356,-522.354385792,-21.032005912,-19.153774016
2647.630130110,-523.325418965,-20.793644624,-19.142809442
2648.629990921,-524.296132785,-20.553985866,-19.131498380
2649.629851731,-525.266846605,-20.314327109,-19.120187318
2650.629712542,-526.237560425,-20.074668351,-19.108876256
2651.629573352,-527.208274244,-19.835009593,-19.097565194
2652.629434162,-528.178988064,-19.595350836,-19.086254132
2653.629294973,-529.149701884,-19.355692078,-19.074943071
2654.629155783,-530.120415704,-19.116033321,-19.063632009
2655.629016594,-531.091129524,-18.876374563,-19.052320947
2656.628877404,-532.061843344,-18.636715805,-19.041009885
2657.628738150,-533.032460167,-18.396664783,-19.029433343
2658.628598960,-534.003000178,-18.156303123,-19.017646564
2659.628459771,-534.973540189,-17.915941463,-19.005859785
2660.628320581,-535.944080200,-17.675579803,-18.994073007
2661.628181392,-536.914620210,-17.435218143,-18.982286228
2662.628042202,-537.885160221,-17.194856482,-18.970499449
2663.627903012,-538.855700232,-16.954494822,-18.958712670
2664.627763823,-539.826240243,-16.714133162,-18.946925892
2665.627624633,-540.796780253,-16.473771502,-18.935139113
2666.627485439,-541.767314541,-16.233386751,-18.923322653
2667.627346249,-542.737753676,-15.992618140,-18.911012772
2668.627207060,-543.708192812,-15.751849528,-18.898702892
2669.627067870,-544.678631947,-15.511080916,-18.886393011
2670.626928681,-545.649071083,-15.270312305,-18.874083130
2671.626789491,-546.619510218,-15.029543693,-18.861773250
2672.626650301,-547.589949354,-14.788775081,-18.849463369
2673.626511112,-548.560388490,-14.548006470,-18.837153488
2674.626371922,-549.530827625,-14.307237858,-18.824843607
2675.626232733,-550.501266761,-14.066469246,-18.812533727
2676.626092516,-551.472089496,-13.827256368,-18.799933321
2677.625953326,-552.443219269,-13.589288711,-18.787100377
2678.625814136,-553.414349041,-13.351321054,-18.774267432
2679.625674947,-554.385478813,-13.113353396,-18.761434488
2680.625535757,-555.356608585,-12.875385739,-18.748601544
2681.625396568,-556.327738357,-12.637418082,-18.735768599
2682.625257378,-557.298868129,-12.399450425,-18.722935655
2683.625118188,-558.269997901,-12.161482767,-18.710102711
2684.624978999,-559.241127673,-11.923515110,-18.697269766
2685.624839591,-560.212219636,-11.685394123,-18.684411557
2686.624700402,-561.182650564,-11.444592432,-18.671111634
2687.624561212,-562.153081404,-11.203790389,-18.657809686
2688.624422023,-563.123512152,-10.962987970,-18.644505576
2689.624282833,-564.093942899,-10.722185551,-18.631201466
2690.624143643,-565.064373646,-10.481383133,-18.617897356
2691.624004454,-566.034804394,-10.240580714,-18.604593246
2692.623865264,-567.005235141,-9.999778296,-18.591289136
2693.623726075,-567.975665888,-9.758975877,-18.577985026
2694.623586885,-568.946096636,-9.518173458,-18.564680916
2695.623447685,-569.916489035,-9.277216593,-18.551167741
2696.623308496,-570.886850410,-9.036134778,-18.537485429
2697.623169306,-571.857211786,-8.795052962,-18.523803117
2698.623030116,-572.827573161,-8.553971146,-18.510120805
2699.622890927,-573.797934536,-8.312889331,-18.496438493
2700.622751737,-574.768295911,-8.071807515,-18.482756181
2701.622612548,-575.738657286,-7.830725699,-18.469073869
2702.622473358,-576.709018661,-7.589643884,-18.455391557
2703.622334169,-577.679380036,-7.348562068,-18.441709245
2704.622194792,-578.649775609,-7.107618718,-18.428014636
2705.622055602,-579.620801439,-6.869227278,-18.414093408
2706.621916412,-580.591827268,-6.630835838,-18.400172180
2707.621777223,-581.562853098,-6.392444399,-18.386250952
2708.621638033,-582.533878927,-6.154052959,-18.372329724
2709.621498844,-583.504904757,-5.915661519,-18.358408495
2710.621359654,-584.475930586,-5.677270079,-18.344487267
2711.621220464,-585.446956416,-5.438878639,-18.330566039
2712.621081275,-586.417982245,-5.200487199,-18.316644811
2713.620942085,-587.389008075,-4.962095760,-18.302723583
2714.620802861,-588.360103354,-4.723987529,-18.288772831
2715.620663671,-589.331255421,-4.486110875,-18.274797938
2716.620524482,-590.302407489,-4.248234221,-18.260823045
2717.620385292,-591.273559556,-4.010357567,-18.246848153
2718.620246103,-592.244711623,-3.772480914,-18.232873260
2719.620106913,-593.215863690,-3.534604260,-18.218898367
2720.619967723,-594.187015758,-3.296727606,-18.204923475
2721.619828534,-595.158167825,-3.058850952,-18.190948582
2722.619689344,-596.129319892,-2.820974298,-18.176973689
2723.619550141,-597.100462852,-2.583060525,-18.163005014
2724.619410951,-598.071428390,-2.344423637,-18.149157470
2725.619271761,-599.042393928,-2.105786750,-18.135309925
2726.619132572,-600.013359466,-1.867149862,-18.121462381
2727.618993382,-600.984325004,-1.628512974,-18.107614837
2728.618854193,-601.955290542,-1.389876086,-18.093767292
2729.618715003,-602.926256080,-1.151239198,-18.079919748
2730.618575813,-603.897221618,-0.912602310,-18.066072204
2731.618436624,-604.868187156,-0.673965422,-18.052224659
2732.618297434,-605.839152694,-0.435328535,-18.038377115
2733.618158083,-606.809968821,-0.196085216,-18.024678812
2734.618018894,-607.780661463,0.043659306,-18.011103854
2735.617879704,-608.751354104,0.283403827,-17.997528895
2736.617740515,-609.722046746,0.523148348,-17.983953937
2737.617601325,-610.692739388,0.762892870,-17.970378979
2738.617462136,-611.663432030,1.002637391,-17.956804021
2739.617322946,-612.634124671,1.242381912,-17.943229063
2740.617183756,-613.604817313,1.482126433,-17.929654104
2741.617044567,-614.575509955,1.721870955,-17.916079146
2742.616905372,-615.546208062,1.961593324,-17.902521249
2743.616766182,-616.517019045,2.200858190,-17.889315714
2744.616626993,-617.487830027,2.440123056,-17.876110180
2745.616487803,-618.458641010,2.679387921,-17.862904645
2746.616348614,-619.429451993,2.918652787,-17.849699110
2747.616209424,-620.400262976,3.157917653,-17.836493576
2748.616070234,-621.371073958,3.397182519,-17.823288041
2749.615931045,-622.341884941,3.636447384,-17.810082506
2750.615791855,-623.312695924,3.875712250,-17.796876972
2751.615652666,-624.283506907,4.114977116,-17.783671437
2752.615513202,-625.254511080,4.353455600,-17.770694717
2753.615374013,-626.225676630,4.591277203,-17.757909132
2754.615234823,-627.196842180,4.829098806,-17.745123547
2755.615095633,-628.168007730,5.066920409,-17.732337962
2756.614956444,-629.139173280,5.304742011,-17.719552377
2757.614817254,-630.110338830,5.542563614,-17.706766792
2758.614678065,-631.081504380,5.780385217,-17.693981207
2759.614538875,-632.052669930,6.018206820,-17.681195622
2760.614399686,-633.023835480,6.256028423,-17.668410037
2761.614260486,-633.995008063,6.493821261,-17.655643331
2762.614121297,-634.966335162,6.730982192,-17.643291370
2763.613982107,-635.937662261,6.968143123,-17.630939410
2764.613842918,-636.908989360,7.205304054,-17.618587449
2765.613703728,-637.880316459,7.442464985,-17.606235489
2766.613564538,-638.851643558,7.679625915,-17.593883528
2767.613425349,-639.822970657,7.916786846,-17.581531568
2768.613286159,-640.794297756,8.153947777,-17.569179607
2769.613146970,-641.765624855,8.391108708,-17.556827647
2770.613007780,-642.736951954,8.628269639,-17.544475686
2771.612868590,-643.708273983,8.865451330,-17.532348020
2772.612729401,-644.679591733,9.102650547,-17.520409724
2773.612590211,-645.650909483,9.339849765,-17.508471427
2774.612451022,-646.622227233,9.577048983,-17.496533131
2775.612311832,-647.593544983,9.814248200,-17.484594835
2776.612172642,-648.564862733,10.051447418,-17.472656539
2777.612033453,-649.536180483,10.288646636,-17.460718242
2778.611894263,-650.507498233,10.525845854,-17.448779946
2779.611755074,-651.478815983,10.763045071,-17.436841650
2780.611615878,-652.450128599,11.000265287,-17.424917846
2781.611476689,-653.421315882,11.237998123,-17.413343664
2782.611337499,-654.392503165,11.475730960,-17.401769481
2783.611198309,-655.363690448,11.713463796,-17.390195299
2784.611059120,-656.334877731,11.951196632,-17.378621116
2785.610919930,-657.306065014,12.188929469,-17.367046934
2786.610780741,-658.277252297,12.426662305,-17.355472751
2787.610641551,-659.248439580,12.664395141,-17.343898568
2788.610502362,-660.219626863,12.902127978,-17.332324386
2789.610363172,-661.190814146,13.139860814,-17.320750203
2790.610223982,-662.161996810,13.377612518,-17.309333326
2791.610084793,-663.133175533,13.615380322,-17.298050681
2792.609945603,-664.104354256,13.853148126,-17.286768035
2793.609806414,-665.075532978,14.090915930,-17.275485390
2794.609667224,-666.046711701,14.328683735,-17.264202744
2795.609528034,-667.017890424,14.566451539,-17.252920099
2796.609388845,-667.989069147,14.804219343,-17.241637454
2797.609249655,-668.960247869,15.041987147,-17.230354808
2798.609110466,-669.931426592,15.279754951,-17.219072163
2799.608971272,-670.902609412,15.517506004,-17.207080972
2800.608832083,-671.873895240,15.754835901,-17.177276080
2801.608692893,-672.845181068,15.992165799,-17.147471188
2802.608553704,-673.816466897,16.229495696,-17.117666295
2803.608414514,-674.787752725,16.466825594,-17.087861403
2804.608275324,-675.759038553,16.704155491,-17.058056511
2805.608136096,-676.730423732,16.941078255,-17.057903360
2806.607996906,-677.701852960,17.177820508,-17.070896930
2807.607857717,-678.673282189,17.414562761,-17.083890500
2808.607718527,-679.644711417,17.651305014,-17.096884070
2809.607579003,-680.615931437,17.888902666,-17.096998634
2810.607439814,-681.586971021,18.127238075,-17.086005417
2811.607300624,-682.558010605,18.365573484,-17.075012201
2812.607161434,-683.529050188,18.603908894,-17.064018984
2813.607022245,-684.500089772,18.842244303,-17.053025768
2814.606883055,-685.471129355,19.080579712,-17.042032551
2815.606743866,-686.442168939,19.318915121,-17.031039335
2816.606604676,-687.413208523,19.557250530,-17.020046118
2817.606465487,-688.384248106,19.795585939,-17.009052902
2818.606326258,-689.355300496,20.033869001,-16.998058861
2819.606187068,-690.326699738,20.270734265,-16.987042516
2820.606047878,-691.298098980,20.507599530,-16.976026170
2821.605908689,-692.269498221,20.744464794,-16.965009825
2822.605769499,-693.240897463,20.981330058,-16.953993479
2823.605630310,-694.212296705,21.218195322,-16.942977134
2824.605491120,-695.183695946,21.455060587,-16.931960788
2825.605351931,-696.155095188,21.691925851,-16.920944443
2826.605212741,-697.126494430,21.928791115,-16.909928097
2827.605073551,-698.097893672,22.165656380,-16.898911752
2828.604934348,-699.069334245,22.402352019,-16.887814431
2829.604795159,-700.040810848,22.638899794,-16.876646522
2830.604655969,-701.012287451,22.875447569,-16.865478614
2831.604516780,-701.983764054,23.111995344,-16.854310705
2832.604377590,-702.955240657,23.348543119,-16.843142796
2833.604238401,-703.926717261,23.585090894,-16.831974888
2834.604099211,-704.898193864,23.821638669,-16.820806979
2835.603960021,-705.869670467,24.058186445,-16.809639071
2836.603820832,-706.841147070,24.294734220,-16.798471162
2837.603681387,-707.812592193,24.531410162,-16.787296153
2838.603542197,-708.783113113,24.771848892,-16.775912684
2839.603403007,-709.753634034,25.012287623,-16.764529215
2840.603263818,-710.724154954,25.252726353,-16.753145747
2841.603124628,-711.694675875,25.493165084,-16.741762278
2842.602985439,-712.665196795,25.733603814,-16.730378809
2843.602846224,-713.635707908,25.974082025,-16.718988192
2844.602707035,-714.605923611,26.215749420,-16.707382281
2845.602567845,-715.576139314,26.457416815,-16.695776369
2846.602428655,-716.546355017,26.699084210,-16.684170458
2847.602289466,-717.516570720,26.940751605,-16.672564546
2848.602150276,-718.486786423,27.182419000,-16.660958635
2849.602011087,-719.457002127,27.424086395,-16.649352723
2850.601871897,-720.427217830,27.665753790,-16.637746811
2851.601732512,-721.397460390,27.907312525,-16.626134993
2852.601593322,-722.368541413,28.145479038,-16.614338754
2853.601454133,-723.339622435,28.383645551,-16.602542516
2854.601314943,-724.310703458,28.621812064,-16.590746277
2855.601175754,-725.281784480,28.859978577,-16.578950039
2856.601036564,-726.252865503,29.098145090,-16.567153800
2857.600897374,-727.223946525,29.336311603,-16.555357562
2858.600758185,-728.195027548,29.574478116,-16.543561323
2859.600618995,-729.166108570,29.812644629,-16.531765085
2860.600479806,-730.137189593,30.050811142,-16.519968846
2861.600340515,-731.108156591,30.289441666,-16.508120751
2862.600201325,-732.079022352,30.528484161,-16.496226614
2863.600062136,-733.049888113,30.767526655,-16.484332478
2864.599922946,-734.020753874,31.006569149,-16.472438341
2865.599783756,-734.991619635,31.245611644,-16.460544204
2866.599644567,-735.962485396,31.484654138,-16.448650068
2867.599505377,-736.933351157,31.723696633,-16.436755931
2868.599366188,-737.904216918,31.962739127,-16.424861794
2869.599226998,-738.875082679,32.201781621,-16.412967658
2870.599087807,-739.845945851,32.440834624,-16.401072634
2871.598948617,-740.816720380,32.680247350,-16.389147247
2872.598809427,-741.787494910,32.919660075,-16.377221861
2873.598670238,-742.758269439,33.159072801,-16.365296474
2874.598531048,-743.729043969,33.398485526,-16.353371087
2875.598391859,-744.699818498,33.637898252,-16.341445701
2876.598252669,-745.670593193,33.877310308,-16.329521113
2877.598113480,-746.641368083,34.116721570,-16.317597474
2878.597974290,-747.612142974,34.356132832,-16.305673835
2879.597835100,-748.582917864,34.595544094,-16.293750197
2880.597695883,-749.553632589,34.835199069,-16.281821028
2881.597556693,-750.524293327,35.075072726,-16.269886896
2882.597417503,-751.494954066,35.314946382,-16.257952765
2883.597278314,-752.465614804,35.554820038,-16.246018633
2884.597139124,-753.436275543,35.794693695,-16.234084502
2885.596999935,-754.406936281,36.034567351,-16.222150370
2886.596860745,-755.377597020,36.274441007,-16.210216239
2887.596721555,-756.348257758,36.514314664,-16.198282107
2888.596582366,-757.318918496,36.754188320,-16.186347976
2889.596443172,-758.289582789,36.994047578,-16.174413600
2890.596303983,-759.260381555,37.233362008,-16.162470005
2891.596164793,-760.231180320,37.472676438,-16.150526409
2892.596025603,-761.201979086,37.711990869,-16.138582813
2893.595886414,-762.172777852,37.951305299,-16.126639218
2894.595747224,-763.143576618,38.190619730,-16.114695622
2895.595608035,-764.114375383,38.429934160,-16.102752026
2896.595468845,-765.085174149,38.669248590,-16.090808431
2897.595329655,-766.055972915,38.908563021,-16.078864835
2898.595190466,-767.026771681,39.147877451,-16.066921239
2899.595051233,-767.997644673,39.386890390,-16.054968260
2900.594912043,-768.968584980,39.625629916,-16.043006772
2901.594772853,-769.939525286,39.864369443,-16.031045283
2902.594633664,-770.910465593,40.103108970,-16.019083795
2903.594494474,-771.881405899,40.341848496,-16.007122306
2904.594355285,-772.852346206,40.580588023,-15.995160818
2905.594216095,-773.823286512,40.819327549,-15.983199329
2906.594076906,-774.794226818,41.058067076,-15.971237841
2907.593937716,-775.765167125,41.296806603,-15.959276352
2908.593798523,-776.736110654,41.535533008,-15.947314235
2909.593659333,-777.707190477,41.773704411,-15.935325526
2910.593520143,-778.678270300,42.011875814,-15.923336818
2911.593380954,-779.649350123,42.250047217,-15.911348109
2912.593241764,-780.620429946,42.488218620,-15.899359401
2913.593102575,-781.591509770,42.726390023,-15.887370692
2914.592963385,-782.562589593,42.964561425,-15.875381984
2915.592824195,-783.533669483,43.202732554,-15.863394990
2916.592685006,-784.504749414,43.440903518,-15.851409019
2917.592545816,-785.475829345,43.679074482,-15.839423049
2918.592406613,-786.446867929,43.917413905,-15.827410863
2919.592267423,-787.417868619,44.155907724,-15.815374652
2920.592128234,-788.388869308,44.394401542,-15.803338440
2921.591989044,-789.359869997,44.632895361,-15.791302229
2922.591849855,-790.330870687,44.871389179,-15.779266017
2923.591710665,-791.301871376,45.109882997,-15.767229806
2924.591571475,-792.272872066,45.348376816,-15.755193594
2925.591432286,-793.243872755,45.586870634,-15.743157382
2926.591293096,-794.214873444,45.825364453,-15.731121171
2927.591153904,-795.185876793,46.063847430,-15.719083129
2928.591014714,-796.157007533,46.301811139,-15.706957441
2929.590875525,-797.128138272,46.539774848,-15.694831753
2930.590736335,-798.099269012,46.777738558,-15.682706065
2931.590597145,-799.070399752,47.015702267,-15.670580377
2932.590457956,-800.041530491,47.253665976,-15.658454689
2933.590318766,-801.012661231,47.491629685,-15.646329001
2934.590179577,-801.983791970,47.729593395,-15.634203313
2935.590040387,-802.954922710,47.967557104,-15.622077625
2936.589901198,-803.926053449,48.205520813,-15.609951937
2937.589761574,-804.897413706,48.442544068,-15.597739377
2938.589622384,-805.868986561,48.678696198,-15.585446348
2939.589483195,-806.840559415,48.914848328,-15.573153319
2940.589344005,-807.812132270,49.151000458,-15.560860291
2941.589204816,-808.783705124,49.387152588,-15.548567262
2942.589065626,-809.755277979,49.623304718,-15.536274233
2943.588926436,-810.726850834,49.859456848,-15.523981204
2944.588787247,-811.698423688,50.095608978,-15.511688176
2945.588648057,-812.669996543,50.331761108,-15.499395147
2946.588508868,-813.641569746,50.567911802,-15.487097074
2947.588369678,-814.613162197,50.803983295,-15.474520935
2948.588230488,-815.584754648,51.040054789,-15.461944797
2949.588091299,-816.556347098,51.276126282,-15.449368658
2950.587952109,-817.527939549,51.512197775,-15.436792519
2951.587812920,-818.499532000,51.748269269,-15.424216380
2952.587673730,-819.471124450,51.984340762,-15.411640241
2953.587534541,-820.442716901,52.220412256,-15.399064102
2954.587395351,-821.414309352,52.456483749,-15.386487964
2955.587256161,-822.385901802,52.692555243,-15.373911825
2956.587116964,-823.357463244,52.928754289,-15.361115286
2957.586977774,-824.328995656,53.165072743,-15.348112421
2958.586838585,-825.300528069,53.401391198,-15.335109556
2959.586699395,-826.272060481,53.637709653,-15.322106690
2960.586560205,-827.243592893,53.874028107,-15.309103825
2961.586421016,-828.215125306,54.110346562,-15.296100959
2962.586281826,-829.186657794,54.346664703,-15.283097926
2963.586142637,-830.158191036,54.582979747,-15.270093226
2964.586003447,-831.129724278,54.819294790,-15.257088526
2965.585864139,-832.101243120,55.055668526,-15.244074887
2966.585724949,-833.071827185,55.295852232,-15.230480995
2967.585585760,-834.042411250,55.536035939,-15.216887104
2968.585446570,-835.012995315,55.776219645,-15.203293212
2969.585307381,-835.983579380,56.016403352,-15.189699320
2970.585168191,-836.954163446,56.256587058,-15.176105429
2971.585029001,-837.924747511,56.496770765,-15.162511537
2972.584889812,-838.895331576,56.736954471,-15.148917645
2973.584750622,-839.865915641,56.977138178,-15.135323754
2974.584611433,-840.836499706,57.217321884,-15.121729862
2975.584471889,-841.807291045,57.456664959,-15.107771550
2976.584332699,-842.778278924,57.695210924,-15.093467300
2977.584193509,-843.749267350,57.933754667,-15.079161606
2978.584054320,-844.720255776,58.172298411,-15.064855912
2979.583915130,-845.691244201,58.410842154,-15.050550218
2980.583775941,-846.662232627,58.649385897,-15.036244524
2981.583636751,-847.633221053,58.887929640,-15.021938831
2982.583497561,-848.604209478,59.126473384,-15.007633137
2983.583358372,-849.575197904,59.365017127,-14.993327443
2984.583219001,-850.546169964,59.603626718,-14.979012702
2985.583079811,-851.515853126,59.847422136,-14.963985433
2986.582940622,-852.485536288,60.091217553,-14.948958164
2987.582801432,-853.455219450,60.335012971,-14.933930894
2988.582661828,-854.427151159,60.569682021,-14.918904488
2989.582522638,-855.399103979,60.804265388,-14.903878090
2990.582383449,-856.371056799,61.038848754,-14.888851692
2991.582244259,-857.343009619,61.273432120,-14.873825294
2992.582105070,-858.314962439,61.508015487,-14.858798896
2993.581965179,-859.286944169,61.742476047,-14.843768106
2994.581825989,-860.261473206,61.966115928,-14.828350335
2995.581684863,-861.236046612,62.189553711,-14.812931469
2996.581545673,-862.214634094,62.394707755,-14.797413481
2997.581344739,-863.195427335,62.588725252,-14.781851062
2998.581201893,-864.178381211,62.771799028,-14.766245301
2999.581062704,-865.165790455,62.929103272,-14.750566728
3000.580850162,-866.154997189,63.074172223,-14.734857771
3001.580659603,-867.147203598,63.197238699,-14.719099232
3002.580467063,-868.141719480,63.299967071,-14.703305765
3003.580273888,-869.138150054,63.382063350,-14.687472187
3004.580081087,-870.136069755,63.443469418,-14.671604062
3005.579889586,-871.135043233,63.484323111,-14.655705786
3006.579671990,-872.134662341,63.502392279,-14.639770716
3007.579528818,-873.134503968,63.507905777,-14.623818804
3008.579389629,-874.134094304,63.484650662,-14.607833723
3009.579154870,-875.133162326,63.447319398,-14.591831781
3010.579012556,-876.131711858,63.396189908,-14.575813414
3011.578873366,-877.128603256,63.319188725,-14.559775193
3012.578657570,-878.124368599,63.229635192,-14.543723477
3013.578515900,-879.119023998,63.127766069,-14.527658626
3014.578376711,-880.111006647,63.002498105,-14.511580532
3015.578166756,-881.101330047,62.865240323,-14.495492135
3016.578024871,-882.090016111,62.716189602,-14.479393728
3017.577885681,-883.074664424,62.542438807,-14.463288447
3018.577679565,-884.057134429,62.357126907,-14.447181714
3019.577487250,-885.035332928,62.150382856,-14.431063527
3020.577283264,-886.008801219,61.922454017,-14.414935738
3021.577065199,-886.976514748,61.671267944,-14.398808104
3022.576831774,-887.937271118,61.394717040,-14.382670350
3023.576582829,-888.889722843,61.090845547,-14.366522561
3024.576320609,-889.832446544,60.758057850,-14.350374258
3025.576048988,-890.764041146,60.395306792,-14.334215234
3026.575774132,-891.683253568,60.002243327,-14.318040895
3027.575504121,-892.589149991,59.579381978,-14.301856481
3028.575246359,-893.481259337,59.128133202,-14.285657407
3029.575006537,-894.359652296,58.650696061,-14.269439022
3030.574787548,-895.224954583,58.149882701,-14.253206394
3031.574564465,-896.077631721,57.627871608,-14.236953817
3032.574423404,-896.922127733,57.092573203,-14.220681391
3033.574284214,-897.753810835,56.537573329,-14.204377045
3034.574102993,-898.580267678,55.974895200,-14.188045360
3035.573962960,-899.401572787,55.404651505,-14.171686656
3036.573823770,-900.213515042,54.821152221,-14.155268080
3037.573683633,-901.025393134,54.237565287,-14.138848918
3038.573544444,-901.826968412,53.639904251,-14.122335823
3039.573404272,-902.628478061,53.042156846,-14.105822225
3040.573265083,-903.419038918,52.430000681,-14.089224826
3041.573077879,-904.203455082,51.810067694,-14.072576729
3042.572937190,-904.981783554,51.182434495,-14.055878566
3043.572798000,-905.745302606,50.536864749,-14.039087314
3044.572571403,-906.500060076,49.881206287,-14.022235228
3045.572430135,-907.246141220,49.215563433,-14.005322934
3046.572290945,-907.973109729,48.529095352,-13.988284471
3047.572044390,-908.689759947,47.832016149,-13.971175416
3048.571903088,-909.396194446,47.124437379,-13.953996429
3049.571763898,-910.081575418,46.396443859,-13.936665039
3050.571517790,-910.756062570,45.658490660,-13.919252886
3051.571376712,-911.419760053,44.910678174,-13.901760660
3052.571237522,-912.061696661,44.144101998,-13.884089329
3053.570996153,-912.692446531,43.368426860,-13.866320391
3054.570855249,-913.312108322,42.583737446,-13.848454698
3055.570716059,-913.909225914,41.781757259,-13.830389938
3056.570474268,-914.494638377,40.971319893,-13.812217606
3057.570333451,-915.068441220,40.152498372,-13.793938553
3058.570194261,-915.618466747,39.317517198,-13.775433937
3059.569949971,-916.156179430,38.474678809,-13.756808522
3060.569809288,-916.681673995,37.624047212,-13.738063179
3061.569670098,-917.182405104,36.758605130,-13.719058761
3062.569428239,-917.670547351,35.886118175,-13.699923368
3063.569287811,-918.146191237,35.006639887,-13.680657882
3064.569148622,-918.597373182,34.114363869,-13.661119752
3065.568990389,-919.042996841,33.219320231,-13.637287588
3066.568851200,-919.483130564,32.321543005,-13.609214192
3067.568098607,-919.898805352,31.412857223,-13.591501121
3068.567954394,-920.279271823,30.488218451,-13.577522798
3069.567815186,-920.661036409,29.564109472,-13.560785816
3070.567675996,-921.036272474,28.637330353,-13.539924837
3071.567536807,-921.411508539,27.710551234,-13.519063858
3072.567380477,-921.781301212,26.781605195,-13.497514884
3073.567241287,-922.145658579,25.850495454,-13.475278937
3074.567102098,-922.510015946,24.919385713,-13.453042990
3075.566962908,-922.874373312,23.988275972,-13.430807043
3076.566823719,-923.238730679,23.057166231,-13.408571095
3077.566684529,-923.603088045,22.126056490,-13.386335148
3078.566545339,-923.967445412,21.194946749,-13.364099201
3079.566406150,-924.331802779,20.263837008,-13.341863254
3080.566266960,-924.696160145,19.332727267,-13.319627307
3081.566127771,-925.060517512,18.401617526,-13.297391360
3082.565988581,-925.425751043,17.470851118,-13.272873691
3083.565849391,-925.790985372,16.540085022,-13.248353943
3084.565710202,-926.156219702,15.609318927,-13.223834196
3085.565571012,-926.521454031,14.678552831,-13.199314448
3086.565431822,-926.886688360,13.747786735,-13.174794700
3087.565292633,-927.251922690,12.817020639,-13.150274953
3088.565153443,-927.617157019,11.886254544,-13.125755205
3089.565014254,-927.982391348,10.955488448,-13.101235458
3090.564875064,-928.347625678,10.024722352,-13.076715710
3091.564735219,-928.711798804,9.093541240,-13.051213512
3092.564596030,-929.074901211,8.161941389,-13.024720054
3093.564456840,-929.438003619,7.230341538,-12.998226597
3094.564317651,-929.801106026,6.298741688,-12.971733139
3095.564178461,-930.164208434,5.367141837,-12.945239682
3096.564039271,-930.527310841,4.435541986,-12.918746224
3097.563900082,-930.890413249,3.503942135,-12.892252767
3098.563756938,-931.250909375,2.571334890,-12.864997507
3099.563617748,-931.608765590,1.637707250,-12.836970616
3100.563478558,-931.966621805,0.704079610,-12.808943725
3101.563339369,-932.324478021,-0.229548029,-12.780916834
3102.563200179,-932.682334236,-1.163175669,-12.752889943
3103.563060990,-933.040190451,-2.096803309,-12.724863052
3104.562921800,-933.398046666,-3.030430948,-12.696836161
3105.562782594,-933.753252723,-3.965070057,-12.667145048
3106.562643404,-934.108447857,-4.899713335,-12.637447075
3107.562504215,-934.463642992,-5.834356613,-12.607749103
3108.562365025,-934.818838126,-6.768999891,-12.578051131
3109.562225836,-935.174033261,-7.703643168,-12.548353159
3110.562086646,-935.529228395,-8.638286446,-12.518655187
3111.561947456,-935.884423529,-9.572929724,-12.488957214
3112.561808267,-936.239618664,-10.507573002,-12.459259242
3113.561669077,-936.594813798,-11.442216279,-12.429561270
3114.561529884,-936.950088355,-12.376829366,-12.398990359
3115.561390694,-937.305444078,-13.311411599,-12.367527351
3116.561251505,-937.660799801,-14.245993833,-12.336064344
3117.561112315,-938.016155523,-15.180576066,-12.304601337
3118.560973126,-938.371511246,-16.115158299,-12.273138329
3119.560833936,-938.726866969,-17.049740532,-12.241675322
3120.560694747,-939.082222691,-17.984322765,-12.210212314
3121.560555557,-939.437578414,-18.918904998,-12.178749307
3122.560416367,-939.792934137,-19.853487232,-12.147286300
3123.560277178,-940.148289859,-20.788069465,-12.115823292
3124.560137988,-940.503239273,-21.722806087,-12.082835078
3125.559998798,-940.858185929,-22.657543757,-12.049836508
3126.559859608,-941.213132584,-23.592281427,-12.016837939
3127.559720419,-941.568079239,-24.527019097,-11.983839369
3128.559581229,-941.923025895,-25.461756768,-11.950840800
3129.559442040,-942.277972550,-26.396494438,-11.917842230
3130.559302850,-942.632919205,-27.331232108,-11.884843660
3131.559163661,-942.987865860,-28.265969778,-11.851845091
3132.559024471,-943.342812516,-29.200707448,-11.818846521
3133.558885256,-943.697965436,-30.135366741,-11.785197144
3134.558746067,-944.053331383,-31.069945087,-11.750875621
3135.558606877,-944.408697330,-32.004523432,-11.716554099
3136.558467688,-944.764063277,-32.939101777,-11.682232576
3137.558328498,-945.119429225,-33.873680123,-11.647911053
3138.558189308,-945.474795172,-34.808258468,-11.613589530
3139.558050119,-945.830161119,-35.742836814,-11.579268007
3140.557910929,-946.185527066,-36.677415159,-11.544946485
3141.557771740,-946.540893014,-37.611993505,-11.510624962
3142.557632550,-946.896258961,-38.546571850,-11.476303439
3143.557493353,-947.250448696,-39.481596586,-11.440852777
3144.557354163,-947.604627281,-40.416625554,-11.405391411
3145.557214974,-947.958805865,-41.351654521,-11.369930045
3146.557075784,-948.312984450,-42.286683489,-11.334468679
3147.556936595,-948.667163035,-43.221712457,-11.299007312
3148.556797405,-949.021341619,-44.156741424,-11.263545946
3149.556658215,-949.375520204,-45.091770392,-11.228084580
3150.556519026,-949.729698789,-46.026799360,-11.192623214
3151.556379836,-950.083877373,-46.961828327,-11.157161847
3152.556240432,-950.438655240,-47.896629845,-11.121221554
3153.556101243,-950.794058641,-48.831193948,-11.084781353
3154.555962053,-951.149462042,-49.765758051,-11.048341152
3155.555822864,-951.504865444,-50.700322154,-11.011900950
3156.555683674,-951.860268845,-51.634886257,-10.975460749
3157.555544484,-952.215672246,-52.569450360,-10.939020548
3158.555405295,-952.571075648,-53.504014463,-10.902580347
3159.555266105,-952.926479049,-54.438578565,-10.866140146
3160.555126916,-953.281882450,-55.373142668,-10.829699944
3161.554987726,-953.637285851,-56.307706771,-10.793259743
3162.554848528,-953.991595183,-57.242686194,-10.755990184
3163.554709339,-954.345891184,-58.177670677,-10.718710520
3164.554570149,-954.700186084,-59.112655578,-10.681430131
3165.554430959,-955.054478946,-60.047641251,-10.644148402
3166.554291770,-955.408771807,-60.982626924,-10.606866672
3167.554152580,-955.763064668,-61.917612597,-10.569584943
3168.554013391,-956.117357529,-62.852598270,-10.532303213
3169.553874201,-956.471650391,-63.787583943,-10.495021484
3170.553735012,-956.825943252,-64.722569616,-10.457739754
3171.553595718,-957.180650307,-65.657398123,-10.420107988
3172.553456529,-957.535794283,-66.592060841,-10.382106979
3173.553317339,-957.890938260,-67.526723559,-10.344105970
3174.553178150,-958.246082236,-68.461386277,-10.306104960
3175.553038960,-958.601226212,-69.396048995,-10.268103951
3176.552899771,-958.956370189,-70.330711713,-10.230102942
3177.552760581,-959.311514165,-71.265374431,-10.192101932
3178.552621391,-959.666658141,-72.200037149,-10.154100923
3179.552482202,-960.021802118,-73.134699866,-10.116099914
3180.552343012,-960.376946094,-74.069362584,-10.078098904
3181.552203816,-960.731229791,-75.004351723,-10.039503681
3182.552064627,-961.085500672,-75.939345725,-10.000899606
3183.551925437,-961.439771553,-76.874339727,-9.962295531
3184.551786248,-961.794042434,-77.809333728,-9.923691456
3185.551647058,-962.148313315,-78.744327730,-9.885087381
3186.551507868,-962.502584196,-79.679321731,-9.846483306
3187.551368679,-962.856855077,-80.614315733,-9.807879231
3188.551229489,-963.211125958,-81.549309735,-9.769275155
3189.551090300,-963.565396839,-82.484303736,-9.730671080
3190.550951110,-963.919660645,-83.419300419,-9.691830124
3191.550811920,-964.273916908,-84.354299959,-9.652736618
3192.550672731,-964.628173170,-85.289299499,-9.613643112
3193.550533541,-964.982429433,-86.224299040,-9.574549605
3194.550394352,-965.336685696,-87.159298580,-9.535456099
3195.550255162,-965.690941959,-88.094298120,-9.496362593
3196.550115973,-966.045198222,-89.029297661,-9.457269087
3197.549976783,-966.399454484,-89.964297201,-9.418175581
3198.549837593,-966.753710747,-90.899296742,-9.379082075
3199.549698404,-967.107967010,-91.834296282,-9.339988568
3200.549559197,-967.463514426,-92.768805587,-9.300540301
3201.549420008,-967.819084610,-93.703306248,-9.261085778
3202.549280818,-968.174654794,-94.637806908,-9.221631256
3203.549141629,-968.530224979,-95.572307568,-9.182176733
3204.549002439,-968.885795163,-96.506808229,-9.142722210
3205.548863250,-969.241365347,-97.441308889,-9.103267687
3206.548724060,-969.596935532,-98.375809549,-9.063813164
3207.548584870,-969.952505716,-99.310310210,-9.024358641
3208.548445681,-970.308075901,-100.244810870,-8.984904118
3209.548306300,-970.663088842,-101.179523162,-8.945343205
3210.548167110,-971.017501366,-102.114463483,-8.905667660
3211.548027921,-971.371913890,-103.049403803,-8.865992115
3212.547888731,-971.726326414,-103.984344124,-8.826316570
3213.547749541,-972.080738938,-104.919284444,-8.786641025
3214.547610352,-972.435151462,-105.854224765,-8.746965480
3215.547471162,-972.789563986,-106.789165086,-8.707289935
3216.547331973,-973.143976510,-107.724105406,-8.667614390
3217.547192783,-973.498389034,-108.659045727,-8.627938846
3218.547053594,-973.852801558,-109.593986048,-8.588263301
3219.546914403,-974.207560624,-110.528794927,-8.548519685
3220.546775213,-974.562326751,-111.463601130,-8.508774683
3221.546636023,-974.917092878,-112.398407332,-8.469029680
3222.546496834,-975.271859005,-113.333213534,-8.429284678
3223.546357644,-975.626625132,-114.268019736,-8.389539676
3224.546218455,-975.981391259,-115.202825938,-8.349794673
3225.546079265,-976.336157385,-116.137632140,-8.310049671
3226.545940076,-976.690923512,-117.072438342,-8.270304669
3227.545800886,-977.045689639,-118.007244544,-8.230559666
3228.545661693,-977.400530991,-118.942022190,-8.190861523
3229.545522503,-977.755454259,-119.876768741,-8.151214407
3230.545383314,-978.110377526,-120.811515292,-8.111567290
3231.545244124,-978.465300794,-121.746261843,-8.071920174
3232.545104935,-978.820224061,-122.681008394,-8.032273058
3233.544965745,-979.175147328,-123.615754945,-7.992625941
3234.544826555,-979.530070596,-124.550501496,-7.952978825
3235.544687366,-979.884993863,-125.485248047,-7.913331708
3236.544548176,-980.239917131,-126.419994598,-7.873684592
3237.544408987,-980.594840398,-127.354741149,-7.834037475
3238.544269797,-980.949710624,-128.289507838,-7.794658858
3239.544130607,-981.304579622,-129.224274993,-7.755286450
3240.543991418,-981.659448621,-130.159042148,-7.715914043
3241.543852228,-982.014317619,-131.093809303,-7.676541636
3242.543713039,-982.369186618,-132.028576458,-7.637169229
3243.543573849,-982.724055617,-132.963343613,-7.597796822
3244.543434660,-983.078924615,-133.898110768,-7.558424415
3245.543295470,-983.433793614,-134.832877923,-7.519052008
3246.543156280,-983.788662613,-135.767645078,-7.479679601
3247.543016734,-984.144284597,-136.702125644,-7.440521133
3248.542877544,-984.500735275,-137.636290809,-7.401598114
3249.542738354,-984.857185952,-138.570455974,-7.362675096
3250.542599165,-985.213636630,-139.504621138,-7.323752077
3251.542459975,-985.570087307,-140.438786303,-7.284829058
3252.542320786,-985.926537985,-141.372951467,-7.245906040
3253.542181596,-986.282988662,-142.307116632,-7.206983021
3254.542042407,-986.639439340,-143.241281797,-7.168060003
3255.541903217,-986.995890017,-144.175446961,-7.129136984
3256.541764027,-987.352340695,-145.109612126,-7.090213965
3257.541624835,-987.709223654,-146.043612226,-7.051894937
3258.541485645,-988.066117812,-146.977608051,-7.013591555
3259.541346456,-988.423011969,-147.911603876,-6.975288173
3260.541207266,-988.779906127,-148.845599701,-6.936984791
3261.541068077,-989.136799819,-149.779595703,-6.898682294
3262.540928887,-989.493692599,-150.713592054,-6.860381535
3263.540789698,-989.850585379,-151.647588405,-6.822080777
3264.540650508,-990.207478160,-152.581584756,-6.783780018
3265.540511318,-990.564370940,-153.515581107,-6.745479260
3266.540372119,-990.921385125,-154.449531048,-6.707550615
3267.540232930,-991.278534344,-155.383429370,-6.670035855
3268.540093740,-991.635683563,-156.317327692,-6.632521095
3269.539954551,-991.992832782,-157.251226014,-6.595006336
3270.539815361,-992.349982001,-158.185124336,-6.557491576
3271.539676171,-992.707131220,-159.119022658,-6.519976816
3272.539536982,-993.064280439,-160.052920979,-6.482462057
3273.539397792,-993.421429658,-160.986819301,-6.444947297
3274.539258603,-993.778578877,-161.920717623,-6.407432537
3275.539119413,-994.135728096,-162.854615945,-6.369917778
3276.538980194,-994.491527182,-163.789029446,-6.333315607
3277.538841004,-994.847287519,-164.723457733,-6.296739628
3278.538701814,-995.203047855,-165.657886020,-6.260163649
3279.538562625,-995.558808191,-166.592314306,-6.223587671
3280.538423435,-995.914568528,-167.526742593,-6.187011692
3281.538284246,-996.270328864,-168.461170880,-6.150435713
3282.538145056,-996.626089201,-169.395599167,-6.113859734
3283.538005867,-996.981849537,-170.330027454,-6.077283756
3284.537866677,-997.337609873,-171.264455741,-6.040707777
3285.537727482,-997.693465996,-172.198847547,-6.004633256
3286.537588292,-998.049429795,-173.133198346,-5.969122436
3287.537449102,-998.405393594,-174.067549144,-5.933611615
3288.537309913,-998.761357392,-175.001899942,-5.898100795
3289.537170723,-999.117321191,-175.936250740,-5.862589974
3290.537031534,-999.473284990,-176.870601539,-5.827079154
3291.536892344,-999.829248788,-177.804952337,-5.791568334
3292.536753154,-1000.185212587,-178.739303135,-5.756057513
3293.536613965,-1000.541176386,-179.673653934,-5.720546693
3294.536474775,-1000.897140184,-180.608004732,-5.685035873
3295.536335473,-1001.255604574,-181.541398912,-5.650656559
3296.536196283,-1001.614147755,-182.474762950,-5.616312899
3297.536057094,-1001.972690937,-183.408126988,-5.581969238
3298.535917904,-1002.331234119,-184.341491025,-5.547625578
3299.535778714,-1002.689777301,-185.274855063,-5.513281918
3300.535639525,-1003.048320483,-186.208219101,-5.478938257
3301.535500335,-1003.406863665,-187.141583139,-5.444594597
3302.535361146,-1003.765406847,-188.074947176,-5.410250937
3303.535221956,-1004.123950029,-189.008311214,-5.375907276
3304.535082660,-1004.482088458,-189.941830519,-5.342143039
3305.534943470,-1004.839767034,-190.875526228,-5.309037102
3306.534804281,-1005.197445610,-191.809221936,-5.275931165
3307.534665091,-1005.555124186,-192.742917645,-5.242825227
3308.534525901,-1005.912802763,-193.676613353,-5.209719290
3309.534386712,-1006.270481339,-194.610309062,-5.176613353
3310.534247522,-1006.628159915,-195.544004771,-5.143507416
3311.534108333,-1006.985838492,-196.477700479,-5.110401479
3312.533969143,-1007.343517068,-197.411396188,-5.077295542
3313.533829954,-1007.701195644,-198.345091896,-5.044189604
3314.533690741,-1008.057783454,-199.279204699,-5.012333252
3315.533551551,-1008.414333829,-200.213331815,-4.980519785
3316.533412361,-1008.770884205,-201.147458932,-4.948706317
3317.533273172,-1009.127434580,-202.081586049,-4.916892850
3318.533133982,-1009.483984955,-203.015713165,-4.885079383
3319.532994793,-1009.840535330,-203.949840282,-4.853265916
3320.532855603,-1010.197085705,-204.883967399,-4.821452448
3321.532716414,-1010.553636081,-205.818094515,-4.789638981
3322.532577224,-1010.910186456,-206.752221632,-4.757825514
3323.532435535,-1011.268684355,-207.685600386,-4.726601883
3324.532296345,-1011.629418482,-208.618119839,-4.696055526
3325.532157156,-1011.990152609,-209.550639292,-4.665509170
3326.532017966,-1012.350886736,-210.483158745,-4.634962814
3327.531878777,-1012.711620863,-211.415678197,-4.604416457
3328.531739587,-1013.072354989,-212.348197650,-4.573870101
3329.531600397,-1013.433089116,-213.280717103,-4.543323745
3330.531461208,-1013.793823243,-214.213236556,-4.512777388
3331.531322018,-1014.154557370,-215.145756009,-4.482231032
3332.531182815,-1014.514482265,-216.078588085,-4.452936179
3333.531043625,-1014.874377217,-217.011431729,-4.423687634
3334.530904436,-1015.234272170,-217.944275372,-4.394439088
3335.530765246,-1015.594167123,-218.877119016,-4.365190542
3336.530626056,-1015.954062075,-219.809962659,-4.335941997
3337.530486867,-1016.313957028,-220.742806303,-4.306693451
3338.530347677,-1016.673851980,-221.675649946,-4.277444905
3339.530208488,-1017.033746933,-222.608493590,-4.248196360
3340.530069298,-1017.393641885,-223.541337234,-4.218947814
3341.529930108,-1017.753510502,-224.474191037,-4.190336143
3342.529790919,-1018.113348572,-225.407056624,-4.162463160
3343.529651729,-1018.473186643,-226.339922211,-4.134590177
3344.529512539,-1018.833024713,-227.272787798,-4.106717194
3345.529373350,-1019.192862784,-228.205653384,-4.078844211
3346.529234160,-1019.552700854,-229.138518971,-4.050971228
3347.529094971,-1019.912538924,-230.071384558,-4.023098245
3348.528955781,-1020.272376995,-231.004250145,-3.995225262
3349.528816591,-1020.632215065,-231.937115732,-3.967352279
3350.528677402,-1020.992053136,-232.869981319,-3.939479296
3351.528538204,-1021.351287164,-233.803079672,-3.912920013
3352.528399014,-1021.710497122,-234.736187301,-3.886413080
3353.528259825,-1022.069707079,-235.669294929,-3.859906148
3354.528120635,-1022.428917036,-236.602402558,-3.833399215
3355.527981446,-1022.788126994,-237.535510187,-3.806892282
3356.527842256,-1023.147336951,-238.468617816,-3.780385350
3357.527703066,-1023.506546908,-239.401725444,-3.753878417
3358.527563877,-1023.865757156,-240.334832961,-3.727371630
3359.527424687,-1024.224968008,-241.267940246,-3.700865146
3360.527285295,-1024.584727647,-242.200835865,-3.674985466
3361.527146105,-1024.945130588,-243.133483366,-3.649840542
3362.527006916,-1025.305533529,-244.066130866,-3.624695617
3363.526867726,-1025.665936470,-244.998778367,-3.599550693
3364.526728537,-1026.026339411,-245.931425867,-3.574405769
3365.526589347,-1026.386742352,-246.864073368,-3.549260845
3366.526450157,-1026.747145293,-247.796720869,-3.524115920
3367.526310968,-1027.107548233,-248.729368369,-3.498970996
3368.526171778,-1027.467951174,-249.662015870,-3.473826072
3369.526032589,-1027.828354115,-250.594663371,-3.448681148
3370.525893399,-1028.188629586,-251.527360119,-3.424867593
3371.525754209,-1028.548899612,-252.460058971,-3.401110905
3372.525615020,-1028.909169637,-253.392757823,-3.377354217
3373.525475830,-1029.269439663,-254.325456675,-3.353597529
3374.525336640,-1029.629709689,-255.258155527,-3.329840841
3375.525197451,-1029.989979715,-256.190854380,-3.306084153
3376.525058261,-1030.350249741,-257.123553232,-3.282327465
3377.524919072,-1030.710519767,-258.056252084,-3.258570777
3378.524779882,-1031.070789793,-258.988950936,-3.234814090
3379.524640670,-1031.431242147,-259.921579316,-3.211714488
3380.524501480,-1031.791910521,-260.854124202,-3.189393389
3381.524362291,-1032.152578895,-261.786669087,-3.167072290
3382.524223101,-1032.513247269,-262.719213973,-3.144751191
3383.524083912,-1032.873915643,-263.651758859,-3.122430092
3384.523944722,-1033.234584017,-264.584303745,-3.100108993
3385.523805532,-1033.595252391,-265.516848631,-3.077787894
3386.523666343,-1033.955920765,-266.449393517,-3.055466795
3387.523527153,-1034.316589139,-267.381938403,-3.033145696
3388.523387964,-1034.677257513,-268.314483289,-3.010824597
3389.523248765,-1035.038521381,-269.246797635,-2.989925791
3390.523109575,-1035.399812404,-270.179101468,-2.969091844
3391.522970386,-1035.761103427,-271.111405301,-2.948257898
3392.522831196,-1036.122394450,-272.043709134,-2.927423951
3393.522692006,-1036.483685473,-272.976012967,-2.906590004
3394.522552817,-1036.844976495,-273.908316800,-2.885756057
3395.522413627,-1037.206267518,-274.840620632,-2.864922110
3396.522274438,-1037.567558541,-275.772924465,-2.844088163
3397.522135248,-1037.928849564,-276.705228298,-2.823254216
3398.521996047,-1038.290270538,-277.637481749,-2.803128164
3399.521856857,-1038.651847125,-278.569674869,-2.783849800
3400.521717668,-1039.013423711,-279.501867989,-2.764571436
3401.521578478,-1039.375000298,-280.434061108,-2.745293071
3402.521439289,-1039.736576884,-281.366254228,-2.726014707
3403.521300099,-1040.098153471,-282.298447347,-2.706736343
3404.521160909,-1040.459730058,-283.230640467,-2.687457978
3405.521021720,-1040.821306644,-284.162833586,-2.668179614
3406.520882530,-1041.182883231,-285.095026706,-2.648901250
3407.520743341,-1041.544459818,-286.027219826,-2.629622885
3408.520604135,-1041.905265837,-286.959711447,-2.611896376
3409.520464945,-1042.266034484,-287.892217545,-2.594245133
3410.520325755,-1042.626803130,-288.824723644,-2.576593890
3411.520186566,-1042.987571777,-289.757229742,-2.558942647
3412.520047376,-1043.348340423,-290.689735841,-2.541291404
3413.519908187,-1043.709109070,-291.622241940,-2.523640161
3414.519768997,-1044.069877717,-292.554748038,-2.505988919
3415.519629808,-1044.430646363,-293.487254137,-2.488337676
3416.519490618,-1044.791415010,-294.419760235,-2.470686433
3417.519351202,-1045.152754379,-295.352045088,-2.453796603
3418.519212012,-1045.514784490,-296.284062169,-2.437828306
3419.519072822,-1045.876814601,-297.216079250,-2.421860010
3420.518933633,-1046.238844712,-298.148096331,-2.405891713
3421.518794443,-1046.600874823,-299.080113411,-2.389923416
3422.518655254,-1046.962904935,-300.012130492,-2.373955120
3423.518516064,-1047.324935046,-300.944147573,-2.357986823
3424.518376875,-1047.686965157,-301.876164654,-2.342018526
3425.518237685,-1048.048995268,-302.808181734,-2.326050229
3426.518098495,-1048.411025379,-303.740198815,-2.310081933
3427.517959305,-1048.772929517,-304.672264818,-2.295737280
3428.517820116,-1049.134827179,-305.604333336,-2.281476101
3429.517680926,-1049.496724841,-306.536401855,-2.267214922
3430.517541737,-1049.858622502,-307.468470373,-2.252953743
3431.517402547,-1050.220520164,-308.400538891,-2.238692564
3432.517263357,-1050.582417826,-309.332607409,-2.224431385
3433.517124168,-1050.944315488,-310.264675927,-2.210170205
3434.516984978,-1051.306213149,-311.196744446,-2.195909026
3435.516845789,-1051.668110811,-312.128812964,-2.181647847
3436.516706573,-1052.030201370,-313.060806534,-2.168143625
3437.516567383,-1052.392527897,-313.992708422,-2.155565381
3438.516428194,-1052.754854424,-314.924610309,-2.142987136
3439.516289004,-1053.117180951,-315.856512197,-2.130408891
3440.516149815,-1053.479507478,-316.788414085,-2.117830646
3441.516010625,-1053.841834005,-317.720315972,-2.105252401
3442.515871435,-1054.204160532,-318.652217860,-2.092674156
3443.515732246,-1054.566487059,-319.584119747,-2.080095911
3444.515593056,-1054.928813586,-320.516021635,-2.067517666
3445.515453867,-1055.291140113,-321.447923522,-2.054939421
3446.515314555,-1055.651492310,-322.380590500,-2.043889005
3447.515175366,-1056.011737217,-323.313299054,-2.032921614
3448.515036176,-1056.371982124,-324.246007608,-2.021954223
3449.514896987,-1056.732227031,-325.178716162,-2.010986832
3450.514757797,-1057.092471938,-326.111424717,-2.000019442
3451.514618607,-1057.452716845,-327.044133271,-1.989052051
3452.514479418,-1057.812961718,-327.976841838,-1.978085164
3453.514340228,-1058.173206516,-328.909550435,-1.967119396
3454.514201039,-1058.533451314,-329.842259031,-1.956153627
3455.514061805,-1058.893447540,-330.775063550,-1.945857037
3456.513922616,-1059.253136426,-331.707986668,-1.936387833
3457.513783426,-1059.612825312,-332.640909787,-1.926918630
3458.513644236,-1059.972514198,-333.573832906,-1.917449426
3459.513505047,-1060.332203084,-334.506756025,-1.907980223
3460.513365857,-1060.691891970,-335.439679143,-1.898511019
3461.513226668,-1061.051580856,-336.372602262,-1.889041815
3462.513087478,-1061.411269742,-337.305525381,-1.879572612
3463.512948289,-1061.770958628,-338.238448500,-1.870103408
3464.512809099,-1062.130647514,-339.171371618,-1.860634204
3465.512669892,-1062.491064189,-340.104013793,-1.852440172
3466.512530702,-1062.851522559,-341.036639872,-1.844319192
3467.512391513,-1063.211980928,-341.969265952,-1.836198212
3468.512252323,-1063.572439297,-342.901892031,-1.828077232
3469.512113134,-1063.932897667,-343.834518111,-1.819956252
3470.511973944,-1064.293356036,-344.767144190,-1.811835272
3471.511834755,-1064.653814405,-345.699770270,-1.803714292
3472.511695565,-1065.014272775,-346.632396349,-1.795593312
3473.511556375,-1065.374731144,-347.565022429,-1.787472332
3474.511416905,-1065.735814450,-348.497406430,-1.779871114
3475.511277715,-1066.097678755,-349.429487899,-1.772919455
3476.511138526,-1066.459543060,-350.361569368,-1.765967796
3477.510999336,-1066.821407365,-351.293650837,-1.759016136
3478.510860147,-1067.183271669,-352.225732306,-1.752064477
3479.510720957,-1067.545135974,-353.157813776,-1.745112818
3480.510581768,-1067.907000279,-354.089895245,-1.738161158
3481.510442578,-1068.268864583,-355.021976714,-1.731209499
3482.510303388,-1068.630728888,-355.954058183,-1.724257840
3483.510164199,-1068.992593193,-356.886139652,-1.717306180
3484.510024984,-1069.353603065,-357.818552362,-1.711263806
3485.509885794,-1069.714561455,-358.750985030,-1.705276219
3486.509746605,-1070.075519845,-359.683417699,-1.699288632
3487.509607415,-1070.436478236,-360.615850367,-1.693301046
3488.509468226,-1070.797436626,-361.548283035,-1.687313459
3489.509329036,-1071.158395016,-362.480715703,-1.681325872
3490.509189847,-1071.519353406,-363.413148372,-1.675338285
3491.509050657,-1071.880311796,-364.345581040,-1.669350699
3492.508911467,-1072.241270186,-365.278013708,-1.663363112
3493.508771960,-1072.602889958,-366.210189735,-1.657703357
3494.508632770,-1072.965345206,-367.142041565,-1.652457727
3495.508493581,-1073.327800454,-368.073893395,-1.647212098
3496.508354391,-1073.690255702,-369.005745225,-1.641966468
3497.508215202,-1074.052710950,-369.937597056,-1.636720839
3498.508076012,-1074.415166199,-370.869448886,-1.631475209
3499.507936822,-1074.777621447,-371.801300716,-1.626229580
3500.507797633,-1075.140076695,-372.733152546,-1.620983950
3501.507658443,-1075.502531943,-373.665004376,-1.615738321
3502.507519254,-1075.864987191,-374.596856206,-1.610492691
3503.507379467,-1076.231489941,-375.527122932,-1.605671300
3504.507240278,-1076.598248279,-376.457289563,-1.600876698
3505.507101088,-1076.965006616,-377.387456195,-1.596082096
3506.506961899,-1077.331764954,-378.317622826,-1.591287494
3507.506822709,-1077.698523291,-379.247789457,-1.586492892
3508.506683519,-1078.065281629,-380.177956089,-1.581698290
3509.506543775,-1078.432907159,-381.107779728,-1.577012474
3510.506404586,-1078.801638439,-382.037166022,-1.572465370
3511.506265396,-1079.170369719,-382.966552316,-1.567918266
3512.506126207,-1079.539100998,-383.895938610,-1.563371162
3513.505987017,-1079.907832278,-384.825324905,-1.558824059
3514.505847827,-1080.276563558,-385.754711199,-1.554276955
3515.505708638,-1080.645294838,-386.684097493,-1.549729851
3516.505568388,-1081.008723834,-387.615568848,-1.545345507
3517.505429199,-1081.371806585,-388.547176359,-1.540971791
3518.505290009,-1081.734889336,-389.478783871,-1.536598075
3519.505150820,-1082.097972087,-390.410391383,-1.532224359
3520.505011630,-1082.461054838,-391.341998895,-1.527850644
3521.504872440,-1082.824137589,-392.273606407,-1.523476928
3522.504733251,-1083.187220340,-393.205213919,-1.519103212
3523.504593999,-1083.549030919,-394.137316178,-1.514838671
3524.504454810,-1083.910757106,-395.069451257,-1.510581371
3525.504315620,-1084.272483292,-396.001586337,-1.506324072
3526.504176431,-1084.634209479,-396.933721416,-1.502066773
3527.504037241,-1084.995935665,-397.865856495,-1.497809474
3528.503898052,-1085.357661852,-398.797991575,-1.493552175
3529.503758862,-1085.719388039,-399.730126654,-1.489294876
3530.503619672,-1086.081114225,-400.662261733,-1.485037577
3531.503480483,-1086.442840412,-401.594396813,-1.480780278
3532.503340687,-1086.805469459,-402.526180372,-1.476544568
3533.503201498,-1087.169264243,-403.457510064,-1.472336733
3534.503062308,-1087.533059027,-404.388839757,-1.468128897
3535.502923118,-1087.896853811,-405.320169449,-1.463921062
3536.502783929,-1088.260648595,-406.251499141,-1.459713226
3537.502644739,-1088.624443379,-407.182828833,-1.455505391
3538.502505550,-1088.988238162,-408.114158525,-1.451297556
3539.502366360,-1089.352032946,-409.045488217,-1.447089720
3540.502227170,-1089.715827730,-409.976817909,-1.442881885
3541.502087981,-1090.079622514,-410.908147601,-1.438674050
3542.501948791,-1090.443427990,-411.839473117,-1.434457260
3543.501809602,-1090.807234208,-412.770798343,-1.430239849
3544.501670412,-1091.171040426,-413.702123568,-1.426022438
3545.501531223,-1091.534846644,-414.633448794,-1.421805027
3546.501392033,-1091.898653622,-415.564773723,-1.417587065
3547.501252843,-1092.262462401,-416.496097948,-1.413367800
3548.501113654,-1092.626271179,-417.427422174,-1.409148534
3549.500974464,-1092.990079957,-418.358746399,-1.404929269
3550.500835275,-1093.353888735,-419.290070625,-1.400710004
3551.500696075,-1093.717584492,-420.221438982,-1.396471498
3552.500556886,-1094.081132744,-421.152864937,-1.392207882
3553.500417696,-1094.444680995,-422.084290892,-1.387944265
3554.500278507,-1094.808229247,-423.015716846,-1.383680649
3555.500139317,-1095.171777498,-423.947142801,-1.379417033
3556.500000128,-1095.535325750,-424.878568756,-1.375153417
3557.499860938,-1095.898874001,-425.809994710,-1.370889800
3558.499721748,-1096.262422253,-426.741420665,-1.366626184
3559.499582559,-1096.625970504,-427.672846620,-1.362362568
3560.499443369,-1096.989518755,-428.604272575,-1.358098951
3561.499304179,-1097.352983808,-429.535730998,-1.353785282
3562.499164990,-1097.716442837,-430.467191773,-1.349467989
3563.499025800,-1098.079901866,-431.398652547,-1.345150696
3564.498886611,-1098.443360895,-432.330113322,-1.340833402
3565.498747421,-1098.806819924,-433.261574097,-1.336516109
3566.498608232,-1099.170278953,-434.193034871,-1.332198816
3567.498469042,-1099.533737982,-435.124495646,-1.327881523
3568.498329852,-1099.897197011,-436.055956420,-1.323564230
3569.498190663,-1100.260656040,-436.987417195,-1.319246937
3570.498051473,-1100.624129280,-437.918872424,-1.314911491
3571.497912283,-1100.987621268,-438.850320337,-1.310552099
3572.497773094,-1101.351113256,-439.781768250,-1.306192706
3573.497633904,-1101.714605244,-440.713216163,-1.301833313
3574.497494715,-1102.078097232,-441.644664076,-1.297473920
3575.497355525,-1102.441589220,-442.576111989,-1.293114527
3576.497216336,-1102.805081209,-443.507559902,-1.288755134
3577.497077146,-1103.168573197,-444.439007815,-1.284395741
3578.496937956,-1103.532065185,-445.370455728,-1.280036348
3579.496798767,-1103.895557173,-446.301903641,-1.275676956
3580.496659569,-1104.258622451,-447.233517954,-1.271307776
3581.496520380,-1104.621655534,-448.165144822,-1.266937858
3582.496381190,-1104.984688618,-449.096771690,-1.262567940
3583.496242001,-1105.347721701,-450.028398557,-1.258198022
3584.496102811,-1105.710754785,-450.960025425,-1.253828104
3585.495963621,-1106.073787868,-451.891652293,-1.249458186
3586.495824432,-1106.436820952,-452.823279160,-1.245088268
3587.495685242,-1106.799854035,-453.754906028,-1.240718350
3588.495546053,-1107.162887119,-454.686532896,-1.236348433
3589.495406826,-1107.526140575,-455.618073819,-1.231989338
3590.495267636,-1107.889687922,-456.549500127,-1.227644679
3591.495128447,-1108.253235268,-457.480926435,-1.223300020
3592.494989257,-1108.616782615,-458.412352743,-1.218955360
3593.494850067,-1108.980329961,-459.343779050,-1.214610701
3594.494710878,-1109.343877308,-460.275205358,-1.210266041
3595.494571688,-1109.707424654,-461.206631666,-1.205921382
3596.494432499,-1110.070972001,-462.138057974,-1.201576723
3597.494293309,-1110.434519348,-463.069484282,-1.197232063
3598.494154120,-1110.798066694,-464.000910590,-1.192887404
3599.494014917,-1111.161085036,-464.932543188,-1.188613008
3600.493875728,-1111.524061844,-465.864191983,-1.184344128
3601.493736538,-1111.887038652,-466.795840778,-1.180075248
3602.493597349,-1112.250015460,-467.727489573,-1.175806369
3603.493458159,-1112.612992268,-468.659138368,-1.171537489
3604.493318969,-1112.975969076,-469.590787163,-1.167268609
3605.493179780,-1113.338945884,-470.522435958,-1.162999730
3606.493040590,-1113.701922692,-471.454084753,-1.158730850
3607.492901401,-1114.064899500,-472.385733548,-1.154461970
3608.492762051,-1114.427422539,-473.317558835,-1.150249568
3609.492622862,-1114.789333862,-474.249622049,-1.146113301
3610.492483672,-1115.151245184,-475.181685263,-1.141977035
3611.492344483,-1115.513156507,-476.113748477,-1.137840768
3612.492205293,-1115.875067829,-477.045811691,-1.133704502
3613.492066103,-1116.236979152,-477.977874905,-1.129568235
3614.491926914,-1116.598890474,-478.909938119,-1.125431968
3615.491787724,-1116.960801797,-479.842001333,-1.121295702
3616.491648535,-1117.322713119,-480.774064547,-1.117159435
3617.491509345,-1117.684624442,-481.706127761,-1.113023169
3618.491370126,-1118.047333103,-482.637880951,-1.109065951
3619.491230936,-1118.410106826,-483.569608844,-1.105123344
3620.491091747,-1118.772880549,-484.501336737,-1.101180736
3621.490952557,-1119.135654271,-485.433064630,-1.097238129
3622.490813367,-1119.498427994,-486.364792523,-1.093295522
3623.490674178,-1119.861201717,-487.296520416,-1.089352914
3624.490534988,-1120.223975439,-488.228248308,-1.085410307
3625.490395799,-1120.586749162,-489.159976201,-1.081467699
3626.490256609,-1120.949522885,-490.091704094,-1.077525092
3627.490117377,-1121.312530085,-491.023341001,-1.073686272
3628.489978187,-1121.675855463,-491.954853916,-1.069988890
3629.489838998,-1122.039180841,-492.886366831,-1.066291509
3630.489699808,-1122.402506219,-493.817879745,-1.062594127
3631.489560618,-1122.765831596,-494.749392660,-1.058896746
3632.489421429,-1123.129156974,-495.680905575,-1.055199365
3633.489282239,-1123.492482352,-496.612418489,-1.051501983
3634.489143050,-1123.855807729,-497.543931404,-1.047804602
3635.489003860,-1124.219133107,-498.475444319,-1.044107220
3636.488864670,-1124.582458485,-499.406957233,-1.040409839
3637.488725209,-1124.943421009,-500.339388009,-1.036970476
3638.488586019,-1125.304183396,-501.271896529,-1.033552967
3639.488446830,-1125.664945784,-502.204405049,-1.030135459
3640.488307640,-1126.025708172,-503.136913569,-1.026717950
3641.488168450,-1126.386471099,-504.069421880,-1.023301074
3642.488029261,-1126.747235388,-505.001929665,-1.019885790
3643.487890071,-1127.107999677,-505.934437449,-1.016470506
3644.487750882,-1127.468763966,-506.866945234,-1.013055222
3645.487611692,-1127.829528255,-507.799453018,-1.009639938
3646.487472167,-1128.189641776,-508.732211948,-1.006341115
3647.487332978,-1128.548858826,-509.665316847,-1.003202725
3648.487193788,-1128.908075876,-510.598421745,-1.000064335
3649.487054599,-1129.267292925,-511.531526643,-0.996925945
3650.486915409,-1129.626509975,-512.464631542,-0.993787555
3651.486776219,-1129.985727025,-513.397736440,-0.990649165
3652.486637030,-1130.344944075,-514.330841338,-0.987510775
3653.486497840,-1130.704161125,-515.263946237,-0.984372385
3654.486358651,-1131.063378175,-516.197051135,-0.981233995
3655.486216357,-1131.430435520,-517.127096477,-0.978265247
3656.486077167,-1131.798179954,-518.056873693,-0.975311366
3657.485937978,-1132.165924387,-518.986650910,-0.972357485
3658.485780513,-1132.538430583,-519.914510936,-0.969441417
3659.485641323,-1132.917541067,-520.839711931,-0.966577792
3660.485502133,-1133.296651552,-521.764912925,-0.963714167
3661.485355284,-1133.687893401,-522.685041252,-0.960912995
3662.485216094,-1134.080209981,-523.604720186,-0.958117355
3663.485048743,-1134.478360707,-524.521857757,-0.955347230
3664.484909553,-1134.884624684,-525.435461184,-0.952612587
3665.484744172,-1135.296474799,-526.346531295,-0.949900929
3666.484604982,-1135.716101613,-527.254074669,-0.947221272
3667.484437949,-1136.141445396,-528.158921965,-0.944562505
3668.484298760,-1136.574756376,-529.060011991,-0.941932850
3669.484131750,-1137.013737444,-529.958322422,-0.939324069
3670.483992560,-1137.460628921,-530.852755007,-0.936744407
3671.483825996,-1137.913099705,-531.744347452,-0.934183525
3672.483686807,-1138.373362661,-532.631973304,-0.931648871
3673.483520125,-1138.839170421,-533.516670876,-0.929130885
3674.483380935,-1139.312730850,-534.397274169,-0.926636207
3675.483213064,-1139.791905677,-535.274802386,-0.924158194
3676.483073874,-1140.278938800,-536.148026513,-0.921703507
3677.482904557,-1140.771673381,-537.018011586,-0.919265480
3678.482765367,-1141.272396499,-537.883458291,-0.916850794
3679.482594879,-1141.778874533,-538.745513424,-0.914450670
3680.482455689,-1142.293424657,-539.602811395,-0.912070971
3681.482284062,-1142.813773697,-540.456564083,-0.909703753
3682.482144872,-1143.342265007,-541.305338832,-0.907354060
3683.481972150,-1143.876588964,-542.150414270,-0.905016839
3684.481832961,-1144.419111378,-542.990289898,-0.902697147
3685.481659588,-1144.967456358,-543.826334793,-0.900387838
3686.481520399,-1145.523994585,-544.656989260,-0.898093138
3687.481346810,-1146.086305255,-545.483705392,-0.895808811
3688.481207621,-1146.656747395,-546.304873709,-0.893539095
3689.481034925,-1147.232817812,-547.122062496,-0.891277675
3690.480895736,-1147.816824815,-547.933639640,-0.889027951
3691.480725450,-1148.406187964,-548.741297078,-0.886784452
3692.480586261,-1149.003111600,-549.543421640,-0.884549738
3693.480419583,-1149.605010634,-550.341785106,-0.882321247
3694.480280393,-1150.213940134,-551.134833973,-0.880101550
3695.480117537,-1150.827432568,-551.924328334,-0.877883919
3696.479978347,-1151.447379894,-552.708794365,-0.875669210
3697.479813647,-1152.072008964,-553.489505036,-0.873457400
3698.479674458,-1152.703268166,-554.264897492,-0.871249696
3699.479535268,-1153.334527369,-555.040289947,-0.869041993
3700.479386974,-1153.976475877,-555.806844281,-0.866834277
3701.479247785,-1154.619436015,-556.572562180,-0.864626560
3702.479083596,-1155.266912541,-557.334432115,-0.862415541
3703.478944407,-1155.920802351,-558.090837930,-0.860199833
3704.478805217,-1156.574692160,-558.847243745,-0.857984126
3705.478658923,-1157.237759360,-559.595608176,-0.855757464
3706.478519733,-1157.901702261,-560.343205304,-0.853529757
3707.478361761,-1158.569464066,-561.087368090,-0.851293800
3708.478222572,-1159.242663482,-561.826640831,-0.849046098
3709.478083382,-1159.915862899,-562.565913572,-0.846798396
3710.477938488,-1160.597069232,-563.297807119,-0.844525163
3711.477799298,-1161.279045926,-564.028990701,-0.842249473
3712.477642094,-1161.964674834,-564.756725967,-0.839960603
3713.477502905,-1162.655518452,-565.479537654,-0.837652916
3714.477363715,-1163.346362070,-566.202349342,-0.835345228
3715.477217794,-1164.045667973,-566.916967724,-0.833004721
3716.477078604,-1164.745794958,-567.630791124,-0.830661029
3717.476916636,-1165.449921570,-568.340637448,-0.828299244
3718.476777447,-1166.159774693,-569.044789551,-0.825911552
3719.476638257,-1166.869627816,-569.748941654,-0.823523861
3720.476490618,-1167.588669614,-570.443696024,-0.821092440
3721.476351428,-1168.308610189,-571.137531169,-0.818656741
3722.476185548,-1169.032749357,-571.826944494,-0.816202985
3723.476046358,-1169.762915637,-572.510010263,-0.813723306
3724.475907169,-1170.493081917,-573.193076031,-0.811243627
3725.475759335,-1171.232224219,-573.866405824,-0.808713014
3726.475620145,-1171.972251354,-574.538775871,-0.806177381
3727.475457198,-1172.716111643,-575.206867185,-0.803618777
3728.475318009,-1173.465490054,-575.868798932,-0.801027106
3729.475178819,-1174.214868465,-576.530730679,-0.798435436
3730.475032929,-1174.971877920,-577.183911300,-0.795784960
3731.474893739,-1175.729645880,-577.836222085,-0.793128638
3732.474754550,-1176.487413840,-578.488532869,-0.790472317
3733.474610992,-1177.251246635,-579.133724597,-0.787755415
3734.474471802,-1178.015685118,-579.778205354,-0.785032463
3735.474332613,-1178.780123602,-580.422686110,-0.782309511
3736.474188364,-1179.550990447,-581.059455951,-0.779531413
3737.474049175,-1180.322502553,-581.695451793,-0.776747781
3738.473888961,-1181.097414320,-582.327267708,-0.773942174
3739.473749771,-1181.877249761,-582.953029903,-0.771104741
3740.473610581,-1182.657084341,-583.578793172,-0.768263407
3741.473461474,-1183.445594826,-584.193572012,-0.765375127
3742.473322284,-1184.234983235,-584.807239332,-0.762483499
3743.473153583,-1185.028244879,-585.415843136,-0.759570670
3744.473014393,-1185.827130807,-586.017094260,-0.756627057
3745.472875204,-1186.626016735,-586.618345384,-0.753683444
3746.472727365,-1187.432660495,-587.209133153,-0.750696286
3747.472588175,-1188.240095124,-587.798854241,-0.747704688
3748.472429169,-1189.050579586,-588.384342882,-0.744691919
3749.472289979,-1189.865504894,-588.963668681,-0.741648322
3750.472150789,-1190.680430203,-589.542994480,-0.738604725
3751.472005674,-1191.501525767,-590.113530951,-0.735521233
3752.471866484,-1192.323255357,-590.683164273,-0.732433643
3753.471710531,-1193.147691483,-591.248843681,-0.729326542
3754.471571342,-1193.976079415,-591.808749990,-0.726190954
3755.471432152,-1194.804467347,-592.368656298,-0.723055367
3756.471286500,-1195.639053817,-592.919268812,-0.719883541
3757.471147310,-1196.474282200,-593.468918872,-0.716707963
3758.470986215,-1197.312486637,-594.013979563,-0.713516154
3759.470847025,-1198.155048320,-594.552320951,-0.710300584
3760.470707836,-1198.997610004,-595.090662339,-0.707085013
3761.470559163,-1199.847344462,-595.617591203,-0.703829587
3762.470419974,-1200.697827542,-596.143328941,-0.700570002
3763.470250745,-1201.551630963,-596.663599343,-0.697294214
3764.470111556,-1202.410308858,-597.175843341,-0.693994639
3765.469972366,-1203.268986752,-597.688087339,-0.690695065
3766.469822239,-1204.134954558,-598.187886826,-0.687355690
3767.469683049,-1205.001688910,-598.686377752,-0.684012129
3768.469514048,-1205.871552471,-599.179327457,-0.680652385
3769.469374859,-1206.746022341,-599.664120286,-0.677268821
3770.469235669,-1207.620492211,-600.148913114,-0.673885256
3771.469086107,-1208.501651374,-600.621416477,-0.670465530
3772.468946918,-1209.383519242,-601.092617819,-0.667041973
3773.468779636,-1210.268252817,-601.558355907,-0.663599034
3774.468640447,-1211.157216131,-602.016030318,-0.660127490
3775.468501257,-1212.046179444,-602.473704730,-0.656655945
3776.468351903,-1212.941365289,-602.919062584,-0.653144652
3777.468212714,-1213.837215348,-603.363105727,-0.649629116
3778.468045084,-1214.735775568,-603.801573856,-0.646095839
3779.467905895,-1215.638346892,-604.231790830,-0.642536303
3780.467766705,-1216.540918216,-604.662007804,-0.638976768
3781.467617406,-1217.449294503,-605.079804340,-0.635377500
3782.467478217,-1218.358295102,-605.496265085,-0.631773958
3783.467313478,-1219.269700688,-605.907373838,-0.628152715
3784.467174288,-1220.184675264,-606.310540263,-0.624505201
3785.467035099,-1221.099649840,-606.713706687,-0.620857688
3786.466887622,-1222.019533432,-607.105522008,-0.617170488
3787.466748433,-1222.939948905,-607.496107462,-0.613478989
3788.466588130,-1223.862412558,-607.881776010,-0.609769800
3789.466448940,-1224.787924214,-608.260127455,-0.606034286
3790.466309751,-1225.713435869,-608.638478900,-0.602298772
3791.466162566,-1226.643451596,-609.005597954,-0.598519989
3792.466023377,-1227.573959008,-609.371490831,-0.594736483
3793.465861061,-1228.506467645,-609.732188815,-0.590935324
3794.465721871,-1229.441962494,-610.085135025,-0.587107823
3795.465582682,-1230.377457343,-610.438081236,-0.583280322
3796.465433981,-1231.317504432,-610.778689651,-0.579413200
3797.465294792,-1232.258052120,-611.117941308,-0.575541721
3798.465125440,-1233.200706589,-611.451203784,-0.571652609
3799.464986251,-1234.146513461,-611.775504573,-0.567737113
3800.464847061,-1235.092320333,-612.099805362,-0.563821618
3801.464697106,-1236.042546453,-612.410884826,-0.559866518
3802.464557916,-1236.993262133,-612.720499643,-0.555907031
3803.464409324,-1237.947916808,-613.017715539,-0.551920554
3804.464270134,-1238.903009101,-613.313553928,-0.547931078
3805.464121389,-1239.861884957,-613.596855222,-0.543905606
3806.463982199,-1240.821182392,-613.878759588,-0.539876123
3807.463833893,-1241.783994078,-614.148383524,-0.535815176
3808.463694703,-1242.747198449,-614.416635236,-0.531750713
3809.463545045,-1243.713969448,-614.671693151,-0.527647587
3810.463405856,-1244.681140151,-614.925272473,-0.523540128
3811.463235867,-1245.649882607,-615.172654980,-0.519416714
3812.463096677,-1246.620993563,-615.410699413,-0.515269255
3813.462957488,-1247.592104518,-615.648743846,-0.511121797
3814.462807155,-1248.566453639,-615.873116634,-0.506931212
3815.462667966,-1249.541168281,-616.095946181,-0.502735759
3816.462499666,-1250.517218975,-616.312714429,-0.498522780
3817.462360477,-1251.495288470,-616.520323923,-0.494283319
3818.462221287,-1252.473357966,-616.727933417,-0.490043858
3819.462071033,-1253.454218134,-616.921873729,-0.485768500
3820.461931843,-1254.435395539,-617.114260167,-0.481489060
3821.461765615,-1255.417678313,-617.300775911,-0.477192124
3822.461626426,-1256.401635830,-617.478396979,-0.472868677
3823.461487236,-1257.385593348,-617.656018046,-0.468545230
3824.461339651,-1258.371621683,-617.821707434,-0.464185925
3825.461200461,-1259.357887087,-617.986030876,-0.459822516
3826.461044656,-1260.344893866,-618.145736955,-0.455442171
3827.460905467,-1261.333026994,-618.298428024,-0.451036099
3828.460766277,-1262.321160121,-618.451119093,-0.446630027
3829.460615370,-1263.309873288,-618.599929314,-0.442197766
3830.460476180,-1264.299469181,-618.742833512,-0.437725651
3831.460336990,-1265.289065073,-618.885737710,-0.433253536
3832.460197801,-1266.278660966,-619.028641908,-0.428781421
3833.460058611,-1267.268256858,-619.171546106,-0.424309307
3834.459919422,-1268.257852750,-619.314450304,-0.419837192
3835.459780202,-1269.247550445,-619.456647539,-0.415275709
3836.459641013,-1270.237259984,-619.598762525,-0.410703829
3837.459501823,-1271.226969500,-619.740877667,-0.406131551
3838.459362634,-1272.216678905,-619.882993588,-0.401557309
3839.459223444,-1273.206388309,-620.025109509,-0.396983067
3840.459084255,-1274.196097714,-620.167225430,-0.392408825
3841.458945065,-1275.185807118,-620.309341350,-0.387834583
3842.458805875,-1276.175516523,-620.451457271,-0.383260341
3843.458666013,-1277.165091706,-620.594500097,-0.378636732
3844.458526823,-1278.154460972,-620.738964959,-0.373937385
3845.458387634,-1279.143830238,-620.883429821,-0.369238038
3846.458248444,-1280.133199504,-621.027894683,-0.364538691
3847.458109254,-1281.122568769,-621.172359544,-0.359839344
3848.457970065,-1282.111938035,-621.316824406,-0.355139997
3849.457830875,-1283.101307301,-621.461289268,-0.350440650
3850.457691686,-1284.090676566,-621.605754130,-0.345741303
3851.457552496,-1285.080045832,-621.750218992,-0.341041955
3852.457413307,-1286.069415098,-621.894683853,-0.336342608
3853.457274045,-1287.058942312,-622.038062333,-0.331514461
3854.457134855,-1288.048488395,-622.181311030,-0.326670927
3855.456995666,-1289.038034479,-622.324559727,-0.321827393
3856.456856476,-1290.027580562,-622.467808424,-0.316983859
3857.456717287,-1291.017126645,-622.611057121,-0.312140325
3858.456578097,-1292.006672729,-622.754305818,-0.307296791
3859.456438908,-1292.996218812,-622.897554515,-0.302453257
3860.456299718,-1293.985764895,-623.040803212,-0.297609723
3861.456160528,-1294.975310979,-623.184051910,-0.292766189
3862.456021216,-1295.964799762,-623.327695016,-0.287858300
3863.455882026,-1296.954199655,-623.471949966,-0.282850577
3864.455742836,-1297.943599549,-623.616204916,-0.277842855
3865.455603647,-1298.932999443,-623.760459866,-0.272835132
3866.455464457,-1299.922399336,-623.904714816,-0.267827409
3867.455325268,-1300.911799230,-624.048969766,-0.262819687
3868.455186078,-1301.901199124,-624.193224716,-0.257811964
3869.455046889,-1302.890599017,-624.337479666,-0.252804242
3870.454907699,-1303.879998911,-624.481734616,-0.247796519
3871.454768509,-1304.869398805,-624.625989566,-0.242788796
3872.454629319,-1305.858782336,-624.770356690,-0.237614219
3873.454490129,-1306.848163858,-624.914737588,-0.232419152
3874.454350940,-1307.837545381,-625.059118486,-0.227224086
3875.454211750,-1308.826926903,-625.203499383,-0.222029019
3876.454072561,-1309.816308425,-625.347880281,-0.216833952
3877.453933371,-1310.805689947,-625.492261179,-0.211638886
3878.453794182,-1311.795071470,-625.636642077,-0.206443819
3879.453654992,-1312.784452992,-625.781022975,-0.201248752
3880.453515802,-1313.773834514,-625.925403873,-0.196053686
3881.453376467,-1314.763153500,-626.070211648,-0.190779537
3882.453237277,-1315.752374390,-626.215689038,-0.185381338
3883.453098088,-1316.741595280,-626.361166428,-0.179983140
3884.452958898,-1317.730816170,-626.506643817,-0.174584941
3885.452819708,-1318.720037060,-626.652121207,-0.169186742
3886.452680519,-1319.709257950,-626.797598597,-0.163788543
3887.452541329,-1320.698478840,-626.943075987,-0.158390344
3888.452402140,-1321.687699730,-627.088553377,-0.152992145
3889.452262950,-1322.676920620,-627.234030766,-0.147593946
3890.452123761,-1323.666141511,-627.379508156,-0.142195748
3891.451984560,-1324.655423561,-627.524568980,-0.136615306
3892.451845370,-1325.644713326,-627.669577262,-0.131011877
3893.451706181,-1326.634003090,-627.814585543,-0.125408449
3894.451566991,-1327.623292855,-627.959593824,-0.119805021
3895.451427802,-1328.612582620,-628.104602106,-0.114201592
3896.451288612,-1329.601872384,-628.249610387,-0.108598164
3897.451149422,-1330.591162149,-628.394618669,-0.102994735
3898.451010233,-1331.580451914,-628.539626950,-0.097391307
3899.450871043,-1332.569741678,-628.684635231,-0.091787878
3900.450731692,-1333.559096702,-628.829196474,-0.086108752
3901.450592502,-1334.548555240,-628.973048628,-0.080309556
3902.450453313,-1335.538013778,-629.116900782,-0.074510359
3903.450314123,-1336.527472316,-629.260752936,-0.068711163
3904.450174933,-1337.516930854,-629.404605090,-0.062911966
3905.450035744,-1338.506389392,-629.548457244,-0.057112770
3906.449896554,-1339.495847929,-629.692309398,-0.051313573
3907.449757365,-1340.485306467,-629.836161552,-0.045514376
3908.449618175,-1341.474765005,-629.980013706,-0.039715180
3909.449478985,-1342.464223543,-630.123865860,-0.033915983
3910.449339796,-1343.453689528,-630.267666777,-0.027970498
3911.449200606,-1344.443156478,-630.411461059,-0.022006069
3912.449061417,-1345.432623428,-630.555255340,-0.016041641
3913.448922227,-1346.422090377,-630.699049622,-0.010077212
3914.448783037,-1347.411557327,-630.842843904,-0.004112783
3915.448643848,-1348.401024277,-630.986638186,0.001851646
3916.448504658,-1349.390491227,-631.130432468,0.007816074
3917.448365469,-1350.379958176,-631.274226750,0.013780503
3918.448226279,-1351.369425126,-631.418021032,0.019744932
3919.448087085,-1352.358902684,-631.561742270,0.025757948
3920.447947896,-1353.348397257,-631.705346345,0.031848899
3921.447808706,-1354.337891830,-631.848950420,0.037939850
3922.447669516,-1355.327386403,-631.992554495,0.044030802
3923.447530327,-1356.316880976,-632.136158570,0.050121753
3924.447391137,-1357.306375549,-632.279762645,0.056212704
3925.447251948,-1358.295870122,-632.423366720,0.062303655
3926.447112758,-1359.285364695,-632.566970795,0.068394606
3927.446973569,-1360.274859267,-632.710574870,0.074485557
3928.446834379,-1361.264353508,-632.854181238,0.080575329
3929.446695151,-1362.253954725,-632.997048287,0.086742308
3930.446555961,-1363.243570398,-633.139815441,0.092920396
3931.446416772,-1364.233186071,-633.282582594,0.099098484
3932.446277582,-1365.222801744,-633.425349747,0.105276572
3933.446138393,-1366.212417417,-633.568116901,0.111454660
3934.445999203,-1367.202033090,-633.710884054,0.117632748
3935.445860014,-1368.191648763,-633.853651208,0.123810836
3936.445720824,-1369.181264436,-633.996418361,0.129988924
3937.445581634,-1370.170880109,-634.139185515,0.136167012
3938.445442362,-1371.160450159,-634.282267978,0.142367978
3939.445303173,-1372.149946207,-634.425861886,0.148606054
3940.445163983,-1373.139442256,-634.569455793,0.154844131
3941.445024794,-1374.128938304,-634.713049700,0.161082207
3942.444885604,-1375.118434353,-634.856643607,0.167320283
3943.444746415,-1376.107930401,-635.000237514,0.173558360
3944.444607225,-1377.097426450,-635.143831422,0.179796436
3945.444468035,-1378.086922498,-635.287425329,0.186034512
3946.444328846,-1379.076418547,-635.431019236,0.192272589
3947.444189656,-1380.065914595,-635.574613143,0.198510665
3948.444050431,-1381.055514313,-635.717490602,0.204788576
3949.443911241,-1382.045128159,-635.860270415,0.211071916
3950.443772052,-1383.034742006,-636.003050229,0.217355256
3951.443632862,-1384.024355852,-636.145830042,0.223638596
3952.443493673,-1385.013969699,-636.288609856,0.229921937
3953.443354483,-1386.003583545,-636.431389669,0.236205277
3954.443215293,-1386.993197391,-636.574169482,0.242488617
3955.443076104,-1387.982811238,-636.716949296,0.248771957
3956.442936914,-1388.972425084,-636.859729109,0.255055297
3957.442797645,-1389.961994195,-637.002818084,0.261354581
3958.442658455,-1390.951489925,-637.146414185,0.267680019
3959.442519266,-1391.940985656,-637.290010286,0.274005456
3960.442380076,-1392.930481386,-637.433606387,0.280330894
3961.442240886,-1393.919977116,-637.577202488,0.286656331
3962.442101697,-1394.909472846,-637.720798589,0.292981769
3963.441962507,-1395.898968576,-637.864394690,0.299307206
3964.441823318,-1396.888464307,-638.007990791,0.305632644
3965.441684128,-1397.877960037,-638.151586891,0.311958082
3966.441544938,-1398.867455767,-638.295182992,0.318283519
3967.441405742,-1399.856997139,-638.438464183,0.324649587
3968.441266552,-1400.846544887,-638.581701380,0.331021331
3969.441127363,-1401.836092635,-638.724938577,0.337393074
3970.440988173,-1402.825640383,-638.868175775,0.343764818
3971.440848984,-1403.815188131,-639.011412972,0.350136562
3972.440709794,-1404.804735879,-639.154650169,0.356508306
3973.440570604,-1405.794283627,-639.297887366,0.362880050
3974.440431415,-1406.783831375,-639.441124563,0.369251793
3975.440292225,-1407.773379123,-639.584361760,0.375623537
3976.440152981,-1408.762890038,-639.727852807,0.382017519
3977.440013791,-1409.752339851,-639.871764958,0.388448389
3978.439874602,-1410.741789664,-640.015677109,0.394879260
3979.439735412,-1411.731239477,-640.159589260,0.401310131
3980.439596223,-1412.720689291,-640.303501411,0.407741002
3981.439457033,-1413.710139104,-640.447413562,0.414171872
3982.439317844,-1414.699588917,-640.591325713,0.420602743
3983.439178654,-1415.689038730,-640.735237864,0.427033614
3984.439039464,-1416.678488544,-640.879150015,0.433464485
3985.438898207,-1417.668696014,-641.017738149,0.439962418
3986.438759018,-1418.659011804,-641.155565129,0.446469939
3987.438619828,-1419.649327594,-641.293392109,0.452977460
3988.438480639,-1420.639643384,-641.431219090,0.459484980
3989.438341449,-1421.629959174,-641.569046070,0.465992501
3990.438202259,-1422.620274964,-641.706873050,0.472500022
3991.438063070,-1423.610590754,-641.844700031,0.479007543
3992.437923880,-1424.600906544,-641.982527011,0.485515064
3993.437784691,-1425.591222334,-642.120353991,0.492022585
3994.437643695,-1426.581332954,-642.259634243,0.498564708
3995.437504505,-1427.571099578,-642.401351107,0.505164845
3996.437365316,-1428.560866202,-642.543067972,0.511764982
3997.437226126,-1429.550632827,-642.684784836,0.518365119
3998.437086937,-1430.540399451,-642.826501701,0.524965256
3999.436947747,-1431.530166075,-642.968218565,0.531565393
4000.436808558,-1432.519932699,-643.109935430,0.538165530
4001.436669368,-1433.509699324,-643.251652294,0.544765667
4002.436530178,-1434.499465948,-643.393369159,0.551365804
4003.436390989,-1435.489232572,-643.535086023,0.557965941
4004.436251718,-1436.478849158,-643.677846282,0.564665229
4005.436112528,-1437.468443775,-643.820759309,0.571379033
4006.435973339,-1438.458038392,-643.963672336,0.578092837
4007.435834149,-1439.447633010,-644.106585363,0.584806642
4008.435694960,-1440.437227627,-644.249498391,0.591520446
4009.435555770,-1441.426822245,-644.392411418,0.598234251
4010.435416580,-1442.416416862,-644.535324445,0.604948055
4011.435277391,-1443.406011480,-644.678237472,0.611661859
4012.435138201,-1444.395606097,-644.821150499,0.618375664
4013.434998948,-1445.385239910,-644.963791409,0.625138271
4014.434859758,-1446.374940184,-645.105970901,0.631983630
4015.434720568,-1447.364640458,-645.248150392,0.638828990
4016.434581379,-1448.354340732,-645.390329883,0.645674350
4017.434442189,-1449.344041006,-645.532509375,0.652519710
4018.434303000,-1450.333741280,-645.674688866,0.659365070
4019.434163810,-1451.323441554,-645.816868357,0.666210430
4020.434024621,-1452.313141828,-645.959047848,0.673055789
4021.433885431,-1453.302842102,-646.101227340,0.679901149
4022.433746241,-1454.292542376,-646.243406831,0.686746509
4023.433607044,-1455.282196958,-646.385903969,0.693730028
4024.433467854,-1456.271844689,-646.528448728,0.700733538
4025.433328665,-1457.261492416,-646.670993513,0.707732700
4026.433189475,-1458.251140144,-646.813538298,0.714731862
4027.433050286,-1459.240787871,-646.956083084,0.721731023
4028.432911096,-1460.230435598,-647.098627869,0.728730185
4029.432771907,-1461.220083326,-647.241172655,0.735729347
4030.432632717,-1462.209731053,-647.383717440,0.742728508
4031.432493527,-1463.199378781,-647.526262226,0.749727670
4032.432354324,-1464.189044693,-647.668680603,0.756790357
4033.432215134,-1465.178741793,-647.810882188,0.763961990
4034.432075945,-1466.168438893,-647.953083774,0.771133624
4035.431936755,-1467.158135992,-648.095285359,0.778305258
4036.431797566,-1468.147833092,-648.237486945,0.785476891
4037.431658376,-1469.137530192,-648.379688530,0.792648525
4038.431519186,-1470.127227292,-648.521890115,0.799820159
4039.431379997,-1471.116924391,-648.664091701,0.806991792
4040.431240807,-1472.106621491,-648.806293286,0.814163426
4041.431101618,-1473.096318591,-648.948494872,0.821335059
4042.430962399,-1474.086103315,-649.090085062,0.828670028
4043.430823209,-1475.075901480,-649.231581464,0.836030053
4044.430684020,-1476.065699646,-649.373077866,0.843390078
4045.430544830,-1477.055497811,-649.514574268,0.850750103
4046.430405640,-1478.045295977,-649.656070670,0.858110128
4047.430266451,-1479.035094143,-649.797567072,0.865470153
4048.430127261,-1480.024892308,-649.939063473,0.872830178
4049.429988072,-1481.014690474,-650.080559875,0.880190203
4050.429848882,-1482.004488639,-650.222056277,0.887550227
4051.429709647,-1482.994319093,-650.363326306,0.894982993
4052.429570458,-1483.984205558,-650.504203653,0.902541940
4053.429431268,-1484.974092023,-650.645080999,0.910100887
4054.429292078,-1485.963978488,-650.785958345,0.917659834
4055.429152889,-1486.953864953,-650.926835692,0.925218781
4056.429013699,-1487.943751418,-651.067713038,0.932777728
4057.428874510,-1488.933637883,-651.208590384,0.940336674
4058.428735320,-1489.923524348,-651.349467731,0.947895621
4059.428596131,-1490.913410813,-651.490345077,0.955454568
4060.428456941,-1491.903297278,-651.631222423,0.963013515
4061.428317636,-1492.893011718,-651.773302454,0.970753499
4062.428178446,-1493.882699162,-651.915571232,0.978521894
4063.428039256,-1494.872386605,-652.057840010,0.986290289
4064.427900067,-1495.862074048,-652.200108787,0.994058684
4065.427760877,-1496.851761491,-652.342377565,1.001827079
4066.427621688,-1497.841448934,-652.484646342,1.009595475
4067.427482498,-1498.831136377,-652.626915120,1.017363870
4068.427343309,-1499.820823820,-652.769183898,1.025132265
4069.427204119,-1500.810511264,-652.911452675,1.032900660
4070.427064917,-1501.800215616,-653.053603689,1.107052959
4071.426925567,-1502.789779821,-653.196726030,1.139604578
4072.426786378,-1503.779305640,-653.340114641,1.136423849
4073.426647188,-1504.768831458,-653.483503253,1.133243120
4074.426507999,-1505.758357277,-653.626891864,1.130062391
4075.426368809,-1506.747883096,-653.770280476,1.126881662
4076.426229619,-1507.737408915,-653.913669087,1.123700932
4077.426090430,-1508.726934734,-654.057057699,1.120520203
4078.425951240,-1509.716460553,-654.200446310,1.117339474
4079.425812051,-1510.705986372,-654.343834922,1.114158745
4080.425672860,-1511.695528203,-654.487112985,1.120787539
4081.425533670,-1512.685072603,-654.630373308,1.128990609
4082.425394481,-1513.674617003,-654.773633630,1.137193679
4083.425255291,-1514.664161404,-654.916893953,1.145396750
4084.425116102,-1515.653705804,-655.060154275,1.153599820
4085.424976912,-1516.643250204,-655.203414598,1.161802891
4086.424837723,-1517.632794605,-655.346674920,1.170005961
4087.424698533,-1518.622339005,-655.489935243,1.178209032
4088.424559343,-1519.611883405,-655.633195565,1.186412102
4089.424419357,-1520.601290784,-655.777393644,1.194690274
4090.424280167,-1521.590454978,-655.923256037,1.203101736
4091.424140978,-1522.579619172,-656.069118429,1.211513198
4092.424001788,-1523.568783366,-656.214980821,1.219924659
4093.423862598,-1524.557947560,-656.360843214,1.228336121
4094.423723409,-1525.547111754,-656.506705606,1.236747582
4095.423584219,-1526.536275948,-656.652567998,1.245159044
4096.423445030,-1527.525440142,-656.798430391,1.253570505
4097.423305840,-1528.514604336,-656.944292783,1.261981967
4098.423166650,-1529.503768530,-657.090155175,1.270393428
4099.423027144,-1530.493217278,-657.234072448,1.278974871
4100.422887954,-1531.482712708,-657.377670616,1.287584200
4101.422748765,-1532.472208138,-657.521268785,1.296193529
4102.422609575,-1533.461703568,-657.664866954,1.304802858
4103.422470386,-1534.451198998,-657.808465123,1.313412186
4104.422331196,-1535.440694428,-657.952063291,1.322021515
4105.422192006,-1536.430189858,-658.095661460,1.330630844
4106.422052817,-1537.419685288,-658.239259629,1.339240173
4107.421913627,-1538.409180718,-658.382857798,1.347849501
4108.421773796,-1539.398796562,-658.525619274,1.356526229
4109.421634607,-1540.388628582,-658.666878653,1.365323957
4110.421495417,-1541.378460602,-658.808138032,1.374121685
4111.421356227,-1542.368292622,-658.949397412,1.382919413
4112.421217038,-1543.358124643,-659.090656791,1.391717140
4113.421077848,-1544.347956663,-659.231916170,1.400514868
4114.420938659,-1545.337788683,-659.373175549,1.409312596
4115.420799469,-1546.327620703,-659.514434928,1.418110324
4116.420660280,-1547.317452723,-659.655694307,1.426908052
4117.420521090,-1548.307284743,-659.796953686,1.435705780
4118.420381900,-1549.297119107,-659.938196641,1.444656337
4119.420242711,-1550.286953864,-660.079436843,1.453632514
4120.420103521,-1551.276788620,-660.220677045,1.462608691
4121.419964332,-1552.266623377,-660.361917247,1.471584869
4122.419825142,-1553.256458089,-660.503157760,1.480561433
4123.419685952,-1554.246292500,-660.644400388,1.489540629
4124.419546763,-1555.236126910,-660.785643016,1.498519825
4125.419407573,-1556.225961321,-660.926885644,1.507499021
4126.419268384,-1557.215795731,-661.068128272,1.516478217
4127.419129179,-1558.205611988,-661.209497956,1.525515560
4128.418989990,-1559.195395278,-661.351098383,1.534658505
4129.418850800,-1560.185178567,-661.492698810,1.543801450
4130.418711610,-1561.174961856,-661.634299237,1.552944395
4131.418572421,-1562.164745145,-661.775899664,1.562087340
4132.418433231,-1563.154528434,-661.917500091,1.571230285
4133.418294042,-1564.144311723,-662.059100518,1.580373230
4134.418154852,-1565.134095012,-662.200700945,1.589516175
4135.418015663,-1566.123878301,-662.342301372,1.598659120
4136.417876473,-1567.113661590,-662.483901799,1.607802065
4137.417737245,-1568.103350434,-662.626160565,1.617063615
4138.417598056,-1569.093023104,-662.768532074,1.626345476
4139.417458866,-1570.082695774,-662.910903583,1.635627338
4140.417319677,-1571.072368444,-663.053275092,1.644909200
4141.417180487,-1572.062041114,-663.195646600,1.654191061
4142.417041298,-1573.051713784,-663.338018109,1.663472923
4143.416902108,-1574.041386454,-663.480389618,1.672754784
4144.416762918,-1575.031059124,-663.622761127,1.682036646
4145.416623729,-1576.020731794,-663.765132635,1.691318507
4146.416484539,-1577.010403553,-663.907510473,1.700634500
4147.416345350,-1578.000073640,-664.049899938,1.710013200
4148.416206160,-1578.989743726,-664.192289404,1.719391899
4149.416066971,-1579.979413813,-664.334678869,1.728770599
4150.415927781,-1580.969083900,-664.477068334,1.738149298
4151.415788591,-1581.958753986,-664.619457799,1.747527998
4152.415649402,-1582.948424073,-664.761847265,1.756906697
4153.415510212,-1583.938094160,-664.904236730,1.766285397
4154.415371023,-1584.927764246,-665.046626195,1.775664096
4155.415231833,-1585.917434333,-665.189015660,1.785042796
4156.415092642,-1586.907085151,-665.331538975,1.794460006
4157.414953452,-1587.896732599,-665.474085699,1.803883952
4158.414814263,-1588.886380048,-665.616632422,1.813307898
4159.414675073,-1589.876027496,-665.759179146,1.822731844
4160.414535884,-1590.865674944,-665.901725869,1.832155790
4161.414396694,-1591.855322392,-666.044272593,1.841579735
4162.414257504,-1592.844969841,-666.186819317,1.851003681
4163.414118315,-1593.834617289,-666.329366040,1.860427627
4164.413979125,-1594.824264737,-666.471912764,1.869851573
4165.413839908,-1595.813936669,-666.614289210,1.879271840
4166.413700719,-1596.803654108,-666.756349168,1.888685269
4167.413561529,-1597.793371546,-666.898409127,1.898098698
4168.413422339,-1598.783088985,-667.040469085,1.907512127
4169.413283150,-1599.772806424,-667.182529044,1.916925556
4170.413143960,-1600.762523862,-667.324589003,1.926338985
4171.413004771,-1601.752241301,-667.466648961,1.935752414
4172.412865581,-1602.741958740,-667.608708920,1.945165843
4173.412726391,-1603.731676178,-667.750768879,1.954579272
4174.412587202,-1604.721393617,-667.892828837,1.963992701
4175.412448011,-1605.711129192,-668.034762375,1.973352549
4176.412308821,-1606.700868005,-668.176673339,1.982702829
4177.412169632,-1607.690606818,-668.318584302,1.992053110
4178.412030442,-1608.680345632,-668.460495266,2.001403390
4179.411891253,-1609.670084445,-668.602406230,2.010753670
4180.411752063,-1610.659823258,-668.744317194,2.020103950
4181.411612873,-1611.649562072,-668.886228158,2.029454231
4182.411473684,-1612.639300885,-669.028139122,2.038804511
4183.411334494,-1613.629039698,-669.170050086,2.048154791
4184.411192162,-1614.619033232,-669.310150610,2.057477071
4185.411052972,-1615.609505740,-669.446846812,2.066746699
4186.410913782,-1616.599978248,-669.583543015,2.076016326
4187.410774593,-1617.590450755,-669.720239218,2.085285954
4188.410635403,-1618.580923263,-669.856935420,2.094555581
4189.410496214,-1619.571395771,-669.993631623,2.103825209
4190.410353333,-1620.562716374,-670.124006936,2.113038610
4191.410214144,-1621.554190866,-670.253235307,2.122241809
4192.410074954,-1622.545665358,-670.382463679,2.131445008
4193.409935765,-1623.537139850,-670.511692050,2.140648206
4194.409788509,-1624.528979507,-670.638023378,2.149829120
4195.409649320,-1625.521509981,-670.758874108,2.158967876
4196.409510130,-1626.514040455,-670.879724837,2.168106632
4197.409370940,-1627.506570928,-671.000575566,2.177245387
4198.409220309,-1628.499503882,-671.117976205,2.186363428
4199.409081120,-1629.493200080,-671.228834255,2.195442185
4200.408941930,-1630.486896277,-671.339692306,2.204520942
4201.408802741,-1631.480592474,-671.450550357,2.213599699
4202.408655674,-1632.475264772,-671.552201278,2.222630614
4203.408516485,-1633.470116415,-671.652160515,2.231652738
4204.408377295,-1634.464968058,-671.752119753,2.240674862
4205.408229170,-1635.460746932,-671.842276317,2.249657613
4206.408089981,-1636.456696694,-671.930626250,2.258633108
4207.407950791,-1637.452646457,-672.018976183,2.267608602
4208.407801650,-1638.449449481,-672.096985611,2.276536238
4209.407662461,-1639.446410231,-672.173083601,2.285455027
4210.407523271,-1640.443370980,-672.249181591,2.294373816
4211.407374343,-1641.441049611,-672.315056588,2.303244817
4212.407235154,-1642.438861354,-672.379036018,2.312106958
4213.407095964,-1643.436673096,-672.443015448,2.320969099
4214.406948112,-1644.435047234,-672.497360630,2.329789086
4215.406808923,-1645.433525971,-672.549913944,2.338601233
4216.406669733,-1646.432004709,-672.602467258,2.347413380
4217.406522189,-1647.430927758,-672.645568033,2.356170953
4218.406383000,-1648.429933696,-672.686905365,2.364918345
4219.406243810,-1649.428939635,-672.728242697,2.373665737
4220.406092564,-1650.428073705,-672.766040061,2.382391721
4221.405953375,-1651.427453965,-672.797035805,2.391076522
4222.405814185,-1652.426834209,-672.828032056,2.399760915
4223.405674995,-1653.426214453,-672.859028306,2.408445309
4224.405530578,-1654.425792897,-672.882568117,2.417070290
4225.405391389,-1655.425408578,-672.904706999,2.425684109
4226.405252199,-1656.425024259,-672.926845881,2.434297927
4227.405113010,-1657.424639940,-672.948984763,2.442911746
4228.404969544,-1658.424377752,-672.964392500,2.451455002
4229.404830355,-1659.424138604,-672.978530363,2.459984945
4230.404691165,-1660.423899455,-672.992668227,2.468514888
4231.404551975,-1661.423660307,-673.006806090,2.477044832
4232.404404900,-1662.423449561,-673.018089692,2.485547155
4233.404265711,-1663.423293783,-673.023849180,2.493996022
4234.404126521,-1664.423138005,-673.029608669,2.502444889
4235.403987332,-1665.422982227,-673.035368157,2.510893757
4236.403838819,-1666.422830178,-673.038027636,2.519315894
4237.403699629,-1667.422685361,-673.034673036,2.527686176
4238.403560440,-1668.422540544,-673.031318436,2.536056458
4239.403421250,-1669.422395727,-673.027963835,2.544426740
4240.403275446,-1670.422181733,-673.016286779,2.552734658
4241.403136256,-1671.421954529,-673.003020413,2.561030667
4242.402997066,-1672.421727325,-672.989754047,2.569326676
4243.402844608,-1673.421431079,-672.972797919,2.577599923
4244.402705418,-1674.421000316,-672.948652943,2.585828819
4245.402566229,-1675.420569554,-672.924507967,2.594057716
4246.402412926,-1676.420025631,-672.896562149,2.602264041
4247.402273736,-1677.419260838,-672.861197761,2.610426312
4248.402134547,-1678.418496046,-672.825833373,2.618588582
4249.401981602,-1679.417577819,-672.786721424,2.626729408
4250.401842413,-1680.416359593,-672.740282123,2.634828308
4251.401703223,-1681.415141367,-672.693842822,2.642927207
4252.401551267,-1682.413736205,-672.643798242,2.651004698
4253.401412078,-1683.411964876,-672.586691657,2.659040253
4254.401272888,-1684.410193546,-672.529585071,2.667075807
4255.401120877,-1685.408196453,-672.468871007,2.675089990
4256.400981688,-1686.405756317,-672.401077500,2.683062230
4257.400842498,-1687.403316180,-672.333283993,2.691034471
4258.400689711,-1688.400603425,-672.261781556,2.698986506
4259.400550521,-1689.397354692,-672.182987185,2.706898816
4260.400411332,-1690.394105959,-672.104192815,2.714811126
4261.400258308,-1691.390541089,-672.021663989,2.722705466
4262.400119119,-1692.386353602,-671.931780284,2.730564414
4263.399979929,-1693.382166114,-671.841896580,2.738423362
4264.399827743,-1694.377632860,-671.748400005,2.746263237
4265.399688554,-1695.372417404,-671.647775200,2.754065481
4266.399549364,-1696.367201947,-671.547150394,2.761867725
4267.399397058,-1697.361600257,-671.442903510,2.769652068
4268.399257869,-1698.355235093,-671.331496801,2.777401025
4269.399118679,-1699.348869928,-671.220090093,2.785149982
4270.398965338,-1700.342062391,-671.104929032,2.792883293
4271.398826148,-1701.334378828,-670.982333235,2.800585617
4272.398686958,-1702.326695265,-670.859737437,2.808287942
4273.398533048,-1703.318517423,-670.733321416,2.815976860
4274.398393859,-1704.309359036,-670.599326868,2.823639183
4275.398254669,-1705.300200648,-670.465332319,2.831301505
4276.398102220,-1706.290533000,-670.327720701,2.838949305
4277.397963030,-1707.279853287,-670.182920808,2.846568245
4278.397823841,-1708.269173575,-670.038120915,2.854187185
4279.397672030,-1709.257959496,-669.889800977,2.861794987
4280.397532840,-1710.245681466,-669.734472454,2.869380616
4281.397393651,-1711.233403436,-669.579143931,2.876966245
4282.397240861,-1712.220531633,-669.420171081,2.884541875
4283.397101672,-1713.206475415,-669.253928791,2.892097560
4284.396962482,-1714.192419197,-669.087686501,2.899653246
4285.396809353,-1715.177721380,-668.917764830,2.907198915
4286.396670164,-1716.161741503,-668.740490923,2.914724569
4287.396530974,-1717.145761626,-668.563217016,2.922250223
4288.396378204,-1718.129108680,-668.382321871,2.929768094
4289.396239014,-1719.111108345,-668.194177518,2.937270384
4290.396099824,-1720.093108010,-668.006033165,2.944772674
4291.395945771,-1721.074361421,-667.814112190,2.952266107
4292.395806582,-1722.054118129,-667.614616740,2.959741776
4293.395667392,-1723.033874836,-667.415121289,2.967217445
4294.395510478,-1724.012767538,-667.211515607,2.974685365
4295.395371288,-1724.989924243,-666.999651467,2.982137716
4296.395232099,-1725.967080948,-666.787787327,2.989590067
4297.395074036,-1726.943292540,-666.571697465,2.997034680
4298.394934847,-1727.917601778,-666.347101945,3.004463720
4299.394795657,-1728.891911017,-666.122506424,3.011892760
4300.394639633,-1729.865277919,-665.893935096,3.019312946
4301.394500444,-1730.836744735,-665.657347133,3.026715281
4302.394361254,-1731.808211552,-665.420759169,3.034117616
4303.394207818,-1732.778769083,-665.180527552,3.041511114
4304.394068629,-1733.747489822,-664.932935609,3.048886763
4305.393929439,-1734.716210561,-664.685343666,3.056262412
4306.393776947,-1735.684014307,-664.434244186,3.063625944
4307.393637758,-1736.649962225,-664.176046083,3.070964953
4308.393498568,-1737.615910142,-663.917847980,3.078303962
4309.393346134,-1738.580905636,-663.656163338,3.085630870
4310.393206944,-1739.543970062,-663.387409638,3.092933242
4311.393067755,-1740.507034489,-663.118655938,3.100235614
4312.392916431,-1741.469152457,-662.846578026,3.107523682
4313.392777241,-1742.429348026,-662.567748131,3.114782694
4314.392638052,-1743.389543594,-662.288918237,3.122041706
4315.392486688,-1744.348757169,-662.006771798,3.129280948
4316.392347498,-1745.305972477,-661.717876496,3.136479959
4317.392208309,-1746.263187784,-661.428981195,3.143678970
4318.392069119,-1747.220403092,-661.140085893,3.150877982
4319.391922114,-1748.175059500,-660.842870225,3.158023811
4320.391782925,-1749.129188157,-660.543938550,3.165158161
4321.391643735,-1750.083316977,-660.245007396,3.172284124
4322.391492018,-1751.036381275,-659.942740901,3.179385294
4323.391352828,-1751.987269993,-659.633657926,3.186435795
4324.391213639,-1752.938158711,-659.324574951,3.193486297
4325.391074449,-1753.889047430,-659.015491976,3.200536799
4326.390927235,-1754.837174022,-658.698062365,3.207509204
4327.390788045,-1755.784727186,-658.378899959,3.214465397
4328.390648856,-1756.732280350,-658.059737553,3.221421589
4329.390498247,-1757.678752687,-657.737419509,3.228344094
4330.390359057,-1758.623006700,-657.408624742,3.235197457
4331.390219868,-1759.567260713,-657.079829975,3.242050821
4332.390080678,-1760.511514726,-656.751035208,3.248904184
4333.389935107,-1761.453164262,-656.414873000,3.255663015
4334.389795917,-1762.394269488,-656.077171070,3.262402090
4335.389656728,-1763.335374714,-655.739469140,3.269141165
4336.389508747,-1764.275481319,-655.399022916,3.275837788
4337.389369557,-1765.213529444,-655.052919816,3.282446905
4338.389230368,-1766.151577569,-654.706816715,3.289056021
4339.389091178,-1767.089625693,-654.360713615,3.295665138
4340.388945547,-1768.026800601,-654.012271437,3.302202972
4341.388806358,-1768.962171146,-653.658995929,3.308593510
4342.388667168,-1769.897541690,-653.305720421,3.314984049
4343.388527978,-1770.832912235,-652.952444912,3.321374587
4344.388388789,-1771.768282779,-652.599169404,3.327765125
4345.388249599,-1772.703653324,-652.245893896,3.334155664
4346.388110410,-1773.639023868,-651.892618388,3.340546202
4347.387971161,-1774.574309836,-651.539119195,3.346814280
4348.387831971,-1775.509420263,-651.185155735,3.352828185
4349.387692782,-1776.444530689,-650.831192276,3.358842089
4350.387553592,-1777.379641116,-650.477228817,3.364855994
4351.387414402,-1778.314751542,-650.123265358,3.370869899
4352.387275213,-1779.249861969,-649.769301899,3.376883804
4353.387136023,-1780.184972395,-649.415338439,3.382897709
4354.386996834,-1781.120082822,-649.061374980,3.388911614
4355.386857644,-1782.055193248,-648.707411521,3.394925519
4356.386718454,-1782.990303675,-648.353448062,3.400939424
4357.386579182,-1783.925725682,-648.000309076,3.406538864
4358.386439992,-1784.861214317,-647.647346395,3.412049676
4359.386300803,-1785.796702952,-647.294383714,3.417560487
4360.386161613,-1786.732191587,-646.941421034,3.423071299
4361.386022424,-1787.667680221,-646.588458353,3.428582110
4362.385883234,-1788.603168856,-646.235495672,3.434092922
4363.385744044,-1789.538657491,-645.882532991,3.439603733
4364.385604855,-1790.474146126,-645.529570310,3.445114545
4365.385465665,-1791.409634761,-645.176607629,3.450625356
4366.385326454,-1792.345072795,-644.823510925,3.471910397
4367.385187264,-1793.280404530,-644.470132679,3.526332107
4368.385048067,-1794.215764968,-644.116830433,3.561862295
4369.384908878,-1795.151192208,-643.763705076,3.553421710
4370.384769688,-1796.086619449,-643.410579720,3.544981126
4371.384630498,-1797.022046690,-643.057454363,3.536540541
4372.384491309,-1797.957473931,-642.704329007,3.528099956
4373.384352119,-1798.892901172,-642.351203651,3.519659372
4374.384212930,-1799.828328412,-641.998078294,3.511218787
4375.384073740,-1800.763755653,-641.644952938,3.502778202
4376.383934551,-1801.699190866,-641.291848700,3.504795151
4377.383795361,-1802.634627815,-640.938749061,3.509089289
4378.383656171,-1803.570064764,-640.585649423,3.513383427
4379.383516982,-1804.505501713,-640.232549784,3.517677566
4380.383377792,-1805.440938662,-639.879450145,3.521971704
4381.383238603,-1806.376375611,-639.526350506,3.526265843
4382.383099413,-1807.311812559,-639.173250867,3.530559981
4383.382960223,-1808.247249508,-638.820151229,3.534854119
4384.382821034,-1809.182686457,-638.467051590,3.539148258
4385.382681793,-1810.118200891,-638.114157439,3.543213813
4386.382542603,-1811.053880087,-637.761700233,3.546793315
4387.382403414,-1811.989559284,-637.409243028,3.550372817
4388.382264224,-1812.925238480,-637.056785822,3.553952319
4389.382125035,-1813.860917676,-636.704328617,3.557531821
4390.381985845,-1814.796596873,-636.351871411,3.561111323
4391.381846656,-1815.732276069,-635.999414206,3.564690825
4392.381707466,-1816.667955265,-635.646957000,3.568270327
4393.381568276,-1817.603634462,-635.294499795,3.571849829
4394.381429087,-1818.539313658,-634.942042589,3.575429331
4395.381289718,-1819.474544185,-634.588397083,3.578439215
4396.381150529,-1820.409675245,-634.234488139,3.581322819
4397.381011339,-1821.344806305,-633.880579195,3.584206424
4398.380872150,-1822.279937365,-633.526670251,3.587090028
4399.380732960,-1823.215068425,-633.172761307,3.589973632
4400.380593770,-1824.150199486,-632.818852363,3.592857237
4401.380454581,-1825.085330546,-632.464943419,3.595740841
4402.380313550,-1826.019995791,-632.109811279,3.598390590
4403.380174360,-1826.953659753,-631.752049842,3.600537661
4404.380035171,-1827.887323716,-631.394288405,3.602684732
4405.379895981,-1828.820987678,-631.036526968,3.604831803
4406.379756791,-1829.754651640,-630.678765531,3.606978874
4407.379617602,-1830.688315602,-630.321004094,3.609125945
4408.379478412,-1831.621979565,-629.963242657,3.611273015
4409.379339223,-1832.555643527,-629.605481220,3.613420086
4410.379200033,-1833.489307489,-629.247719783,3.615567157
4411.379060844,-1834.422971451,-628.889958346,3.617714228
4412.378920594,-1835.357727576,-628.535063280,3.619195633
4413.378781405,-1836.292729660,-628.180813730,3.620527128
4414.378642215,-1837.227731744,-627.826564180,3.621858622
4415.378503026,-1838.162733827,-627.472314630,3.623190117
4416.378363836,-1839.097735911,-627.118065080,3.624521612
4417.378224647,-1840.032737990,-626.763815516,3.625853205
4418.378085457,-1840.967739947,-626.409565633,3.627187124
4419.377946267,-1841.902741904,-626.055315749,3.628521043
4420.377807078,-1842.837743862,-625.701065866,3.629854962
4421.377667646,-1843.772912653,-625.347257318,3.630949486
4422.377528456,-1844.708444470,-624.994409109,3.631523091
4423.377389267,-1845.643976287,-624.641560899,3.632096695
4424.377250077,-1846.579508104,-624.288712689,3.632670300
4425.377110888,-1847.515039922,-623.935864479,3.633243905
4426.376971698,-1848.450571739,-623.583016269,3.633817509
4427.376832508,-1849.386103556,-623.230168060,3.634391114
4428.376693319,-1850.321635373,-622.877319850,3.634964719
4429.376554129,-1851.257167191,-622.524471640,3.635538323
4430.376414940,-1852.192699008,-622.171623430,3.636111928
4431.376275750,-1853.128257644,-621.818846337,3.636121267
4432.376136560,-1854.063822426,-621.466085542,3.636001284
4433.375997370,-1854.999387208,-621.113324747,3.635881300
4434.375858181,-1855.934951991,-620.760563953,3.635761317
4435.375718991,-1856.870516773,-620.407803158,3.635641334
4436.375579802,-1857.806081555,-620.055042363,3.635521351
4437.375440612,-1858.741646338,-619.702281569,3.635401367
4438.375301422,-1859.677211120,-619.349520774,3.635281384
4439.375162233,-1860.612775902,-618.996759979,3.635161401
4440.375022774,-1861.548165978,-618.643536948,3.634843924
4441.374883585,-1862.483171197,-618.289295673,3.634091398
4442.374744395,-1863.418176416,-617.935054399,3.633338871
4443.374605206,-1864.353181635,-617.580813124,3.632586345
4444.374466016,-1865.288186854,-617.226571850,3.631833818
4445.374326826,-1866.223192073,-616.872330575,3.631081291
4446.374187637,-1867.158197292,-616.518089300,3.630328765
4447.374048447,-1868.093202511,-616.163848026,3.629576238
4448.373909258,-1869.028207730,-615.809606751,3.628823712
4449.373770068,-1869.963212949,-615.455365477,3.628071185
4450.373630878,-1870.898206375,-615.101093078,3.626853525
4451.373491689,-1871.833197051,-614.746813421,3.625527394
4452.373352499,-1872.768187728,-614.392533764,3.624201262
4453.373213310,-1873.703178404,-614.038254107,3.622875131
4454.373074120,-1874.638169081,-613.683974450,3.621549000
4455.372934930,-1875.573159757,-613.329694793,3.620222868
4456.372795741,-1876.508150433,-612.975415136,3.618896737
4457.372656551,-1877.443141110,-612.621135479,3.617570606
4458.372517362,-1878.378131786,-612.266855822,3.616244474
4459.372378089,-1879.313219358,-611.912832226,3.614759668
4460.372238899,-1880.248523029,-611.559379709,3.612920975
4461.372099709,-1881.183826701,-611.205927193,3.611082283
4462.371960520,-1882.119130373,-610.852474676,3.609243590
4463.371821330,-1883.054434045,-610.499022159,3.607404897
4464.371682141,-1883.989737717,-610.145569642,3.605566205
4465.371542951,-1884.925041389,-609.792117126,3.603727512
4466.371403762,-1885.860345061,-609.438664609,3.601888820
4467.371264572,-1886.795648732,-609.085212092,3.600050127
4468.371125382,-1887.730952404,-608.731759575,3.598211435
4469.370986170,-1888.666101619,-608.377898669,3.596002698
4470.370846981,-1889.601214192,-608.023940880,3.593706176
4471.370707791,-1890.536326765,-607.669983091,3.591409654
4472.370568601,-1891.471439338,-607.316025302,3.589113132
4473.370429412,-1892.406551910,-606.962067513,3.586816609
4474.370290222,-1893.341664483,-606.608109724,3.584520087
4475.370151033,-1894.276777056,-606.254151935,3.582223565
4476.370011843,-1895.211889629,-605.900194147,3.579927043
4477.369872654,-1896.147002202,-605.546236358,3.577630520
4478.369733464,-1897.082121584,-605.192296559,3.579801611
4479.369594274,-1898.017256340,-604.838397382,3.592060705
4480.369455084,-1898.952391097,-604.484498205,3.604319799
4481.369315895,-1899.887525853,-604.130599028,3.616578892
4482.369176705,-1900.822660610,-603.776699851,3.628837986
4483.369037516,-1901.757795366,-603.422800674,3.641097080
4484.368898326,-1902.692930123,-603.068901498,3.653356173
4485.368759136,-1903.628064638,-602.715001685,3.634239025
4486.368619947,-1904.563199008,-602.361101484,3.595995926
4487.368480757,-1905.498333377,-602.007201284,3.557752826
4488.368341365,-1906.433925036,-601.654512351,3.547839631
4489.368202176,-1907.369627034,-601.302115685,3.544762164
4490.368062986,-1908.305329033,-600.949719019,3.541684698
4491.367923797,-1909.241031031,-600.597322353,3.538607231
4492.367784607,-1910.176733030,-600.244925687,3.535529765
4493.367645418,-1911.112435028,-599.892529022,3.532452299
4494.367506228,-1912.048137027,-599.540132356,3.529374832
4495.367367038,-1912.983839026,-599.187735690,3.526297366
4496.367227849,-1913.919541024,-598.835339024,3.523219899
4497.367088653,-1914.855217086,-598.482873516,3.520038668
4498.366949463,-1915.790833849,-598.130250611,3.516620196
4499.366810274,-1916.726450612,-597.777627706,3.513201724
4500.366671084,-1917.662067375,-597.425004801,3.509783252
4501.366531895,-1918.597684138,-597.072381897,3.506364780
4502.366392705,-1919.533300901,-596.719758992,3.502946308
4503.366253516,-1920.468917665,-596.367136087,3.499527836
4504.366114326,-1921.404534428,-596.014513183,3.496109364
4505.365975136,-1922.340151191,-595.661890278,3.492690892
4506.365835947,-1923.275767954,-595.309267373,3.489272420
4507.365696505,-1924.210877666,-594.955302740,3.485604166
4508.365557315,-1925.145862959,-594.601008877,3.481874622
4509.365418126,-1926.080848253,-594.246715015,3.478145077
4510.365278936,-1927.015833547,-593.892421153,3.474415532
4511.365139747,-1927.950818840,-593.538127290,3.470685988
4512.365000557,-1928.885804134,-593.183833428,3.466956443
4513.364861367,-1929.820789428,-592.829539566,3.463226898
4514.364722178,-1930.755774721,-592.475245703,3.459497354
4515.364582988,-1931.690759910,-592.120951563,3.455767644
4516.364443796,-1932.625759194,-591.766694634,3.451948949
4517.364304606,-1933.560799862,-591.412546939,3.447937931
4518.364165416,-1934.495840530,-591.058399244,3.443926913
4519.364026227,-1935.430881197,-590.704251549,3.439915895
4520.363887037,-1936.365921865,-590.350103854,3.435904877
4521.363747848,-1937.300962533,-589.995956158,3.431893859
4522.363608658,-1938.236003201,-589.641808463,3.427882840
4523.363469469,-1939.171043868,-589.287660768,3.423871822
4524.363330279,-1940.106084536,-588.933513073,3.419860804
4525.363191089,-1941.041125204,-588.579365378,3.415849786
4526.363051862,-1941.976360047,-588.225730888,3.411639976
4527.362912673,-1942.911643337,-587.872224441,3.407380569
4528.362773483,-1943.846926627,-587.518717994,3.403121162
4529.362634294,-1944.782209917,-587.165211547,3.398861755
4530.362495104,-1945.717493206,-586.811705100,3.394602349
4531.362355914,-1946.652776496,-586.458198653,3.390342942
4532.362216725,-1947.588059786,-586.104692206,3.386083535
4533.362077535,-1948.523343076,-585.751185759,3.381824128
4534.361938346,-1949.458626366,-585.397679312,3.377564721
4535.361799029,-1950.394025848,-585.044480792,3.373239856
4536.361659840,-1951.329697740,-584.692004197,3.368761529
4537.361520650,-1952.265369633,-584.339527603,3.364283201
4538.361381460,-1953.201041526,-583.987051008,3.359804874
4539.361242271,-1954.136713418,-583.634574414,3.355326546
4540.361103081,-1955.072385311,-583.282097820,3.350848219
4541.360963892,-1956.008057203,-582.929621225,3.346369892
4542.360824702,-1956.943729096,-582.577144631,3.341891564
4543.360685512,-1957.879400989,-582.224668036,3.337413237
4544.360546323,-1958.815072881,-581.872191442,3.332934909
4545.360407130,-1959.750684577,-581.519555104,3.328304627
4546.360267940,-1960.686281006,-581.166878250,3.323635806
4547.360128750,-1961.621877435,-580.814201397,3.318966984
4548.359989561,-1962.557473863,-580.461524543,3.314298162
4549.359850371,-1963.493070292,-580.108847690,3.309629340
4550.359711182,-1964.428666720,-579.756170836,3.304960519
4551.359571992,-1965.364263149,-579.403493983,3.300291697
4552.359432803,-1966.299859578,-579.050817129,3.295622875
4553.359293613,-1967.235456006,-578.698140276,3.290954054
4554.359154373,-1968.170979369,-578.345269796,3.286235013
4555.359015183,-1969.106329255,-577.991939594,3.281396739
4556.358875993,-1970.041679140,-577.638609391,3.276558464
4557.358736804,-1970.977029026,-577.285279188,3.271720190
4558.358597614,-1971.912378911,-576.931948985,3.266881915
4559.358458425,-1972.847728796,-576.578618783,3.262043641
4560.358319235,-1973.783078682,-576.225288580,3.257205367
4561.358180045,-1974.718428567,-575.871958377,3.252367092
4562.358040856,-1975.653778452,-575.518628174,3.247528818
4563.357901666,-1976.589128338,-575.165297972,3.242690543
4564.357762378,-1977.524787023,-574.812786599,3.237725078
4565.357623188,-1978.460525317,-574.460486322,3.232726823
4566.357483999,-1979.396263611,-574.108186045,3.227728568
4567.357344809,-1980.332001905,-573.755885769,3.222730313
4568.357205620,-1981.267740199,-573.403585492,3.217732058
4569.357066430,-1982.203478494,-573.051285215,3.212733803
4570.356927241,-1983.139216788,-572.698984938,3.207735547
4571.356788051,-1984.074955082,-572.346684662,3.202737292
4572.356648861,-1985.010693376,-571.994384385,3.197739037
4573.356509632,-1985.946367438,-571.641913663,3.192692250
4574.356370442,-1986.881887049,-571.289033090,3.187528763
4575.356231253,-1987.817406659,-570.936152517,3.182365276
4576.356092063,-1988.752926270,-570.583271944,3.177201789
4577.355952874,-1989.688445880,-570.230391372,3.172038302
4578.355813684,-1990.623965491,-569.877510799,3.166874815
4579.355674494,-1991.559485101,-569.524630226,3.161711328
4580.355535305,-1992.495004712,-569.171749653,3.156547841
4581.355396115,-1993.430524322,-568.818869080,3.151384354
4582.355256926,-1994.366043933,-568.465988508,3.146220868
4583.355117736,-1995.301569773,-568.113124451,3.140910596
4584.354978546,-1996.237097245,-567.760264722,3.135561866
4585.354839357,-1997.172624718,-567.407404993,3.130213136
4586.354700167,-1998.108152190,-567.054545264,3.124864407
4587.354560978,-1999.043679663,-566.701685535,3.119515677
4588.354421788,-1999.979207135,-566.348825805,3.114166947
4589.354282599,-2000.914734608,-565.995966076,3.108818218
4590.354143409,-2001.850262080,-565.643106347,3.103469488
4591.354004219,-2002.785789553,-565.290246618,3.098120758
4592.353864968,-2003.721396304,-564.937597325,3.092709839
4593.353725779,-2004.657196148,-564.585460574,3.087147451
4594.353586589,-2005.592995993,-564.233323822,3.081585063
4595.353447400,-2006.528795837,-563.881187071,3.076022676
4596.353308210,-2007.464595681,-563.529050320,3.070460288
4597.353169020,-2008.400395525,-563.176913568,3.064897900
4598.353029831,-2009.336195370,-562.824776817,3.059335512
4599.352890641,-2010.271995214,-562.472640065,3.053773124
4600.352751452,-2011.207795058,-562.120503314,3.048210736
4601.352612262,-2012.143594902,-561.768366562,3.042648349
4602.352472982,-2013.079684195,-561.417000235,3.036888973
4603.352333793,-2014.015850543,-561.065839007,3.031077156
4604.352194603,-2014.952016892,-560.714677779,3.025265338
4605.352055414,-2015.888183241,-560.363516551,3.019453521
4606.351916224,-2016.824349589,-560.012355323,3.013641704
4607.351777034,-2017.760515938,-559.661194095,3.007829887
4608.351637845,-2018.696682287,-559.310032867,3.002018070
4609.351498655,-2019.632848635,-558.958871640,2.996206252
4610.351359466,-2020.569014984,-558.607710412,2.990394435
4611.351220240,-2021.505121488,-558.256389788,2.984494631
4612.351081051,-2022.441088105,-557.904696553,2.978393860
4613.350941861,-2023.377054723,-557.553003317,2.972293089
4614.350802672,-2024.313021340,-557.201310082,2.966192318
4615.350663482,-2025.248987957,-556.849616847,2.960091547
4616.350524292,-2026.184954574,-556.497923611,2.953990776
4617.350385103,-2027.120921191,-556.146230376,2.947890006
4618.350245913,-2028.056887808,-555.794537141,2.941789235
4619.350106724,-2028.992854426,-555.442843905,2.935688464
4620.349967534,-2029.928821043,-555.091150670,2.929587693
4621.349826681,-2030.863546674,-554.736176999,2.923286716
4622.349687491,-2031.797936649,-554.380316049,2.916931588
4623.349548302,-2032.732326623,-554.024455099,2.910576460
4624.349409112,-2033.666716598,-553.668594150,2.904221332
4625.349269922,-2034.601106572,-553.312733200,2.897866205
4626.349129705,-2035.534513073,-552.954303444,2.891324065
4627.348990516,-2036.467652478,-552.595176040,2.884731135
4628.348851326,-2037.400791882,-552.236048636,2.878138205
4629.348712137,-2038.333931286,-551.876921232,2.871545275
4630.348572947,-2039.267070691,-551.517793828,2.864952346
4631.348433757,-2040.200210095,-551.158666424,2.858359416
4632.348292010,-2041.133859636,-550.800874500,2.851644226
4633.348152821,-2042.068785752,-550.446424508,2.844623090
4634.348013631,-2043.003711869,-550.091974517,2.837601954
4635.347874442,-2043.938637986,-549.737524525,2.830580818
4636.347735252,-2044.873564102,-549.383074533,2.823559682
4637.347596062,-2045.808490219,-549.028624541,2.816538546
4638.347456873,-2046.743416336,-548.674174550,2.809517410
4639.347317683,-2047.678342452,-548.319724558,2.802496274
4640.347178494,-2048.613268569,-547.965274566,2.795475137
4641.347039304,-2049.548194685,-547.610824574,2.788454001
4642.346900095,-2050.483253511,-547.256724880,2.780922799
4643.346760906,-2051.418348856,-546.902721579,2.773251239
4644.346621716,-2052.353444200,-546.548718279,2.765579680
4645.346482526,-2053.288539545,-546.194714978,2.757908120
4646.346343337,-2054.223634889,-545.840711677,2.750236560
4647.346204147,-2055.158730234,-545.486708376,2.742565000
4648.346064958,-2056.093825578,-545.132705076,2.734893440
4649.345925768,-2057.028920923,-544.778701775,2.727221880
4650.345786579,-2057.964016267,-544.424698474,2.719550320
4651.345647389,-2058.899109067,-544.070688451,2.711660525
4652.345508199,-2059.834195414,-543.716661384,2.703217485
4653.345369010,-2060.769281760,-543.362634317,2.694774445
4654.345229820,-2061.704368107,-543.008607250,2.686331405
4655.345090631,-2062.639454454,-542.654580183,2.677888365
4656.344951441,-2063.574540801,-542.300553116,2.669445325
4657.344812251,-2064.509627148,-541.946526049,2.661002285
4658.344673062,-2065.444713495,-541.592498982,2.652559245
4659.344533872,-2066.379799842,-541.238471915,2.644116206
4660.344394683,-2067.314886188,-540.884444848,2.635673166
4661.344255459,-2068.249797153,-540.529954989,2.626589343
4662.344116269,-2069.184659100,-540.175335785,2.617326429
4663.343977080,-2070.119521047,-539.820716580,2.608063515
4664.343837890,-2071.054382994,-539.466097375,2.598800600
4665.343698701,-2071.989244941,-539.111478171,2.589537686
4666.343559511,-2072.924106888,-538.756858966,2.580274771
4667.343420321,-2073.858968835,-538.402239761,2.571011857
4668.343281132,-2074.793830782,-538.047620556,2.561748943
4669.343141942,-2075.728692729,-537.693001352,2.552486028
4670.343001042,-2076.663961799,-537.339462125,2.543015298
4671.342861852,-2077.600276554,-536.988696791,2.533010801
4672.342722662,-2078.536591309,-536.637931456,2.523006303
4673.342583473,-2079.472906064,-536.287166122,2.513001805
4674.342444283,-2080.409220819,-535.936400788,2.502997307
4675.342305094,-2081.345535574,-535.585635454,2.492992809
4676.342165904,-2082.281850329,-535.234870120,2.482988311
4677.342026715,-2083.218165084,-534.884104786,2.472983813
4678.341887525,-2084.154479839,-534.533339451,2.462979316
4679.341748332,-2085.090852411,-534.182728499,2.452488253
4680.341609142,-2086.027241379,-533.832161330,2.441859198
4681.341469952,-2086.963630348,-533.481594161,2.431230143
4682.341330763,-2087.900019316,-533.131026992,2.420601088
4683.341191573,-2088.836408285,-532.780459823,2.409972034
4684.341052384,-2089.772797253,-532.429892654,2.399342979
4685.340913194,-2090.709186222,-532.079325486,2.388713924
4686.340774005,-2091.645575190,-531.728758317,2.378084869
4687.340634815,-2092.581964159,-531.378191148,2.367455814
4688.340494843,-2093.518080239,-531.026898162,2.356696972
4689.340355654,-2094.453486677,-530.673717704,2.345600621
4690.340216464,-2095.388893115,-530.320537246,2.334504269
4691.340077275,-2096.324299553,-529.967356788,2.323407918
4692.339938085,-2097.259705991,-529.614176330,2.312311567
4693.339798896,-2098.195112429,-529.260995872,2.301215215
4694.339659706,-2099.130518867,-528.907815414,2.290118864
4695.339520516,-2100.065925305,-528.554634956,2.279022512
4696.339381327,-2101.001331743,-528.201454498,2.267926161
4697.339242137,-2101.936738181,-527.848274040,2.256829810
4698.339102826,-2102.871818963,-527.494232621,2.245561033
4699.338963636,-2103.806805969,-527.139943276,2.234242603
4700.338824447,-2104.741792974,-526.785653931,2.222924174
4701.338685257,-2105.676779979,-526.431364586,2.211605744
4702.338546067,-2106.611766985,-526.077075241,2.200287315
4703.338406878,-2107.546753990,-525.722785896,2.188968886
4704.338267688,-2108.481740996,-525.368496551,2.177650456
4705.338128499,-2109.416728001,-525.014207206,2.166332027
4706.337989309,-2110.351715006,-524.659917861,2.155013597
4707.337850117,-2111.286717733,-524.305670014,2.143704260
4708.337710927,-2112.221761883,-523.951531515,2.132418879
